t= 4180.907762 a=(  2.174, -4.338,  8.562) m/s2 |a|= 9.841 w=(   4.268,   3.659,   0.854) dps T= 34.13 C
t= 4181.009159 a=(  2.131, -4.329,  8.633) m/s2 |a|= 9.890 w=(   0.793,   0.061,  -0.427) dps T= 34.13 C
t= 4181.110117 a=(  2.193, -4.367,  8.677) m/s2 |a|= 9.958 w=(  -9.634,  -5.915,  -2.012) dps T= 34.13 C
t= 4181.211068 a=(  2.356, -4.539,  8.423) m/s2 |a|= 9.854 w=( -17.988, -12.927,  -3.476) dps T= 34.12 C
t= 4181.311992 a=(  2.605, -4.827,  8.054) m/s2 |a|= 9.744 w=( -14.512, -10.732,  -2.561) dps T= 34.15 C
t= 4181.412862 a=(  2.648, -4.932,  7.738) m/s2 |a|= 9.551 w=(   0.671,   0.793,   1.341) dps T= 34.12 C
t= 4181.513723 a=(  2.591, -4.798,  8.006) m/s2 |a|= 9.687 w=(  13.293,   7.988,   2.561) dps T= 34.13 C
t= 4181.614566 a=(  2.442, -4.645,  8.260) m/s2 |a|= 9.786 w=(  15.549,  10.854,   5.793) dps T= 34.14 C
t= 4181.715472 a=(  2.217, -4.415,  8.562) m/s2 |a|= 9.885 w=(  21.707,  11.524,   1.280) dps T= 34.11 C
t= 4181.816360 a=(  2.011, -4.281,  8.882) m/s2 |a|=10.063 w=(   8.171,   3.780,  -0.610) dps T= 34.11 C
t= 4181.917228 a=(  2.097, -4.329,  8.787) m/s2 |a|=10.017 w=( -17.195, -12.988,  -2.134) dps T= 34.12 C
t= 4182.018097 a=(  2.370, -4.583,  8.351) m/s2 |a|= 9.816 w=( -24.390, -22.317,  -2.805) dps T= 34.13 C
t= 4182.118954 a=(  2.725, -4.913,  7.843) m/s2 |a|= 9.648 w=( -20.915, -15.671,  -3.354) dps T= 34.12 C
t= 4182.219806 a=(  2.950, -5.037,  7.365) m/s2 |a|= 9.397 w=(  -0.549,  -2.012,   3.354) dps T= 34.11 C
t= 4182.320728 a=(  2.710, -5.076,  7.843) m/s2 |a|= 9.728 w=(  27.317,  17.744,   4.146) dps T= 34.13 C
t= 4182.421566 a=(  2.227, -4.621,  8.270) m/s2 |a|= 9.731 w=(  35.061,  21.524,   5.183) dps T= 34.11 C
t= 4182.522457 a=(  2.097, -3.994,  9.491) m/s2 |a|=10.508 w=(   7.866,   9.024,  -4.939) dps T= 34.12 C
t= 4182.623534 a=(  2.241, -4.372,  8.677) m/s2 |a|= 9.971 w=( -26.524, -18.720,  -1.890) dps T= 34.12 C
t= 4182.724484 a=(  2.653, -4.760,  8.049) m/s2 |a|= 9.720 w=( -26.768, -24.634,  -1.037) dps T= 34.12 C
t= 4182.825380 a=(  2.863, -5.033,  7.638) m/s2 |a|= 9.584 w=(  -7.134,  -3.963,  -2.927) dps T= 34.14 C
t= 4182.926401 a=(  2.816, -4.994,  7.810) m/s2 |a|= 9.688 w=(  10.244,   8.902,   0.000) dps T= 34.12 C
t= 4183.027365 a=(  2.605, -4.894,  8.226) m/s2 |a|= 9.920 w=(  13.415,  10.549,   0.427) dps T= 34.12 C
t= 4183.128246 a=(  2.576, -4.693,  8.447) m/s2 |a|=10.000 w=(   1.768,   0.610,  -0.305) dps T= 34.12 C
t= 4183.229112 a=(  2.562, -4.769,  8.255) m/s2 |a|= 9.872 w=(  -2.561,  -0.122,   0.732) dps T= 34.13 C
t= 4183.329972 a=(  2.581, -4.755,  8.222) m/s2 |a|= 9.842 w=(  -0.366,  -0.732,  -1.159) dps T= 34.13 C
t= 4183.430928 a=(  2.638, -4.726,  8.131) m/s2 |a|= 9.768 w=(  -5.427,  -2.683,   0.000) dps T= 34.11 C
t= 4183.531780 a=(  2.686, -4.779,  7.987) m/s2 |a|= 9.687 w=(   0.976,   0.854,   0.915) dps T= 34.12 C
t= 4183.632656 a=(  2.624, -4.702,  8.116) m/s2 |a|= 9.740 w=(  11.159,   7.622,   2.256) dps T= 34.12 C
t= 4183.733500 a=(  2.452, -4.549,  8.361) m/s2 |a|= 9.829 w=(  15.854,  10.976,   2.378) dps T= 34.12 C
t= 4183.834373 a=(  2.308, -4.334,  8.672) m/s2 |a|= 9.965 w=(   9.146,   7.195,  -0.610) dps T= 34.11 C
t= 4183.935206 a=(  2.212, -4.271,  8.624) m/s2 |a|= 9.875 w=(   0.305,   2.988,   1.341) dps T= 34.11 C
t= 4184.036063 a=(  2.136, -4.319,  8.461) m/s2 |a|= 9.737 w=(   2.073,   4.146,   1.707) dps T= 34.11 C
t= 4184.137016 a=(  2.140, -4.362,  8.648) m/s2 |a|= 9.919 w=(  -1.890,  -1.524,  -0.061) dps T= 34.12 C
t= 4184.237939 a=(  2.140, -4.329,  8.590) m/s2 |a|= 9.855 w=(  -2.988,  -2.317,   0.183) dps T= 34.13 C
t= 4184.338804 a=(  2.212, -4.324,  8.432) m/s2 |a|= 9.731 w=(   0.366,  -1.890,   0.305) dps T= 34.12 C
t= 4184.439663 a=(  2.188, -4.458,  8.681) m/s2 |a|=10.001 w=(  -1.951,   0.366,   0.732) dps T= 34.11 C
t= 4184.540573 a=(  2.284, -4.286,  8.303) m/s2 |a|= 9.619 w=(  -0.366,  -2.622,   0.793) dps T= 34.13 C
t= 4184.641397 a=(  2.284, -4.353,  8.576) m/s2 |a|= 9.885 w=(   2.866,  -0.671,   0.671) dps T= 34.12 C
t= 4184.742236 a=(  2.270, -4.415,  8.657) m/s2 |a|= 9.980 w=(  -4.207,  -4.695,  -1.341) dps T= 34.11 C
t= 4184.843099 a=(  2.413, -4.472,  8.490) m/s2 |a|= 9.895 w=( -14.024, -10.305,  -1.341) dps T= 34.13 C
t= 4184.944026 a=(  2.610, -4.664,  8.179) m/s2 |a|= 9.770 w=( -16.890, -14.207,  -1.646) dps T= 34.12 C
t= 4185.044893 a=(  2.873, -4.975,  7.786) m/s2 |a|= 9.676 w=( -10.488, -10.000,   0.366) dps T= 34.10 C
t= 4185.145753 a=(  2.883, -5.042,  7.609) m/s2 |a|= 9.572 w=(   9.329,   7.683,   3.171) dps T= 34.12 C
t= 4185.246649 a=(  2.533, -4.831,  8.068) m/s2 |a|= 9.740 w=(  32.256,  20.793,   2.927) dps T= 34.13 C
t= 4185.347538 a=(  2.260, -4.300,  8.906) m/s2 |a|=10.145 w=(  17.012,  11.768,  -1.341) dps T= 34.11 C
t= 4185.448407 a=(  2.289, -4.166,  8.887) m/s2 |a|=10.079 w=( -12.500,  -6.768,  -2.256) dps T= 34.11 C
t= 4185.549275 a=(  2.543, -4.621,  8.452) m/s2 |a|= 9.962 w=( -27.012, -19.878,  -2.561) dps T= 34.12 C
t= 4185.650117 a=(  2.863, -4.966,  7.767) m/s2 |a|= 9.653 w=( -21.159, -20.244,  -2.012) dps T= 34.12 C
t= 4185.750945 a=(  3.050, -5.133,  7.283) m/s2 |a|= 9.418 w=(   2.134,   0.793,   0.915) dps T= 34.11 C
t= 4185.851770 a=(  2.830, -4.903,  7.810) m/s2 |a|= 9.646 w=(  28.476,  21.646,   3.963) dps T= 34.12 C
t= 4185.952629 a=(  2.385, -4.549,  8.595) m/s2 |a|=10.013 w=(  38.171,  27.073,  -0.732) dps T= 34.11 C
t= 4186.053472 a=(  2.121, -3.907,  9.122) m/s2 |a|=10.148 w=(   5.854,   0.854,  -2.378) dps T= 34.11 C
t= 4186.154337 a=(  2.270, -4.266,  8.863) m/s2 |a|=10.095 w=( -25.244, -13.537,   0.305) dps T= 34.10 C
t= 4186.255397 a=(  2.614, -4.846,  8.174) m/s2 |a|= 9.855 w=( -32.134, -26.768,  -2.500) dps T= 34.11 C
t= 4186.356302 a=(  3.017, -5.009,  7.585) m/s2 |a|= 9.577 w=( -19.146, -15.915,  -3.720) dps T= 34.10 C
t= 4186.457304 a=(  3.117, -5.090,  7.202) m/s2 |a|= 9.354 w=(   9.146,   8.232,   3.354) dps T= 34.10 C
t= 4186.558199 a=(  2.768, -4.908,  7.987) m/s2 |a|= 9.775 w=(  36.829,  27.073,   3.049) dps T= 34.11 C
t= 4186.659089 a=(  2.365, -4.238,  8.911) m/s2 |a|=10.147 w=(  30.244,  21.768,  -3.354) dps T= 34.10 C
t= 4186.759936 a=(  2.236, -4.008,  9.055) m/s2 |a|=10.152 w=(  -4.146,  -2.805,   0.061) dps T= 34.11 C
t= 4186.860866 a=(  2.433, -4.343,  8.705) m/s2 |a|=10.028 w=( -27.561, -18.110,  -1.890) dps T= 34.10 C
t= 4186.961715 a=(  2.753, -4.803,  7.992) m/s2 |a|= 9.722 w=( -23.171, -17.744,  -0.915) dps T= 34.10 C
t= 4187.062543 a=(  2.892, -4.975,  7.441) m/s2 |a|= 9.407 w=(   1.037,  -1.524,   2.805) dps T= 34.10 C
t= 4187.163420 a=(  2.677, -4.779,  8.030) m/s2 |a|= 9.720 w=(  30.610,  23.293,   2.195) dps T= 34.10 C
t= 4187.264362 a=(  2.241, -4.343,  8.643) m/s2 |a|= 9.929 w=(  37.256,  21.890,   0.549) dps T= 34.09 C
t= 4187.365230 a=(  2.088, -3.711,  9.400) m/s2 |a|=10.319 w=(   3.963,   3.476,  -2.561) dps T= 34.09 C
t= 4187.466090 a=(  2.203, -4.013,  8.758) m/s2 |a|= 9.882 w=( -25.610, -12.866,   0.854) dps T= 34.10 C
t= 4187.566931 a=(  2.447, -4.554,  8.250) m/s2 |a|= 9.736 w=( -21.159, -16.037,   1.037) dps T= 34.09 C
t= 4187.667868 a=(  2.648, -4.597,  7.858) m/s2 |a|= 9.481 w=(  -1.951,  -2.195,  -0.122) dps T= 34.09 C
t= 4187.768766 a=(  2.495, -4.559,  8.217) m/s2 |a|= 9.722 w=(  20.671,  15.244,   2.805) dps T= 34.11 C
t= 4187.869696 a=(  2.236, -4.180,  8.863) m/s2 |a|=10.052 w=(  17.439,  12.805,  -1.159) dps T= 34.11 C
t= 4187.970667 a=(  2.188, -4.089,  9.045) m/s2 |a|=10.165 w=(  -4.329,  -2.134,  -1.829) dps T= 34.11 C
t= 4188.071514 a=(  2.313, -4.257,  8.571) m/s2 |a|= 9.846 w=( -24.756, -16.829,  -1.402) dps T= 34.08 C
t= 4188.172399 a=(  2.634, -4.688,  8.049) m/s2 |a|= 9.680 w=( -17.744, -12.744,  -0.061) dps T= 34.11 C
t= 4188.273247 a=(  2.691, -4.717,  7.724) m/s2 |a|= 9.442 w=(   5.915,   4.939,   1.402) dps T= 34.09 C
t= 4188.374134 a=(  2.485, -4.626,  8.394) m/s2 |a|= 9.901 w=(  23.293,  16.829,   1.646) dps T= 34.11 C
t= 4188.475197 a=(  2.188, -4.290,  8.815) m/s2 |a|=10.045 w=(  17.866,  12.378,  -0.915) dps T= 34.09 C
t= 4188.576231 a=(  2.136, -4.147,  8.806) m/s2 |a|= 9.965 w=(  -1.585,  -1.951,   0.061) dps T= 34.09 C
t= 4188.677440 a=(  2.203, -4.223,  8.619) m/s2 |a|= 9.848 w=(  -4.390,  -3.537,  -0.793) dps T= 34.08 C
t= 4188.778513 a=(  2.270, -4.219,  8.423) m/s2 |a|= 9.690 w=(  -0.732,  -0.793,   0.061) dps T= 34.10 C
t= 4188.879541 a=(  2.236, -4.281,  8.696) m/s2 |a|= 9.947 w=(   2.927,   1.098,  -0.305) dps T= 34.09 C
t= 4188.980648 a=(  2.270, -4.243,  8.686) m/s2 |a|= 9.930 w=(  -4.512,  -2.927,  -0.366) dps T= 34.12 C
t= 4189.081568 a=(  2.370, -4.367,  8.653) m/s2 |a|= 9.978 w=( -15.000, -10.671,  -1.951) dps T= 34.08 C
t= 4189.182490 a=(  2.600, -4.525,  8.116) m/s2 |a|= 9.649 w=( -11.524,  -9.207,  -0.244) dps T= 34.09 C
t= 4189.283379 a=(  2.638, -4.683,  8.112) m/s2 |a|= 9.731 w=(   2.561,   1.646,   0.061) dps T= 34.08 C
t= 4189.384219 a=(  2.571, -4.535,  8.298) m/s2 |a|= 9.800 w=(   8.720,   6.280,   0.366) dps T= 34.08 C
t= 4189.485059 a=(  2.466, -4.405,  8.447) m/s2 |a|= 9.841 w=(   8.293,   5.793,   1.341) dps T= 34.10 C
t= 4189.585912 a=(  2.399, -4.314,  8.533) m/s2 |a|= 9.858 w=(   7.195,   5.122,   1.037) dps T= 34.09 C
t= 4189.686732 a=(  2.318, -4.233,  8.657) m/s2 |a|= 9.912 w=(   3.841,   3.232,  -0.366) dps T= 34.10 C
t= 4189.787571 a=(  2.342, -4.377,  8.748) m/s2 |a|=10.058 w=(  -5.976,  -3.963,  -2.683) dps T= 34.09 C
t= 4189.888423 a=(  2.466, -4.453,  8.432) m/s2 |a|= 9.850 w=( -17.317, -11.768,  -2.256) dps T= 34.10 C
t= 4189.989260 a=(  2.634, -4.779,  8.140) m/s2 |a|= 9.800 w=( -15.427, -11.220,  -0.427) dps T= 34.09 C
t= 4190.090143 a=(  2.787, -4.788,  7.848) m/s2 |a|= 9.607 w=(  -4.634,  -3.720,  -0.732) dps T= 34.08 C
t= 4190.191025 a=(  2.796, -4.803,  7.934) m/s2 |a|= 9.687 w=(  12.073,   8.780,   1.463) dps T= 34.10 C
t= 4190.291923 a=(  2.567, -4.525,  8.298) m/s2 |a|= 9.794 w=(  22.073,  15.305,   2.195) dps T= 34.09 C
t= 4190.392791 a=(  2.231, -4.310,  8.744) m/s2 |a|=10.000 w=(  23.354,  16.829,  -0.915) dps T= 34.09 C
t= 4190.493642 a=(  2.102, -4.099,  8.820) m/s2 |a|= 9.951 w=(   1.707,  -1.159,  -0.122) dps T= 34.11 C
t= 4190.594482 a=(  2.150, -4.243,  8.543) m/s2 |a|= 9.777 w=(  -2.622,  -2.866,   0.488) dps T= 34.09 C
t= 4190.695309 a=(  2.184, -4.171,  8.595) m/s2 |a|= 9.800 w=(   0.427,  -0.305,  -0.488) dps T= 34.09 C
t= 4190.796146 a=(  2.203, -4.199,  8.629) m/s2 |a|= 9.846 w=(  -2.256,  -1.280,   0.122) dps T= 34.09 C
t= 4190.896978 a=(  2.217, -4.185,  8.566) m/s2 |a|= 9.788 w=(   0.061,   0.305,   0.122) dps T= 34.08 C
t= 4190.997822 a=(  2.207, -4.219,  8.614) m/s2 |a|= 9.843 w=(   0.915,   0.488,   0.305) dps T= 34.09 C
t= 4191.098660 a=(  2.212, -4.185,  8.610) m/s2 |a|= 9.825 w=(   0.305,   0.244,   0.000) dps T= 34.08 C
t= 4191.199494 a=(  2.227, -4.214,  8.538) m/s2 |a|= 9.778 w=(  -0.427,  -0.366,   0.122) dps T= 34.09 C
t= 4191.300563 a=(  2.231, -4.199,  8.614) m/s2 |a|= 9.840 w=(   0.427,   0.122,  -0.244) dps T= 34.09 C
t= 4191.401467 a=(  2.251, -4.204,  8.610) m/s2 |a|= 9.842 w=(  -0.122,  -0.244,  -0.305) dps T= 34.09 C
t= 4191.502348 a=(  2.270, -4.190,  8.629) m/s2 |a|= 9.857 w=(  -1.159,  -1.159,  -0.671) dps T= 34.10 C
t= 4191.603239 a=(  2.251, -4.243,  8.566) m/s2 |a|= 9.821 w=(  -0.610,  -0.732,  -0.732) dps T= 34.10 C
t= 4191.704077 a=(  2.274, -4.357,  8.916) m/s2 |a|=10.181 w=( -14.634,  -9.817,  -1.524) dps T= 34.09 C
t= 4191.804924 a=(  2.586, -4.626,  8.356) m/s2 |a|= 9.894 w=( -36.829, -28.415,  -1.037) dps T= 34.08 C
t= 4191.905751 a=(  3.098, -5.329,  7.647) m/s2 |a|= 9.822 w=( -34.939, -28.659,  -2.073) dps T= 34.09 C
t= 4192.006583 a=(  3.414, -5.564,  6.929) m/s2 |a|= 9.520 w=( -16.524, -14.634,  -1.402) dps T= 34.08 C
t= 4192.107412 a=(  3.357, -5.511,  6.685) m/s2 |a|= 9.291 w=(  20.488,  18.902,   6.768) dps T= 34.10 C
t= 4192.208254 a=(  2.830, -5.128,  7.843) m/s2 |a|= 9.789 w=(  50.976,  36.829,   5.427) dps T= 34.09 C
t= 4192.309083 a=(  2.389, -4.343,  9.256) m/s2 |a|=10.500 w=(  22.317,  23.780,  -9.573) dps T= 34.08 C
t= 4192.410744 a=(  2.452, -4.223,  8.590) m/s2 |a|= 9.881 w=( -18.293, -12.439,  -1.159) dps T= 34.07 C
t= 4192.511686 a=(  2.653, -5.042,  8.145) m/s2 |a|= 9.940 w=( -31.829, -30.732,   2.256) dps T= 34.08 C
t= 4192.612614 a=(  3.084, -5.392,  7.436) m/s2 |a|= 9.689 w=( -30.915, -26.220,  -2.012) dps T= 34.08 C
t= 4192.713488 a=(  3.500, -5.588,  6.665) m/s2 |a|= 9.376 w=(  -8.049,  -9.756,   1.159) dps T= 34.09 C
t= 4192.814399 a=(  3.419, -5.617,  7.183) m/s2 |a|= 9.738 w=(  22.866,  18.720,   2.378) dps T= 34.07 C
t= 4192.915281 a=(  3.036, -5.205,  7.719) m/s2 |a|= 9.792 w=(  33.780,  23.354,   2.561) dps T= 34.09 C
t= 4193.016134 a=(  2.667, -4.831,  8.562) m/s2 |a|=10.186 w=(  25.793,  22.927,  -2.683) dps T= 34.08 C
t= 4193.117006 a=(  2.514, -4.587,  8.753) m/s2 |a|=10.197 w=(  -4.634,  -5.061,  -3.049) dps T= 34.09 C
t= 4193.217865 a=(  2.720, -4.875,  8.188) m/s2 |a|= 9.910 w=( -32.317, -27.256,  -1.463) dps T= 34.08 C
t= 4193.318746 a=(  3.203, -5.310,  7.460) m/s2 |a|= 9.701 w=( -32.439, -27.134,  -2.805) dps T= 34.09 C
t= 4193.419602 a=(  3.553, -5.722,  6.732) m/s2 |a|= 9.523 w=(  -9.817,  -9.085,  -1.402) dps T= 34.08 C
t= 4193.520544 a=(  3.491, -5.578,  6.814) m/s2 |a|= 9.473 w=(  20.061,  15.549,   2.683) dps T= 34.08 C
t= 4193.621438 a=(  3.069, -5.363,  7.752) m/s2 |a|= 9.914 w=(  35.366,  28.110,   2.012) dps T= 34.08 C
t= 4193.722319 a=(  2.705, -4.554,  8.327) m/s2 |a|= 9.869 w=(  30.671,  25.549,   0.427) dps T= 34.07 C
t= 4193.823205 a=(  2.413, -4.434,  8.945) m/s2 |a|=10.271 w=(  12.683,  12.317,  -2.195) dps T= 34.08 C
t= 4193.924061 a=(  2.476, -4.539,  8.744) m/s2 |a|=10.158 w=( -22.927, -16.768,  -4.695) dps T= 34.06 C
t= 4194.024903 a=(  2.811, -4.990,  8.030) m/s2 |a|= 9.863 w=( -37.378, -29.451,  -2.683) dps T= 34.07 C
t= 4194.125798 a=(  3.323, -5.315,  7.207) m/s2 |a|= 9.551 w=( -28.598, -26.159,  -0.854) dps T= 34.08 C
t= 4194.226630 a=(  3.539, -5.641,  6.752) m/s2 |a|= 9.483 w=(  -0.976,   2.073,   1.585) dps T= 34.06 C
t= 4194.327504 a=(  3.352, -5.564,  7.221) m/s2 |a|= 9.713 w=(  24.146,  19.695,   0.793) dps T= 34.07 C
t= 4194.428375 a=(  2.959, -5.061,  7.580) m/s2 |a|= 9.583 w=(  33.354,  21.646,   6.585) dps T= 34.06 C
t= 4194.529425 a=(  2.547, -4.611,  8.724) m/s2 |a|=10.192 w=(  21.646,  20.976,  -0.183) dps T= 34.07 C
t= 4194.630414 a=(  2.586, -4.343,  8.614) m/s2 |a|= 9.988 w=(  -5.366,  -2.683,  -2.439) dps T= 34.08 C
t= 4194.731295 a=(  2.729, -4.803,  8.351) m/s2 |a|=10.013 w=( -23.720, -15.976,  -2.744) dps T= 34.07 C
t= 4194.832157 a=(  3.050, -5.262,  7.791) m/s2 |a|= 9.884 w=( -29.695, -25.183,  -4.817) dps T= 34.08 C
t= 4194.933034 a=(  3.476, -5.459,  7.178) m/s2 |a|= 9.665 w=( -25.427, -23.293,  -3.110) dps T= 34.08 C
t= 4195.033925 a=(  3.596, -5.823,  6.656) m/s2 |a|= 9.547 w=(  -2.561,  -1.341,   0.915) dps T= 34.07 C
t= 4195.134803 a=(  3.438, -5.741,  6.958) m/s2 |a|= 9.654 w=(  21.098,  16.463,   1.585) dps T= 34.07 C
t= 4195.235668 a=(  3.232, -5.148,  7.460) m/s2 |a|= 9.623 w=(  24.756,  18.293,   3.598) dps T= 34.05 C
t= 4195.336492 a=(  2.792, -5.047,  7.810) m/s2 |a|= 9.709 w=(  38.293,  31.159,   5.183) dps T= 34.07 C
t= 4195.437359 a=(  2.442, -4.578,  8.906) m/s2 |a|=10.307 w=(  18.049,  11.220,  -2.866) dps T= 34.07 C
t= 4195.538204 a=(  2.523, -4.319,  8.614) m/s2 |a|= 9.961 w=( -17.134, -12.073,  -2.561) dps T= 34.06 C
t= 4195.639035 a=(  2.787, -4.980,  8.174) m/s2 |a|= 9.969 w=( -32.561, -24.146,  -0.122) dps T= 34.06 C
t= 4195.739943 a=(  3.261, -5.420,  7.547) m/s2 |a|= 9.847 w=( -34.451, -30.915,  -6.159) dps T= 34.08 C
t= 4195.840893 a=(  3.730, -5.684,  6.694) m/s2 |a|= 9.541 w=( -24.268, -21.098,  -4.207) dps T= 34.05 C
t= 4195.941748 a=(  3.850, -5.928,  6.225) m/s2 |a|= 9.419 w=(   2.683,   0.671,   1.463) dps T= 34.05 C
t= 4196.042623 a=(  3.663, -5.818,  6.776) m/s2 |a|= 9.653 w=(  27.683,  21.951,   3.476) dps T= 34.07 C
t= 4196.143501 a=(  3.069, -5.248,  7.508) m/s2 |a|= 9.661 w=(  44.695,  30.305,  11.220) dps T= 34.06 C
t= 4196.244409 a=(  2.782, -4.094,  8.940) m/s2 |a|=10.219 w=(  23.476,  11.524,   6.402) dps T= 34.05 C
t= 4196.345263 a=(  3.002, -4.688,  7.934) m/s2 |a|= 9.692 w=(  32.683, -10.732,  17.317) dps T= 34.05 C
t= 4196.446104 a=(  2.744, -4.022,  9.021) m/s2 |a|=10.251 w=(  16.280,  -1.768,  27.744) dps T= 34.05 C
t= 4196.546954 a=(  2.672, -4.276,  8.950) m/s2 |a|=10.272 w=(   6.402,  -1.524,  16.951) dps T= 34.05 C
t= 4196.647819 a=(  2.873, -4.080,  8.590) m/s2 |a|= 9.934 w=(   5.732, -28.049,   2.561) dps T= 34.06 C
t= 4196.748733 a=(  3.223, -3.859,  8.940) m/s2 |a|=10.257 w=(  12.683, -42.744,  -5.549) dps T= 34.08 C
t= 4196.849599 a=(  4.046, -3.955,  7.690) m/s2 |a|= 9.547 w=(  19.817, -32.378,  -8.537) dps T= 34.07 C
t= 4196.950521 a=(  4.429, -3.275,  7.776) m/s2 |a|= 9.530 w=(  66.159, -36.098, -17.378) dps T= 34.05 C
t= 4197.051399 a=(  5.607, -2.591,  8.514) m/s2 |a|=10.518 w=(  61.220, -50.366, -21.037) dps T= 34.08 C
t= 4197.152232 a=(  5.775, -0.891,  6.455) m/s2 |a|= 8.707 w=(  16.646,  -8.720, -19.695) dps T= 34.06 C
t= 4197.253119 a=(  5.291, -1.120,  8.499) m/s2 |a|=10.074 w=( -63.171,  29.756,   0.915) dps T= 34.07 C
t= 4197.353993 a=(  5.023, -2.217,  7.709) m/s2 |a|= 9.465 w=( -21.524,  14.268,   4.634) dps T= 34.05 C
t= 4197.454904 a=(  4.530, -3.218,  7.882) m/s2 |a|= 9.643 w=( -84.329,   5.122,   6.707) dps T= 34.07 C
t= 4197.555767 a=(  4.798, -3.826,  7.144) m/s2 |a|= 9.418 w=( -61.037,   0.915,   0.976) dps T= 34.07 C
t= 4197.656621 a=(  5.325, -5.028,  7.096) m/s2 |a|=10.198 w=( -40.427, -28.049,  12.561) dps T= 34.05 C
t= 4197.757483 a=(  5.128, -5.516,  6.483) m/s2 |a|= 9.938 w=(   8.354, -69.268,  22.500) dps T= 34.07 C
t= 4197.858345 a=(  5.689, -5.488,  5.243) m/s2 |a|= 9.485 w=(  66.037, -46.890,   9.451) dps T= 34.05 C
t= 4197.959600 a=(  6.019, -5.119,  5.382) m/s2 |a|= 9.560 w=(  60.549,  11.524, -22.439) dps T= 34.07 C
t= 4198.060708 a=(  6.172, -3.457,  6.661) m/s2 |a|= 9.717 w=(  60.488,  22.622, -36.890) dps T= 34.06 C
t= 4198.161610 a=(  6.014, -2.188,  6.804) m/s2 |a|= 9.341 w=(  56.098,  46.524, -38.598) dps T= 34.07 C
t= 4198.262467 a=(  5.473, -0.613,  8.509) m/s2 |a|=10.136 w=( -16.646,  69.756, -17.439) dps T= 34.08 C
t= 4198.363317 a=(  3.845, -2.576, 10.151) m/s2 |a|=11.157 w=( -47.195,  43.963,   2.012) dps T= 34.07 C
t= 4198.464197 a=(  3.955, -2.342,  9.213) m/s2 |a|=10.296 w=( -45.671,  -7.378,   7.195) dps T= 34.07 C
t= 4198.565082 a=(  3.711, -3.405,  9.467) m/s2 |a|=10.723 w=( -50.122, -31.951,  12.622) dps T= 34.08 C
t= 4198.665978 a=(  4.645, -4.262,  7.408) m/s2 |a|= 9.727 w=( -37.927, -52.073,   9.024) dps T= 34.04 C
t= 4198.766840 a=(  5.210, -4.219,  6.766) m/s2 |a|= 9.525 w=(  -5.610, -45.854,  -3.354) dps T= 34.06 C
t= 4198.867714 a=(  6.177, -4.195,  7.168) m/s2 |a|=10.351 w=(  74.756, -60.244, -20.427) dps T= 34.05 C
t= 4198.968546 a=(  6.436, -2.931,  5.789) m/s2 |a|= 9.139 w=(  93.415, -33.659, -19.085) dps T= 34.07 C
t= 4199.069386 a=(  7.116, -1.523,  6.177) m/s2 |a|= 9.545 w=(  85.305,  -7.622, -28.049) dps T= 34.06 C
t= 4199.170304 a=(  6.311, -0.436,  5.124) m/s2 |a|= 8.141 w=( -18.049,  23.232, -18.232) dps T= 34.06 C
t= 4199.271181 a=(  7.077, -0.484,  8.040) m/s2 |a|=10.722 w=( -43.476,  28.232,  -4.512) dps T= 34.07 C
t= 4199.372059 a=(  6.479, -1.120,  7.173) m/s2 |a|= 9.730 w=( -32.927,  23.963,   0.732) dps T= 34.06 C
t= 4199.472902 a=(  6.067, -1.915,  7.484) m/s2 |a|= 9.823 w=(   3.537,  23.780,  -0.610) dps T= 34.05 C
t= 4199.573788 a=(  5.732, -1.269,  8.169) m/s2 |a|=10.060 w=( -14.390,  27.012,   0.732) dps T= 34.05 C
t= 4199.674657 a=(  5.650, -1.930,  8.159) m/s2 |a|=10.111 w=(   1.646,   1.707,  -0.305) dps T= 34.04 C
t= 4199.775676 a=(  5.646, -1.149,  7.982) m/s2 |a|= 9.844 w=(  29.451, -13.232,  -5.000) dps T= 34.06 C
t= 4199.876549 a=(  5.832, -1.547,  7.877) m/s2 |a|= 9.922 w=(  -4.939,   2.134,   4.024) dps T= 34.05 C
t= 4199.977428 a=(  5.760, -1.580,  7.915) m/s2 |a|= 9.916 w=(  14.451,   1.951,  -0.976) dps T= 34.07 C
t= 4200.078269 a=(  5.497, -1.245,  7.872) m/s2 |a|= 9.682 w=(   2.317,   5.183,   0.122) dps T= 34.07 C
t= 4200.179102 a=(  5.631, -1.302,  7.829) m/s2 |a|= 9.731 w=(  11.463,  -6.585,   1.463) dps T= 34.06 C
t= 4200.279989 a=(  5.770, -1.106,  8.045) m/s2 |a|= 9.961 w=(  15.488,  -3.841,  -3.537) dps T= 34.05 C
t= 4200.380941 a=(  5.377, -0.733,  7.235) m/s2 |a|= 9.044 w=(  -5.488,   5.305,   8.049) dps T= 34.06 C
t= 4200.481793 a=(  5.708, -1.293,  7.714) m/s2 |a|= 9.683 w=(  -2.805,  -3.171,   8.415) dps T= 34.07 C
t= 4200.582678 a=(  5.760, -1.824,  7.834) m/s2 |a|= 9.893 w=( -23.598,   8.902,  11.951) dps T= 34.05 C
t= 4200.683574 a=(  5.464, -1.475,  8.159) m/s2 |a|= 9.930 w=( -47.927,  13.537,  20.122) dps T= 34.06 C
t= 4200.784473 a=(  5.598, -3.103,  7.882) m/s2 |a|=10.153 w=( -24.573, -31.768,  20.488) dps T= 34.06 C
t= 4200.885351 a=(  5.890, -3.496,  7.178) m/s2 |a|= 9.921 w=( -22.927, -16.646,  10.000) dps T= 34.03 C
t= 4200.986265 a=(  5.933, -3.654,  6.967) m/s2 |a|= 9.853 w=(  -7.927,  -0.671,   8.415) dps T= 34.05 C
t= 4201.087123 a=(  5.631, -3.797,  7.594) m/s2 |a|=10.188 w=(  11.585, -14.268,   6.402) dps T= 34.05 C
t= 4201.187990 a=(  6.206, -3.859,  6.579) m/s2 |a|= 9.833 w=(  22.317, -17.195,  -7.683) dps T= 34.06 C
t= 4201.288835 a=(  6.416, -3.050,  7.063) m/s2 |a|=10.018 w=(  61.707, -35.488, -16.037) dps T= 34.07 C
t= 4201.389654 a=(  6.838, -1.997,  6.522) m/s2 |a|= 9.658 w=(  68.780, -18.171, -30.732) dps T= 34.07 C
t= 4201.490636 a=(  6.235, -0.742,  5.938) m/s2 |a|= 8.641 w=(  42.988,  10.854, -28.171) dps T= 34.07 C
t= 4201.591485 a=(  6.785, -0.172,  6.100) m/s2 |a|= 9.126 w=( -19.390,  61.037, -15.671) dps T= 34.06 C
t= 4201.692339 a=(  5.018, -0.354,  9.505) m/s2 |a|=10.754 w=( -35.915,  62.866,   1.524) dps T= 34.05 C
t= 4201.793195 a=(  5.248, -1.135,  9.117) m/s2 |a|=10.581 w=( -18.598,   2.866,   5.976) dps T= 34.07 C
t= 4201.894040 a=(  4.606, -2.083,  8.068) m/s2 |a|= 9.521 w=( -52.134,  13.476,  17.073) dps T= 34.08 C
t= 4201.994904 a=(  5.104, -2.887,  7.987) m/s2 |a|= 9.909 w=( -77.866,  24.512,  20.183) dps T= 34.05 C
t= 4202.095829 a=(  4.860, -3.941,  9.768) m/s2 |a|=11.601 w=( -48.171, -32.744,   3.963) dps T= 34.06 C
t= 4202.196729 a=(  5.698, -4.252,  7.302) m/s2 |a|=10.192 w=( -26.707, -53.110,  -1.890) dps T= 34.05 C
t= 4202.297602 a=(  5.224, -4.463,  6.354) m/s2 |a|= 9.359 w=(  30.854, -48.415, -10.122) dps T= 34.07 C
t= 4202.398448 a=(  6.981, -3.553,  5.794) m/s2 |a|= 9.743 w=(  47.805, -35.366, -24.451) dps T= 34.07 C
t= 4202.499306 a=(  6.948, -2.562,  6.527) m/s2 |a|= 9.871 w=(  86.951, -68.720, -46.463) dps T= 34.09 C
t= 4202.600127 a=(  7.752, -0.891,  5.406) m/s2 |a|= 9.493 w=(  65.854, -23.049, -21.768) dps T= 34.06 C
t= 4202.700961 a=(  8.226, -0.105,  5.277) m/s2 |a|= 9.774 w=(  34.878, -18.110, -27.256) dps T= 34.06 C
t= 4202.801797 a=(  8.298,  0.517,  5.406) m/s2 |a|= 9.917 w=(  39.512, -18.720, -36.402) dps T= 34.06 C
t= 4202.902703 a=(  8.164,  1.417,  5.148) m/s2 |a|= 9.755 w=(  17.561,  -5.610, -24.146) dps T= 34.07 C
t= 4203.003735 a=(  7.776,  1.642,  4.520) m/s2 |a|= 9.143 w=(  -5.915,  31.585, -11.829) dps T= 34.08 C
t= 4203.104635 a=(  7.441,  1.633,  5.397) m/s2 |a|= 9.336 w=( -50.305,  54.390,   6.098) dps T= 34.05 C
t= 4203.205519 a=(  6.642,  0.158,  6.076) m/s2 |a|= 9.003 w=( -76.159,  70.305,  25.610) dps T= 34.07 C
t= 4203.306402 a=(  6.273, -1.192,  7.738) m/s2 |a|=10.032 w=( -82.439,  53.537,  28.598) dps T= 34.06 C
t= 4203.407325 a=(  6.479, -2.040,  8.188) m/s2 |a|=10.639 w=( -93.720,  38.963,  21.402) dps T= 34.06 C
t= 4203.508189 a=(  5.622, -3.548,  9.582) m/s2 |a|=11.662 w=( -72.439, -34.939,   0.793) dps T= 34.06 C
t= 4203.609022 a=(  5.866, -4.085,  6.929) m/s2 |a|= 9.955 w=( -24.695, -34.817,   7.805) dps T= 34.07 C
t= 4203.709860 a=(  5.952, -4.583,  6.086) m/s2 |a|= 9.668 w=( -23.780, -30.366,  13.720) dps T= 34.06 C
t= 4203.810814 a=(  6.546, -4.453,  6.187) m/s2 |a|=10.047 w=(  34.390, -50.854,   5.427) dps T= 34.07 C
t= 4203.911701 a=(  7.049, -4.161,  5.128) m/s2 |a|= 9.659 w=(  55.305, -57.805,  -1.098) dps T= 34.06 C
t= 4204.012542 a=(  7.762, -3.591,  5.698) m/s2 |a|=10.277 w=(  76.951, -70.366, -10.671) dps T= 34.07 C
t= 4204.113425 a=(  8.562, -3.156,  3.826) m/s2 |a|= 9.894 w=( 110.854, -52.866, -36.037) dps T= 34.06 C
t= 4204.214280 a=(  8.619, -1.183,  3.333) m/s2 |a|= 9.316 w=(  39.085,  11.829, -39.817) dps T= 34.05 C
t= 4204.315138 a=(  7.475, -0.077,  3.242) m/s2 |a|= 8.148 w=( -29.390,  74.207, -25.366) dps T= 34.03 C
t= 4204.415992 a=(  7.690, -0.551,  6.886) m/s2 |a|=10.337 w=( -73.841,  73.780,  -3.963) dps T= 34.07 C
t= 4204.516906 a=(  6.024, -2.069,  6.790) m/s2 |a|= 9.310 w=( -89.634,  63.780,  11.585) dps T= 34.03 C
t= 4204.617887 a=(  6.009, -4.085,  6.747) m/s2 |a|= 9.915 w=(-125.122,  58.537,  26.768) dps T= 34.06 C
t= 4204.718825 a=(  5.679, -5.267,  8.614) m/s2 |a|=11.585 w=( -98.171,   8.598,   9.024) dps T= 34.05 C
t= 4204.819690 a=(  5.559, -5.306,  7.202) m/s2 |a|=10.532 w=(  64.024, -66.159, -12.012) dps T= 34.07 C
t= 4204.920620 a=(  6.187, -4.578,  5.095) m/s2 |a|= 9.230 w=(  67.805, -54.695,   2.134) dps T= 34.08 C
t= 4205.021450 a=(  6.905, -3.893,  6.249) m/s2 |a|=10.094 w=(  88.293, -63.415, -15.305) dps T= 34.06 C
t= 4205.122288 a=(  7.738, -2.959,  5.167) m/s2 |a|= 9.764 w=( 117.561, -65.854, -27.500) dps T= 34.05 C
t= 4205.223120 a=(  8.921, -1.235,  4.108) m/s2 |a|= 9.899 w=(  56.951, -16.951, -28.659) dps T= 34.08 C
t= 4205.323998 a=(  7.479, -0.254,  3.773) m/s2 |a|= 8.381 w=(  19.146,  33.476, -35.244) dps T= 34.07 C
t= 4205.424870 a=(  8.112,  0.072,  5.468) m/s2 |a|= 9.783 w=( -58.598,  87.927,  -6.951) dps T= 34.07 C
t= 4205.525714 a=(  5.765, -0.713,  6.938) m/s2 |a|= 9.049 w=( -60.427, 101.890, -14.939) dps T= 34.05 C
t= 4205.626571 a=(  4.855, -2.504,  7.427) m/s2 |a|= 9.220 w=(-106.707,  51.280,  14.695) dps T= 34.07 C
t= 4205.727552 a=(  5.258, -3.907,  8.619) m/s2 |a|=10.826 w=(-117.500,  42.134,  17.805) dps T= 34.08 C
t= 4205.828436 a=(  4.956, -4.774,  8.600) m/s2 |a|=11.014 w=( -43.171,  -6.280,   2.134) dps T= 34.08 C
t= 4205.929321 a=(  4.688, -5.080,  7.915) m/s2 |a|=10.509 w=(   1.463, -61.220,   9.451) dps T= 34.07 C
t= 4206.030327 a=(  5.760, -4.990,  5.808) m/s2 |a|= 9.582 w=(  39.146, -56.037,  11.098) dps T= 34.06 C
t= 4206.131187 a=(  6.598, -4.755,  6.263) m/s2 |a|=10.265 w=(  38.963, -49.634,  -3.720) dps T= 34.09 C
t= 4206.232048 a=(  6.747, -4.348,  5.727) m/s2 |a|= 9.860 w=(  76.951, -47.439,  -2.866) dps T= 34.09 C
t= 4206.332894 a=(  7.728, -3.165,  5.401) m/s2 |a|= 9.946 w=(  73.354, -27.805, -30.610) dps T= 34.05 C
t= 4206.433729 a=(  7.709, -2.045,  5.171) m/s2 |a|= 9.506 w=(  54.878,  25.122, -26.037) dps T= 34.07 C
t= 4206.534573 a=(  7.341, -1.010,  5.832) m/s2 |a|= 9.430 w=(  34.146,  35.610, -29.085) dps T= 34.07 C
t= 4206.635423 a=(  6.685, -0.464,  6.393) m/s2 |a|= 9.261 w=(   4.695,  39.817, -25.000) dps T= 34.09 C
t= 4206.736268 a=(  6.235, -0.479,  6.981) m/s2 |a|= 9.372 w=( -14.634,  33.049, -16.646) dps T= 34.09 C
t= 4206.837127 a=(  6.507, -0.182,  8.447) m/s2 |a|=10.664 w=(   8.171,  36.402, -18.476) dps T= 34.09 C
t= 4206.938095 a=(  5.181,  0.230,  8.332) m/s2 |a|= 9.814 w=(  28.902,  15.915, -34.085) dps T= 34.08 C
t= 4207.039024 a=(  5.286,  1.082,  8.691) m/s2 |a|=10.230 w=(  41.768,  21.463,  -7.317) dps T= 34.09 C
t= 4207.139893 a=(  4.750,  1.657,  7.824) m/s2 |a|= 9.302 w=(  32.683,  25.427, -16.951) dps T= 34.06 C
t= 4207.240910 a=(  4.372,  2.121,  8.480) m/s2 |a|= 9.774 w=(  20.549,   2.256, -10.793) dps T= 34.07 C
t= 4207.341759 a=(  4.659,  2.227,  6.886) m/s2 |a|= 8.607 w=(  -4.268,   3.780,  -4.085) dps T= 34.08 C
t= 4207.442625 a=(  4.257,  1.312,  7.489) m/s2 |a|= 8.714 w=( -84.939, -37.500,   2.744) dps T= 34.08 C
t= 4207.543475 a=(  5.885, -0.115,  9.160) m/s2 |a|=10.888 w=( -81.585, -45.793,   0.000) dps T= 34.07 C
t= 4207.644342 a=(  5.286, -2.131,  7.661) m/s2 |a|= 9.549 w=(-126.220, -21.890,  -0.244) dps T= 34.08 C
t= 4207.745195 a=(  6.254, -3.218,  9.749) m/s2 |a|=12.021 w=( -78.232, -18.415,  10.732) dps T= 34.09 C
t= 4207.846072 a=(  6.292, -3.237,  8.648) m/s2 |a|=11.174 w=(  62.073,   2.012,   5.427) dps T= 34.07 C
t= 4207.946916 a=(  5.976, -2.217,  8.298) m/s2 |a|=10.464 w=( 120.122,  -2.927,   4.939) dps T= 34.07 C
t= 4208.047946 a=(  5.952, -0.742,  6.728) m/s2 |a|= 9.013 w=( 141.890, -25.061,   9.878) dps T= 34.08 C
t= 4208.148876 a=(  6.450,  0.986,  5.080) m/s2 |a|= 8.270 w=(  82.500, -71.585,   8.659) dps T= 34.08 C
t= 4208.249797 a=(  7.882,  1.652,  3.606) m/s2 |a|= 8.823 w=( -65.732,  -5.244,  17.012) dps T= 34.09 C
t= 4208.350772 a=(  6.440, -0.316,  5.286) m/s2 |a|= 8.338 w=(-157.195,  27.439,  10.244) dps T= 34.08 C
t= 4208.451656 a=(  7.063, -2.533,  7.207) m/s2 |a|=10.404 w=(-168.415,  21.585,  31.341) dps T= 34.07 C
t= 4208.552569 a=(  7.125, -4.592,  7.958) m/s2 |a|=11.627 w=( -84.573,  11.098,  20.793) dps T= 34.07 C
t= 4208.653567 a=(  7.044, -4.760,  7.527) m/s2 |a|=11.355 w=(  31.951, -16.707,  -8.049) dps T= 34.08 C
t= 4208.754480 a=(  6.871, -3.768,  6.335) m/s2 |a|=10.077 w=(  96.159, -10.122, -13.293) dps T= 34.08 C
t= 4208.855335 a=(  7.283, -2.543,  5.741) m/s2 |a|= 9.616 w=( 110.671, -50.793, -21.402) dps T= 34.09 C
t= 4208.956191 a=(  7.714, -1.116,  5.918) m/s2 |a|= 9.787 w=(  82.317, -58.049, -22.439) dps T= 34.09 C
t= 4209.057033 a=(  8.030, -0.062,  4.439) m/s2 |a|= 9.176 w=(  76.220, -33.537, -20.183) dps T= 34.10 C
t= 4209.157905 a=(  8.346,  0.680,  3.280) m/s2 |a|= 8.993 w=( -39.512,  37.744,  12.683) dps T= 34.10 C
t= 4209.258770 a=(  7.757, -0.551,  4.879) m/s2 |a|= 9.181 w=(-119.085,  46.951,   9.634) dps T= 34.09 C
t= 4209.359659 a=(  7.341, -2.145,  6.373) m/s2 |a|= 9.955 w=(-143.354,  52.988,  20.854) dps T= 34.11 C
t= 4209.460630 a=(  7.001, -3.883,  6.718) m/s2 |a|=10.451 w=(-122.012,  23.659,  14.573) dps T= 34.10 C
t= 4209.561485 a=(  6.929, -4.855,  6.919) m/s2 |a|=10.930 w=(  -6.037,   7.195,   4.573) dps T= 34.10 C
t= 4209.662323 a=(  7.120, -4.405,  6.780) m/s2 |a|=10.774 w=(  55.854,  -8.049,  -8.049) dps T= 34.10 C
t= 4209.763171 a=(  7.068, -3.304,  5.933) m/s2 |a|= 9.801 w=(  90.793, -20.549,  -6.829) dps T= 34.09 C
t= 4209.864006 a=(  7.523, -2.121,  5.713) m/s2 |a|= 9.681 w=(  89.268,   6.951, -15.000) dps T= 34.09 C
t= 4209.964863 a=(  7.532, -1.044,  7.489) m/s2 |a|=10.673 w=(  88.354, -29.817, -21.037) dps T= 34.09 C
t= 4210.065691 a=(  8.016,  0.579,  5.071) m/s2 |a|= 9.503 w=(  86.890,   4.756,  -8.720) dps T= 34.10 C
t= 4210.166548 a=(  7.618,  1.274,  4.108) m/s2 |a|= 8.749 w=(  33.598,  -0.671,  -9.390) dps T= 34.11 C
t= 4210.267387 a=(  7.887,  1.398,  5.631) m/s2 |a|= 9.791 w=( -25.244, -12.866, -15.366) dps T= 34.11 C
t= 4210.368230 a=(  7.173,  0.766,  5.023) m/s2 |a|= 8.790 w=( -71.280,  56.951,  -1.768) dps T= 34.11 C
t= 4210.469101 a=(  6.335, -0.776,  6.014) m/s2 |a|= 8.770 w=(-121.402,  21.280,  -3.780) dps T= 34.11 C
t= 4210.570077 a=(  6.431, -2.346,  6.958) m/s2 |a|= 9.761 w=(-128.476,  27.195,  13.476) dps T= 34.09 C
t= 4210.670966 a=(  6.886, -3.500,  9.194) m/s2 |a|=12.008 w=( -43.049,  -9.085,   0.488) dps T= 34.09 C
t= 4210.771812 a=(  6.699, -3.357,  6.756) m/s2 |a|=10.089 w=(  57.195,  -2.378,   1.280) dps T= 34.10 C
t= 4210.872667 a=(  6.713, -2.456,  5.430) m/s2 |a|= 8.977 w=(  -8.293,  -4.512,   1.463) dps T= 34.11 C
t= 4210.973511 a=(  6.651, -2.787,  6.886) m/s2 |a|= 9.971 w=(  -2.561,   1.098,   1.341) dps T= 34.12 C
t= 4211.074349 a=(  6.862, -2.988,  6.661) m/s2 |a|=10.019 w=(  -5.366,  -4.634,   0.183) dps T= 34.08 C
t= 4211.175225 a=(  6.656, -2.931,  6.388) m/s2 |a|= 9.679 w=(   1.768,   2.744,   1.159) dps T= 34.09 C
t= 4211.276181 a=(  6.800, -2.849,  6.565) m/s2 |a|= 9.872 w=(  -3.049,  -0.915,  -0.183) dps T= 34.09 C
t= 4211.377061 a=(  6.857, -2.940,  6.651) m/s2 |a|= 9.995 w=(   2.805,  -2.134,  -0.244) dps T= 34.10 C
t= 4211.477931 a=(  6.632, -3.112,  5.406) m/s2 |a|= 9.105 w=( -42.317,  14.451,   4.756) dps T= 34.10 C
t= 4211.578771 a=(  6.412, -4.037,  6.584) m/s2 |a|=10.038 w=( -70.000,   0.366,   0.610) dps T= 34.10 C
t= 4211.679655 a=(  6.704, -4.650,  5.607) m/s2 |a|= 9.899 w=( -79.390,   4.390,   4.756) dps T= 34.11 C
t= 4211.780745 a=(  6.637, -5.344,  6.292) m/s2 |a|=10.592 w=( -48.902, -13.354,   7.378) dps T= 34.09 C
t= 4211.881633 a=(  6.378, -5.564,  6.292) m/s2 |a|=10.547 w=(  96.463,  -9.756,   1.890) dps T= 34.11 C
t= 4211.982508 a=(  6.819, -4.640,  5.507) m/s2 |a|= 9.917 w=( 124.634, -24.512,   1.585) dps T= 34.10 C
t= 4212.083354 a=(  6.833, -3.385,  5.416) m/s2 |a|= 9.353 w=( 111.707, -34.573, -13.841) dps T= 34.12 C
t= 4212.184229 a=(  7.733, -1.896,  6.728) m/s2 |a|=10.424 w=( 106.341, -68.110, -18.110) dps T= 34.11 C
t= 4212.285064 a=(  8.145, -0.589,  5.191) m/s2 |a|= 9.676 w=( 107.134, -44.085, -22.012) dps T= 34.10 C
t= 4212.385902 a=(  8.734,  0.967,  3.759) m/s2 |a|= 9.558 w=(  54.085,  -0.793, -14.573) dps T= 34.11 C
t= 4212.486807 a=(  8.959,  1.791,  4.046) m/s2 |a|= 9.992 w=(  -6.280,   9.878, -29.146) dps T= 34.11 C
t= 4212.587668 a=(  7.695,  1.647,  5.492) m/s2 |a|= 9.596 w=( -33.963,  45.244, -18.720) dps T= 34.12 C
t= 4212.688524 a=(  7.140,  1.465,  6.129) m/s2 |a|= 9.523 w=( -13.354,  -3.049,  -5.610) dps T= 34.11 C
t= 4212.789374 a=(  8.102,  1.211,  5.583) m/s2 |a|= 9.914 w=( -33.598,  19.512,   1.037) dps T= 34.10 C
t= 4212.890509 a=(  6.785,  0.259,  5.392) m/s2 |a|= 8.670 w=(-104.573,  48.049,  11.585) dps T= 34.12 C
t= 4212.991425 a=(  6.804, -1.494,  7.020) m/s2 |a|= 9.890 w=(-133.720,  13.232,  15.793) dps T= 34.11 C
t= 4213.092368 a=(  6.455, -3.309,  6.378) m/s2 |a|= 9.659 w=(-111.098,  28.902,  20.488) dps T= 34.13 C
t= 4213.193259 a=(  6.412, -4.889,  6.383) m/s2 |a|=10.284 w=(-111.037, -23.415,  17.622) dps T= 34.11 C
t= 4213.294210 a=(  7.159, -5.301,  6.847) m/s2 |a|=11.235 w=(  -5.610,  -7.439,   5.366) dps T= 34.10 C
t= 4213.395127 a=(  6.488, -5.033,  5.114) m/s2 |a|= 9.674 w=(  32.256, -14.146,   0.671) dps T= 34.10 C
t= 4213.496002 a=(  7.001, -4.736,  5.722) m/s2 |a|=10.207 w=(  31.280, -17.500,  -0.244) dps T= 34.11 C
t= 4213.596843 a=(  6.766, -4.515,  5.516) m/s2 |a|= 9.828 w=(  66.707,  -5.000,  -2.134) dps T= 34.12 C
t= 4213.697691 a=(  7.317, -3.797,  5.885) m/s2 |a|=10.128 w=(  62.439, -19.756,  -3.476) dps T= 34.13 C
t= 4213.798529 a=(  6.967, -3.089,  5.191) m/s2 |a|= 9.221 w=(  46.707,  -3.780,  -3.171) dps T= 34.11 C
t= 4213.899363 a=(  7.451, -2.552,  5.559) m/s2 |a|= 9.640 w=(  10.549,  -3.293,  -3.720) dps T= 34.10 C
t= 4214.000310 a=(  7.082, -2.500,  6.254) m/s2 |a|= 9.773 w=(   5.976,   6.951,  -4.329) dps T= 34.12 C
t= 4214.101179 a=(  7.374, -2.389,  6.632) m/s2 |a|=10.201 w=(  25.183,  -1.646,  -8.293) dps T= 34.09 C
t= 4214.202057 a=(  7.456, -2.093,  6.100) m/s2 |a|= 9.858 w=(  61.829,   4.451, -13.293) dps T= 34.12 C
t= 4214.302941 a=(  6.953, -0.924,  6.005) m/s2 |a|= 9.233 w=(  20.793,   7.500, -11.220) dps T= 34.10 C
t= 4214.403834 a=(  7.178, -0.723,  6.345) m/s2 |a|= 9.607 w=(  -7.622,  -1.402,   0.061) dps T= 34.12 C
t= 4214.504683 a=(  6.881, -1.092,  6.407) m/s2 |a|= 9.465 w=( -22.744,  11.890,  -1.037) dps T= 34.12 C
t= 4214.605503 a=(  6.823, -1.834,  5.823) m/s2 |a|= 9.156 w=( -59.085,  19.451,   5.488) dps T= 34.10 C
t= 4214.706367 a=(  6.551, -2.772,  7.168) m/s2 |a|=10.099 w=( -68.963,   7.256,   1.829) dps T= 34.10 C
t= 4214.807204 a=(  6.464, -3.472,  7.326) m/s2 |a|=10.369 w=( -45.000,  18.720,   8.476) dps T= 34.11 C
t= 4214.908020 a=(  6.469, -4.501,  7.001) m/s2 |a|=10.541 w=(-103.232, -10.000,   8.841) dps T= 34.12 C
t= 4215.008858 a=(  6.507, -4.788,  8.102) m/s2 |a|=11.442 w=(  33.902, -17.622,  -3.598) dps T= 34.12 C
t= 4215.109713 a=(  6.651, -4.468,  6.589) m/s2 |a|=10.373 w=( 132.195, -23.232, -12.256) dps T= 34.11 C
t= 4215.210686 a=(  7.140, -2.653,  5.947) m/s2 |a|= 9.663 w=( 119.268, -39.634, -13.659) dps T= 34.11 C
t= 4215.311612 a=(  7.369, -1.211,  4.755) m/s2 |a|= 8.853 w=(  78.537,  13.598,  -4.451) dps T= 34.11 C
t= 4215.412490 a=(  6.809, -0.498,  3.424) m/s2 |a|= 7.638 w=( -27.012,  35.488,  -1.098) dps T= 34.12 C
t= 4215.513359 a=(  6.531, -2.461,  5.957) m/s2 |a|= 9.176 w=(-173.659,  20.244,   9.207) dps T= 34.11 C
t= 4215.614199 a=(  6.891, -4.764,  7.365) m/s2 |a|=11.154 w=(-203.293,  17.134,  14.695) dps T= 34.11 C
t= 4215.715046 a=(  6.268, -5.861,  6.732) m/s2 |a|=10.907 w=( -70.000,  21.341,   6.159) dps T= 34.12 C
t= 4215.815890 a=(  6.076, -6.086,  7.532) m/s2 |a|=11.432 w=(  74.817, -22.317,   2.988) dps T= 34.10 C
t= 4215.916745 a=(  5.689, -5.329,  6.651) m/s2 |a|=10.247 w=( 172.683, -44.634,   9.451) dps T= 34.12 C
t= 4216.017591 a=(  6.723, -3.697,  5.588) m/s2 |a|= 9.492 w=( 174.634, -20.305,  -6.159) dps T= 34.11 C
t= 4216.118416 a=(  8.035, -1.087,  5.986) m/s2 |a|=10.078 w=( 116.951, -11.037, -23.110) dps T= 34.12 C
t= 4216.219280 a=(  7.226,  0.781,  5.942) m/s2 |a|= 9.388 w=(  58.537,  31.220, -46.098) dps T= 34.12 C
t= 4216.320431 a=(  5.478,  1.935,  5.277) m/s2 |a|= 7.848 w=( -27.378,  56.890, -36.463) dps T= 34.13 C
t= 4216.421434 a=(  5.334,  0.651,  8.629) m/s2 |a|=10.165 w=(-105.610,  28.171, -30.183) dps T= 34.11 C
t= 4216.522323 a=(  3.907, -2.155,  7.939) m/s2 |a|= 9.107 w=(-129.268,   0.427, -16.890) dps T= 34.13 C
t= 4216.623241 a=(  5.076, -3.864,  8.078) m/s2 |a|=10.293 w=(-152.744,   0.305,  -6.646) dps T= 34.12 C
t= 4216.724102 a=(  4.937, -5.387,  7.408) m/s2 |a|=10.405 w=(-100.366, -19.390,   1.402) dps T= 34.12 C
t= 4216.824969 a=(  5.239, -5.727,  7.298) m/s2 |a|=10.653 w=( -45.854, -34.390,   1.098) dps T= 34.12 C
t= 4216.925811 a=(  5.454, -5.555,  5.693) m/s2 |a|= 9.644 w=(  13.354, -33.720,   7.317) dps T= 34.12 C
t= 4217.026636 a=(  6.129, -5.741,  7.264) m/s2 |a|=11.104 w=(  55.549, -81.524,  15.183) dps T= 34.14 C
t= 4217.127457 a=(  6.330, -5.339,  5.382) m/s2 |a|= 9.877 w=( 121.829, -63.110,   2.195) dps T= 34.12 C
t= 4217.228323 a=(  6.804, -4.266,  5.119) m/s2 |a|= 9.524 w=( 108.902, -58.049,  -0.793) dps T= 34.13 C
t= 4217.329158 a=(  7.815, -2.873,  5.722) m/s2 |a|=10.103 w=( 107.622, -48.354, -16.585) dps T= 34.14 C
t= 4217.430060 a=(  8.068, -1.542,  5.636) m/s2 |a|= 9.962 w=(  78.902, -32.195, -31.220) dps T= 34.13 C
t= 4217.530914 a=(  8.035, -0.517,  5.449) m/s2 |a|= 9.722 w=(  92.561, -31.707, -43.049) dps T= 34.12 C
t= 4217.631807 a=(  8.456,  0.962,  4.602) m/s2 |a|= 9.675 w=(  71.890,   7.988, -45.976) dps T= 34.10 C
t= 4217.732698 a=(  8.581,  2.523,  4.405) m/s2 |a|= 9.970 w=(  57.561,  33.537, -59.451) dps T= 34.12 C
t= 4217.833620 a=(  6.977,  3.548,  5.531) m/s2 |a|= 9.584 w=( -10.366, 125.976, -67.195) dps T= 34.12 C
t= 4217.934490 a=(  4.410,  4.118,  6.804) m/s2 |a|= 9.094 w=( -29.634, 101.098, -53.659) dps T= 34.14 C
t= 4218.035335 a=(  2.576,  3.184,  6.852) m/s2 |a|= 7.983 w=( -64.512,  40.183, -18.841) dps T= 34.12 C
t= 4218.136226 a=(  3.280,  0.718,  6.914) m/s2 |a|= 7.687 w=(-128.476,   8.171, -16.463) dps T= 34.14 C
t= 4218.237113 a=(  2.988, -1.997,  9.524) m/s2 |a|=10.180 w=(-173.598, -58.354, -15.000) dps T= 34.14 C
t= 4218.337959 a=(  4.659, -3.194,  8.576) m/s2 |a|=10.269 w=( -96.280,  -2.378,   4.573) dps T= 34.12 C
t= 4218.438816 a=(  4.688, -4.827,  8.102) m/s2 |a|=10.532 w=(-114.817, -41.159, -21.585) dps T= 34.12 C
t= 4218.539650 a=(  4.678, -5.555,  7.791) m/s2 |a|=10.651 w=( -50.427, -40.915, -10.488) dps T= 34.12 C
t= 4218.640590 a=(  4.851, -5.746,  6.857) m/s2 |a|=10.177 w=(  33.537, -35.488,  22.866) dps T= 34.12 C
t= 4218.741450 a=(  5.320, -5.641,  6.704) m/s2 |a|=10.250 w=( 101.951, -62.195,  24.695) dps T= 34.14 C
t= 4218.842323 a=(  7.465, -4.410,  6.057) m/s2 |a|=10.577 w=( 119.390, -40.366,   9.146) dps T= 34.13 C
t= 4218.943200 a=(  6.330, -3.443,  6.455) m/s2 |a|= 9.674 w=( 132.683, -56.585,  -0.854) dps T= 34.16 C
t= 4219.044065 a=(  8.116, -1.528,  5.851) m/s2 |a|=10.122 w=( 128.780,  18.110, -25.427) dps T= 34.12 C
t= 4219.144928 a=(  7.072,  0.417,  6.651) m/s2 |a|= 9.718 w=(  89.390,  46.524, -45.610) dps T= 34.14 C
t= 4219.245761 a=(  5.444,  1.839,  6.440) m/s2 |a|= 8.631 w=(   0.915,  64.268, -42.805) dps T= 34.14 C
t= 4219.346597 a=(  4.836,  2.193,  7.853) m/s2 |a|= 9.480 w=( -33.171,  57.073, -45.488) dps T= 34.14 C
t= 4219.447458 a=(  3.587,  1.877,  8.442) m/s2 |a|= 9.362 w=(   1.159,  77.561, -51.098) dps T= 34.12 C
t= 4219.548316 a=(  1.848,  2.107,  8.226) m/s2 |a|= 8.691 w=( -17.744,  33.963, -28.963) dps T= 34.13 C
t= 4219.649189 a=(  1.906,  1.173, 11.071) m/s2 |a|=11.295 w=( -87.500, -51.341, -24.268) dps T= 34.12 C
t= 4219.750066 a=(  2.342, -0.321, 10.367) m/s2 |a|=10.633 w=( -76.951, -38.049, -12.134) dps T= 34.12 C
t= 4219.850987 a=(  3.677, -2.294,  8.308) m/s2 |a|= 9.370 w=(-142.378, -47.012,  -4.085) dps T= 34.14 C
t= 4219.951855 a=(  3.979, -3.888, 10.846) m/s2 |a|=12.189 w=( -81.890, -33.110,  -1.951) dps T= 34.12 C
t= 4220.052754 a=(  4.281, -3.845,  8.988) m/s2 |a|=10.672 w=(  93.537,  16.707,  22.256) dps T= 34.12 C
t= 4220.153670 a=(  4.410, -2.169,  8.169) m/s2 |a|= 9.533 w=(  89.390,  -9.146,  15.183) dps T= 34.13 C
t= 4220.254564 a=(  4.142, -1.130,  8.806) m/s2 |a|= 9.797 w=( 106.098,  17.805,  10.549) dps T= 34.14 C
t= 4220.355492 a=(  4.152,  0.527,  8.667) m/s2 |a|= 9.624 w=(  95.122,  19.146,  17.195) dps T= 34.12 C
t= 4220.456359 a=(  4.626,  2.030,  8.600) m/s2 |a|= 9.974 w=(  67.561,  -9.817,   8.537) dps T= 34.16 C
t= 4220.557254 a=(  4.597,  2.926,  7.527) m/s2 |a|= 9.293 w=(  61.768, -58.841,   4.939) dps T= 34.12 C
t= 4220.658119 a=(  5.171,  3.788,  6.297) m/s2 |a|= 8.986 w=(  29.268,-112.134,  28.537) dps T= 34.15 C
t= 4220.758962 a=(  7.623,  3.026,  5.205) m/s2 |a|= 9.714 w=( -10.366, -75.427,  38.537) dps T= 34.15 C
t= 4220.859805 a=(  8.576,  2.260,  3.845) m/s2 |a|= 9.666 w=( -30.549, -29.390,  34.512) dps T= 34.14 C
t= 4220.960716 a=(  8.159,  0.953,  4.080) m/s2 |a|= 9.172 w=(-112.073,  -4.390,  36.890) dps T= 34.11 C
t= 4221.061553 a=(  8.796, -0.259,  6.091) m/s2 |a|=10.702 w=(-105.366, -15.244,  47.378) dps T= 34.15 C
t= 4221.162406 a=(  8.203, -1.657,  5.349) m/s2 |a|= 9.931 w=( -70.671,  22.866,  34.878) dps T= 34.15 C
t= 4221.263281 a=(  8.188, -2.978,  4.458) m/s2 |a|= 9.787 w=( -97.073,  78.537,  27.988) dps T= 34.12 C
t= 4221.364157 a=(  6.828, -3.754,  5.009) m/s2 |a|= 9.263 w=( -74.268,  83.293,  -2.012) dps T= 34.14 C
t= 4221.465030 a=(  6.187, -4.913,  4.932) m/s2 |a|= 9.313 w=( -91.707,  27.317,   6.220) dps T= 34.12 C
t= 4221.565928 a=(  6.115, -5.899,  6.033) m/s2 |a|=10.421 w=( -32.927,  36.585,  -2.012) dps T= 34.13 C
t= 4221.666777 a=(  5.693, -5.535,  5.387) m/s2 |a|= 9.596 w=(  -0.610,   3.720,  -7.744) dps T= 34.14 C
t= 4221.767628 a=(  5.291, -5.823,  6.019) m/s2 |a|= 9.906 w=( -34.573,   4.451,   2.744) dps T= 34.13 C
t= 4221.868477 a=(  5.617, -6.637,  5.727) m/s2 |a|=10.411 w=(   4.085,   4.268,  17.866) dps T= 34.13 C
t= 4221.969307 a=(  5.492, -6.905,  5.698) m/s2 |a|=10.503 w=(  -2.622,   6.646,   5.305) dps T= 34.12 C
t= 4222.070144 a=(  5.243, -6.187,  5.329) m/s2 |a|= 9.704 w=(   9.756,  -0.732,   3.476) dps T= 34.12 C
t= 4222.170993 a=(  5.631, -6.522,  5.928) m/s2 |a|=10.459 w=(  14.268, -17.988,  12.439) dps T= 34.12 C
t= 4222.271888 a=(  5.511, -5.756,  5.334) m/s2 |a|= 9.589 w=(  23.659, -38.415,   7.683) dps T= 34.14 C
t= 4222.372767 a=(  4.908, -6.436,  5.602) m/s2 |a|= 9.843 w=(  42.988, -42.866,  22.927) dps T= 34.15 C
t= 4222.473669 a=(  7.197, -6.460,  4.812) m/s2 |a|=10.802 w=(  38.720, -34.390,  10.122) dps T= 34.16 C
t= 4222.574590 a=(  6.105, -5.895,  5.219) m/s2 |a|= 9.963 w=(   3.598,   3.537,   6.890) dps T= 34.13 C
t= 4222.675480 a=(  5.794, -5.708,  5.789) m/s2 |a|= 9.983 w=(  19.634,   5.915,   5.427) dps T= 34.13 C
t= 4222.776327 a=(  6.005, -5.363,  5.904) m/s2 |a|= 9.984 w=(  45.854,  21.159,  -9.329) dps T= 34.14 C
t= 4222.877192 a=(  5.416, -5.128,  7.389) m/s2 |a|=10.499 w=(  44.329,  12.134, -20.305) dps T= 34.16 C
t= 4222.978021 a=(  6.024, -4.108,  7.020) m/s2 |a|=10.121 w=(  44.329,   2.073, -24.939) dps T= 34.13 C
t= 4223.078866 a=(  5.440, -3.103,  7.039) m/s2 |a|= 9.421 w=(  67.683,  -9.390, -33.171) dps T= 34.14 C
t= 4223.179776 a=(  6.105, -1.834,  7.508) m/s2 |a|= 9.849 w=(  74.451, -39.817, -26.768) dps T= 34.14 C
t= 4223.280775 a=(  7.302, -0.383,  7.187) m/s2 |a|=10.253 w=(  82.744, -25.366, -22.439) dps T= 34.13 C
t= 4223.381635 a=(  6.847,  0.498,  6.934) m/s2 |a|= 9.758 w=(  97.744, -54.268, -24.939) dps T= 34.14 C
t= 4223.482493 a=(  7.542,  2.054,  5.262) m/s2 |a|= 9.423 w=(  87.378, -51.524,  -9.939) dps T= 34.16 C
t= 4223.583343 a=(  8.203,  2.859,  3.903) m/s2 |a|= 9.523 w=(  82.744, -12.866, -12.195) dps T= 34.13 C
t= 4223.684234 a=(  7.819,  3.314,  3.486) m/s2 |a|= 9.180 w=(  43.659,  12.988,  -5.366) dps T= 34.14 C
t= 4223.785102 a=(  8.126,  3.955,  3.701) m/s2 |a|= 9.766 w=(  25.366,  45.671,  -1.890) dps T= 34.14 C
t= 4223.885997 a=(  7.542,  3.610,  5.349) m/s2 |a|= 9.926 w=( -32.622,  96.768, -26.341) dps T= 34.16 C
t= 4223.986832 a=(  6.287,  3.888,  6.718) m/s2 |a|= 9.989 w=( -37.439,  73.476, -47.561) dps T= 34.13 C
t= 4224.087705 a=(  4.247,  3.725,  7.633) m/s2 |a|= 9.496 w=( -23.232,  50.488, -52.622) dps T= 34.16 C
t= 4224.188551 a=(  3.984,  3.864,  7.906) m/s2 |a|= 9.659 w=( -26.646,  30.122, -46.037) dps T= 34.15 C
t= 4224.289423 a=(  2.849,  3.807,  8.519) m/s2 |a|= 9.756 w=( -27.927,  37.866, -55.061) dps T= 34.15 C
t= 4224.390416 a=(  1.149,  3.175,  8.930) m/s2 |a|= 9.547 w=( -32.134,  21.037, -25.854) dps T= 34.14 C
t= 4224.491264 a=(  1.532,  2.547,  8.528) m/s2 |a|= 9.031 w=( -72.012, -13.354,   7.866) dps T= 34.14 C
t= 4224.592144 a=(  2.543,  1.968,  8.801) m/s2 |a|= 9.370 w=( -39.451,   3.415,  19.512) dps T= 34.14 C
t= 4224.692999 a=(  2.437,  0.919,  9.902) m/s2 |a|=10.239 w=( -30.610, -15.671,   6.890) dps T= 34.13 C
t= 4224.793835 a=(  3.017,  0.484, 10.113) m/s2 |a|=10.565 w=(   2.195, -12.561,   3.110) dps T= 34.16 C
t= 4224.894744 a=(  2.356, -0.010,  7.566) m/s2 |a|= 7.924 w=( -42.866, -24.817,   6.037) dps T= 34.13 C
t= 4224.995650 a=(  3.783, -1.154,  9.189) m/s2 |a|=10.004 w=( -85.488, -40.366,  17.500) dps T= 34.13 C
t= 4225.096511 a=(  4.410, -2.394,  9.505) m/s2 |a|=10.748 w=( -62.195, -28.049,   9.268) dps T= 34.15 C
t= 4225.197360 a=(  4.741, -2.725, 10.242) m/s2 |a|=11.610 w=(  -9.329, -32.683,  -0.122) dps T= 34.15 C
t= 4225.298196 a=(  4.836, -2.284,  9.404) m/s2 |a|=10.819 w=(  80.427, -18.537,  -5.427) dps T= 34.15 C
t= 4225.399076 a=(  5.138, -1.188,  8.025) m/s2 |a|= 9.603 w=( 102.439, -16.159,  -2.195) dps T= 34.14 C
t= 4225.499910 a=(  4.525, -0.239,  6.718) m/s2 |a|= 8.103 w=(  57.927, -22.561,  12.378) dps T= 34.14 C
t= 4225.600834 a=(  5.641, -0.062,  5.315) m/s2 |a|= 7.751 w=( -51.098, -27.561,  26.402) dps T= 34.14 C
t= 4225.701672 a=(  6.507, -1.805,  7.384) m/s2 |a|=10.006 w=(-151.463, -11.280,  20.488) dps T= 34.15 C
t= 4225.802508 a=(  6.235, -3.031,  8.164) m/s2 |a|=10.710 w=( -64.024,  11.037,   8.720) dps T= 34.14 C
t= 4225.903351 a=(  5.588, -3.668,  6.670) m/s2 |a|= 9.443 w=( -21.037,  13.476,  11.524) dps T= 34.13 C
t= 4226.004176 a=(  5.698, -4.429,  6.699) m/s2 |a|= 9.847 w=( -70.915,   3.293,   7.073) dps T= 34.16 C
t= 4226.105058 a=(  5.401, -5.511,  9.184) m/s2 |a|=11.996 w=( -33.293, -31.829,   6.524) dps T= 34.14 C
t= 4226.205954 a=(  5.555, -5.258,  6.780) m/s2 |a|=10.221 w=( 110.244, -35.793,  16.280) dps T= 34.14 C
t= 4226.306899 a=(  6.273, -4.070,  5.904) m/s2 |a|= 9.527 w=(  62.500, -46.646,   9.268) dps T= 34.14 C
t= 4226.407767 a=(  6.325, -3.366,  6.718) m/s2 |a|= 9.822 w=( 102.805, -54.207,   7.073) dps T= 34.12 C
t= 4226.508617 a=(  7.628, -2.294,  5.449) m/s2 |a|= 9.651 w=(  92.134, -45.854,  -7.012) dps T= 34.14 C
t= 4226.609468 a=(  7.661, -1.101,  5.636) m/s2 |a|= 9.575 w=(  81.098, -51.951, -15.366) dps T= 34.14 C
t= 4226.710437 a=(  8.519,  0.306,  4.932) m/s2 |a|= 9.848 w=(  74.634, -42.195, -17.500) dps T= 34.14 C
t= 4226.811328 a=(  8.916,  1.283,  4.013) m/s2 |a|= 9.861 w=(  62.134,  -6.768, -32.805) dps T= 34.14 C
t= 4226.912192 a=(  8.437,  1.891,  4.104) m/s2 |a|= 9.571 w=(  23.963,  44.817, -35.793) dps T= 34.13 C
t= 4227.013161 a=(  7.728,  2.533,  4.994) m/s2 |a|= 9.544 w=(   1.341,  61.890, -47.317) dps T= 34.15 C
t= 4227.114034 a=(  6.766,  3.270,  6.345) m/s2 |a|= 9.835 w=( -13.598,  68.354, -47.195) dps T= 34.14 C
t= 4227.214872 a=(  5.071,  3.424,  7.111) m/s2 |a|= 9.381 w=( -13.415,  54.817, -42.866) dps T= 34.15 C
t= 4227.315806 a=(  3.970,  3.179,  7.025) m/s2 |a|= 8.672 w=( -42.988,  31.159, -21.585) dps T= 34.14 C
t= 4227.416684 a=(  4.118,  1.920,  7.039) m/s2 |a|= 8.378 w=( -85.122,   4.756,   1.341) dps T= 34.15 C
t= 4227.517551 a=(  4.348,  0.804,  7.671) m/s2 |a|= 8.854 w=(-111.951,  12.622,  -0.122) dps T= 34.14 C
t= 4227.618430 a=(  4.185, -0.594,  8.399) m/s2 |a|= 9.403 w=( -89.390,  11.707,   8.780) dps T= 34.12 C
t= 4227.719294 a=(  4.659, -2.016,  7.676) m/s2 |a|= 9.203 w=(-106.707, -22.134,  13.598) dps T= 34.14 C
t= 4227.820162 a=(  5.612, -3.721,  8.758) m/s2 |a|=11.047 w=(-103.659, -21.159,  13.476) dps T= 34.14 C
t= 4227.921016 a=(  5.037, -4.822,  8.724) m/s2 |a|=11.169 w=(  -6.280, -38.841,  10.244) dps T= 34.14 C
t= 4228.021851 a=(  5.990, -4.453,  6.732) m/s2 |a|=10.052 w=(  67.500, -40.122,  20.976) dps T= 34.15 C
t= 4228.122727 a=(  6.172, -3.883,  6.785) m/s2 |a|= 9.961 w=(  57.988, -41.768,   6.524) dps T= 34.14 C
t= 4228.223636 a=(  6.737, -3.089,  6.541) m/s2 |a|= 9.885 w=(  64.329, -31.463,  -0.793) dps T= 34.15 C
t= 4228.324512 a=(  6.895, -2.265,  6.665) m/s2 |a|= 9.854 w=(  88.293, -49.573,  -1.707) dps T= 34.12 C
t= 4228.425362 a=(  7.872, -1.010,  5.717) m/s2 |a|= 9.782 w=(  75.549, -24.939,  -9.817) dps T= 34.15 C
t= 4228.526267 a=(  7.824, -0.043,  5.698) m/s2 |a|= 9.679 w=(  51.829, -27.988, -21.890) dps T= 34.14 C
t= 4228.627127 a=(  8.317,  0.838,  5.205) m/s2 |a|= 9.848 w=(  39.939,  -7.378, -26.768) dps T= 34.16 C
t= 4228.727984 a=(  7.695,  1.317,  5.200) m/s2 |a|= 9.380 w=(  18.110,   8.232, -17.805) dps T= 34.13 C
t= 4228.828844 a=(  8.466,  1.432,  4.970) m/s2 |a|= 9.921 w=(  -9.817,  46.951, -26.159) dps T= 34.17 C
t= 4228.929680 a=(  6.699,  1.700,  6.239) m/s2 |a|= 9.311 w=(   2.561,  69.329, -52.378) dps T= 34.15 C
t= 4229.030665 a=(  5.286,  2.184,  6.962) m/s2 |a|= 9.010 w=( -19.634,  38.720, -29.634) dps T= 34.12 C
t= 4229.131518 a=(  5.320,  2.073,  7.005) m/s2 |a|= 9.038 w=( -68.293,  27.378,  -3.963) dps T= 34.17 C
t= 4229.232420 a=(  5.339,  0.196,  7.178) m/s2 |a|= 8.948 w=(-166.951,  13.415,   3.659) dps T= 34.14 C
t= 4229.333279 a=(  5.013, -2.787,  9.500) m/s2 |a|=11.098 w=(-170.366,   8.293,   5.793) dps T= 34.14 C
t= 4229.434118 a=(  4.745, -4.209,  8.729) m/s2 |a|=10.790 w=( -90.122,   6.768,  15.183) dps T= 34.13 C
t= 4229.534959 a=(  4.946, -5.028,  7.590) m/s2 |a|=10.361 w=( -46.159, -11.037,  18.902) dps T= 34.13 C
t= 4229.635807 a=(  4.851, -6.043,  7.633) m/s2 |a|=10.877 w=(  -5.732, -26.524,  23.659) dps T= 34.15 C
t= 4229.736721 a=(  4.851, -5.674,  6.814) m/s2 |a|=10.107 w=(  67.439, -42.622,  22.256) dps T= 34.14 C
t= 4229.837609 a=(  5.555, -4.918,  6.886) m/s2 |a|=10.122 w=(  74.512, -54.634,  21.524) dps T= 34.13 C
t= 4229.938480 a=(  6.043, -4.353,  6.665) m/s2 |a|= 9.995 w=(  80.732, -54.695,   5.366) dps T= 34.14 C
t= 4230.039370 a=(  6.598, -3.462,  7.116) m/s2 |a|=10.303 w=(  90.671, -52.073,  -7.622) dps T= 34.16 C
t= 4230.140320 a=(  7.183, -1.978,  6.158) m/s2 |a|= 9.665 w=(  97.805, -43.293, -22.561) dps T= 34.16 C
t= 4230.241317 a=(  7.302, -0.613,  5.756) m/s2 |a|= 9.318 w=(  86.463, -52.622, -19.939) dps T= 34.15 C
t= 4230.342202 a=(  8.279,  0.235,  5.291) m/s2 |a|= 9.828 w=(  61.951, -25.915, -17.927) dps T= 34.15 C
t= 4230.443079 a=(  8.475,  1.101,  4.875) m/s2 |a|= 9.839 w=(  47.500,  -0.183, -37.988) dps T= 34.15 C
t= 4230.543950 a=(  7.767,  2.011,  4.458) m/s2 |a|= 9.178 w=(   2.012,  14.390, -37.134) dps T= 34.16 C
t= 4230.644777 a=(  7.652,  2.605,  5.914) m/s2 |a|=10.015 w=( -39.756,  61.463, -48.598) dps T= 34.15 C
t= 4230.745653 a=(  6.201,  3.045,  6.804) m/s2 |a|= 9.697 w=(  -0.427, 111.524, -51.463) dps T= 34.17 C
t= 4230.846502 a=(  4.808,  3.496,  6.416) m/s2 |a|= 8.747 w=( -35.061,  75.610, -49.939) dps T= 34.14 C
t= 4230.947396 a=(  3.462,  2.083,  7.776) m/s2 |a|= 8.763 w=(-155.610,  16.890, -35.000) dps T= 34.16 C
t= 4231.048266 a=(  3.601, -0.929,  9.735) m/s2 |a|=10.421 w=(-182.561, -27.317, -15.732) dps T= 34.17 C
t= 4231.149148 a=(  3.907, -3.270,  9.807) m/s2 |a|=11.051 w=(-130.610, -24.390,  -6.402) dps T= 34.16 C
t= 4231.250090 a=(  4.731, -4.161,  8.504) m/s2 |a|=10.584 w=( -60.366, -36.707,   9.024) dps T= 34.14 C
t= 4231.350932 a=(  5.258, -4.310,  8.686) m/s2 |a|=11.030 w=(  46.098, -46.220,  21.159) dps T= 34.14 C
t= 4231.451784 a=(  5.631, -3.788,  6.948) m/s2 |a|= 9.712 w=( 147.439, -44.695,  19.268) dps T= 34.15 C
t= 4231.552622 a=(  6.670, -2.021,  6.421) m/s2 |a|= 9.477 w=(  93.171, -43.598,  -4.817) dps T= 34.16 C
t= 4231.653457 a=(  6.809, -0.666,  7.082) m/s2 |a|= 9.847 w=(  85.061, -31.890, -26.341) dps T= 34.17 C
t= 4231.754339 a=(  7.288,  0.943,  6.972) m/s2 |a|=10.130 w=(  83.110, -10.854, -21.768) dps T= 34.16 C
t= 4231.855179 a=(  7.796,  2.332,  6.790) m/s2 |a|=10.598 w=(  89.817, -10.000, -41.159) dps T= 34.13 C
t= 4231.956034 a=(  6.819,  3.831,  4.827) m/s2 |a|= 9.191 w=(  77.500,  31.951, -56.037) dps T= 34.16 C
t= 4232.057001 a=(  5.392,  5.162,  5.061) m/s2 |a|= 9.018 w=(   2.378,  77.073, -56.280) dps T= 34.16 C
t= 4232.157943 a=(  3.859,  5.387,  5.746) m/s2 |a|= 8.771 w=(  -6.524,  74.573, -27.317) dps T= 34.18 C
t= 4232.258847 a=(  3.831,  4.305,  5.344) m/s2 |a|= 7.859 w=( -95.122,   3.841, -20.061) dps T= 34.15 C
t= 4232.359724 a=(  3.711,  1.585,  7.527) m/s2 |a|= 8.541 w=(-164.512, -39.695, -20.671) dps T= 34.14 C
t= 4232.460654 a=(  4.606, -0.129,  8.945) m/s2 |a|=10.062 w=(-136.280, -48.354,  -0.427) dps T= 34.16 C
t= 4232.561535 a=(  5.416, -1.729,  8.892) m/s2 |a|=10.554 w=(-101.951, -50.366,  12.988) dps T= 34.15 C
t= 4232.662415 a=(  5.837, -2.476,  9.017) m/s2 |a|=11.023 w=(  23.720, -58.841,  31.646) dps T= 34.16 C
t= 4232.763253 a=(  6.857, -2.040,  7.590) m/s2 |a|=10.430 w=(  99.268, -29.512,  40.854) dps T= 34.16 C
t= 4232.864075 a=(  7.159, -0.991,  7.068) m/s2 |a|=10.108 w=( 113.354, -36.707,  11.890) dps T= 34.16 C
t= 4232.964951 a=(  7.939,  0.407,  6.287) m/s2 |a|=10.135 w=(  91.890, -10.000, -13.598) dps T= 34.15 C
t= 4233.065788 a=(  7.345,  1.666,  5.885) m/s2 |a|= 9.558 w=(  54.024,  68.720, -39.207) dps T= 34.16 C
t= 4233.166654 a=(  5.406,  2.495,  6.584) m/s2 |a|= 8.877 w=(  18.659,  48.354, -46.341) dps T= 34.14 C
t= 4233.267549 a=(  5.047,  3.232,  7.527) m/s2 |a|= 9.622 w=(   4.512,  44.512, -36.463) dps T= 34.16 C
t= 4233.368471 a=(  3.591,  2.768,  8.619) m/s2 |a|= 9.739 w=( -48.659, -17.744, -10.122) dps T= 34.16 C
t= 4233.469347 a=(  5.229,  3.012, 11.439) m/s2 |a|=12.933 w=(  99.024,  40.732,  17.012) dps T= 34.17 C
t= 4233.570274 a=(  4.319,  4.185,  7.599) m/s2 |a|= 9.691 w=( 129.756,   3.659,   6.463) dps T= 34.16 C
t= 4233.671136 a=(  3.768,  4.401,  1.891) m/s2 |a|= 6.095 w=( -72.988, -31.585, -15.366) dps T= 34.16 C
t= 4233.771974 a=(  5.124,  2.193,  8.001) m/s2 |a|= 9.751 w=(-232.744,-107.683,  35.732) dps T= 34.19 C
t= 4233.872808 a=(  7.968,  0.144,  9.835) m/s2 |a|=12.659 w=(-140.427, -62.500,  32.134) dps T= 34.17 C
t= 4233.973647 a=(  8.102, -0.723,  8.207) m/s2 |a|=11.555 w=( -23.293, -20.122, -12.378) dps T= 34.17 C
t= 4234.074517 a=(  7.542, -0.168,  7.221) m/s2 |a|=10.443 w=(  53.049, -22.866, -34.268) dps T= 34.16 C
t= 4234.175369 a=(  7.369,  0.723,  6.785) m/s2 |a|=10.043 w=(  86.890,  26.707, -38.537) dps T= 34.17 C
t= 4234.276219 a=(  6.258,  2.030,  6.330) m/s2 |a|= 9.130 w=( 101.098,  96.280, -35.122) dps T= 34.16 C
t= 4234.377057 a=(  4.544,  3.539,  6.747) m/s2 |a|= 8.871 w=(  79.268,  66.402,   5.427) dps T= 34.17 C
t= 4234.477932 a=(  4.865,  4.635,  7.020) m/s2 |a|= 9.718 w=( 117.622,  52.500,   9.695) dps T= 34.18 C
t= 4234.578824 a=(  4.276,  5.507,  5.138) m/s2 |a|= 8.661 w=(  66.159,  -5.244,  10.854) dps T= 34.17 C
t= 4234.679699 a=(  5.315,  6.215,  4.980) m/s2 |a|= 9.575 w=(  38.354, -56.890,  48.841) dps T= 34.17 C
t= 4234.780666 a=(  6.129,  6.000,  4.008) m/s2 |a|= 9.467 w=(  53.110, -49.573,  38.415) dps T= 34.17 C
t= 4234.881516 a=(  7.436,  5.789,  1.374) m/s2 |a|= 9.524 w=( -72.439, -54.878,  29.207) dps T= 34.19 C
t= 4234.982358 a=(  8.413,  4.554,  3.347) m/s2 |a|=10.135 w=(-123.902, -69.024,  26.829) dps T= 34.18 C
t= 4235.083197 a=(  8.835,  3.639,  5.435) m/s2 |a|=10.992 w=( -65.549, -42.256,  21.220) dps T= 34.17 C
t= 4235.184037 a=(  8.428,  3.179,  3.840) m/s2 |a|= 9.792 w=( -50.000, -32.134,  -8.659) dps T= 34.16 C
t= 4235.284902 a=(  7.752,  2.844,  3.002) m/s2 |a|= 8.787 w=( -69.390, -19.878,  25.122) dps T= 34.16 C
t= 4235.385737 a=(  9.017,  2.198,  3.859) m/s2 |a|=10.051 w=(-108.659, -19.878,  28.720) dps T= 34.17 C
t= 4235.486590 a=(  8.543,  0.790,  3.903) m/s2 |a|= 9.425 w=(-115.610,  56.646,  19.878) dps T= 34.18 C
t= 4235.587430 a=(  8.207, -0.292,  5.875) m/s2 |a|=10.098 w=( -85.610,  71.341,  20.793) dps T= 34.16 C
t= 4235.688311 a=(  7.274, -1.116,  6.709) m/s2 |a|= 9.958 w=(   6.341, 130.793,  10.000) dps T= 34.18 C
t= 4235.789304 a=(  6.211, -0.848,  8.428) m/s2 |a|=10.503 w=(  32.988,  71.707,   5.976) dps T= 34.17 C
t= 4235.890243 a=(  5.449,  0.077,  8.624) m/s2 |a|=10.202 w=(  91.037,  63.780,  -1.341) dps T= 34.18 C
t= 4235.991093 a=(  4.836,  1.484,  8.270) m/s2 |a|= 9.694 w=( 113.171,  37.378,   4.329) dps T= 34.16 C
t= 4236.092016 a=(  4.439,  2.619,  8.088) m/s2 |a|= 9.590 w=( 110.427,   5.305,  -7.378) dps T= 34.17 C
t= 4236.192918 a=(  4.056,  4.626,  7.604) m/s2 |a|= 9.781 w=( 109.756, -33.963,   5.427) dps T= 34.17 C
t= 4236.293756 a=(  4.286,  6.019,  5.042) m/s2 |a|= 8.945 w=(  83.293, -43.110,  -6.707) dps T= 34.17 C
t= 4236.394605 a=(  5.555,  6.503,  4.745) m/s2 |a|= 9.780 w=(   7.439, -65.366,  15.244) dps T= 34.16 C
t= 4236.495465 a=(  6.024,  6.191,  4.420) m/s2 |a|= 9.703 w=(  -4.756, -52.073,  13.110) dps T= 34.18 C
t= 4236.596293 a=(  6.958,  5.684,  3.414) m/s2 |a|= 9.611 w=( -45.000, -53.476,  22.317) dps T= 34.18 C
t= 4236.697131 a=(  7.786,  5.191,  3.610) m/s2 |a|=10.030 w=( -68.049, -40.915,  20.183) dps T= 34.18 C
t= 4236.797970 a=(  7.441,  4.429,  4.348) m/s2 |a|= 9.690 w=( -62.317, -28.659,  18.354) dps T= 34.17 C
t= 4236.898870 a=(  7.824,  3.768,  4.482) m/s2 |a|= 9.773 w=( -74.085,  32.439,  17.317) dps T= 34.20 C
t= 4236.999754 a=(  7.336,  3.247,  5.057) m/s2 |a|= 9.483 w=( -57.012, 123.049,   5.183) dps T= 34.18 C
t= 4237.100740 a=(  5.727,  1.781,  6.981) m/s2 |a|= 9.204 w=( -84.634,  57.500,   0.122) dps T= 34.18 C
t= 4237.201598 a=(  6.321,  0.972,  7.848) m/s2 |a|=10.124 w=( -38.720,  56.951,   3.232) dps T= 34.17 C
t= 4237.302429 a=(  5.722,  1.044,  9.606) m/s2 |a|=11.229 w=(  13.171,  59.634,  10.244) dps T= 34.16 C
t= 4237.403298 a=(  4.022,  1.398,  9.644) m/s2 |a|=10.542 w=(  84.085,  97.561,   1.037) dps T= 34.16 C
t= 4237.504167 a=(  2.322,  2.739,  9.203) m/s2 |a|= 9.879 w=(  70.061,  40.000,  -5.427) dps T= 34.17 C
t= 4237.605007 a=(  1.666,  3.735,  9.342) m/s2 |a|=10.198 w=(  94.878,  23.476,   5.610) dps T= 34.15 C
t= 4237.705848 a=(  1.724,  5.162,  7.920) m/s2 |a|= 9.610 w=( 107.805,  12.500,   9.207) dps T= 34.16 C
t= 4237.806676 a=(  1.154,  6.359,  6.665) m/s2 |a|= 9.284 w=( 107.317, -23.049,  10.427) dps T= 34.16 C
t= 4237.907503 a=(  1.666,  7.580,  4.990) m/s2 |a|= 9.227 w=(  66.829, -25.427,  22.622) dps T= 34.19 C
t= 4238.008370 a=(  2.600,  7.977,  4.118) m/s2 |a|= 9.347 w=(  10.366, -67.744,  34.268) dps T= 34.18 C
t= 4238.109255 a=(  4.899,  8.011,  4.434) m/s2 |a|=10.384 w=( -20.244, -87.683,  46.524) dps T= 34.16 C
t= 4238.210174 a=(  5.248,  6.536,  4.061) m/s2 |a|= 9.314 w=( -83.537, -85.244,  33.049) dps T= 34.16 C
t= 4238.311072 a=(  6.766,  5.679,  4.851) m/s2 |a|=10.078 w=( -75.000, -69.573,  30.366) dps T= 34.19 C
t= 4238.411947 a=(  6.986,  5.085,  4.764) m/s2 |a|= 9.868 w=( -34.390, -26.280,   9.451) dps T= 34.18 C
t= 4238.512798 a=(  6.503,  4.444,  4.482) m/s2 |a|= 9.062 w=( -61.707, -31.098,  14.390) dps T= 34.17 C
t= 4238.613638 a=(  7.058,  3.428,  5.722) m/s2 |a|= 9.712 w=(-112.195, -26.829,  27.439) dps T= 34.18 C
t= 4238.714504 a=(  7.887,  2.313,  5.478) m/s2 |a|= 9.877 w=( -96.707,  32.073,  32.317) dps T= 34.16 C
t= 4238.815340 a=(  6.483,  0.364,  5.617) m/s2 |a|= 8.586 w=(-116.098,  39.451,  15.488) dps T= 34.16 C
t= 4238.916175 a=(  7.479, -0.766,  8.126) m/s2 |a|=11.071 w=( -57.805,  42.012,  21.646) dps T= 34.16 C
t= 4239.017063 a=(  6.048, -1.144,  8.930) m/s2 |a|=10.846 w=(  45.122,  91.280,  14.085) dps T= 34.18 C
t= 4239.117949 a=(  4.367, -0.196,  8.825) m/s2 |a|= 9.848 w=(  59.756,  75.000,  11.707) dps T= 34.17 C
t= 4239.218851 a=(  3.888,  0.776,  9.108) m/s2 |a|= 9.933 w=(  85.549,  64.695,  25.854) dps T= 34.15 C
t= 4239.319772 a=(  2.796,  1.949,  9.218) m/s2 |a|= 9.828 w=(  67.439,  47.683,   9.695) dps T= 34.15 C
t= 4239.420834 a=(  2.097,  3.069,  9.692) m/s2 |a|=10.380 w=(  54.390,  20.976,  -8.963) dps T= 34.16 C
t= 4239.521694 a=(  1.877,  3.855,  7.805) m/s2 |a|= 8.905 w=(  72.317,  23.354,  -9.268) dps T= 34.16 C
t= 4239.622543 a=(  2.361,  5.411,  7.915) m/s2 |a|= 9.874 w=(  72.439, -15.000,  -1.524) dps T= 34.14 C
t= 4239.723369 a=(  2.078,  5.995,  6.211) m/s2 |a|= 8.879 w=(  62.378, -32.866,  -4.878) dps T= 34.16 C
t= 4239.824200 a=(  2.844,  6.622,  6.330) m/s2 |a|= 9.593 w=(  30.488, -69.573,   9.207) dps T= 34.16 C
t= 4239.925068 a=(  3.424,  6.574,  5.425) m/s2 |a|= 9.186 w=(  19.817, -55.549,   4.146) dps T= 34.18 C
t= 4240.025941 a=(  4.262,  6.555,  4.640) m/s2 |a|= 9.092 w=( -32.439, -71.829,   5.854) dps T= 34.19 C
t= 4240.126791 a=(  5.191,  6.273,  5.607) m/s2 |a|= 9.886 w=( -57.927, -81.220,   5.915) dps T= 34.17 C
t= 4240.227633 a=(  5.952,  5.780,  5.420) m/s2 |a|= 9.910 w=( -55.244, -63.720,  15.488) dps T= 34.18 C
t= 4240.328475 a=(  6.134,  4.472,  6.144) m/s2 |a|= 9.766 w=( -90.427, -58.110,  40.976) dps T= 34.18 C
t= 4240.429348 a=(  6.929,  3.299,  5.502) m/s2 |a|= 9.443 w=( -79.512,  -6.951,  57.988) dps T= 34.17 C
t= 4240.530316 a=(  7.384,  1.599,  5.866) m/s2 |a|= 9.565 w=(-102.012,  28.841,  55.488) dps T= 34.17 C
t= 4240.631202 a=(  6.302, -0.565,  7.187) m/s2 |a|= 9.575 w=( -29.329,  84.512,  57.622) dps T= 34.17 C
t= 4240.732077 a=(  5.837, -1.020,  7.451) m/s2 |a|= 9.520 w=(   2.500, 105.610,  51.585) dps T= 34.17 C
t= 4240.832927 a=(  5.708, -1.063,  9.840) m/s2 |a|=11.425 w=(  36.585,  54.878,  47.317) dps T= 34.16 C
t= 4240.933774 a=(  4.458, -0.560,  9.754) m/s2 |a|=10.739 w=( 113.476,  73.476,  37.805) dps T= 34.17 C
t= 4241.034606 a=(  3.247,  1.192,  8.657) m/s2 |a|= 9.323 w=(  89.817,  33.963,  13.902) dps T= 34.19 C
t= 4241.135451 a=(  3.146,  2.682, 10.376) m/s2 |a|=11.170 w=(  76.768,  -1.890,   6.890) dps T= 34.16 C
t= 4241.236323 a=(  2.533,  3.850,  7.743) m/s2 |a|= 9.011 w=(  71.585, -15.488,  -0.488) dps T= 34.17 C
t= 4241.337194 a=(  3.280,  4.717,  8.351) m/s2 |a|=10.136 w=(  28.720, -48.354,  -5.183) dps T= 34.16 C
t= 4241.438053 a=(  3.692,  5.248,  8.131) m/s2 |a|=10.358 w=(  72.683, -30.488,  -1.341) dps T= 34.17 C
t= 4241.538882 a=(  3.591,  5.976,  6.354) m/s2 |a|= 9.433 w=(  85.183,  -8.963,   9.695) dps T= 34.18 C
t= 4241.639775 a=(  4.487,  6.713,  5.128) m/s2 |a|= 9.566 w=(  58.415,   3.232,  17.500) dps T= 34.18 C
t= 4241.740806 a=(  4.477,  7.130,  4.879) m/s2 |a|= 9.731 w=(  49.756,   2.866,  -5.915) dps T= 34.19 C
t= 4241.841693 a=(  4.803,  7.556,  2.648) m/s2 |a|= 9.337 w=(   8.232,  15.976, -18.841) dps T= 34.17 C
t= 4241.942573 a=(  4.611,  7.776,  3.864) m/s2 |a|= 9.832 w=(  -8.171,  21.220, -50.000) dps T= 34.17 C
t= 4242.043412 a=(  2.049,  7.398,  5.200) m/s2 |a|= 9.272 w=( -55.671,   3.902, -86.280) dps T= 34.16 C
t= 4242.144282 a=(  1.633,  7.269,  6.665) m/s2 |a|= 9.996 w=( -23.720,  22.744, -63.659) dps T= 34.16 C
t= 4242.245120 a=( -0.297,  7.173,  4.913) m/s2 |a|= 8.699 w=(  34.817,  36.524, -60.610) dps T= 34.17 C
t= 4242.345985 a=(  0.575,  8.442,  6.172) m/s2 |a|=10.473 w=(   9.695, -23.659, -44.756) dps T= 34.16 C
t= 4242.446839 a=( -1.867,  7.015,  4.908) m/s2 |a|= 8.763 w=(  -1.402, -95.122, -54.817) dps T= 34.17 C
t= 4242.547685 a=( -0.982,  7.312,  8.030) m/s2 |a|=10.905 w=( -50.671,-134.207, -41.890) dps T= 34.18 C
t= 4242.648565 a=( -0.460,  7.666,  4.755) m/s2 |a|= 9.033 w=(   8.171, -22.683,  -8.293) dps T= 34.16 C
t= 4242.749406 a=(  2.313,  7.470,  6.445) m/s2 |a|=10.134 w=( -13.720, -81.524,  -6.159) dps T= 34.16 C
t= 4242.850406 a=(  1.374,  6.948,  7.398) m/s2 |a|=10.242 w=(   2.439, -63.354,  -4.329) dps T= 34.16 C
t= 4242.951283 a=(  1.542,  7.154,  6.005) m/s2 |a|= 9.466 w=( -10.488, -58.902, -28.537) dps T= 34.16 C
t= 4243.052153 a=(  2.212,  7.398,  5.995) m/s2 |a|= 9.776 w=( -13.902, -65.488, -25.854) dps T= 34.17 C
t= 4243.153052 a=(  2.782,  7.173,  6.072) m/s2 |a|= 9.801 w=(  -9.085, -77.073, -12.256) dps T= 34.17 C
t= 4243.253931 a=(  4.041,  6.790,  6.517) m/s2 |a|=10.242 w=(   3.415, -72.134,  -0.671) dps T= 34.15 C
t= 4243.354910 a=(  4.324,  6.958,  5.061) m/s2 |a|= 9.629 w=( -11.890, -65.793,  10.305) dps T= 34.16 C
t= 4243.455829 a=(  4.956,  6.632,  4.573) m/s2 |a|= 9.458 w=(  -4.451, -50.000,  57.561) dps T= 34.16 C
t= 4243.556701 a=(  4.501,  5.765,  4.319) m/s2 |a|= 8.494 w=(  31.402, -20.366,  87.012) dps T= 34.17 C
t= 4243.657572 a=(  5.674,  4.611,  4.372) m/s2 |a|= 8.519 w=(  40.793,  -5.488, 108.720) dps T= 34.16 C
t= 4243.758413 a=(  9.395,  4.276,  3.620) m/s2 |a|=10.939 w=(  34.573,  -5.244,  80.183) dps T= 34.18 C
t= 4243.859269 a=(  9.931,  3.366,  3.615) m/s2 |a|=11.092 w=(  26.890, -10.366,  43.537) dps T= 34.16 C
t= 4243.960151 a=(  8.873,  2.231,  3.395) m/s2 |a|= 9.759 w=(  31.524,  -4.329,  44.207) dps T= 34.18 C
t= 4244.061033 a=(  9.074,  1.460,  2.705) m/s2 |a|= 9.581 w=(   2.256,  -6.829,  68.049) dps T= 34.18 C
t= 4244.161932 a=(  9.491,  0.781,  2.988) m/s2 |a|= 9.980 w=(   1.951,  -3.841,  70.549) dps T= 34.16 C
t= 4244.262876 a=(  9.764,  0.235,  2.701) m/s2 |a|=10.133 w=(   7.073,  12.927,  36.829) dps T= 34.16 C
t= 4244.363752 a=(  9.055, -0.728,  3.084) m/s2 |a|= 9.593 w=(   0.061,  20.793,   7.683) dps T= 34.16 C
t= 4244.464618 a=(  9.457, -0.622,  3.395) m/s2 |a|=10.067 w=(  54.024,  47.256,  12.256) dps T= 34.16 C
t= 4244.565493 a=(  9.390, -0.373,  4.175) m/s2 |a|=10.283 w=(  24.817,  77.317, -15.122) dps T= 34.16 C
t= 4244.666322 a=(  8.092,  0.124,  5.693) m/s2 |a|= 9.895 w=(  49.268, 109.451, -16.524) dps T= 34.16 C
t= 4244.767166 a=(  7.757,  1.226,  7.676) m/s2 |a|=10.982 w=(  78.963,  91.402, -13.963) dps T= 34.16 C
t= 4244.868023 a=(  5.315,  2.428,  7.566) m/s2 |a|= 9.559 w=(  74.695,  91.707, -27.439) dps T= 34.15 C
t= 4244.968852 a=(  4.635,  3.759,  8.064) m/s2 |a|=10.032 w=(  96.159,  54.695, -10.122) dps T= 34.16 C
t= 4245.069709 a=(  3.840,  5.454,  7.489) m/s2 |a|=10.029 w=( 110.000,  50.732, -22.744) dps T= 34.17 C
t= 4245.170670 a=(  2.102,  6.503,  7.302) m/s2 |a|=10.001 w=(  95.915,  33.415, -11.159) dps T= 34.18 C
t= 4245.271547 a=(  2.854,  7.920,  4.209) m/s2 |a|= 9.412 w=(  75.488,  12.683,   2.012) dps T= 34.17 C
t= 4245.372425 a=(  2.902,  7.954,  3.443) m/s2 |a|= 9.140 w=( -32.500, -19.451, -25.671) dps T= 34.16 C
t= 4245.473304 a=(  2.998,  7.058,  3.687) m/s2 |a|= 8.509 w=(-129.756, -55.976, -29.146) dps T= 34.18 C
t= 4245.574249 a=(  3.381,  4.927,  7.930) m/s2 |a|= 9.929 w=(-170.183, -84.512,  -7.866) dps T= 34.18 C
t= 4245.675104 a=(  4.314,  3.266,  8.978) m/s2 |a|=10.483 w=(-127.500, -73.049,  20.488) dps T= 34.14 C
t= 4245.775952 a=(  5.861,  1.743,  8.222) m/s2 |a|=10.246 w=( -89.268, -58.537,  20.000) dps T= 34.15 C
t= 4245.876795 a=(  6.244,  0.575,  7.839) m/s2 |a|=10.038 w=( -55.061, -34.573,  23.841) dps T= 34.18 C
t= 4245.977650 a=(  6.823, -0.172,  8.183) m/s2 |a|=10.656 w=( -23.537, -17.195,  30.183) dps T= 34.15 C
t= 4246.078502 a=(  6.388, -0.670,  6.833) m/s2 |a|= 9.378 w=( -10.793,   3.537,  23.963) dps T= 34.16 C
t= 4246.179340 a=(  6.699, -1.001,  7.412) m/s2 |a|=10.041 w=( -50.549,   3.476,  21.402) dps T= 34.16 C
t= 4246.280365 a=(  6.292, -1.705,  9.237) m/s2 |a|=11.305 w=(  26.890,  18.171,  22.805) dps T= 34.18 C
t= 4246.381223 a=(  6.129, -1.216,  8.384) m/s2 |a|=10.457 w=( 135.366,  26.524,  32.134) dps T= 34.16 C
t= 4246.482132 a=(  5.722,  0.316,  7.623) m/s2 |a|= 9.537 w=( 143.537,  26.524,  29.451) dps T= 34.16 C
t= 4246.583069 a=(  5.938,  2.830,  7.829) m/s2 |a|=10.225 w=( 122.439,  30.122,  -4.024) dps T= 34.18 C
t= 4246.683970 a=(  4.549,  4.410,  6.325) m/s2 |a|= 8.953 w=(  74.695,  23.963, -32.073) dps T= 34.19 C
t= 4246.784832 a=(  4.022,  4.899,  6.608) m/s2 |a|= 9.156 w=( -16.037, -35.427, -52.378) dps T= 34.15 C
t= 4246.885665 a=(  4.070,  4.721,  8.389) m/s2 |a|=10.452 w=( -24.207, -46.890, -50.183) dps T= 34.17 C
t= 4246.986504 a=(  4.171,  4.937,  6.790) m/s2 |a|= 9.374 w=( -29.268, -62.988, -52.195) dps T= 34.17 C
t= 4247.087336 a=(  4.903,  4.463,  6.771) m/s2 |a|= 9.476 w=( -65.732, -85.732,  -8.476) dps T= 34.16 C
t= 4247.188163 a=(  6.196,  3.577,  7.144) m/s2 |a|=10.111 w=( -81.524, -69.329,  16.280) dps T= 34.17 C
t= 4247.289034 a=(  7.020,  2.586,  6.416) m/s2 |a|= 9.856 w=( -63.415, -62.439,   9.512) dps T= 34.15 C
t= 4247.389875 a=(  7.547,  1.681,  5.488) m/s2 |a|= 9.481 w=( -72.683, -60.732,  14.878) dps T= 34.14 C
t= 4247.490818 a=(  8.509,  1.231,  5.368) m/s2 |a|=10.136 w=( -54.756, -46.951,  16.524) dps T= 34.17 C
t= 4247.591706 a=(  8.116,  0.407,  5.320) m/s2 |a|= 9.713 w=( -10.915,  -6.037,  20.183) dps T= 34.16 C
t= 4247.692598 a=(  7.786, -0.259,  5.847) m/s2 |a|= 9.740 w=(  20.915,   1.280,  34.878) dps T= 34.16 C
t= 4247.793533 a=(  8.509, -0.158,  5.013) m/s2 |a|= 9.877 w=(  41.159,  15.183,  29.512) dps T= 34.16 C
t= 4247.894443 a=(  8.662,  0.077,  5.827) m/s2 |a|=10.440 w=(  50.427,  36.890,   9.268) dps T= 34.16 C
t= 4247.995312 a=(  8.083,  0.249,  6.158) m/s2 |a|=10.164 w=(  48.049,  51.768,  -2.439) dps T= 34.17 C
t= 4248.096188 a=(  7.269,  0.886,  6.594) m/s2 |a|= 9.854 w=(  20.000,  46.585, -15.244) dps T= 34.17 C
t= 4248.197054 a=(  6.479,  1.106,  7.748) m/s2 |a|=10.160 w=(   5.427,  14.085, -18.110) dps T= 34.16 C
t= 4248.297893 a=(  6.407,  1.743,  8.016) m/s2 |a|=10.409 w=(  55.610,  44.329, -20.000) dps T= 34.17 C
t= 4248.398745 a=(  5.478,  2.739,  7.700) m/s2 |a|= 9.838 w=(  71.098,  32.622, -12.195) dps T= 34.16 C
t= 4248.499594 a=(  5.133,  3.802,  6.929) m/s2 |a|= 9.424 w=(  65.244,  27.012,  -3.598) dps T= 34.18 C
t= 4248.600516 a=(  4.271,  4.070,  7.111) m/s2 |a|= 9.240 w=(  22.805, -12.744,   9.695) dps T= 34.17 C
t= 4248.701385 a=(  5.449,  4.319,  6.369) m/s2 |a|= 9.429 w=( -17.683, -26.402,   6.098) dps T= 34.16 C
t= 4248.802247 a=(  5.789,  3.601,  5.986) m/s2 |a|= 9.072 w=( -90.610, -58.598,  -4.756) dps T= 34.16 C
t= 4248.903115 a=(  6.464,  2.380,  7.460) m/s2 |a|=10.154 w=( -95.183, -27.439,   2.744) dps T= 34.16 C
t= 4249.004005 a=(  6.934,  1.422,  6.565) m/s2 |a|= 9.654 w=( -67.622, -13.049,  -1.524) dps T= 34.16 C
t= 4249.104854 a=(  7.077,  0.220,  6.306) m/s2 |a|= 9.482 w=( -97.500, -20.305,   0.183) dps T= 34.16 C
t= 4249.205723 a=(  7.125, -0.757,  6.732) m/s2 |a|= 9.832 w=( -92.317,  -1.463,   7.378) dps T= 34.18 C
t= 4249.306556 a=(  6.771, -1.781,  7.159) m/s2 |a|=10.013 w=( -53.354,  29.451,  19.329) dps T= 34.16 C
t= 4249.407374 a=(  6.373, -2.705,  8.097) m/s2 |a|=10.654 w=(  -9.634,  35.549,  21.341) dps T= 34.17 C
t= 4249.508214 a=(  6.062, -2.715,  8.270) m/s2 |a|=10.607 w=(  20.549,  22.500,   9.939) dps T= 34.15 C
t= 4249.609068 a=(  5.454, -2.385,  8.701) m/s2 |a|=10.542 w=(  54.817,  18.110,   7.195) dps T= 34.16 C
t= 4249.709935 a=(  5.329, -1.475,  8.370) m/s2 |a|=10.032 w=(  55.976,   0.122,  -2.561) dps T= 34.15 C
t= 4249.810864 a=(  5.100, -0.747,  9.088) m/s2 |a|=10.448 w=(  72.439,  28.598, -13.171) dps T= 34.17 C
t= 4249.911832 a=(  5.080,  0.737,  9.270) m/s2 |a|=10.597 w=( 146.280,  37.927,  -2.256) dps T= 34.18 C
t= 4250.012756 a=(  3.893,  3.165,  7.503) m/s2 |a|= 9.026 w=( 130.000,  14.024,  -7.256) dps T= 34.16 C
t= 4250.113652 a=(  4.664,  5.095,  7.226) m/s2 |a|= 9.996 w=(  77.622, -36.890,  -6.829) dps T= 34.17 C
t= 4250.214567 a=(  5.104,  6.460,  6.474) m/s2 |a|=10.473 w=(  93.902, -51.341, -17.683) dps T= 34.16 C
t= 4250.315452 a=(  4.276,  7.001,  3.309) m/s2 |a|= 8.845 w=(  37.927, -46.585,  -6.402) dps T= 34.17 C
t= 4250.416349 a=(  5.052,  6.239,  4.180) m/s2 |a|= 9.051 w=( -73.720, -73.476,  12.500) dps T= 34.16 C
t= 4250.517204 a=(  6.072,  5.646,  4.741) m/s2 |a|= 9.550 w=( -76.524, -64.329,  12.927) dps T= 34.15 C
t= 4250.618044 a=(  6.709,  5.186,  4.367) m/s2 |a|= 9.538 w=( -60.122, -68.598,  34.756) dps T= 34.17 C
t= 4250.718943 a=(  7.839,  3.639,  4.161) m/s2 |a|= 9.592 w=(-110.976, -13.537,  58.902) dps T= 34.16 C
t= 4250.819801 a=(  7.489,  1.374,  5.559) m/s2 |a|= 9.428 w=(-129.878,  17.012,  61.585) dps T= 34.16 C
t= 4250.920953 a=(  7.221, -0.196,  5.856) m/s2 |a|= 9.299 w=( -90.366,  42.561,  55.000) dps T= 34.15 C
t= 4251.021823 a=(  7.412, -1.484,  5.760) m/s2 |a|= 9.504 w=(  -0.305,  69.390,  46.646) dps T= 34.14 C
t= 4251.122693 a=(  6.220, -2.227,  8.011) m/s2 |a|=10.384 w=(  13.415,  89.695,  19.329) dps T= 34.17 C
t= 4251.223560 a=(  4.367, -1.695,  9.816) m/s2 |a|=10.877 w=(  73.720,  92.256,  30.305) dps T= 34.14 C
t= 4251.324477 a=(  3.716, -0.283, 10.247) m/s2 |a|=10.904 w=( 106.707,  54.146,  30.488) dps T= 34.17 C
t= 4251.425395 a=(  3.548,  1.633,  9.548) m/s2 |a|=10.316 w=( 109.329,   5.976,  12.195) dps T= 34.17 C
t= 4251.526264 a=(  3.548,  3.156,  8.126) m/s2 |a|= 9.412 w=( 101.524, -30.000,  -0.976) dps T= 34.15 C
t= 4251.627120 a=(  4.597,  4.836,  7.398) m/s2 |a|= 9.963 w=(  81.098, -50.000,  -8.841) dps T= 34.16 C
t= 4251.728010 a=(  4.142,  5.942,  6.675) m/s2 |a|= 9.850 w=(  50.793, -39.939, -17.561) dps T= 34.14 C
t= 4251.828916 a=(  5.210,  6.378,  5.042) m/s2 |a|= 9.656 w=(  28.049, -56.280,  -5.244) dps T= 34.15 C
t= 4251.929813 a=(  4.879,  5.751,  4.233) m/s2 |a|= 8.649 w=( -32.500, -54.817,   3.415) dps T= 34.15 C
t= 4252.030772 a=(  5.741,  4.405,  5.009) m/s2 |a|= 8.801 w=(-143.780, -38.110,  30.854) dps T= 34.15 C
t= 4252.131622 a=(  6.608,  2.806,  6.546) m/s2 |a|= 9.715 w=(-132.805, -16.402,  58.780) dps T= 34.14 C
t= 4252.232455 a=(  6.938,  1.125,  7.053) m/s2 |a|= 9.958 w=(-137.561,  23.476,  21.585) dps T= 34.14 C
t= 4252.333357 a=(  5.842, -0.555,  7.226) m/s2 |a|= 9.308 w=( -87.439,  99.329,  33.232) dps T= 34.16 C
t= 4252.434368 a=(  4.908, -2.298, 10.094) m/s2 |a|=11.457 w=(   5.793,  98.476,  51.890) dps T= 34.16 C
t= 4252.535297 a=(  3.610, -1.992, 10.372) m/s2 |a|=11.161 w=(  91.159,  77.012,  39.390) dps T= 34.14 C
t= 4252.636230 a=(  2.227,  0.129, 10.353) m/s2 |a|=10.590 w=( 134.878,  59.268,  13.963) dps T= 34.16 C
t= 4252.737106 a=(  0.579,  2.777,  9.491) m/s2 |a|= 9.906 w=( 108.841,  35.427,  15.610) dps T= 34.16 C
t= 4252.837998 a=(  1.681,  4.745,  8.447) m/s2 |a|= 9.833 w=(  70.000,   0.854,  -5.183) dps T= 34.16 C
t= 4252.939188 a=(  0.608,  4.482,  7.470) m/s2 |a|= 8.733 w=(  35.976,-102.988,   7.805) dps T= 34.15 C
t= 4253.040411 a=(  2.763,  5.095,  8.327) m/s2 |a|=10.145 w=(  23.232,-140.183,  26.159) dps T= 34.15 C
t= 4253.141463 a=(  5.516,  5.262,  5.827) m/s2 |a|= 9.596 w=(  36.220, -59.451,  -0.854) dps T= 34.16 C
t= 4253.242534 a=(  5.588,  4.970,  5.004) m/s2 |a|= 8.998 w=( -60.854, -75.732,  18.232) dps T= 34.13 C
t= 4253.343499 a=(  6.766,  4.396,  6.043) m/s2 |a|=10.081 w=( -96.280, -44.085,  20.610) dps T= 34.14 C
t= 4253.444435 a=(  6.646,  3.294,  5.770) m/s2 |a|= 9.398 w=( -60.793,  -3.720,  25.000) dps T= 34.16 C
t= 4253.545291 a=(  6.369,  1.709,  5.732) m/s2 |a|= 8.737 w=(-118.659,  20.183,  22.378) dps T= 34.15 C
t= 4253.646203 a=(  5.363, -0.239,  7.130) m/s2 |a|= 8.925 w=(-116.037,  59.512,  28.293) dps T= 34.14 C
t= 4253.747100 a=(  5.540, -2.222,  8.490) m/s2 |a|=10.378 w=( -95.305,  50.061,  32.744) dps T= 34.16 C
t= 4253.847983 a=(  4.448, -3.093,  9.074) m/s2 |a|=10.569 w=(  -9.512,  63.232,  28.476) dps T= 34.16 C
t= 4253.948846 a=(  4.329, -3.223,  9.993) m/s2 |a|=11.357 w=(  83.841,  46.829,  36.951) dps T= 34.16 C
t= 4254.049676 a=(  3.304, -1.657,  8.887) m/s2 |a|= 9.625 w=( 127.866,  45.854,  19.207) dps T= 34.15 C
t= 4254.150585 a=(  2.586,  0.326, 10.041) m/s2 |a|=10.374 w=(  97.866, -14.695,   5.610) dps T= 34.16 C
t= 4254.251442 a=(  3.179,  1.949,  9.021) m/s2 |a|= 9.762 w=( 105.793, -22.866,  -5.305) dps T= 34.16 C
t= 4254.352297 a=(  3.644,  3.888,  8.059) m/s2 |a|= 9.661 w=( 114.878, -38.110,  -8.415) dps T= 34.15 C
t= 4254.453139 a=(  4.032,  5.310,  6.871) m/s2 |a|= 9.574 w=(  71.768, -61.037, -12.378) dps T= 34.16 C
t= 4254.553970 a=(  3.998,  6.206,  5.737) m/s2 |a|= 9.349 w=(  38.780, -53.841,  -5.061) dps T= 34.16 C
t= 4254.654838 a=(  4.793,  6.469,  4.731) m/s2 |a|= 9.338 w=( -23.232, -69.024,   5.427) dps T= 34.16 C
t= 4254.755691 a=(  6.115,  6.134,  4.511) m/s2 |a|= 9.765 w=( -43.841, -72.073,  15.854) dps T= 34.14 C
t= 4254.856587 a=(  6.574,  5.483,  4.424) m/s2 |a|= 9.636 w=( -36.829, -42.439,  17.317) dps T= 34.15 C
t= 4254.957478 a=(  6.852,  4.391,  3.898) m/s2 |a|= 9.024 w=(-109.451, -28.720,  21.159) dps T= 34.14 C
t= 4255.058368 a=(  7.475,  3.170,  4.831) m/s2 |a|= 9.448 w=(-115.671,  28.963,  24.390) dps T= 34.17 C
t= 4255.159232 a=(  6.579,  1.058,  6.206) m/s2 |a|= 9.106 w=(-140.549,  24.329,  17.805) dps T= 34.14 C
t= 4255.260107 a=(  6.292, -0.704,  6.565) m/s2 |a|= 9.120 w=(-116.159,  62.317,  14.085) dps T= 34.13 C
t= 4255.360979 a=(  6.278, -1.671,  8.490) m/s2 |a|=10.690 w=( -32.439,  50.549,  16.341) dps T= 34.14 C
t= 4255.461836 a=(  5.119, -2.064,  8.782) m/s2 |a|=10.372 w=(  23.171,  73.049,  18.841) dps T= 34.14 C
t= 4255.562675 a=(  3.519, -1.599,  9.079) m/s2 |a|= 9.868 w=(  49.878,  83.049,  31.829) dps T= 34.13 C
t= 4255.663507 a=(  3.677, -0.393,  9.907) m/s2 |a|=10.575 w=(  60.549,  47.927,  27.134) dps T= 34.17 C
t= 4255.764388 a=(  2.222,  0.503, 10.060) m/s2 |a|=10.315 w=( 107.012,  25.305,  19.817) dps T= 34.14 C
t= 4255.865241 a=(  2.169,  2.078,  9.342) m/s2 |a|= 9.813 w=(  92.500, -11.341,  18.354) dps T= 34.14 C
t= 4255.966099 a=(  2.686,  3.261,  8.873) m/s2 |a|= 9.827 w=(  82.866, -40.793,   6.951) dps T= 34.16 C
t= 4256.066957 a=(  3.108,  4.611,  8.030) m/s2 |a|= 9.768 w=(  95.488, -27.805,  11.280) dps T= 34.15 C
t= 4256.167853 a=(  2.600,  5.674,  6.776) m/s2 |a|= 9.212 w=(  79.939, -30.610,  -2.012) dps T= 34.16 C
t= 4256.268768 a=(  4.434,  6.991,  5.488) m/s2 |a|= 9.932 w=(  55.427, -66.646,  10.732) dps T= 34.14 C
t= 4256.369630 a=(  4.621,  7.202,  4.635) m/s2 |a|= 9.731 w=(  67.378, -51.951,  17.378) dps T= 34.16 C
t= 4256.470642 a=(  4.870,  7.130,  3.371) m/s2 |a|= 9.269 w=(  48.415,  -6.037,  13.720) dps T= 34.16 C
t= 4256.571496 a=(  6.732,  7.503,  3.184) m/s2 |a|=10.572 w=(   8.537,  -4.817, -22.744) dps T= 34.15 C
t= 4256.672343 a=(  4.606,  7.288,  1.786) m/s2 |a|= 8.805 w=( -32.927, 150.305, -79.573) dps T= 34.14 C
t= 4256.773196 a=(  0.503,  7.149,  5.315) m/s2 |a|= 8.923 w=( -51.646, 115.915, -80.488) dps T= 34.15 C
t= 4256.874064 a=( -0.268,  6.512,  7.049) m/s2 |a|= 9.600 w=( -42.195,  66.829,  -9.451) dps T= 34.13 C
t= 4256.975040 a=( -1.379,  6.354,  5.540) m/s2 |a|= 8.542 w=( -71.159,  40.976,  27.012) dps T= 34.14 C
t= 4257.075914 a=(  0.584,  5.502,  8.030) m/s2 |a|= 9.752 w=(-124.939, -13.232,  30.549) dps T= 34.17 C
t= 4257.176775 a=(  0.493,  2.816, 11.296) m/s2 |a|=11.652 w=(-117.683, -40.244, -17.622) dps T= 34.15 C
t= 4257.277657 a=(  1.116,  1.130,  9.184) m/s2 |a|= 9.320 w=(-127.439, -51.524, -24.695) dps T= 34.15 C
t= 4257.378565 a=(  2.164, -1.058, 10.400) m/s2 |a|=10.676 w=(-148.780, -54.085, -43.963) dps T= 34.16 C
t= 4257.479473 a=(  2.729, -2.619, 10.190) m/s2 |a|=10.869 w=(-108.780, -42.622, -43.476) dps T= 34.14 C
t= 4257.580432 a=(  3.467, -3.745,  9.644) m/s2 |a|=10.911 w=( -41.463, -66.402, -27.256) dps T= 34.13 C
t= 4257.681270 a=(  4.951, -3.548,  8.341) m/s2 |a|=10.329 w=(  62.561, -98.476,   4.695) dps T= 34.16 C
t= 4257.782108 a=(  6.761, -2.816,  8.006) m/s2 |a|=10.851 w=( 110.854, -76.829, -10.000) dps T= 34.14 C
t= 4257.882977 a=(  6.776, -1.283,  6.426) m/s2 |a|= 9.426 w=( 137.378, -56.585, -26.159) dps T= 34.15 C
t= 4257.983892 a=(  6.785,  1.015,  6.359) m/s2 |a|= 9.354 w=(  77.073,  -0.610, -23.598) dps T= 34.16 C
t= 4258.084767 a=(  7.403,  2.346,  6.220) m/s2 |a|= 9.950 w=(  84.329,  10.915, -13.476) dps T= 34.16 C
t= 4258.185640 a=(  6.924,  3.127,  5.751) m/s2 |a|= 9.528 w=(  86.524,  29.207, -27.988) dps T= 34.16 C
t= 4258.286577 a=(  6.670,  4.281,  5.459) m/s2 |a|= 9.624 w=(  71.585,  20.305, -20.732) dps T= 34.15 C
t= 4258.387439 a=(  5.655,  5.239,  5.732) m/s2 |a|= 9.606 w=(  59.817,  17.927, -25.488) dps T= 34.16 C
t= 4258.488316 a=(  5.023,  6.421,  5.033) m/s2 |a|= 9.581 w=(  48.354,  25.549, -20.427) dps T= 34.16 C
t= 4258.589337 a=(  5.085,  6.675,  4.798) m/s2 |a|= 9.666 w=(  24.390,  23.902,  -8.963) dps T= 34.14 C
t= 4258.690374 a=(  4.640,  6.651,  4.784) m/s2 |a|= 9.415 w=(  -8.659,  44.756, -19.207) dps T= 34.16 C
t= 4258.791239 a=(  2.954,  5.986,  5.171) m/s2 |a|= 8.444 w=( -61.829,  65.061, -13.780) dps T= 34.15 C
t= 4258.892105 a=(  2.284,  5.282,  8.126) m/s2 |a|= 9.957 w=( -87.439,  62.622,   8.476) dps T= 34.17 C
t= 4258.992967 a=(  2.289,  3.807,  8.274) m/s2 |a|= 9.391 w=( -97.805,  30.427,   1.463) dps T= 34.16 C
t= 4259.093826 a=(  1.877,  1.676, 10.017) m/s2 |a|=10.329 w=(-129.146, -20.671, -13.963) dps T= 34.15 C
t= 4259.194843 a=(  2.772, -0.134, 10.032) m/s2 |a|=10.409 w=(-107.256, -20.976, -25.549) dps T= 34.16 C
t= 4259.295749 a=(  2.543, -1.575,  9.357) m/s2 |a|= 9.823 w=( -98.720, -19.024, -28.841) dps T= 34.16 C
t= 4259.396647 a=(  3.194, -2.672,  9.567) m/s2 |a|=10.434 w=( -61.463, -18.963, -21.098) dps T= 34.15 C
t= 4259.497498 a=(  3.428, -3.098,  8.782) m/s2 |a|= 9.923 w=( -29.817, -19.573, -18.780) dps T= 34.17 C
t= 4259.598338 a=(  4.199, -3.184,  8.519) m/s2 |a|=10.017 w=( -24.573, -42.012, -21.159) dps T= 34.13 C
t= 4259.699287 a=(  5.612, -3.084,  8.088) m/s2 |a|=10.316 w=(   5.976, -87.622, -14.573) dps T= 34.14 C
t= 4259.800322 a=(  5.962, -2.418,  8.873) m/s2 |a|=10.960 w=(  98.841, -29.756,   0.488) dps T= 34.14 C
t= 4259.901197 a=(  6.263, -1.551,  6.613) m/s2 |a|= 9.239 w=( 176.524,  28.110,  -5.610) dps T= 34.16 C
t= 4260.002042 a=(  6.048,  1.164,  6.297) m/s2 |a|= 8.808 w=(  89.817,  39.573, -13.902) dps T= 34.16 C
t= 4260.102911 a=(  5.497,  2.471,  6.934) m/s2 |a|= 9.187 w=(   9.024,  42.988,  -2.134) dps T= 34.14 C
t= 4260.203749 a=(  4.075,  2.073,  7.427) m/s2 |a|= 8.721 w=( -74.085, 117.500, -39.817) dps T= 34.12 C
t= 4260.304616 a=(  2.231,  0.555, 10.214) m/s2 |a|=10.469 w=( -90.244,  31.159, -21.098) dps T= 34.15 C
t= 4260.405471 a=(  2.686, -0.081, 10.376) m/s2 |a|=10.719 w=( -38.415,  14.451,  -9.024) dps T= 34.14 C
t= 4260.506295 a=(  2.557, -0.570,  8.873) m/s2 |a|= 9.252 w=( -26.220,   5.244, -15.671) dps T= 34.16 C
t= 4260.607141 a=(  2.059, -1.369,  9.414) m/s2 |a|= 9.733 w=( -57.012,  -7.317,  -6.341) dps T= 34.16 C
t= 4260.707980 a=(  2.705, -2.140,  8.629) m/s2 |a|= 9.293 w=( -62.378,  11.707, -14.146) dps T= 34.16 C
t= 4260.808817 a=(  2.274, -3.084,  8.892) m/s2 |a|= 9.683 w=( -66.098, -24.878, -10.244) dps T= 34.14 C
t= 4260.909707 a=(  2.959, -3.716,  9.840) m/s2 |a|=10.927 w=(   7.561,   1.037,   2.805) dps T= 34.15 C
t= 4261.010705 a=(  2.854, -3.405,  8.054) m/s2 |a|= 9.198 w=(  20.671,   7.988,   4.634) dps T= 34.16 C
t= 4261.111582 a=(  2.614, -3.203,  9.146) m/s2 |a|=10.037 w=(  13.354,   8.049,   3.598) dps T= 34.14 C
t= 4261.212456 a=(  2.595, -2.974,  9.136) m/s2 |a|= 9.952 w=(  26.951,   4.512,   7.683) dps T= 34.14 C
t= 4261.313296 a=(  2.375, -2.715,  9.634) m/s2 |a|=10.287 w=(  34.268,   4.390,   7.500) dps T= 34.14 C
t= 4261.414138 a=(  2.289, -1.939, 10.420) m/s2 |a|=10.843 w=(  30.305, -11.159,   4.634) dps T= 34.14 C
t= 4261.514970 a=(  2.605, -0.924,  9.615) m/s2 |a|=10.004 w=(  76.159,  17.683,   7.378) dps T= 34.14 C
t= 4261.615819 a=(  1.930,  0.182,  9.878) m/s2 |a|=10.067 w=(  91.341,  36.463,  -1.280) dps T= 34.15 C
t= 4261.716669 a=(  1.432,  1.820,  9.448) m/s2 |a|= 9.727 w=(  82.622,  48.049,  -2.500) dps T= 34.13 C
t= 4261.817507 a=(  0.460,  3.036,  8.921) m/s2 |a|= 9.434 w=(  47.561,  45.000,   0.488) dps T= 34.15 C
t= 4261.918350 a=( -0.105,  3.438,  9.256) m/s2 |a|= 9.874 w=(  16.341,  16.829,  -3.049) dps T= 34.15 C
t= 4262.019190 a=( -0.187,  3.481,  8.916) m/s2 |a|= 9.573 w=(  30.976,  19.512,   6.951) dps T= 34.16 C
t= 4262.120135 a=(  0.201,  3.917,  8.964) m/s2 |a|= 9.784 w=(  33.354, -41.341,  35.244) dps T= 34.16 C
t= 4262.221022 a=(  1.417,  4.721,  7.982) m/s2 |a|= 9.382 w=(  56.890, -82.927,  45.976) dps T= 34.18 C
t= 4262.321896 a=(  3.074,  5.018,  5.904) m/s2 |a|= 8.336 w=( -13.232, -54.878,  19.329) dps T= 34.15 C
t= 4262.422754 a=(  3.515,  3.625,  6.201) m/s2 |a|= 7.997 w=(-128.598, -24.451,  -2.378) dps T= 34.15 C
t= 4262.523584 a=(  3.117,  1.882, 10.180) m/s2 |a|=10.812 w=(-142.805,  -3.963, -11.585) dps T= 34.14 C
t= 4262.624444 a=(  3.055,  0.862, 10.075) m/s2 |a|=10.563 w=( -21.951,  35.183,  -7.012) dps T= 34.15 C
t= 4262.725286 a=(  2.796, -0.024,  8.835) m/s2 |a|= 9.267 w=( -38.963,  16.768,  -3.720) dps T= 34.15 C
t= 4262.826106 a=(  2.562, -0.809, 10.041) m/s2 |a|=10.394 w=( -68.537, -11.951, -10.671) dps T= 34.16 C
t= 4262.926979 a=(  2.835, -1.441,  9.969) m/s2 |a|=10.464 w=( -20.488,  -0.671,   1.098) dps T= 34.14 C
t= 4263.027830 a=(  2.993, -1.671,  8.633) m/s2 |a|= 9.289 w=( -10.854,   4.024,  -0.549) dps T= 34.13 C
t= 4263.128686 a=(  2.796, -2.270,  9.117) m/s2 |a|= 9.803 w=( -46.402,  -9.939,   0.122) dps T= 34.13 C
t= 4263.229577 a=(  2.854, -2.093,  9.246) m/s2 |a|= 9.900 w=( -18.476,  19.756,  -3.659) dps T= 34.13 C
t= 4263.330527 a=(  2.423, -3.606,  9.155) m/s2 |a|=10.134 w=(  -9.939, -19.817,  -3.171) dps T= 34.15 C
t= 4263.431422 a=(  2.049, -4.223, 10.281) m/s2 |a|=11.302 w=(-102.683, -18.598,   3.171) dps T= 34.14 C
t= 4263.532283 a=(  3.366, -4.386,  8.849) m/s2 |a|=10.434 w=(  -7.317,  18.293,   9.329) dps T= 34.14 C
t= 4263.633194 a=(  3.007, -4.061,  7.700) m/s2 |a|= 9.210 w=(  46.585,  45.488,  -1.707) dps T= 34.16 C
t= 4263.734053 a=(  2.174, -3.361,  8.246) m/s2 |a|= 9.166 w=(  80.122,  30.427,  26.829) dps T= 34.16 C
t= 4263.834909 a=(  2.035, -2.428,  9.850) m/s2 |a|=10.347 w=( 141.098,  27.073,  34.695) dps T= 34.16 C
t= 4263.935759 a=(  1.049, -0.062, 10.764) m/s2 |a|=10.815 w=( 174.024,  12.622,  12.866) dps T= 34.13 C
t= 4264.036589 a=(  0.455,  3.845,  8.456) m/s2 |a|= 9.301 w=( 131.585,   0.488, -15.427) dps T= 34.15 C
t= 4264.137433 a=(  0.388,  4.908,  7.412) m/s2 |a|= 8.899 w=(  44.634,-140.488,  17.317) dps T= 34.16 C
t= 4264.238285 a=(  4.065,  5.253,  7.499) m/s2 |a|=10.017 w=(  -6.402,-127.073,  30.427) dps T= 34.15 C
t= 4264.339111 a=(  4.927,  3.735,  5.401) m/s2 |a|= 8.210 w=(-118.537, -67.195,   5.610) dps T= 34.14 C
t= 4264.439963 a=(  5.727,  1.508,  6.752) m/s2 |a|= 8.981 w=(-178.598, -32.195,  34.268) dps T= 34.15 C
t= 4264.541054 a=(  6.416, -1.609,  7.930) m/s2 |a|=10.327 w=(-195.427,  -7.317,  14.512) dps T= 34.15 C
t= 4264.641946 a=(  6.546, -2.792, 10.123) m/s2 |a|=12.374 w=( -80.122,  33.232,  27.439) dps T= 34.13 C
t= 4264.742805 a=(  5.320, -3.950,  9.050) m/s2 |a|=11.217 w=( 191.524,  48.780,  20.915) dps T= 34.15 C
t= 4264.843649 a=(  5.397, -1.130,  7.767) m/s2 |a|= 9.525 w=( 220.549,  69.634,  23.598) dps T= 34.15 C
t= 4264.944516 a=(  3.677,  2.437,  8.456) m/s2 |a|= 9.538 w=( 187.683,  43.293,   9.268) dps T= 34.15 C
t= 4265.045341 a=(  3.883,  5.765,  6.440) m/s2 |a|= 9.476 w=( 128.171,  36.341, -13.780) dps T= 34.14 C
t= 4265.146183 a=(  2.662,  6.527,  3.663) m/s2 |a|= 7.944 w=( -34.939,  63.293, -67.805) dps T= 34.16 C
t= 4265.247055 a=( -0.632,  3.457,  4.966) m/s2 |a|= 6.083 w=(-207.805,  15.061, -89.085) dps T= 34.15 C
t= 4265.347889 a=(  1.504, -1.441, 11.870) m/s2 |a|=12.052 w=(-285.976,-133.415, -37.988) dps T= 34.17 C
t= 4265.448754 a=(  1.800, -2.629, 11.832) m/s2 |a|=12.254 w=( -91.280, -22.622,  10.976) dps T= 34.16 C
t= 4265.549610 a=(  2.025, -2.662, 10.036) m/s2 |a|=10.579 w=( 103.476,  36.220,  52.012) dps T= 34.15 C
t= 4265.650550 a=(  1.413, -1.456,  7.345) m/s2 |a|= 7.620 w=(  12.317,   9.329,  50.244) dps T= 34.15 C
t= 4265.751460 a=(  3.448, -2.313,  9.242) m/s2 |a|=10.131 w=( -99.207, -45.427,   9.512) dps T= 34.17 C
t= 4265.852345 a=(  1.571, -2.993,  8.859) m/s2 |a|= 9.481 w=(   7.378,  59.634,   2.378) dps T= 34.16 C
t= 4265.953221 a=(  0.962, -3.055,  9.874) m/s2 |a|=10.380 w=(   4.146,  15.610,  -5.549) dps T= 34.18 C
t= 4266.054068 a=( -0.096, -1.566,  9.620) m/s2 |a|= 9.747 w=(   0.244,   6.951,   5.427) dps T= 34.17 C
t= 4266.154918 a=(  2.399, -2.547, 10.649) m/s2 |a|=11.210 w=(  35.244,  26.829,  -2.378) dps T= 34.16 C
t= 4266.255751 a=(  1.355, -1.346,  9.424) m/s2 |a|= 9.615 w=( -10.549,   0.610,  -9.268) dps T= 34.16 C
t= 4266.356585 a=(  0.910, -1.460,  9.979) m/s2 |a|=10.126 w=( -15.061,   5.366, -11.951) dps T= 34.17 C
t= 4266.457436 a=(  0.828, -1.317,  9.634) m/s2 |a|= 9.759 w=( 106.159,  14.573,  10.183) dps T= 34.17 C
t= 4266.558268 a=(  0.900, -0.512,  9.481) m/s2 |a|= 9.537 w=( -23.171, -17.988,   3.415) dps T= 34.16 C
t= 4266.659144 a=(  0.900, -0.273,  9.855) m/s2 |a|= 9.899 w=(  -2.622,  -0.854,  -0.061) dps T= 34.16 C
t= 4266.759996 a=(  0.828, -0.110,  9.697) m/s2 |a|= 9.732 w=(   0.793,   0.427,  -0.122) dps T= 34.15 C
t= 4266.860975 a=(  0.843, -0.134,  9.835) m/s2 |a|= 9.872 w=(   0.610,   0.244,  -0.183) dps T= 34.16 C
t= 4266.961852 a=(  0.843, -0.144,  9.792) m/s2 |a|= 9.830 w=(   0.183,   0.122,  -0.122) dps T= 34.17 C
t= 4267.062723 a=(  0.828, -0.120,  9.778) m/s2 |a|= 9.814 w=(   0.549,   0.305,  -0.122) dps T= 34.14 C
t= 4267.163609 a=(  0.843, -0.110,  9.783) m/s2 |a|= 9.820 w=(   0.305,   0.244,  -0.122) dps T= 34.17 C
t= 4267.264454 a=(  0.824, -0.110,  9.773) m/s2 |a|= 9.808 w=(   0.488,   0.183,  -0.061) dps T= 34.15 C
t= 4267.365291 a=(  0.848, -0.129,  9.754) m/s2 |a|= 9.792 w=(   0.366,   0.183,  -0.122) dps T= 34.14 C
t= 4267.466154 a=(  0.828, -0.124,  9.783) m/s2 |a|= 9.819 w=(   0.610,   0.244,  -0.122) dps T= 34.15 C
t= 4267.567038 a=(  0.828, -0.120,  9.759) m/s2 |a|= 9.795 w=(   0.244,   0.122,  -0.122) dps T= 34.15 C
t= 4267.667911 a=(  0.843, -0.129,  9.787) m/s2 |a|= 9.825 w=(   0.488,   0.183,  -0.122) dps T= 34.15 C
t= 4267.768751 a=(  0.819, -0.124,  9.797) m/s2 |a|= 9.832 w=(   0.610,   0.366,  -0.122) dps T= 34.16 C
t= 4267.869578 a=(  0.848, -0.158,  9.917) m/s2 |a|= 9.954 w=(   0.366,   0.183,  -0.061) dps T= 34.14 C
t= 4267.970508 a=(  0.804, -0.139,  9.744) m/s2 |a|= 9.779 w=(   0.244,   0.244,  -0.122) dps T= 34.15 C
t= 4268.071372 a=(  0.833, -0.101,  9.792) m/s2 |a|= 9.828 w=(   0.366,   0.061,  -0.122) dps T= 34.15 C
t= 4268.172359 a=(  0.852, -0.120,  9.792) m/s2 |a|= 9.830 w=(   0.488,   0.122,  -0.183) dps T= 34.13 C
t= 4268.273290 a=(  0.848, -0.105,  9.778) m/s2 |a|= 9.815 w=(   0.549,   0.183,  -0.122) dps T= 34.13 C
t= 4268.374182 a=(  0.838, -0.115,  9.778) m/s2 |a|= 9.814 w=(   0.427,   0.122,  -0.122) dps T= 34.13 C
t= 4268.475036 a=(  0.838, -0.096,  9.783) m/s2 |a|= 9.819 w=(   0.488,   0.244,  -0.183) dps T= 34.13 C
t= 4268.575871 a=(  0.833, -0.110,  9.768) m/s2 |a|= 9.804 w=(   0.427,   0.183,  -0.122) dps T= 34.13 C
t= 4268.676726 a=(  0.833, -0.096,  9.778) m/s2 |a|= 9.814 w=(   0.427,   0.183,  -0.122) dps T= 34.14 C
t= 4268.777555 a=(  0.833, -0.115,  9.787) m/s2 |a|= 9.824 w=(   0.427,   0.183,  -0.122) dps T= 34.14 C
t= 4268.878406 a=(  0.838, -0.101,  9.787) m/s2 |a|= 9.824 w=(   0.427,   0.183,  -0.061) dps T= 34.13 C
t= 4268.979318 a=(  0.843, -0.110,  9.787) m/s2 |a|= 9.824 w=(   0.427,   0.122,  -0.122) dps T= 34.15 C
t= 4269.080229 a=(  0.838, -0.110,  9.778) m/s2 |a|= 9.814 w=(   0.488,   0.183,  -0.061) dps T= 34.13 C
t= 4269.181154 a=(  0.838, -0.129,  9.778) m/s2 |a|= 9.815 w=(   0.488,   0.183,  -0.122) dps T= 34.15 C
t= 4269.282025 a=(  0.838, -0.115,  9.773) m/s2 |a|= 9.810 w=(   0.427,   0.183,  -0.061) dps T= 34.14 C
t= 4269.382954 a=(  0.828, -0.115,  9.773) m/s2 |a|= 9.809 w=(   0.488,   0.183,  -0.122) dps T= 34.12 C
t= 4269.483823 a=(  0.843, -0.110,  9.773) m/s2 |a|= 9.810 w=(   0.549,   0.183,  -0.183) dps T= 34.13 C
t= 4269.584668 a=(  0.852, -0.115,  9.797) m/s2 |a|= 9.835 w=(   0.427,   0.244,  -0.122) dps T= 34.13 C
t= 4269.685544 a=(  0.824, -0.110,  9.783) m/s2 |a|= 9.818 w=(   0.427,   0.183,  -0.122) dps T= 34.14 C
t= 4269.786368 a=(  0.843, -0.101,  9.787) m/s2 |a|= 9.824 w=(   0.427,   0.183,  -0.183) dps T= 34.14 C
t= 4269.887228 a=(  0.848, -0.101,  9.773) m/s2 |a|= 9.810 w=(   0.488,   0.183,  -0.122) dps T= 34.14 C
t= 4269.988053 a=(  0.828, -0.105,  9.773) m/s2 |a|= 9.809 w=(   0.427,   0.122,  -0.122) dps T= 34.12 C
t= 4270.088897 a=(  0.838, -0.086,  9.783) m/s2 |a|= 9.819 w=(   0.488,   0.183,  -0.122) dps T= 34.15 C
t= 4270.189738 a=(  0.848, -0.101,  9.787) m/s2 |a|= 9.825 w=(   0.427,   0.183,  -0.122) dps T= 34.15 C
t= 4270.290614 a=(  0.848, -0.096,  9.797) m/s2 |a|= 9.834 w=(   0.427,   0.122,  -0.061) dps T= 34.13 C
t= 4270.391475 a=(  0.862, -0.120,  9.797) m/s2 |a|= 9.836 w=(  -0.061,   0.244,  -0.183) dps T= 34.15 C
t= 4270.492415 a=(  0.852, -0.115,  9.807) m/s2 |a|= 9.844 w=(   0.427,   0.183,  -0.122) dps T= 34.13 C
t= 4270.593308 a=(  0.833, -0.115,  9.740) m/s2 |a|= 9.776 w=(   0.488,   0.122,  -0.122) dps T= 34.14 C
t= 4270.694188 a=(  0.848, -0.101,  9.749) m/s2 |a|= 9.786 w=(   0.549,   0.122,  -0.122) dps T= 34.13 C
t= 4270.795034 a=(  0.838, -0.105,  9.768) m/s2 |a|= 9.805 w=(   0.488,   0.122,  -0.122) dps T= 34.13 C
t= 4270.895884 a=(  0.852, -0.120,  9.807) m/s2 |a|= 9.844 w=(   0.366,   0.061,  -0.183) dps T= 34.11 C
t= 4270.996737 a=(  0.828, -0.105,  9.783) m/s2 |a|= 9.818 w=(   0.366,   0.305,  -0.122) dps T= 34.13 C
t= 4271.097572 a=(  0.848, -0.115,  9.807) m/s2 |a|= 9.844 w=(   0.427,   0.366,  -0.122) dps T= 34.13 C
t= 4271.198411 a=(  0.838, -0.081,  9.807) m/s2 |a|= 9.843 w=(   0.427,   0.183,  -0.122) dps T= 34.12 C
t= 4271.299275 a=(  0.876, -0.172,  9.807) m/s2 |a|= 9.847 w=(   0.000,  -0.061,  -0.183) dps T= 34.13 C
t= 4271.400124 a=(  0.752, -0.043,  9.807) m/s2 |a|= 9.836 w=(   1.037,   0.488,  -0.122) dps T= 34.14 C
t= 4271.501040 a=(  0.862, -0.139,  9.893) m/s2 |a|= 9.931 w=(   0.610,   0.061,  -0.122) dps T= 34.12 C
t= 4271.601898 a=(  0.843, -0.134,  9.878) m/s2 |a|= 9.915 w=(   0.305,   0.122,  -0.122) dps T= 34.14 C
t= 4271.702800 a=(  0.871, -0.077,  9.917) m/s2 |a|= 9.955 w=(  -0.732,  -1.280,  -0.183) dps T= 34.14 C
t= 4271.803692 a=(  1.025, -0.220, 10.147) m/s2 |a|=10.201 w=(  -0.305,  -1.341,  -0.061) dps T= 34.12 C
t= 4271.904567 a=(  0.953, -0.297,  9.893) m/s2 |a|= 9.943 w=(  -1.646,  -1.890,   0.122) dps T= 34.15 C
t= 4272.005404 a=(  0.939, -0.163,  9.653) m/s2 |a|= 9.700 w=(  -0.061,  -0.427,   0.244) dps T= 34.12 C
t= 4272.106239 a=(  0.919, -0.182,  9.601) m/s2 |a|= 9.646 w=(  -0.244,  -0.488,   0.122) dps T= 34.12 C
t= 4272.207076 a=(  0.962, -0.235,  9.634) m/s2 |a|= 9.685 w=(   0.122,   0.610,   0.000) dps T= 34.12 C
t= 4272.307932 a=(  0.929, -0.192,  9.606) m/s2 |a|= 9.652 w=(   0.183,   0.122,  -0.061) dps T= 34.14 C
t= 4272.408776 a=(  0.915, -0.172,  9.653) m/s2 |a|= 9.698 w=(   0.122,   0.488,  -0.183) dps T= 34.12 C
t= 4272.509639 a=(  0.934, -0.196,  9.591) m/s2 |a|= 9.639 w=(   0.732,   0.976,  -0.183) dps T= 34.13 C
t= 4272.610539 a=(  0.824, -0.177,  9.510) m/s2 |a|= 9.547 w=(   0.732,   0.671,  -0.122) dps T= 34.12 C
t= 4272.711384 a=(  0.876, -0.196,  9.620) m/s2 |a|= 9.662 w=(   1.341,   0.793,  -0.122) dps T= 34.13 C
t= 4272.812219 a=(  0.939, -0.211,  9.735) m/s2 |a|= 9.782 w=(   2.256,   1.037,  -0.061) dps T= 34.11 C
t= 4272.913116 a=(  0.905, -0.110,  9.768) m/s2 |a|= 9.811 w=(   1.159,   0.366,   0.122) dps T= 34.11 C
t= 4273.014016 a=(  0.919, -0.115,  9.764) m/s2 |a|= 9.807 w=(   1.463,   0.610,  -0.061) dps T= 34.13 C
t= 4273.114885 a=(  0.833, -0.144,  9.816) m/s2 |a|= 9.853 w=(   0.793,   0.427,  -0.061) dps T= 34.11 C
t= 4273.215765 a=(  0.795, -0.139,  9.764) m/s2 |a|= 9.797 w=(   0.976,   0.915,  -0.122) dps T= 34.12 C
t= 4273.316652 a=(  0.962, -0.101,  9.835) m/s2 |a|= 9.883 w=(  -0.244,  -0.244,   0.061) dps T= 34.12 C
t= 4273.417518 a=(  0.919, -0.120,  9.797) m/s2 |a|= 9.841 w=(   1.280,  -1.951,   3.659) dps T= 34.12 C
t= 4273.518365 a=(  1.010, -0.287,  9.725) m/s2 |a|= 9.782 w=(  -2.683,  -1.829,   2.378) dps T= 34.11 C
t= 4273.619206 a=(  0.800,  0.067, 10.353) m/s2 |a|=10.384 w=(   3.841,  -0.549,   2.927) dps T= 34.10 C
t= 4273.720099 a=(  0.915, -0.168,  9.280) m/s2 |a|= 9.326 w=(  -2.012,  -2.073,   0.000) dps T= 34.12 C
t= 4273.820949 a=(  0.843, -1.322,  9.448) m/s2 |a|= 9.577 w=(  -1.890,  18.232,  10.183) dps T= 34.12 C
t= 4273.921796 a=(  0.608,  0.067,  9.203) m/s2 |a|= 9.224 w=(   0.732,  -1.890,  21.707) dps T= 34.11 C
t= 4274.022653 a=(  1.504, -0.814, 10.218) m/s2 |a|=10.361 w=(  -8.841,   8.659,  -3.720) dps T= 34.12 C
t= 4274.123529 a=(  0.828, -0.335,  9.170) m/s2 |a|= 9.213 w=(  -0.793,  -1.646,   0.000) dps T= 34.12 C
t= 4274.224426 a=(  0.900, -0.120,  9.620) m/s2 |a|= 9.663 w=(  -0.549,   4.024,  -0.122) dps T= 34.12 C
t= 4274.325307 a=(  1.422, -0.263, 10.865) m/s2 |a|=10.961 w=(   0.854,   5.732,   0.000) dps T= 34.13 C
t= 4274.426169 a=(  1.221, -0.211,  9.730) m/s2 |a|= 9.809 w=(   1.402,  -3.598,   0.732) dps T= 34.12 C
t= 4274.527011 a=(  1.274, -0.402,  9.740) m/s2 |a|= 9.831 w=(   2.012,   3.841,   2.195) dps T= 34.12 C
t= 4274.627868 a=(  1.331, -0.354,  9.668) m/s2 |a|= 9.765 w=(   1.159,  -2.988,   0.305) dps T= 34.13 C
t= 4274.728709 a=(  1.264, -0.287,  9.783) m/s2 |a|= 9.868 w=(   1.463,  -0.671,  -0.305) dps T= 34.12 C
t= 4274.829535 a=(  1.279, -0.350,  9.787) m/s2 |a|= 9.877 w=(   0.427,   0.183,  -0.915) dps T= 34.13 C
t= 4274.930534 a=(  1.326, -0.249,  9.807) m/s2 |a|= 9.899 w=(   2.866,  -1.463,  -0.549) dps T= 34.11 C
t= 4275.031405 a=(  1.393, -0.211,  9.969) m/s2 |a|=10.069 w=(   1.951,  -1.463,  -0.427) dps T= 34.12 C
t= 4275.132258 a=(  1.398, -0.124, 10.013) m/s2 |a|=10.110 w=(   3.110,  -1.585,  -0.122) dps T= 34.11 C
t= 4275.233123 a=(  1.183, -0.172,  9.835) m/s2 |a|= 9.908 w=(   0.976,  -2.622,  -0.366) dps T= 34.14 C
t= 4275.334032 a=(  1.207, -0.144,  9.639) m/s2 |a|= 9.715 w=(   0.305,  -0.061,  -1.159) dps T= 34.11 C
t= 4275.434962 a=(  1.269, -0.239, 10.022) m/s2 |a|=10.105 w=(   3.415,   2.988,  -0.122) dps T= 34.14 C
t= 4275.535832 a=(  1.164, -0.287,  9.811) m/s2 |a|= 9.884 w=(   0.793,   0.427,  -0.183) dps T= 34.16 C
t= 4275.636715 a=(  1.130, -0.239,  9.620) m/s2 |a|= 9.689 w=(  -0.915,  -0.732,  -0.305) dps T= 34.14 C
t= 4275.737563 a=(  1.197, -0.359,  9.558) m/s2 |a|= 9.639 w=(  -0.549,  -1.585,  -1.159) dps T= 34.11 C
t= 4275.838443 a=(  1.245, -0.306,  9.572) m/s2 |a|= 9.658 w=(  -0.122,   0.061,  -0.061) dps T= 34.13 C
t= 4275.939330 a=(  1.130, -0.220,  9.562) m/s2 |a|= 9.632 w=(   2.683,   2.256,   0.061) dps T= 34.12 C
t= 4276.040239 a=(  1.154, -0.105,  9.610) m/s2 |a|= 9.680 w=(   0.976,   0.366,  -0.122) dps T= 34.13 C
t= 4276.141097 a=(  1.135, -0.129,  9.687) m/s2 |a|= 9.754 w=(   0.061,   0.122,  -0.061) dps T= 34.12 C
t= 4276.241935 a=(  1.130, -0.148,  9.716) m/s2 |a|= 9.782 w=(   0.610,   0.366,  -0.183) dps T= 34.11 C
t= 4276.342771 a=(  1.178, -0.177,  9.768) m/s2 |a|= 9.841 w=(   0.305,  -0.183,  -0.122) dps T= 34.12 C
t= 4276.443641 a=(  1.178, -0.201,  9.792) m/s2 |a|= 9.865 w=(   0.549,   0.183,  -0.122) dps T= 34.12 C
t= 4276.544513 a=(  1.202, -0.254,  9.792) m/s2 |a|= 9.869 w=(   0.549,   0.122,  -0.183) dps T= 34.12 C
t= 4276.645374 a=(  1.235, -0.273,  9.783) m/s2 |a|= 9.864 w=(  -0.183,  -0.122,  -0.183) dps T= 34.12 C
t= 4276.746256 a=(  1.192, -0.225,  9.677) m/s2 |a|= 9.753 w=(  -0.671,  -0.854,  -0.305) dps T= 34.11 C
t= 4276.847133 a=(  1.346, -0.225,  9.912) m/s2 |a|=10.005 w=(   0.122,   0.244,  -0.122) dps T= 34.11 C
t= 4276.947990 a=(  1.168, -0.302,  9.682) m/s2 |a|= 9.757 w=(   0.671,   0.610,  -0.305) dps T= 34.12 C
t= 4277.048848 a=(  1.120, -0.215,  9.586) m/s2 |a|= 9.654 w=(  -1.098,  -0.305,  -0.122) dps T= 34.11 C
t= 4277.149706 a=(  1.231, -0.283,  9.634) m/s2 |a|= 9.717 w=(  -0.732,  -0.488,  -0.305) dps T= 34.12 C
t= 4277.250771 a=(  1.173, -0.268,  9.634) m/s2 |a|= 9.709 w=(   0.793,   0.854,  -0.183) dps T= 34.12 C
t= 4277.351705 a=(  1.245, -0.340,  9.620) m/s2 |a|= 9.706 w=(   0.183,   0.366,  -0.122) dps T= 34.12 C
t= 4277.452573 a=(  1.221, -0.306,  9.629) m/s2 |a|= 9.711 w=(  -0.366,  -0.366,  -0.061) dps T= 34.12 C
t= 4277.553411 a=(  1.235, -0.225,  9.778) m/s2 |a|= 9.858 w=(   1.037,   0.854,  -0.244) dps T= 34.13 C
t= 4277.654360 a=(  1.245, -0.287,  9.735) m/s2 |a|= 9.818 w=(   2.317,   1.159,  -0.183) dps T= 34.13 C
t= 4277.755361 a=(  1.207, -0.297,  9.677) m/s2 |a|= 9.757 w=(   1.159,   0.854,  -0.305) dps T= 34.12 C
t= 4277.856249 a=(  1.207, -0.273,  9.730) m/s2 |a|= 9.808 w=(   1.098,   0.732,  -0.122) dps T= 34.12 C
t= 4277.957120 a=(  1.082, -0.393,  9.380) m/s2 |a|= 9.451 w=(  -2.866,   3.293,  -3.841) dps T= 34.11 C
t= 4278.057976 a=(  0.943, -0.220,  8.997) m/s2 |a|= 9.049 w=(  -2.256,   4.695,  -0.122) dps T= 34.11 C
t= 4278.158846 a=(  0.915, -0.091,  9.591) m/s2 |a|= 9.635 w=(   1.463,   1.341,  -0.061) dps T= 34.11 C
t= 4278.259702 a=(  1.432, -0.182,  9.682) m/s2 |a|= 9.789 w=(   1.098,  -1.159,  -0.183) dps T= 34.12 C
t= 4278.360638 a=(  1.279, -0.182,  9.869) m/s2 |a|= 9.953 w=(  -0.427,   0.366,   0.244) dps T= 34.12 C
t= 4278.461495 a=(  1.374, -0.268, 10.075) m/s2 |a|=10.172 w=(   1.707,   0.854,  -0.305) dps T= 34.13 C
t= 4278.562345 a=(  1.302, -0.254,  9.711) m/s2 |a|= 9.801 w=(   1.098,   1.341,  -0.366) dps T= 34.12 C
t= 4278.663192 a=(  1.034, -0.321,  9.663) m/s2 |a|= 9.723 w=(   0.244,   0.732,   0.000) dps T= 34.12 C
t= 4278.764044 a=(  1.025, -0.268,  9.347) m/s2 |a|= 9.407 w=(  -0.732,  -0.305,  -0.061) dps T= 34.12 C
t= 4278.864919 a=(  0.958, -0.134,  9.337) m/s2 |a|= 9.387 w=(  -0.793,   0.793,  -0.122) dps T= 34.11 C
t= 4278.965798 a=(  1.039, -0.225,  9.606) m/s2 |a|= 9.664 w=(  -0.305,   0.244,   0.061) dps T= 34.12 C
t= 4279.066672 a=(  1.523, -0.010,  9.481) m/s2 |a|= 9.603 w=(   0.244,   1.280,  -0.122) dps T= 34.10 C
t= 4279.167517 a=(  1.015, -0.417,  9.960) m/s2 |a|=10.020 w=(   1.159,   1.341,  -0.183) dps T= 34.10 C
t= 4279.268349 a=(  0.953, -0.254,  9.452) m/s2 |a|= 9.504 w=(  -0.976,   1.220,  -0.427) dps T= 34.10 C
t= 4279.369244 a=(  1.025, -0.096,  9.376) m/s2 |a|= 9.432 w=(   0.061,  -0.793,  -0.183) dps T= 34.13 C
t= 4279.470098 a=(  1.149, -0.005,  9.974) m/s2 |a|=10.040 w=(   1.524,   0.183,  -0.183) dps T= 34.11 C
t= 4279.570954 a=(  1.130, -0.168,  9.946) m/s2 |a|=10.011 w=(   1.402,   0.305,  -0.244) dps T= 34.10 C
t= 4279.671821 a=(  1.082, -0.034,  9.845) m/s2 |a|= 9.904 w=(   1.280,   0.244,   0.061) dps T= 34.11 C
t= 4279.772661 a=(  1.312,  0.259,  9.902) m/s2 |a|= 9.992 w=(   2.866,   0.244,  -0.305) dps T= 34.10 C
t= 4279.873521 a=(  0.953, -0.450, 10.180) m/s2 |a|=10.235 w=(   4.024,  -3.110,  -0.549) dps T= 34.12 C
t= 4279.974357 a=(  1.293,  0.215, 10.003) m/s2 |a|=10.088 w=(   1.524,  -0.122,  -0.488) dps T= 34.12 C
t= 4280.075226 a=(  1.068, -0.158,  9.720) m/s2 |a|= 9.780 w=(   0.732,   0.244,   0.061) dps T= 34.10 C
t= 4280.176112 a=(  1.106, -0.038,  9.629) m/s2 |a|= 9.693 w=(   0.061,   0.244,   0.000) dps T= 34.10 C
t= 4280.277016 a=(  1.092, -0.077,  9.711) m/s2 |a|= 9.772 w=(   0.366,   0.549,  -0.183) dps T= 34.09 C
t= 4280.377885 a=(  1.140, -0.077,  9.730) m/s2 |a|= 9.797 w=(   0.488,   0.610,  -0.122) dps T= 34.12 C
t= 4280.478716 a=(  1.120, -0.077,  9.778) m/s2 |a|= 9.842 w=(   0.366,   0.122,  -0.122) dps T= 34.09 C
t= 4280.579567 a=(  1.116, -0.086,  9.759) m/s2 |a|= 9.823 w=(   0.488,   0.244,  -0.122) dps T= 34.11 C
t= 4280.680497 a=(  1.111, -0.081,  9.749) m/s2 |a|= 9.813 w=(   0.488,   0.183,  -0.122) dps T= 34.09 C
t= 4280.781331 a=(  1.120, -0.091,  9.749) m/s2 |a|= 9.814 w=(   0.488,   0.183,  -0.122) dps T= 34.12 C
t= 4280.882208 a=(  1.106, -0.081,  9.740) m/s2 |a|= 9.803 w=(   0.549,   0.183,  -0.122) dps T= 34.11 C
t= 4280.983206 a=(  1.120, -0.086,  9.749) m/s2 |a|= 9.814 w=(   0.427,   0.183,  -0.122) dps T= 34.09 C
t= 4281.084125 a=(  1.111, -0.091,  9.744) m/s2 |a|= 9.808 w=(   0.488,   0.183,  -0.061) dps T= 34.12 C
t= 4281.184971 a=(  1.116, -0.086,  9.749) m/s2 |a|= 9.813 w=(   0.366,   0.244,  -0.122) dps T= 34.11 C
t= 4281.285896 a=(  1.125, -0.081,  9.744) m/s2 |a|= 9.809 w=(   0.427,   0.183,  -0.122) dps T= 34.09 C
t= 4281.386823 a=(  1.116, -0.086,  9.754) m/s2 |a|= 9.818 w=(   0.427,   0.183,  -0.122) dps T= 34.10 C
t= 4281.487720 a=(  1.120, -0.086,  9.749) m/s2 |a|= 9.814 w=(   0.427,   0.183,  -0.183) dps T= 34.08 C
t= 4281.588572 a=(  1.120, -0.081,  9.754) m/s2 |a|= 9.818 w=(   0.488,   0.183,  -0.122) dps T= 34.11 C
t= 4281.689399 a=(  1.111, -0.086,  9.749) m/s2 |a|= 9.813 w=(   0.488,   0.183,  -0.122) dps T= 34.09 C
t= 4281.790375 a=(  1.116, -0.086,  9.754) m/s2 |a|= 9.818 w=(   0.427,   0.183,  -0.122) dps T= 34.10 C
t= 4281.891226 a=(  1.120, -0.081,  9.754) m/s2 |a|= 9.818 w=(   0.427,   0.244,  -0.122) dps T= 34.09 C
t= 4281.992123 a=(  1.111, -0.077,  9.764) m/s2 |a|= 9.827 w=(   0.427,   0.122,  -0.122) dps T= 34.12 C
t= 4282.092969 a=(  1.120, -0.086,  9.744) m/s2 |a|= 9.809 w=(   0.366,   0.244,  -0.122) dps T= 34.11 C
t= 4282.193806 a=(  1.111, -0.086,  9.754) m/s2 |a|= 9.817 w=(   0.488,   0.183,  -0.061) dps T= 34.12 C
t= 4282.294675 a=(  1.116, -0.081,  9.740) m/s2 |a|= 9.804 w=(   0.488,   0.183,  -0.122) dps T= 34.09 C
t= 4282.395509 a=(  1.116, -0.081,  9.749) m/s2 |a|= 9.813 w=(   0.488,   0.244,  -0.122) dps T= 34.09 C
t= 4282.496537 a=(  1.111, -0.091,  9.759) m/s2 |a|= 9.822 w=(   0.427,   0.183,  -0.061) dps T= 34.11 C
t= 4282.597432 a=(  1.097, -0.086,  9.768) m/s2 |a|= 9.830 w=(   0.427,   0.244,  -0.061) dps T= 34.10 C
t= 4282.698290 a=(  1.101, -0.091,  9.768) m/s2 |a|= 9.831 w=(   0.427,   0.183,  -0.122) dps T= 34.11 C
t= 4282.799143 a=(  1.116, -0.081,  9.759) m/s2 |a|= 9.823 w=(   0.488,   0.183,  -0.122) dps T= 34.12 C
t= 4282.899966 a=(  1.111, -0.096,  9.759) m/s2 |a|= 9.822 w=(   0.427,   0.183,  -0.122) dps T= 34.09 C
t= 4283.000915 a=(  1.111, -0.086,  9.768) m/s2 |a|= 9.832 w=(   0.427,   0.183,  -0.183) dps T= 34.10 C
t= 4283.101748 a=(  1.111, -0.086,  9.759) m/s2 |a|= 9.822 w=(   0.427,   0.244,  -0.122) dps T= 34.09 C
t= 4283.202615 a=(  1.130, -0.105,  9.744) m/s2 |a|= 9.810 w=(   0.427,   0.244,  -0.122) dps T= 34.09 C
t= 4283.303538 a=(  1.116, -0.077,  9.744) m/s2 |a|= 9.808 w=(   0.366,   0.183,  -0.183) dps T= 34.09 C
t= 4283.404446 a=(  1.116, -0.086,  9.744) m/s2 |a|= 9.808 w=(   0.488,   0.122,  -0.122) dps T= 34.10 C
t= 4283.505335 a=(  1.106, -0.072,  9.744) m/s2 |a|= 9.807 w=(   0.488,   0.244,  -0.122) dps T= 34.09 C
t= 4283.606191 a=(  1.120, -0.091,  9.744) m/s2 |a|= 9.809 w=(   0.427,   0.183,  -0.122) dps T= 34.09 C
t= 4283.707073 a=(  1.116, -0.081,  9.730) m/s2 |a|= 9.794 w=(   0.427,   0.183,  -0.122) dps T= 34.09 C
t= 4283.807955 a=(  1.097, -0.067,  9.768) m/s2 |a|= 9.830 w=(   0.488,   0.244,  -0.183) dps T= 34.09 C
t= 4283.908808 a=(  1.097, -0.081,  9.744) m/s2 |a|= 9.806 w=(   0.488,   0.244,  -0.122) dps T= 34.08 C
t= 4284.009671 a=(  1.125, -0.086,  9.749) m/s2 |a|= 9.814 w=(   0.488,   0.122,  -0.122) dps T= 34.10 C
t= 4284.110571 a=(  1.125, -0.091,  9.759) m/s2 |a|= 9.824 w=(   0.427,   0.183,  -0.122) dps T= 34.08 C
t= 4284.211460 a=(  1.116, -0.081,  9.759) m/s2 |a|= 9.823 w=(   0.427,   0.183,  -0.122) dps T= 34.09 C
t= 4284.312306 a=(  1.116, -0.091,  9.735) m/s2 |a|= 9.799 w=(   0.427,   0.183,  -0.061) dps T= 34.09 C
t= 4284.413141 a=(  1.097, -0.086,  9.744) m/s2 |a|= 9.806 w=(   0.488,   0.183,  -0.122) dps T= 34.09 C
t= 4284.514019 a=(  1.106, -0.081,  9.744) m/s2 |a|= 9.807 w=(   0.427,   0.183,  -0.122) dps T= 34.10 C
t= 4284.614849 a=(  1.111, -0.086,  9.740) m/s2 |a|= 9.803 w=(   0.427,   0.183,  -0.122) dps T= 34.09 C
t= 4284.715683 a=(  1.111, -0.081,  9.754) m/s2 |a|= 9.817 w=(   0.488,   0.183,  -0.122) dps T= 34.08 C
t= 4284.816516 a=(  1.111, -0.077,  9.754) m/s2 |a|= 9.817 w=(   0.488,   0.122,  -0.122) dps T= 34.11 C
t= 4284.917388 a=(  1.116, -0.091,  9.740) m/s2 |a|= 9.804 w=(   0.427,   0.244,  -0.122) dps T= 34.10 C
t= 4285.018279 a=(  1.101, -0.077,  9.754) m/s2 |a|= 9.816 w=(   0.488,   0.183,  -0.122) dps T= 34.08 C
t= 4285.119130 a=(  1.106, -0.086,  9.749) m/s2 |a|= 9.812 w=(   0.488,   0.183,  -0.122) dps T= 34.08 C
t= 4285.219969 a=(  1.125, -0.091,  9.749) m/s2 |a|= 9.814 w=(   0.488,   0.183,  -0.122) dps T= 34.09 C
t= 4285.320927 a=(  1.111, -0.081,  9.754) m/s2 |a|= 9.817 w=(   0.427,   0.244,  -0.061) dps T= 34.08 C
t= 4285.421758 a=(  1.116, -0.096,  9.744) m/s2 |a|= 9.809 w=(   0.488,   0.244,  -0.122) dps T= 34.10 C
t= 4285.522596 a=(  1.120, -0.077,  9.740) m/s2 |a|= 9.804 w=(   0.488,   0.122,  -0.122) dps T= 34.08 C
t= 4285.623408 a=(  1.130, -0.086,  9.759) m/s2 |a|= 9.824 w=(   0.488,   0.244,  -0.122) dps T= 34.10 C
t= 4285.724272 a=(  1.116, -0.077,  9.749) m/s2 |a|= 9.813 w=(   0.427,   0.183,  -0.122) dps T= 34.08 C
t= 4285.825110 a=(  1.111, -0.086,  9.759) m/s2 |a|= 9.822 w=(   0.488,   0.244,  -0.183) dps T= 34.08 C
t= 4285.925933 a=(  1.116, -0.101,  9.754) m/s2 |a|= 9.818 w=(   0.427,   0.183,  -0.122) dps T= 34.08 C
t= 4286.026795 a=(  1.106, -0.081,  9.759) m/s2 |a|= 9.822 w=(   0.427,   0.183,  -0.122) dps T= 34.08 C
t= 4286.127776 a=(  1.111, -0.081,  9.759) m/s2 |a|= 9.822 w=(   0.427,   0.183,  -0.122) dps T= 34.07 C
t= 4286.228687 a=(  1.106, -0.091,  9.725) m/s2 |a|= 9.788 w=(   0.427,   0.183,  -0.122) dps T= 34.08 C
t= 4286.329573 a=(  1.101, -0.081,  9.744) m/s2 |a|= 9.807 w=(   0.427,   0.183,  -0.122) dps T= 34.09 C
t= 4286.430548 a=(  1.097, -0.091,  9.744) m/s2 |a|= 9.806 w=(   0.488,   0.183,  -0.122) dps T= 34.10 C
t= 4286.531399 a=(  1.111, -0.096,  9.744) m/s2 |a|= 9.808 w=(   0.488,   0.244,  -0.122) dps T= 34.08 C
t= 4286.632247 a=(  1.111, -0.086,  9.754) m/s2 |a|= 9.817 w=(   0.427,   0.122,  -0.122) dps T= 34.09 C
t= 4286.733087 a=(  1.111, -0.081,  9.764) m/s2 |a|= 9.827 w=(   0.427,   0.183,  -0.122) dps T= 34.08 C
t= 4286.833910 a=(  1.125, -0.096,  9.749) m/s2 |a|= 9.814 w=(   0.427,   0.122,  -0.122) dps T= 34.10 C
t= 4286.934731 a=(  1.116, -0.091,  9.759) m/s2 |a|= 9.823 w=(   0.488,   0.183,  -0.122) dps T= 34.09 C
t= 4287.035579 a=(  1.111, -0.101,  9.759) m/s2 |a|= 9.822 w=(   0.488,   0.183,  -0.122) dps T= 34.06 C
t= 4287.136421 a=(  1.111, -0.081,  9.764) m/s2 |a|= 9.827 w=(   0.427,   0.122,  -0.122) dps T= 34.10 C
t= 4287.237364 a=(  1.097, -0.081,  9.740) m/s2 |a|= 9.801 w=(   0.427,   0.183,  -0.061) dps T= 34.09 C
t= 4287.338296 a=(  1.106, -0.086,  9.759) m/s2 |a|= 9.822 w=(   0.427,   0.244,  -0.183) dps T= 34.08 C
t= 4287.439210 a=(  1.106, -0.081,  9.749) m/s2 |a|= 9.812 w=(   0.427,   0.183,  -0.122) dps T= 34.09 C
t= 4287.540115 a=(  1.125, -0.091,  9.754) m/s2 |a|= 9.819 w=(   0.488,   0.122,  -0.122) dps T= 34.07 C
t= 4287.640955 a=(  1.111, -0.067,  9.749) m/s2 |a|= 9.813 w=(   0.488,   0.244,  -0.122) dps T= 34.08 C
t= 4287.741793 a=(  1.101, -0.086,  9.749) m/s2 |a|= 9.812 w=(   0.488,   0.183,  -0.122) dps T= 34.07 C
t= 4287.842649 a=(  1.111, -0.086,  9.759) m/s2 |a|= 9.822 w=(   0.427,   0.183,  -0.061) dps T= 34.08 C
t= 4287.943478 a=(  1.116, -0.086,  9.749) m/s2 |a|= 9.813 w=(   0.427,   0.183,  -0.061) dps T= 34.08 C
t= 4288.044342 a=(  1.130, -0.086,  9.749) m/s2 |a|= 9.815 w=(   0.488,   0.122,  -0.122) dps T= 34.10 C
t= 4288.145191 a=(  1.106, -0.091,  9.749) m/s2 |a|= 9.812 w=(   0.427,   0.244,  -0.183) dps T= 34.09 C
t= 4288.246053 a=(  1.101, -0.081,  9.744) m/s2 |a|= 9.807 w=(   0.427,   0.244,  -0.122) dps T= 34.09 C
t= 4288.346903 a=(  1.116, -0.086,  9.754) m/s2 |a|= 9.818 w=(   0.427,   0.122,  -0.122) dps T= 34.08 C
t= 4288.447909 a=(  1.116, -0.077,  9.759) m/s2 |a|= 9.823 w=(   0.488,   0.183,  -0.122) dps T= 34.09 C
t= 4288.548800 a=(  1.120, -0.081,  9.754) m/s2 |a|= 9.818 w=(   0.488,   0.183,  -0.061) dps T= 34.08 C
t= 4288.649665 a=(  1.116, -0.086,  9.754) m/s2 |a|= 9.818 w=(   0.488,   0.183,  -0.183) dps T= 34.08 C
t= 4288.750601 a=(  1.116, -0.077,  9.735) m/s2 |a|= 9.799 w=(   0.427,   0.122,  -0.061) dps T= 34.09 C
t= 4288.851473 a=(  1.111, -0.086,  9.744) m/s2 |a|= 9.808 w=(   0.366,   0.183,  -0.183) dps T= 34.08 C
t= 4288.952326 a=(  1.111, -0.067,  9.754) m/s2 |a|= 9.817 w=(   0.427,   0.183,  -0.122) dps T= 34.07 C
t= 4289.053153 a=(  1.120, -0.091,  9.749) m/s2 |a|= 9.814 w=(   0.427,   0.244,  -0.122) dps T= 34.09 C
t= 4289.153991 a=(  1.116, -0.081,  9.749) m/s2 |a|= 9.813 w=(   0.488,   0.122,  -0.061) dps T= 34.06 C
t= 4289.254860 a=(  1.092, -0.096,  9.744) m/s2 |a|= 9.806 w=(   0.427,   0.122,  -0.183) dps T= 34.08 C
t= 4289.355722 a=(  1.116, -0.091,  9.754) m/s2 |a|= 9.818 w=(   0.427,   0.183,  -0.122) dps T= 34.07 C
t= 4289.456569 a=(  1.120, -0.081,  9.735) m/s2 |a|= 9.799 w=(   0.427,   0.122,  -0.122) dps T= 34.07 C
t= 4289.557408 a=(  1.135, -0.134,  9.759) m/s2 |a|= 9.825 w=(   0.366,   0.122,  -0.122) dps T= 34.07 C
t= 4289.658397 a=(  1.015, -0.230,  9.749) m/s2 |a|= 9.805 w=(   0.427,  -0.549,   0.061) dps T= 34.08 C
t= 4289.759283 a=(  1.097, -0.101,  9.835) m/s2 |a|= 9.897 w=(   0.305,   0.000,  -0.183) dps T= 34.07 C
t= 4289.860152 a=(  0.871, -0.067,  9.548) m/s2 |a|= 9.588 w=(   0.061,  -1.463,   0.061) dps T= 34.06 C
t= 4289.961039 a=(  1.168, -0.062,  9.926) m/s2 |a|= 9.995 w=(   0.610,   0.915,  -0.183) dps T= 34.05 C
t= 4290.061879 a=(  1.240, -0.057, 10.099) m/s2 |a|=10.175 w=(   0.793,   0.183,  -0.122) dps T= 34.07 C
t= 4290.162761 a=(  1.192, -0.024,  9.898) m/s2 |a|= 9.969 w=(   0.427,  -0.305,  -0.122) dps T= 34.07 C
t= 4290.263776 a=(  1.231, -0.086,  9.730) m/s2 |a|= 9.808 w=(   0.122,   0.732,  -0.122) dps T= 34.09 C
t= 4290.364675 a=(  1.125, -0.105,  9.567) m/s2 |a|= 9.634 w=(  -0.122,  -0.244,  -0.122) dps T= 34.06 C
t= 4290.465530 a=(  1.082, -0.101,  9.625) m/s2 |a|= 9.686 w=(   0.427,   0.366,  -0.061) dps T= 34.08 C
t= 4290.566356 a=(  1.082, -0.105,  9.778) m/s2 |a|= 9.838 w=(   0.793,  -0.122,  -0.183) dps T= 34.08 C
t= 4290.667185 a=(  1.130, -0.091,  9.730) m/s2 |a|= 9.796 w=(   0.488,   0.488,  -0.122) dps T= 34.08 C
t= 4290.768018 a=(  1.106, -0.081,  9.744) m/s2 |a|= 9.807 w=(   0.488,   0.183,  -0.122) dps T= 34.06 C
t= 4290.868908 a=(  1.140, -0.072,  9.749) m/s2 |a|= 9.816 w=(   0.366,   0.366,  -0.122) dps T= 34.06 C
t= 4290.969865 a=(  1.120, -0.072,  9.744) m/s2 |a|= 9.809 w=(   0.488,   0.244,  -0.122) dps T= 34.06 C
t= 4291.070829 a=(  1.106, -0.057,  9.749) m/s2 |a|= 9.812 w=(   0.488,   0.183,  -0.061) dps T= 34.06 C
t= 4291.171747 a=(  1.130, -0.062,  9.754) m/s2 |a|= 9.819 w=(   0.427,   0.244,  -0.122) dps T= 34.07 C
t= 4291.272711 a=(  1.116, -0.072,  9.740) m/s2 |a|= 9.804 w=(   0.427,   0.244,  -0.122) dps T= 34.06 C
t= 4291.373605 a=(  1.120, -0.057,  9.759) m/s2 |a|= 9.823 w=(   0.488,   0.183,  -0.122) dps T= 34.07 C
t= 4291.474441 a=(  1.106, -0.062,  9.749) m/s2 |a|= 9.812 w=(   0.488,   0.122,  -0.122) dps T= 34.07 C
t= 4291.575280 a=(  1.111, -0.077,  9.740) m/s2 |a|= 9.803 w=(   0.427,   0.122,  -0.061) dps T= 34.08 C
t= 4291.676118 a=(  1.101, -0.077,  9.744) m/s2 |a|= 9.807 w=(   0.427,   0.183,  -0.122) dps T= 34.06 C
t= 4291.776950 a=(  1.111, -0.072,  9.759) m/s2 |a|= 9.822 w=(   0.427,   0.122,  -0.122) dps T= 34.08 C
t= 4291.877777 a=(  1.120, -0.077,  9.759) m/s2 |a|= 9.823 w=(   0.427,   0.183,  -0.122) dps T= 34.08 C
t= 4291.978621 a=(  1.116, -0.072,  9.749) m/s2 |a|= 9.813 w=(   0.427,   0.122,  -0.183) dps T= 34.07 C
t= 4292.079491 a=(  1.116, -0.077,  9.754) m/s2 |a|= 9.818 w=(   0.427,   0.183,  -0.122) dps T= 34.08 C
t= 4292.180549 a=(  1.111, -0.072,  9.744) m/s2 |a|= 9.808 w=(   0.427,   0.183,  -0.122) dps T= 34.07 C
t= 4292.281492 a=(  1.116, -0.081,  9.749) m/s2 |a|= 9.813 w=(   0.427,   0.183,  -0.122) dps T= 34.08 C
t= 4292.382376 a=(  1.106, -0.077,  9.754) m/s2 |a|= 9.817 w=(   0.427,   0.183,  -0.122) dps T= 34.06 C
t= 4292.483218 a=(  1.111, -0.067,  9.749) m/s2 |a|= 9.813 w=(   0.488,   0.183,  -0.122) dps T= 34.06 C
t= 4292.584062 a=(  1.111, -0.072,  9.764) m/s2 |a|= 9.827 w=(   0.488,   0.183,  -0.122) dps T= 34.08 C
t= 4292.684900 a=(  1.101, -0.086,  9.759) m/s2 |a|= 9.821 w=(   0.488,   0.183,  -0.061) dps T= 34.06 C
t= 4292.785715 a=(  1.106, -0.077,  9.744) m/s2 |a|= 9.807 w=(   0.488,   0.183,  -0.122) dps T= 34.07 C
t= 4292.886552 a=(  1.111, -0.081,  9.754) m/s2 |a|= 9.817 w=(   0.427,   0.183,  -0.122) dps T= 34.07 C
t= 4292.987365 a=(  1.106, -0.086,  9.759) m/s2 |a|= 9.822 w=(   0.427,   0.244,  -0.122) dps T= 34.07 C
t= 4293.088185 a=(  1.111, -0.072,  9.749) m/s2 |a|= 9.813 w=(   0.427,   0.183,  -0.122) dps T= 34.06 C
t= 4293.189034 a=(  1.116, -0.086,  9.744) m/s2 |a|= 9.808 w=(   0.427,   0.244,  -0.122) dps T= 34.08 C
t= 4293.289950 a=(  1.125, -0.077,  9.754) m/s2 |a|= 9.819 w=(   0.427,   0.183,  -0.122) dps T= 34.05 C
t= 4293.390972 a=(  1.120, -0.077,  9.759) m/s2 |a|= 9.823 w=(   0.427,   0.183,  -0.122) dps T= 34.08 C
t= 4293.491946 a=(  1.111, -0.067,  9.749) m/s2 |a|= 9.813 w=(   0.427,   0.183,  -0.122) dps T= 34.09 C
t= 4293.592870 a=(  1.116, -0.072,  9.754) m/s2 |a|= 9.818 w=(   0.488,   0.183,  -0.061) dps T= 34.04 C
t= 4293.693786 a=(  1.106, -0.081,  9.749) m/s2 |a|= 9.812 w=(   0.488,   0.183,  -0.061) dps T= 34.06 C
t= 4293.794666 a=(  1.111, -0.081,  9.754) m/s2 |a|= 9.817 w=(   0.427,   0.183,  -0.183) dps T= 34.07 C
t= 4293.895537 a=(  1.111, -0.077,  9.744) m/s2 |a|= 9.808 w=(   0.427,   0.183,  -0.122) dps T= 34.07 C
t= 4293.996367 a=(  1.116, -0.081,  9.759) m/s2 |a|= 9.823 w=(   0.427,   0.244,  -0.122) dps T= 34.08 C
t= 4294.097232 a=(  1.106, -0.081,  9.759) m/s2 |a|= 9.822 w=(   0.427,   0.244,  -0.122) dps T= 34.06 C
t= 4294.198053 a=(  1.116, -0.081,  9.754) m/s2 |a|= 9.818 w=(   0.488,   0.183,  -0.122) dps T= 34.07 C
t= 4294.298877 a=(  1.116, -0.062,  9.735) m/s2 |a|= 9.799 w=(   0.488,   0.183,  -0.122) dps T= 34.06 C
t= 4294.399726 a=(  1.101, -0.077,  9.754) m/s2 |a|= 9.816 w=(   0.488,   0.183,  -0.122) dps T= 34.05 C
t= 4294.500682 a=(  1.116, -0.077,  9.749) m/s2 |a|= 9.813 w=(   0.427,   0.122,  -0.122) dps T= 34.05 C
t= 4294.601547 a=(  1.125, -0.067,  9.740) m/s2 |a|= 9.805 w=(   0.366,   0.183,  -0.122) dps T= 34.08 C
t= 4294.702393 a=(  1.101, -0.077,  9.754) m/s2 |a|= 9.816 w=(   0.427,   0.183,  -0.122) dps T= 34.03 C
t= 4294.803300 a=(  1.125, -0.067,  9.735) m/s2 |a|= 9.800 w=(   0.488,   0.183,  -0.122) dps T= 34.05 C
t= 4294.904167 a=(  1.106, -0.077,  9.759) m/s2 |a|= 9.822 w=(   0.366,   0.183,  -0.122) dps T= 34.05 C
t= 4295.005034 a=(  1.116, -0.067,  9.744) m/s2 |a|= 9.808 w=(   0.549,   0.122,  -0.061) dps T= 34.06 C
t= 4295.105931 a=(  1.116, -0.062,  9.759) m/s2 |a|= 9.823 w=(   0.488,   0.183,  -0.122) dps T= 34.05 C
t= 4295.206781 a=(  1.120, -0.077,  9.749) m/s2 |a|= 9.814 w=(   0.427,   0.244,  -0.122) dps T= 34.06 C
t= 4295.307650 a=(  1.116, -0.077,  9.754) m/s2 |a|= 9.818 w=(   0.427,   0.244,  -0.122) dps T= 34.05 C
t= 4295.408497 a=(  1.120, -0.077,  9.749) m/s2 |a|= 9.814 w=(   0.488,   0.183,  -0.122) dps T= 34.07 C
t= 4295.509357 a=(  1.116, -0.077,  9.744) m/s2 |a|= 9.808 w=(   0.427,   0.122,  -0.061) dps T= 34.05 C
t= 4295.610361 a=(  1.116, -0.067,  9.759) m/s2 |a|= 9.823 w=(   0.427,   0.122,  -0.122) dps T= 34.06 C
t= 4295.711278 a=(  1.120, -0.072,  9.749) m/s2 |a|= 9.814 w=(   0.488,   0.183,  -0.122) dps T= 34.05 C
t= 4295.812152 a=(  1.125, -0.086,  9.744) m/s2 |a|= 9.810 w=(   0.427,   0.183,  -0.122) dps T= 34.07 C
t= 4295.913019 a=(  1.106, -0.077,  9.754) m/s2 |a|= 9.817 w=(   0.488,   0.183,  -0.061) dps T= 34.05 C
t= 4296.013865 a=(  1.120, -0.072,  9.764) m/s2 |a|= 9.828 w=(   0.488,   0.183,  -0.122) dps T= 34.06 C
t= 4296.114700 a=(  1.101, -0.062,  9.759) m/s2 |a|= 9.821 w=(   0.427,   0.183,  -0.122) dps T= 34.05 C
t= 4296.215565 a=(  1.106, -0.077,  9.754) m/s2 |a|= 9.817 w=(   0.427,   0.183,  -0.122) dps T= 34.06 C
t= 4296.316412 a=(  1.106, -0.072,  9.749) m/s2 |a|= 9.812 w=(   0.427,   0.183,  -0.122) dps T= 34.05 C
t= 4296.417267 a=(  1.116, -0.072,  9.749) m/s2 |a|= 9.813 w=(   0.488,   0.183,  -0.061) dps T= 34.06 C
t= 4296.518145 a=(  1.125, -0.072,  9.759) m/s2 |a|= 9.824 w=(   0.488,   0.183,  -0.122) dps T= 34.03 C
t= 4296.618978 a=(  1.101, -0.091,  9.744) m/s2 |a|= 9.807 w=(   0.427,   0.183,  -0.183) dps T= 34.06 C
t= 4296.719846 a=(  1.097, -0.072,  9.754) m/s2 |a|= 9.816 w=(   0.427,   0.183,  -0.183) dps T= 34.05 C
t= 4296.820916 a=(  1.120, -0.081,  9.759) m/s2 |a|= 9.823 w=(   0.427,   0.183,  -0.122) dps T= 34.07 C
t= 4296.921813 a=(  1.125, -0.072,  9.783) m/s2 |a|= 9.847 w=(   0.427,   0.183,  -0.122) dps T= 34.05 C
t= 4297.022720 a=(  1.116, -0.062,  9.759) m/s2 |a|= 9.823 w=(   0.488,   0.183,  -0.122) dps T= 34.04 C
t= 4297.123566 a=(  1.116, -0.081,  9.764) m/s2 |a|= 9.827 w=(   0.488,   0.183,  -0.061) dps T= 34.08 C
t= 4297.224407 a=(  1.116, -0.072,  9.759) m/s2 |a|= 9.823 w=(   0.488,   0.183,  -0.061) dps T= 34.06 C
t= 4297.325262 a=(  1.125, -0.072,  9.764) m/s2 |a|= 9.828 w=(   0.488,   0.183,  -0.183) dps T= 34.05 C
t= 4297.426106 a=(  1.111, -0.077,  9.749) m/s2 |a|= 9.813 w=(   0.488,   0.183,  -0.122) dps T= 34.07 C
t= 4297.526955 a=(  1.120, -0.072,  9.740) m/s2 |a|= 9.804 w=(   0.427,   0.183,  -0.061) dps T= 34.07 C
t= 4297.627804 a=(  1.106, -0.067,  9.759) m/s2 |a|= 9.821 w=(   0.427,   0.183,  -0.122) dps T= 34.05 C
t= 4297.728626 a=(  1.111, -0.072,  9.759) m/s2 |a|= 9.822 w=(   0.488,   0.183,  -0.122) dps T= 34.04 C
t= 4297.829493 a=(  1.111, -0.081,  9.754) m/s2 |a|= 9.817 w=(   0.549,   0.183,  -0.122) dps T= 34.06 C
t= 4297.930475 a=(  1.116, -0.077,  9.773) m/s2 |a|= 9.837 w=(   0.488,   0.183,  -0.122) dps T= 34.05 C
t= 4298.031340 a=(  1.120, -0.077,  9.749) m/s2 |a|= 9.814 w=(   0.427,   0.183,  -0.122) dps T= 34.04 C
t= 4298.132234 a=(  1.116, -0.077,  9.759) m/s2 |a|= 9.823 w=(   0.488,   0.244,  -0.122) dps T= 34.04 C
t= 4298.233142 a=(  1.106, -0.067,  9.754) m/s2 |a|= 9.817 w=(   0.427,   0.122,  -0.122) dps T= 34.07 C
t= 4298.334026 a=(  1.116, -0.072,  9.744) m/s2 |a|= 9.808 w=(   0.427,   0.183,  -0.122) dps T= 34.05 C
t= 4298.434866 a=(  1.111, -0.077,  9.759) m/s2 |a|= 9.822 w=(   0.549,   0.122,  -0.122) dps T= 34.02 C
t= 4298.535725 a=(  1.116, -0.067,  9.759) m/s2 |a|= 9.823 w=(   0.488,   0.122,  -0.122) dps T= 34.05 C
t= 4298.636551 a=(  1.111, -0.072,  9.744) m/s2 |a|= 9.808 w=(   0.488,   0.183,  -0.122) dps T= 34.05 C
t= 4298.737388 a=(  1.120, -0.081,  9.754) m/s2 |a|= 9.818 w=(   0.427,   0.183,  -0.122) dps T= 34.04 C
t= 4298.838250 a=(  1.111, -0.062,  9.754) m/s2 |a|= 9.817 w=(   0.488,   0.122,  -0.122) dps T= 34.04 C
t= 4298.939079 a=(  1.130, -0.081,  9.749) m/s2 |a|= 9.815 w=(   0.427,   0.122,  -0.122) dps T= 34.05 C
t= 4299.039974 a=(  1.120, -0.072,  9.744) m/s2 |a|= 9.809 w=(   0.366,   0.183,  -0.122) dps T= 34.04 C
t= 4299.140931 a=(  1.116, -0.077,  9.759) m/s2 |a|= 9.823 w=(   0.427,   0.183,  -0.122) dps T= 34.04 C
t= 4299.241791 a=(  1.116, -0.062,  9.749) m/s2 |a|= 9.813 w=(   0.488,   0.122,  -0.122) dps T= 34.03 C
t= 4299.342682 a=(  1.116, -0.086,  9.749) m/s2 |a|= 9.813 w=(   0.427,   0.183,  -0.122) dps T= 34.05 C
t= 4299.443592 a=(  1.101, -0.057,  9.759) m/s2 |a|= 9.821 w=(   0.427,   0.183,  -0.122) dps T= 34.05 C
t= 4299.544476 a=(  1.106, -0.072,  9.725) m/s2 |a|= 9.788 w=(   0.427,   0.122,  -0.122) dps T= 34.05 C
t= 4299.645342 a=(  1.097, -0.077,  9.744) m/s2 |a|= 9.806 w=(   0.427,   0.122,  -0.122) dps T= 34.05 C
t= 4299.746181 a=(  1.111, -0.081,  9.759) m/s2 |a|= 9.822 w=(   0.488,   0.183,  -0.122) dps T= 34.07 C
t= 4299.847032 a=(  1.111, -0.077,  9.759) m/s2 |a|= 9.822 w=(   0.488,   0.183,  -0.122) dps T= 34.04 C
t= 4299.947870 a=(  1.101, -0.072,  9.764) m/s2 |a|= 9.826 w=(   0.427,   0.183,  -0.122) dps T= 34.05 C
t= 4300.048702 a=(  1.106, -0.077,  9.744) m/s2 |a|= 9.807 w=(   0.427,   0.183,  -0.183) dps T= 34.05 C
t= 4300.149517 a=(  1.111, -0.067,  9.749) m/s2 |a|= 9.813 w=(   0.427,   0.183,  -0.122) dps T= 34.05 C
t= 4300.250506 a=(  1.120, -0.072,  9.740) m/s2 |a|= 9.804 w=(   0.488,   0.183,  -0.122) dps T= 34.04 C
t= 4300.351348 a=(  1.101, -0.072,  9.749) m/s2 |a|= 9.811 w=(   0.488,   0.183,  -0.122) dps T= 34.04 C
t= 4300.452319 a=(  1.116, -0.057,  9.764) m/s2 |a|= 9.827 w=(   0.427,   0.183,  -0.122) dps T= 34.05 C
t= 4300.553256 a=(  1.116, -0.086,  9.764) m/s2 |a|= 9.827 w=(   0.488,   0.122,  -0.122) dps T= 34.03 C
t= 4300.654129 a=(  1.120, -0.072,  9.744) m/s2 |a|= 9.809 w=(   0.427,   0.183,  -0.183) dps T= 34.05 C
t= 4300.754985 a=(  1.120, -0.072,  9.749) m/s2 |a|= 9.814 w=(   0.427,   0.183,  -0.122) dps T= 34.03 C
t= 4300.855848 a=(  1.116, -0.062,  9.754) m/s2 |a|= 9.818 w=(   0.488,   0.183,  -0.122) dps T= 34.04 C
t= 4300.956687 a=(  1.120, -0.077,  9.744) m/s2 |a|= 9.809 w=(   0.488,   0.122,  -0.122) dps T= 34.05 C
t= 4301.057516 a=(  1.125, -0.086,  9.754) m/s2 |a|= 9.819 w=(   0.427,   0.183,  -0.122) dps T= 34.03 C
t= 4301.158342 a=(  1.111, -0.077,  9.744) m/s2 |a|= 9.808 w=(   0.488,   0.183,  -0.122) dps T= 34.05 C
t= 4301.259218 a=(  1.116, -0.062,  9.759) m/s2 |a|= 9.823 w=(   0.427,   0.183,  -0.122) dps T= 34.05 C
t= 4301.360080 a=(  1.116, -0.072,  9.754) m/s2 |a|= 9.818 w=(   0.427,   0.122,  -0.122) dps T= 34.05 C
t= 4301.460908 a=(  1.101, -0.067,  9.744) m/s2 |a|= 9.807 w=(   0.488,   0.183,  -0.122) dps T= 34.04 C
t= 4301.561753 a=(  1.111, -0.062,  9.744) m/s2 |a|= 9.808 w=(   0.427,   0.183,  -0.122) dps T= 34.04 C
t= 4301.662610 a=(  1.125, -0.081,  9.740) m/s2 |a|= 9.805 w=(   0.488,   0.244,  -0.122) dps T= 34.05 C
t= 4301.763495 a=(  1.116, -0.081,  9.749) m/s2 |a|= 9.813 w=(   0.427,   0.183,  -0.061) dps T= 34.05 C
t= 4301.864348 a=(  1.111, -0.062,  9.744) m/s2 |a|= 9.808 w=(   0.488,   0.183,  -0.122) dps T= 34.06 C
t= 4301.965198 a=(  1.116, -0.081,  9.759) m/s2 |a|= 9.823 w=(   0.427,   0.244,  -0.122) dps T= 34.05 C
t= 4302.066032 a=(  1.120, -0.077,  9.749) m/s2 |a|= 9.814 w=(   0.427,   0.122,  -0.061) dps T= 34.04 C
t= 4302.166861 a=(  1.111, -0.086,  9.744) m/s2 |a|= 9.808 w=(   0.427,   0.183,  -0.122) dps T= 34.03 C
t= 4302.267681 a=(  1.116, -0.077,  9.740) m/s2 |a|= 9.804 w=(   0.427,   0.183,  -0.122) dps T= 34.02 C
t= 4302.368508 a=(  1.116, -0.072,  9.754) m/s2 |a|= 9.818 w=(   0.488,   0.183,  -0.122) dps T= 34.05 C
t= 4302.469338 a=(  1.116, -0.067,  9.759) m/s2 |a|= 9.823 w=(   0.488,   0.183,  -0.183) dps T= 34.04 C
t= 4302.570316 a=(  1.106, -0.067,  9.768) m/s2 |a|= 9.831 w=(   0.427,   0.183,  -0.061) dps T= 34.07 C
t= 4302.671187 a=(  1.120, -0.086,  9.754) m/s2 |a|= 9.819 w=(   0.488,   0.183,  -0.061) dps T= 34.04 C
t= 4302.772026 a=(  1.111, -0.091,  9.749) m/s2 |a|= 9.813 w=(   0.427,   0.183,  -0.122) dps T= 34.03 C
t= 4302.872998 a=(  1.106, -0.077,  9.749) m/s2 |a|= 9.812 w=(   0.427,   0.122,  -0.122) dps T= 34.05 C
t= 4302.973935 a=(  1.106, -0.067,  9.744) m/s2 |a|= 9.807 w=(   0.427,   0.183,  -0.122) dps T= 34.05 C
t= 4303.074851 a=(  1.116, -0.072,  9.740) m/s2 |a|= 9.804 w=(   0.427,   0.183,  -0.122) dps T= 34.06 C
t= 4303.175720 a=(  1.111, -0.062,  9.740) m/s2 |a|= 9.803 w=(   0.427,   0.183,  -0.061) dps T= 34.05 C
t= 4303.276582 a=(  1.120, -0.081,  9.749) m/s2 |a|= 9.814 w=(   0.427,   0.183,  -0.122) dps T= 34.05 C
t= 4303.377444 a=(  1.116, -0.077,  9.768) m/s2 |a|= 9.832 w=(   0.427,   0.183,  -0.122) dps T= 34.04 C
t= 4303.478282 a=(  1.120, -0.081,  9.735) m/s2 |a|= 9.799 w=(   0.427,   0.183,  -0.122) dps T= 34.06 C
t= 4303.579118 a=(  1.125, -0.067,  9.740) m/s2 |a|= 9.805 w=(   0.488,   0.183,  -0.061) dps T= 34.04 C
t= 4303.679937 a=(  1.116, -0.077,  9.749) m/s2 |a|= 9.813 w=(   0.427,   0.183,  -0.183) dps T= 34.05 C
t= 4303.780849 a=(  1.120, -0.096,  9.754) m/s2 |a|= 9.819 w=(   0.488,   0.183,  -0.183) dps T= 34.05 C
t= 4303.881710 a=(  1.116, -0.077,  9.754) m/s2 |a|= 9.818 w=(   0.488,   0.183,  -0.122) dps T= 34.05 C
t= 4303.982554 a=(  1.116, -0.081,  9.764) m/s2 |a|= 9.827 w=(   0.488,   0.183,  -0.122) dps T= 34.05 C
t= 4304.083427 a=(  1.120, -0.081,  9.744) m/s2 |a|= 9.809 w=(   0.427,   0.122,  -0.122) dps T= 34.04 C
t= 4304.184340 a=(  1.125, -0.067,  9.744) m/s2 |a|= 9.809 w=(   0.427,   0.183,  -0.122) dps T= 34.06 C
t= 4304.285256 a=(  1.111, -0.072,  9.754) m/s2 |a|= 9.817 w=(   0.488,   0.183,  -0.122) dps T= 34.04 C
t= 4304.386099 a=(  1.120, -0.077,  9.740) m/s2 |a|= 9.804 w=(   0.427,   0.183,  -0.122) dps T= 34.04 C
t= 4304.486923 a=(  1.120, -0.077,  9.754) m/s2 |a|= 9.818 w=(   0.427,   0.183,  -0.122) dps T= 34.02 C
t= 4304.587763 a=(  1.125, -0.062,  9.740) m/s2 |a|= 9.805 w=(   0.427,   0.122,  -0.122) dps T= 34.03 C
t= 4304.688579 a=(  1.106, -0.086,  9.754) m/s2 |a|= 9.817 w=(   0.488,   0.183,  -0.061) dps T= 34.05 C
t= 4304.789424 a=(  1.101, -0.086,  9.740) m/s2 |a|= 9.802 w=(   0.488,   0.183,  -0.122) dps T= 34.05 C
t= 4304.890337 a=(  1.125, -0.081,  9.754) m/s2 |a|= 9.819 w=(   0.427,   0.183,  -0.122) dps T= 34.03 C
t= 4304.991211 a=(  1.116, -0.067,  9.744) m/s2 |a|= 9.808 w=(   0.427,   0.183,  -0.061) dps T= 34.05 C
t= 4305.092080 a=(  1.125, -0.072,  9.759) m/s2 |a|= 9.824 w=(   0.488,   0.183,  -0.122) dps T= 34.03 C
t= 4305.192911 a=(  1.101, -0.072,  9.759) m/s2 |a|= 9.821 w=(   0.427,   0.183,  -0.061) dps T= 34.02 C
t= 4305.293801 a=(  1.120, -0.077,  9.749) m/s2 |a|= 9.814 w=(   0.488,   0.183,  -0.061) dps T= 34.05 C
t= 4305.394687 a=(  1.116, -0.072,  9.754) m/s2 |a|= 9.818 w=(   0.427,   0.183,  -0.122) dps T= 34.03 C
t= 4305.495531 a=(  1.120, -0.072,  9.749) m/s2 |a|= 9.814 w=(   0.488,   0.183,  -0.183) dps T= 34.04 C
t= 4305.596407 a=(  1.111, -0.067,  9.768) m/s2 |a|= 9.832 w=(   0.488,   0.183,  -0.122) dps T= 34.03 C
t= 4305.697236 a=(  1.111, -0.077,  9.754) m/s2 |a|= 9.817 w=(   0.488,   0.183,  -0.061) dps T= 34.03 C
t= 4305.798081 a=(  1.101, -0.072,  9.744) m/s2 |a|= 9.807 w=(   0.427,   0.183,  -0.122) dps T= 34.05 C
t= 4305.898920 a=(  1.116, -0.081,  9.754) m/s2 |a|= 9.818 w=(   0.488,   0.183,  -0.122) dps T= 34.05 C
t= 4305.999740 a=(  1.120, -0.072,  9.749) m/s2 |a|= 9.814 w=(   0.488,   0.244,  -0.122) dps T= 34.03 C
t= 4306.100697 a=(  1.120, -0.077,  9.735) m/s2 |a|= 9.799 w=(   0.427,   0.183,  -0.122) dps T= 34.03 C
t= 4306.201566 a=(  1.130, -0.067,  9.759) m/s2 |a|= 9.824 w=(   0.427,   0.183,  -0.061) dps T= 34.04 C
t= 4306.302423 a=(  1.116, -0.081,  9.744) m/s2 |a|= 9.808 w=(   0.488,   0.183,  -0.122) dps T= 34.04 C
t= 4306.403278 a=(  1.116, -0.072,  9.773) m/s2 |a|= 9.837 w=(   0.427,   0.183,  -0.183) dps T= 34.05 C
t= 4306.504145 a=(  1.120, -0.062,  9.749) m/s2 |a|= 9.814 w=(   0.427,   0.183,  -0.122) dps T= 34.03 C
t= 4306.605020 a=(  1.111, -0.072,  9.754) m/s2 |a|= 9.817 w=(   0.427,   0.183,  -0.122) dps T= 34.02 C
t= 4306.705859 a=(  1.111, -0.077,  9.744) m/s2 |a|= 9.808 w=(   0.427,   0.244,  -0.122) dps T= 34.04 C
t= 4306.806720 a=(  1.120, -0.072,  9.764) m/s2 |a|= 9.828 w=(   0.427,   0.183,  -0.122) dps T= 34.05 C
t= 4306.907627 a=(  1.135, -0.072,  9.735) m/s2 |a|= 9.801 w=(   0.488,   0.305,  -0.122) dps T= 34.02 C
t= 4307.008506 a=(  1.125, -0.081,  9.759) m/s2 |a|= 9.824 w=(   0.488,   0.183,  -0.122) dps T= 34.02 C
t= 4307.109351 a=(  1.116, -0.062,  9.749) m/s2 |a|= 9.813 w=(   0.427,   0.122,  -0.061) dps T= 34.05 C
t= 4307.210243 a=(  1.125, -0.062,  9.749) m/s2 |a|= 9.814 w=(   0.427,   0.122,  -0.122) dps T= 34.04 C
t= 4307.311117 a=(  1.116, -0.072,  9.744) m/s2 |a|= 9.808 w=(   0.427,   0.183,  -0.122) dps T= 34.03 C
t= 4307.411991 a=(  1.111, -0.072,  9.744) m/s2 |a|= 9.808 w=(   0.366,   0.183,  -0.122) dps T= 34.06 C
t= 4307.512821 a=(  1.120, -0.072,  9.759) m/s2 |a|= 9.823 w=(   0.427,   0.183,  -0.122) dps T= 34.06 C
t= 4307.613674 a=(  1.111, -0.096,  9.749) m/s2 |a|= 9.813 w=(   0.427,   0.183,  -0.122) dps T= 34.04 C
t= 4307.714537 a=(  1.116, -0.077,  9.773) m/s2 |a|= 9.837 w=(   0.427,   0.183,  -0.122) dps T= 34.02 C
t= 4307.815408 a=(  1.106, -0.072,  9.740) m/s2 |a|= 9.802 w=(   0.427,   0.122,  -0.183) dps T= 34.03 C
t= 4307.916274 a=(  1.130, -0.081,  9.749) m/s2 |a|= 9.815 w=(   0.427,   0.183,  -0.061) dps T= 34.03 C
t= 4308.017116 a=(  1.116, -0.077,  9.744) m/s2 |a|= 9.808 w=(   0.427,   0.183,  -0.122) dps T= 34.05 C
t= 4308.117981 a=(  1.116, -0.072,  9.740) m/s2 |a|= 9.804 w=(   0.427,   0.183,  -0.122) dps T= 34.05 C
t= 4308.218891 a=(  1.120, -0.072,  9.754) m/s2 |a|= 9.818 w=(   0.488,   0.183,  -0.122) dps T= 34.05 C
t= 4308.319750 a=(  1.111, -0.077,  9.759) m/s2 |a|= 9.822 w=(   0.488,   0.244,  -0.122) dps T= 34.02 C
t= 4308.420662 a=(  1.120, -0.067,  9.764) m/s2 |a|= 9.828 w=(   0.427,   0.183,  -0.061) dps T= 34.05 C
t= 4308.521517 a=(  1.120, -0.072,  9.740) m/s2 |a|= 9.804 w=(   0.427,   0.122,  -0.183) dps T= 34.04 C
t= 4308.622360 a=(  1.111, -0.062,  9.754) m/s2 |a|= 9.817 w=(   0.427,   0.244,  -0.122) dps T= 34.03 C
t= 4308.723185 a=(  1.125, -0.062,  9.744) m/s2 |a|= 9.809 w=(   0.488,   0.244,  -0.061) dps T= 34.03 C
t= 4308.824079 a=(  1.116, -0.067,  9.754) m/s2 |a|= 9.818 w=(   0.549,   0.183,  -0.122) dps T= 34.03 C
t= 4308.924960 a=(  1.106, -0.091,  9.754) m/s2 |a|= 9.817 w=(   0.427,   0.183,  -0.122) dps T= 34.04 C
t= 4309.025856 a=(  1.106, -0.067,  9.735) m/s2 |a|= 9.798 w=(   0.427,   0.122,  -0.122) dps T= 34.02 C
t= 4309.126719 a=(  1.111, -0.067,  9.754) m/s2 |a|= 9.817 w=(   0.427,   0.183,  -0.183) dps T= 34.04 C
t= 4309.227546 a=(  1.101, -0.077,  9.754) m/s2 |a|= 9.816 w=(   0.427,   0.244,  -0.061) dps T= 34.03 C
t= 4309.328384 a=(  1.116, -0.081,  9.744) m/s2 |a|= 9.808 w=(   0.488,   0.183,  -0.122) dps T= 34.04 C
t= 4309.429212 a=(  1.130, -0.057,  9.749) m/s2 |a|= 9.815 w=(   0.488,   0.183,  -0.122) dps T= 34.02 C
t= 4309.530111 a=(  1.106, -0.067,  9.744) m/s2 |a|= 9.807 w=(   0.488,   0.183,  -0.122) dps T= 34.01 C
t= 4309.630956 a=(  1.116, -0.067,  9.773) m/s2 |a|= 9.837 w=(   0.549,   0.183,  -0.122) dps T= 34.03 C
t= 4309.731795 a=(  1.116, -0.077,  9.749) m/s2 |a|= 9.813 w=(   0.488,   0.122,  -0.183) dps T= 34.04 C
t= 4309.832657 a=(  1.111, -0.072,  9.754) m/s2 |a|= 9.817 w=(   0.488,   0.183,  -0.122) dps T= 34.04 C
t= 4309.933500 a=(  1.120, -0.067,  9.754) m/s2 |a|= 9.818 w=(   0.427,   0.183,  -0.061) dps T= 34.04 C
t= 4310.034460 a=(  1.120, -0.077,  9.749) m/s2 |a|= 9.814 w=(   0.427,   0.183,  -0.122) dps T= 34.03 C
t= 4310.135380 a=(  1.106, -0.067,  9.759) m/s2 |a|= 9.821 w=(   0.488,   0.183,  -0.061) dps T= 34.04 C
t= 4310.236321 a=(  1.116, -0.067,  9.749) m/s2 |a|= 9.813 w=(   0.427,   0.183,  -0.183) dps T= 34.05 C
t= 4310.337250 a=(  1.116, -0.067,  9.744) m/s2 |a|= 9.808 w=(   0.427,   0.183,  -0.122) dps T= 34.03 C
t= 4310.438110 a=(  1.125, -0.062,  9.759) m/s2 |a|= 9.824 w=(   0.366,   0.183,  -0.183) dps T= 34.03 C
t= 4310.538951 a=(  1.111, -0.067,  9.744) m/s2 |a|= 9.808 w=(   0.427,   0.244,  -0.122) dps T= 34.04 C
t= 4310.639793 a=(  1.130, -0.077,  9.725) m/s2 |a|= 9.791 w=(   0.366,   0.183,  -0.122) dps T= 34.05 C
t= 4310.740731 a=(  1.111, -0.062,  9.749) m/s2 |a|= 9.812 w=(   0.427,   0.183,  -0.122) dps T= 34.04 C
t= 4310.841647 a=(  1.120, -0.077,  9.764) m/s2 |a|= 9.828 w=(   0.427,   0.244,  -0.122) dps T= 34.03 C
t= 4310.942482 a=(  1.116, -0.067,  9.740) m/s2 |a|= 9.804 w=(   0.488,   0.183,  -0.122) dps T= 34.01 C
t= 4311.043346 a=(  1.106, -0.077,  9.744) m/s2 |a|= 9.807 w=(   0.427,   0.122,  -0.061) dps T= 34.03 C
t= 4311.144193 a=(  1.106, -0.077,  9.744) m/s2 |a|= 9.807 w=(   0.427,   0.183,  -0.061) dps T= 34.02 C
t= 4311.245050 a=(  1.125, -0.077,  9.759) m/s2 |a|= 9.824 w=(   0.427,   0.183,  -0.122) dps T= 34.03 C
t= 4311.345923 a=(  1.130, -0.077,  9.759) m/s2 |a|= 9.824 w=(   0.427,   0.244,  -0.122) dps T= 34.04 C
t= 4311.446782 a=(  1.116, -0.072,  9.759) m/s2 |a|= 9.823 w=(   0.427,   0.183,  -0.122) dps T= 34.02 C
t= 4311.547639 a=(  1.116, -0.072,  9.740) m/s2 |a|= 9.804 w=(   0.488,   0.183,  -0.122) dps T= 34.01 C
t= 4311.648487 a=(  1.125, -0.072,  9.754) m/s2 |a|= 9.819 w=(   0.427,   0.183,  -0.183) dps T= 34.02 C
t= 4311.749332 a=(  1.101, -0.077,  9.754) m/s2 |a|= 9.816 w=(   0.427,   0.183,  -0.122) dps T= 34.02 C
t= 4311.850306 a=(  1.111, -0.081,  9.749) m/s2 |a|= 9.813 w=(   0.488,   0.122,  -0.183) dps T= 34.02 C
t= 4311.951139 a=(  1.097, -0.067,  9.759) m/s2 |a|= 9.820 w=(   0.427,   0.183,  -0.122) dps T= 34.00 C
t= 4312.051991 a=(  1.106, -0.077,  9.744) m/s2 |a|= 9.807 w=(   0.427,   0.183,  -0.122) dps T= 34.04 C
t= 4312.152830 a=(  1.111, -0.091,  9.749) m/s2 |a|= 9.813 w=(   0.488,   0.183,  -0.122) dps T= 34.03 C
t= 4312.253658 a=(  1.101, -0.086,  9.754) m/s2 |a|= 9.816 w=(   0.488,   0.305,  -0.183) dps T= 34.02 C
t= 4312.354486 a=(  1.106, -0.077,  9.735) m/s2 |a|= 9.798 w=(   0.549,   0.122,  -0.122) dps T= 34.03 C
t= 4312.455413 a=(  1.092, -0.072,  9.759) m/s2 |a|= 9.820 w=(   0.488,   0.305,  -0.122) dps T= 34.03 C
t= 4312.556289 a=(  1.116, -0.077,  9.735) m/s2 |a|= 9.799 w=(   0.488,   0.122,  -0.122) dps T= 34.02 C
t= 4312.657193 a=(  1.106, -0.086,  9.754) m/s2 |a|= 9.817 w=(   0.488,   0.244,  -0.122) dps T= 34.02 C
t= 4312.758041 a=(  1.116, -0.077,  9.725) m/s2 |a|= 9.789 w=(   0.427,   0.183,  -0.122) dps T= 34.05 C
t= 4312.858891 a=(  1.130, -0.057,  9.754) m/s2 |a|= 9.819 w=(   0.427,   0.183,  -0.122) dps T= 34.03 C
t= 4312.959746 a=(  1.111, -0.067,  9.735) m/s2 |a|= 9.798 w=(   0.488,   0.183,  -0.183) dps T= 34.02 C
t= 4313.060667 a=(  1.116, -0.077,  9.740) m/s2 |a|= 9.804 w=(   0.488,   0.122,  -0.122) dps T= 34.02 C
t= 4313.161532 a=(  1.116, -0.072,  9.744) m/s2 |a|= 9.808 w=(   0.427,   0.183,  -0.122) dps T= 34.01 C
t= 4313.262423 a=(  1.116, -0.077,  9.759) m/s2 |a|= 9.823 w=(   0.427,   0.244,  -0.061) dps T= 34.03 C
t= 4313.363269 a=(  1.111, -0.077,  9.749) m/s2 |a|= 9.813 w=(   0.366,   0.183,  -0.061) dps T= 34.02 C
t= 4313.464100 a=(  1.116, -0.057,  9.759) m/s2 |a|= 9.823 w=(   0.427,   0.122,  -0.122) dps T= 34.02 C
t= 4313.564929 a=(  1.111, -0.072,  9.764) m/s2 |a|= 9.827 w=(   0.427,   0.244,  -0.122) dps T= 34.03 C
t= 4313.665798 a=(  1.120, -0.062,  9.735) m/s2 |a|= 9.799 w=(   0.366,   0.244,  -0.122) dps T= 34.04 C
t= 4313.766663 a=(  1.120, -0.067,  9.754) m/s2 |a|= 9.818 w=(   0.488,   0.244,  -0.122) dps T= 34.03 C
t= 4313.867526 a=(  1.116, -0.067,  9.749) m/s2 |a|= 9.813 w=(   0.427,   0.183,  -0.122) dps T= 34.03 C
t= 4313.968397 a=(  1.135, -0.081,  9.740) m/s2 |a|= 9.806 w=(   0.427,   0.183,  -0.122) dps T= 34.02 C
t= 4314.069230 a=(  1.120, -0.057,  9.749) m/s2 |a|= 9.814 w=(   0.427,   0.183,  -0.122) dps T= 34.02 C
t= 4314.170114 a=(  1.116, -0.062,  9.740) m/s2 |a|= 9.804 w=(   0.488,   0.183,  -0.122) dps T= 34.03 C
t= 4314.270961 a=(  1.106, -0.062,  9.768) m/s2 |a|= 9.831 w=(   0.427,   0.183,  -0.122) dps T= 34.01 C
t= 4314.371790 a=(  1.116, -0.096,  9.759) m/s2 |a|= 9.823 w=(   0.427,   0.122,  -0.061) dps T= 34.01 C
t= 4314.472631 a=(  1.125, -0.077,  9.749) m/s2 |a|= 9.814 w=(   0.488,   0.183,  -0.122) dps T= 34.02 C
t= 4314.573485 a=(  1.111, -0.072,  9.754) m/s2 |a|= 9.817 w=(   0.427,   0.183,  -0.122) dps T= 34.02 C
t= 4314.674333 a=(  1.116, -0.081,  9.764) m/s2 |a|= 9.827 w=(   0.427,   0.183,  -0.122) dps T= 34.02 C
t= 4314.775209 a=(  1.101, -0.072,  9.754) m/s2 |a|= 9.816 w=(   0.427,   0.122,  -0.183) dps T= 34.01 C
t= 4314.876095 a=(  1.106, -0.072,  9.759) m/s2 |a|= 9.822 w=(   0.427,   0.183,  -0.122) dps T= 34.03 C
t= 4314.976977 a=(  1.101, -0.081,  9.768) m/s2 |a|= 9.831 w=(   0.488,   0.183,  -0.122) dps T= 34.03 C
t= 4315.077834 a=(  1.106, -0.072,  9.754) m/s2 |a|= 9.817 w=(   0.488,   0.244,  -0.122) dps T= 34.01 C
t= 4315.178733 a=(  1.120, -0.067,  9.759) m/s2 |a|= 9.823 w=(   0.427,   0.183,  -0.122) dps T= 34.01 C
t= 4315.279575 a=(  1.111, -0.077,  9.749) m/s2 |a|= 9.813 w=(   0.549,   0.183,  -0.122) dps T= 34.02 C
t= 4315.380508 a=(  1.111, -0.081,  9.754) m/s2 |a|= 9.817 w=(   0.488,   0.183,  -0.122) dps T= 34.01 C
t= 4315.481334 a=(  1.120, -0.077,  9.754) m/s2 |a|= 9.818 w=(   0.488,   0.183,  -0.122) dps T= 34.02 C
t= 4315.582145 a=(  1.111, -0.072,  9.759) m/s2 |a|= 9.822 w=(   0.427,   0.183,  -0.183) dps T= 34.03 C
t= 4315.683005 a=(  1.111, -0.077,  9.744) m/s2 |a|= 9.808 w=(   0.427,   0.183,  -0.122) dps T= 34.02 C
t= 4315.783823 a=(  1.116, -0.067,  9.744) m/s2 |a|= 9.808 w=(   0.427,   0.183,  -0.122) dps T= 34.01 C
t= 4315.884649 a=(  1.111, -0.067,  9.749) m/s2 |a|= 9.813 w=(   0.427,   0.122,  -0.183) dps T= 34.03 C
t= 4315.985504 a=(  1.097, -0.077,  9.759) m/s2 |a|= 9.820 w=(   0.427,   0.183,  -0.122) dps T= 34.05 C
t= 4316.086395 a=(  1.116, -0.067,  9.754) m/s2 |a|= 9.818 w=(   0.427,   0.183,  -0.122) dps T= 34.02 C
t= 4316.187288 a=(  1.106, -0.081,  9.740) m/s2 |a|= 9.803 w=(   0.488,   0.183,  -0.122) dps T= 34.02 C
t= 4316.288214 a=(  1.111, -0.062,  9.744) m/s2 |a|= 9.808 w=(   0.427,   0.244,  -0.122) dps T= 34.00 C
t= 4316.389117 a=(  1.125, -0.067,  9.740) m/s2 |a|= 9.805 w=(   0.488,   0.183,  -0.122) dps T= 34.01 C
t= 4316.489982 a=(  1.116, -0.062,  9.754) m/s2 |a|= 9.818 w=(   0.488,   0.183,  -0.122) dps T= 34.02 C
t= 4316.590866 a=(  1.116, -0.072,  9.749) m/s2 |a|= 9.813 w=(   0.427,   0.183,  -0.061) dps T= 34.01 C
t= 4316.691742 a=(  1.116, -0.086,  9.744) m/s2 |a|= 9.808 w=(   0.427,   0.122,  -0.183) dps T= 34.00 C
t= 4316.792571 a=(  1.111, -0.062,  9.754) m/s2 |a|= 9.817 w=(   0.488,   0.183,  -0.183) dps T= 34.03 C
t= 4316.893404 a=(  1.106, -0.067,  9.744) m/s2 |a|= 9.807 w=(   0.488,   0.183,  -0.061) dps T= 34.01 C
t= 4316.994268 a=(  1.120, -0.086,  9.759) m/s2 |a|= 9.823 w=(   0.427,   0.122,  -0.183) dps T= 34.01 C
t= 4317.095091 a=(  1.125, -0.086,  9.744) m/s2 |a|= 9.810 w=(   0.427,   0.183,  -0.122) dps T= 34.02 C
t= 4317.195929 a=(  1.111, -0.081,  9.749) m/s2 |a|= 9.813 w=(   0.427,   0.244,  -0.122) dps T= 34.04 C
t= 4317.296949 a=(  1.106, -0.072,  9.749) m/s2 |a|= 9.812 w=(   0.488,   0.183,  -0.122) dps T= 34.03 C
t= 4317.397843 a=(  1.120, -0.081,  9.740) m/s2 |a|= 9.804 w=(   0.488,   0.244,  -0.122) dps T= 34.02 C
t= 4317.498699 a=(  1.116, -0.081,  9.764) m/s2 |a|= 9.827 w=(   0.427,   0.183,  -0.061) dps T= 34.02 C
t= 4317.599548 a=(  1.111, -0.077,  9.759) m/s2 |a|= 9.822 w=(   0.427,   0.183,  -0.122) dps T= 34.01 C
t= 4317.700508 a=(  1.130, -0.077,  9.754) m/s2 |a|= 9.820 w=(   0.427,   0.183,  -0.122) dps T= 34.03 C
t= 4317.801339 a=(  1.106, -0.077,  9.754) m/s2 |a|= 9.817 w=(   0.427,   0.122,  -0.122) dps T= 34.04 C
t= 4317.902175 a=(  1.125, -0.077,  9.754) m/s2 |a|= 9.819 w=(   0.427,   0.183,  -0.122) dps T= 34.01 C
t= 4318.003007 a=(  1.111, -0.086,  9.749) m/s2 |a|= 9.813 w=(   0.488,   0.122,  -0.183) dps T= 34.01 C
t= 4318.103850 a=(  1.106, -0.062,  9.764) m/s2 |a|= 9.826 w=(   0.488,   0.183,  -0.122) dps T= 34.03 C
t= 4318.204693 a=(  1.116, -0.072,  9.749) m/s2 |a|= 9.813 w=(   0.427,   0.122,  -0.122) dps T= 34.01 C
t= 4318.305522 a=(  1.111, -0.067,  9.749) m/s2 |a|= 9.813 w=(   0.488,   0.122,  -0.122) dps T= 34.02 C
t= 4318.406356 a=(  1.116, -0.077,  9.759) m/s2 |a|= 9.823 w=(   0.488,   0.244,  -0.183) dps T= 34.01 C
t= 4318.507239 a=(  1.116, -0.077,  9.744) m/s2 |a|= 9.808 w=(   0.488,   0.183,  -0.122) dps T= 34.01 C
t= 4318.608094 a=(  1.125, -0.081,  9.749) m/s2 |a|= 9.814 w=(   0.488,   0.183,  -0.122) dps T= 34.01 C
t= 4318.709002 a=(  1.106, -0.086,  9.754) m/s2 |a|= 9.817 w=(   0.488,   0.122,  -0.122) dps T= 34.04 C
t= 4318.809851 a=(  1.125, -0.067,  9.759) m/s2 |a|= 9.824 w=(   0.427,   0.183,  -0.122) dps T= 34.02 C
t= 4318.910794 a=(  1.116, -0.067,  9.759) m/s2 |a|= 9.823 w=(   0.488,   0.183,  -0.122) dps T= 34.01 C
t= 4319.011642 a=(  1.106, -0.081,  9.754) m/s2 |a|= 9.817 w=(   0.488,   0.183,  -0.122) dps T= 34.02 C
t= 4319.112474 a=(  1.111, -0.072,  9.754) m/s2 |a|= 9.817 w=(   0.488,   0.244,  -0.183) dps T= 34.01 C
t= 4319.213319 a=(  1.135, -0.081,  9.744) m/s2 |a|= 9.811 w=(   0.427,   0.183,  -0.122) dps T= 34.02 C
t= 4319.314262 a=(  1.116, -0.062,  9.754) m/s2 |a|= 9.818 w=(   0.427,   0.183,  -0.122) dps T= 34.01 C
t= 4319.415162 a=(  1.120, -0.072,  9.749) m/s2 |a|= 9.814 w=(   0.427,   0.183,  -0.122) dps T= 34.02 C
t= 4319.516015 a=(  1.111, -0.077,  9.759) m/s2 |a|= 9.822 w=(   0.488,   0.183,  -0.061) dps T= 34.00 C
t= 4319.616851 a=(  1.101, -0.067,  9.740) m/s2 |a|= 9.802 w=(   0.427,   0.122,  -0.122) dps T= 34.01 C
t= 4319.717746 a=(  1.120, -0.072,  9.754) m/s2 |a|= 9.818 w=(   0.488,   0.244,  -0.061) dps T= 34.02 C
t= 4319.818616 a=(  1.125, -0.067,  9.749) m/s2 |a|= 9.814 w=(   0.427,   0.122,  -0.061) dps T= 34.02 C
t= 4319.919479 a=(  1.120, -0.072,  9.749) m/s2 |a|= 9.814 w=(   0.488,   0.183,  -0.122) dps T= 34.01 C
t= 4320.020403 a=(  1.135, -0.077,  9.744) m/s2 |a|= 9.811 w=(   0.427,   0.183,  -0.122) dps T= 34.01 C
t= 4320.121247 a=(  1.130, -0.072,  9.754) m/s2 |a|= 9.819 w=(   0.488,   0.122,  -0.122) dps T= 34.03 C
t= 4320.222117 a=(  1.116, -0.067,  9.744) m/s2 |a|= 9.808 w=(   0.427,   0.183,  -0.122) dps T= 34.02 C
t= 4320.322949 a=(  1.106, -0.096,  9.749) m/s2 |a|= 9.812 w=(   0.488,   0.183,  -0.061) dps T= 34.01 C
t= 4320.423786 a=(  1.120, -0.077,  9.759) m/s2 |a|= 9.823 w=(   0.488,   0.183,  -0.061) dps T= 34.02 C
t= 4320.524625 a=(  1.125, -0.081,  9.768) m/s2 |a|= 9.833 w=(   0.427,   0.122,  -0.061) dps T= 34.03 C
t= 4320.625437 a=(  1.130, -0.081,  9.744) m/s2 |a|= 9.810 w=(   0.427,   0.122,  -0.183) dps T= 34.03 C
t= 4320.726272 a=(  1.116, -0.072,  9.754) m/s2 |a|= 9.818 w=(   0.488,   0.244,  -0.122) dps T= 34.01 C
t= 4320.827108 a=(  1.101, -0.081,  9.764) m/s2 |a|= 9.826 w=(   0.427,   0.183,  -0.061) dps T= 34.03 C
t= 4320.927988 a=(  1.116, -0.067,  9.749) m/s2 |a|= 9.813 w=(   0.488,   0.244,  -0.183) dps T= 34.00 C
t= 4321.028861 a=(  1.120, -0.077,  9.759) m/s2 |a|= 9.823 w=(   0.427,   0.183,  -0.122) dps T= 34.02 C
t= 4321.129695 a=(  1.120, -0.077,  9.764) m/s2 |a|= 9.828 w=(   0.427,   0.244,  -0.122) dps T= 34.01 C
t= 4321.230688 a=(  1.116, -0.096,  9.759) m/s2 |a|= 9.823 w=(   0.427,   0.122,  -0.122) dps T= 34.02 C
t= 4321.331534 a=(  1.116, -0.081,  9.754) m/s2 |a|= 9.818 w=(   0.488,   0.244,  -0.122) dps T= 34.02 C
t= 4321.432382 a=(  1.106, -0.077,  9.744) m/s2 |a|= 9.807 w=(   0.488,   0.183,  -0.183) dps T= 34.03 C
t= 4321.533244 a=(  1.130, -0.072,  9.773) m/s2 |a|= 9.839 w=(   0.427,   0.183,  -0.061) dps T= 34.02 C
t= 4321.634072 a=(  1.116, -0.086,  9.754) m/s2 |a|= 9.818 w=(   0.427,   0.183,  -0.122) dps T= 34.02 C
t= 4321.734919 a=(  1.120, -0.072,  9.740) m/s2 |a|= 9.804 w=(   0.488,   0.183,  -0.122) dps T= 34.01 C
t= 4321.835749 a=(  1.111, -0.081,  9.759) m/s2 |a|= 9.822 w=(   0.427,   0.183,  -0.122) dps T= 34.03 C
t= 4321.936570 a=(  1.111, -0.077,  9.759) m/s2 |a|= 9.822 w=(   0.427,   0.183,  -0.122) dps T= 34.03 C
t= 4322.037443 a=(  1.116, -0.077,  9.744) m/s2 |a|= 9.808 w=(   0.427,   0.183,  -0.122) dps T= 34.01 C
t= 4322.138351 a=(  1.106, -0.062,  9.754) m/s2 |a|= 9.817 w=(   0.427,   0.183,  -0.122) dps T= 34.02 C
t= 4322.239277 a=(  1.111, -0.067,  9.740) m/s2 |a|= 9.803 w=(   0.488,   0.122,  -0.122) dps T= 34.01 C
t= 4322.340144 a=(  1.116, -0.081,  9.749) m/s2 |a|= 9.813 w=(   0.427,   0.183,  -0.122) dps T= 34.00 C
t= 4322.441048 a=(  1.106, -0.077,  9.759) m/s2 |a|= 9.822 w=(   0.427,   0.183,  -0.122) dps T= 34.02 C
t= 4322.541888 a=(  1.111, -0.081,  9.744) m/s2 |a|= 9.808 w=(   0.488,   0.244,  -0.122) dps T= 34.01 C
t= 4322.642764 a=(  1.111, -0.091,  9.768) m/s2 |a|= 9.832 w=(   0.488,   0.183,  -0.183) dps T= 34.01 C
t= 4322.743646 a=(  1.111, -0.077,  9.764) m/s2 |a|= 9.827 w=(   0.427,   0.183,  -0.122) dps T= 34.02 C
t= 4322.844492 a=(  1.120, -0.086,  9.759) m/s2 |a|= 9.823 w=(   0.427,   0.183,  -0.061) dps T= 34.02 C
t= 4322.945328 a=(  1.116, -0.086,  9.759) m/s2 |a|= 9.823 w=(   0.427,   0.183,  -0.122) dps T= 34.01 C
t= 4323.046167 a=(  1.111, -0.081,  9.759) m/s2 |a|= 9.822 w=(   0.488,   0.183,  -0.122) dps T= 34.04 C
t= 4323.147004 a=(  1.111, -0.067,  9.759) m/s2 |a|= 9.822 w=(   0.488,   0.183,  -0.122) dps T= 34.01 C
t= 4323.248005 a=(  1.130, -0.077,  9.759) m/s2 |a|= 9.824 w=(   0.427,   0.183,  -0.122) dps T= 34.01 C
t= 4323.348891 a=(  1.106, -0.072,  9.764) m/s2 |a|= 9.826 w=(   0.427,   0.183,  -0.061) dps T= 34.02 C
t= 4323.449759 a=(  1.106, -0.091,  9.744) m/s2 |a|= 9.807 w=(   0.488,   0.183,  -0.122) dps T= 34.01 C
t= 4323.550687 a=(  1.101, -0.081,  9.754) m/s2 |a|= 9.816 w=(   0.427,   0.183,  -0.122) dps T= 34.01 C
t= 4323.651554 a=(  1.111, -0.081,  9.744) m/s2 |a|= 9.808 w=(   0.427,   0.183,  -0.122) dps T= 34.01 C
t= 4323.752401 a=(  1.120, -0.081,  9.754) m/s2 |a|= 9.818 w=(   0.427,   0.183,  -0.122) dps T= 34.01 C
t= 4323.853249 a=(  1.135, -0.072,  9.744) m/s2 |a|= 9.811 w=(   0.427,   0.183,  -0.183) dps T= 34.01 C
t= 4323.954089 a=(  1.120, -0.081,  9.754) m/s2 |a|= 9.818 w=(   0.427,   0.183,  -0.122) dps T= 34.01 C
t= 4324.054954 a=(  1.125, -0.067,  9.744) m/s2 |a|= 9.809 w=(   0.488,   0.183,  -0.183) dps T= 34.03 C
t= 4324.155788 a=(  1.130, -0.081,  9.759) m/s2 |a|= 9.824 w=(   0.488,   0.183,  -0.122) dps T= 34.01 C
t= 4324.256631 a=(  1.116, -0.067,  9.754) m/s2 |a|= 9.818 w=(   0.488,   0.122,  -0.122) dps T= 33.99 C
t= 4324.357470 a=(  1.106, -0.081,  9.744) m/s2 |a|= 9.807 w=(   0.488,   0.183,  -0.122) dps T= 34.00 C
t= 4324.458333 a=(  1.106, -0.072,  9.759) m/s2 |a|= 9.822 w=(   0.488,   0.183,  -0.122) dps T= 34.01 C
t= 4324.559220 a=(  1.120, -0.086,  9.754) m/s2 |a|= 9.819 w=(   0.427,   0.122,  -0.122) dps T= 34.01 C
t= 4324.660107 a=(  1.116, -0.077,  9.744) m/s2 |a|= 9.808 w=(   0.488,   0.183,  -0.122) dps T= 34.00 C
t= 4324.761022 a=(  1.111, -0.067,  9.764) m/s2 |a|= 9.827 w=(   0.488,   0.183,  -0.122) dps T= 34.00 C
t= 4324.861879 a=(  1.106, -0.072,  9.754) m/s2 |a|= 9.817 w=(   0.427,   0.183,  -0.122) dps T= 34.03 C
t= 4324.962715 a=(  1.111, -0.086,  9.754) m/s2 |a|= 9.817 w=(   0.427,   0.183,  -0.122) dps T= 34.01 C
t= 4325.063549 a=(  1.125, -0.081,  9.764) m/s2 |a|= 9.829 w=(   0.427,   0.183,  -0.122) dps T= 34.01 C
t= 4325.164373 a=(  1.101, -0.081,  9.759) m/s2 |a|= 9.821 w=(   0.488,   0.244,  -0.122) dps T= 34.02 C
t= 4325.265235 a=(  1.120, -0.072,  9.764) m/s2 |a|= 9.828 w=(   0.427,   0.244,  -0.122) dps T= 34.00 C
t= 4325.366110 a=(  1.135, -0.057,  9.749) m/s2 |a|= 9.815 w=(   0.488,   0.183,  -0.122) dps T= 34.00 C
t= 4325.466946 a=(  1.116, -0.081,  9.759) m/s2 |a|= 9.823 w=(   0.427,   0.183,  -0.122) dps T= 34.01 C
t= 4325.567813 a=(  1.116, -0.072,  9.749) m/s2 |a|= 9.813 w=(   0.427,   0.183,  -0.122) dps T= 34.00 C
t= 4325.668675 a=(  1.120, -0.077,  9.759) m/s2 |a|= 9.823 w=(   0.488,   0.183,  -0.061) dps T= 34.02 C
t= 4325.769550 a=(  1.120, -0.077,  9.759) m/s2 |a|= 9.823 w=(   0.427,   0.183,  -0.122) dps T= 34.00 C
t= 4325.870484 a=(  1.125, -0.081,  9.749) m/s2 |a|= 9.814 w=(   0.488,   0.122,  -0.122) dps T= 33.99 C
t= 4325.971357 a=(  1.116, -0.077,  9.754) m/s2 |a|= 9.818 w=(   0.488,   0.183,  -0.122) dps T= 34.01 C
t= 4326.072199 a=(  1.097, -0.077,  9.754) m/s2 |a|= 9.816 w=(   0.427,   0.244,  -0.122) dps T= 34.00 C
t= 4326.173026 a=(  1.116, -0.077,  9.744) m/s2 |a|= 9.808 w=(   0.427,   0.183,  -0.183) dps T= 34.01 C
t= 4326.273886 a=(  1.125, -0.067,  9.744) m/s2 |a|= 9.809 w=(   0.427,   0.183,  -0.122) dps T= 34.01 C
t= 4326.374720 a=(  1.111, -0.077,  9.749) m/s2 |a|= 9.813 w=(   0.488,   0.122,  -0.122) dps T= 34.03 C
t= 4326.475568 a=(  1.116, -0.081,  9.744) m/s2 |a|= 9.808 w=(   0.427,   0.122,  -0.122) dps T= 34.01 C
t= 4326.576469 a=(  1.111, -0.057,  9.754) m/s2 |a|= 9.817 w=(   0.488,   0.183,  -0.122) dps T= 34.00 C
t= 4326.677322 a=(  1.120, -0.072,  9.744) m/s2 |a|= 9.809 w=(   0.427,   0.122,  -0.122) dps T= 34.01 C
t= 4326.778165 a=(  1.120, -0.077,  9.749) m/s2 |a|= 9.814 w=(   0.427,   0.122,  -0.122) dps T= 34.01 C
t= 4326.879036 a=(  1.111, -0.067,  9.749) m/s2 |a|= 9.813 w=(   0.488,   0.183,  -0.061) dps T= 33.99 C
t= 4326.979905 a=(  1.130, -0.086,  9.759) m/s2 |a|= 9.824 w=(   0.488,   0.183,  -0.061) dps T= 33.99 C
t= 4327.080839 a=(  1.125, -0.067,  9.749) m/s2 |a|= 9.814 w=(   0.488,   0.183,  -0.122) dps T= 34.00 C
t= 4327.181667 a=(  1.120, -0.072,  9.764) m/s2 |a|= 9.828 w=(   0.427,   0.183,  -0.122) dps T= 34.00 C
t= 4327.282507 a=(  1.120, -0.067,  9.754) m/s2 |a|= 9.818 w=(   0.427,   0.183,  -0.061) dps T= 34.00 C
t= 4327.383340 a=(  1.125, -0.072,  9.759) m/s2 |a|= 9.824 w=(   0.488,   0.244,  -0.061) dps T= 34.00 C
t= 4327.484153 a=(  1.125, -0.091,  9.764) m/s2 |a|= 9.829 w=(   0.488,   0.183,  -0.122) dps T= 34.01 C
t= 4327.584988 a=(  1.125, -0.086,  9.759) m/s2 |a|= 9.824 w=(   0.427,   0.183,  -0.122) dps T= 34.00 C
t= 4327.685831 a=(  1.125, -0.072,  9.759) m/s2 |a|= 9.824 w=(   0.427,   0.183,  -0.061) dps T= 34.00 C
t= 4327.786659 a=(  1.106, -0.077,  9.773) m/s2 |a|= 9.836 w=(   0.488,   0.183,  -0.122) dps T= 34.03 C
t= 4327.887499 a=(  1.130, -0.072,  9.764) m/s2 |a|= 9.829 w=(   0.366,   0.183,  -0.183) dps T= 34.03 C
t= 4327.988342 a=(  1.116, -0.072,  9.764) m/s2 |a|= 9.827 w=(   0.488,   0.122,  -0.061) dps T= 34.01 C
t= 4328.089201 a=(  1.111, -0.067,  9.764) m/s2 |a|= 9.827 w=(   0.488,   0.183,  -0.122) dps T= 33.99 C
t= 4328.190097 a=(  1.116, -0.077,  9.759) m/s2 |a|= 9.823 w=(   0.488,   0.122,  -0.122) dps T= 33.98 C
t= 4328.290978 a=(  1.116, -0.081,  9.759) m/s2 |a|= 9.823 w=(   0.427,   0.183,  -0.122) dps T= 34.01 C
t= 4328.391838 a=(  1.116, -0.077,  9.759) m/s2 |a|= 9.823 w=(   0.427,   0.183,  -0.122) dps T= 34.01 C
t= 4328.492709 a=(  1.125, -0.077,  9.749) m/s2 |a|= 9.814 w=(   0.427,   0.183,  -0.122) dps T= 34.01 C
t= 4328.593549 a=(  1.120, -0.067,  9.749) m/s2 |a|= 9.814 w=(   0.427,   0.183,  -0.122) dps T= 34.00 C
t= 4328.694420 a=(  1.111, -0.057,  9.749) m/s2 |a|= 9.812 w=(   0.427,   0.122,  -0.183) dps T= 34.01 C
t= 4328.795248 a=(  1.116, -0.067,  9.744) m/s2 |a|= 9.808 w=(   0.427,   0.183,  -0.061) dps T= 34.01 C
t= 4328.896083 a=(  1.097, -0.072,  9.744) m/s2 |a|= 9.806 w=(   0.488,   0.183,  -0.061) dps T= 34.00 C
t= 4328.996942 a=(  1.120, -0.067,  9.754) m/s2 |a|= 9.818 w=(   0.427,   0.183,  -0.122) dps T= 34.03 C
t= 4329.097810 a=(  1.120, -0.057,  9.759) m/s2 |a|= 9.823 w=(   0.488,   0.244,  -0.122) dps T= 33.99 C
t= 4329.198665 a=(  1.111, -0.077,  9.749) m/s2 |a|= 9.813 w=(   0.488,   0.183,  -0.122) dps T= 34.00 C
t= 4329.299548 a=(  1.111, -0.062,  9.759) m/s2 |a|= 9.822 w=(   0.427,   0.183,  -0.122) dps T= 34.01 C
t= 4329.400581 a=(  1.111, -0.077,  9.749) m/s2 |a|= 9.813 w=(   0.427,   0.122,  -0.122) dps T= 34.00 C
t= 4329.501430 a=(  1.116, -0.072,  9.740) m/s2 |a|= 9.804 w=(   0.427,   0.183,  -0.122) dps T= 34.01 C
t= 4329.602299 a=(  1.120, -0.067,  9.764) m/s2 |a|= 9.828 w=(   0.366,   0.122,  -0.122) dps T= 34.01 C
t= 4329.703137 a=(  1.116, -0.077,  9.754) m/s2 |a|= 9.818 w=(   0.427,   0.183,  -0.122) dps T= 34.00 C
t= 4329.803962 a=(  1.111, -0.067,  9.744) m/s2 |a|= 9.808 w=(   0.488,   0.122,  -0.122) dps T= 33.99 C
t= 4329.904792 a=(  1.111, -0.077,  9.744) m/s2 |a|= 9.808 w=(   0.488,   0.183,  -0.122) dps T= 34.01 C
t= 4330.005617 a=(  1.116, -0.062,  9.759) m/s2 |a|= 9.823 w=(   0.488,   0.122,  -0.061) dps T= 34.01 C
t= 4330.106438 a=(  1.120, -0.072,  9.754) m/s2 |a|= 9.818 w=(   0.427,   0.122,  -0.061) dps T= 34.01 C
t= 4330.207275 a=(  1.116, -0.077,  9.759) m/s2 |a|= 9.823 w=(   0.427,   0.183,  -0.122) dps T= 34.01 C
t= 4330.308087 a=(  1.106, -0.081,  9.740) m/s2 |a|= 9.803 w=(   0.427,   0.183,  -0.122) dps T= 34.02 C
t= 4330.408954 a=(  1.116, -0.067,  9.744) m/s2 |a|= 9.808 w=(   0.427,   0.183,  -0.061) dps T= 34.00 C
t= 4330.509880 a=(  1.111, -0.067,  9.744) m/s2 |a|= 9.808 w=(   0.488,   0.122,  -0.122) dps T= 34.00 C
t= 4330.610845 a=(  1.101, -0.062,  9.749) m/s2 |a|= 9.811 w=(   0.488,   0.183,  -0.122) dps T= 33.98 C
t= 4330.711713 a=(  1.116, -0.057,  9.759) m/s2 |a|= 9.823 w=(   0.427,   0.183,  -0.122) dps T= 34.01 C
t= 4330.812562 a=(  1.111, -0.077,  9.754) m/s2 |a|= 9.817 w=(   0.488,   0.183,  -0.122) dps T= 34.01 C
t= 4330.913428 a=(  1.120, -0.072,  9.773) m/s2 |a|= 9.837 w=(   0.488,   0.183,  -0.122) dps T= 34.01 C
t= 4331.014261 a=(  1.101, -0.057,  9.749) m/s2 |a|= 9.811 w=(   0.488,   0.183,  -0.122) dps T= 34.00 C
t= 4331.115086 a=(  1.111, -0.077,  9.764) m/s2 |a|= 9.827 w=(   0.427,   0.183,  -0.122) dps T= 34.01 C
t= 4331.215934 a=(  1.120, -0.067,  9.749) m/s2 |a|= 9.814 w=(   0.488,   0.183,  -0.122) dps T= 34.01 C
t= 4331.316787 a=(  1.106, -0.077,  9.754) m/s2 |a|= 9.817 w=(   0.427,   0.183,  -0.122) dps T= 34.01 C
t= 4331.417657 a=(  1.106, -0.067,  9.764) m/s2 |a|= 9.826 w=(   0.488,   0.244,  -0.122) dps T= 34.01 C
t= 4331.518491 a=(  1.125, -0.072,  9.749) m/s2 |a|= 9.814 w=(   0.488,   0.244,  -0.122) dps T= 34.00 C
t= 4331.619321 a=(  1.111, -0.067,  9.759) m/s2 |a|= 9.822 w=(   0.427,   0.183,  -0.122) dps T= 34.00 C
t= 4331.720360 a=(  1.120, -0.053,  9.744) m/s2 |a|= 9.809 w=(   0.427,   0.183,  -0.122) dps T= 34.00 C
t= 4331.821242 a=(  1.125, -0.062,  9.735) m/s2 |a|= 9.800 w=(   0.427,   0.183,  -0.183) dps T= 34.01 C
t= 4331.922096 a=(  1.111, -0.072,  9.764) m/s2 |a|= 9.827 w=(   0.427,   0.183,  -0.122) dps T= 34.01 C
t= 4332.022926 a=(  1.120, -0.086,  9.764) m/s2 |a|= 9.828 w=(   0.427,   0.183,  -0.122) dps T= 34.02 C
t= 4332.123751 a=(  1.116, -0.062,  9.749) m/s2 |a|= 9.813 w=(   0.488,   0.183,  -0.122) dps T= 34.00 C
t= 4332.224614 a=(  1.120, -0.072,  9.749) m/s2 |a|= 9.814 w=(   0.427,   0.122,  -0.122) dps T= 33.99 C
t= 4332.325438 a=(  1.111, -0.072,  9.740) m/s2 |a|= 9.803 w=(   0.488,   0.122,  -0.061) dps T= 34.01 C
t= 4332.426285 a=(  1.106, -0.067,  9.754) m/s2 |a|= 9.817 w=(   0.427,   0.244,  -0.061) dps T= 34.00 C
t= 4332.527115 a=(  1.111, -0.067,  9.754) m/s2 |a|= 9.817 w=(   0.427,   0.183,  -0.122) dps T= 34.00 C
t= 4332.627928 a=(  1.106, -0.081,  9.740) m/s2 |a|= 9.803 w=(   0.488,   0.183,  -0.061) dps T= 34.00 C
t= 4332.728761 a=(  1.106, -0.067,  9.768) m/s2 |a|= 9.831 w=(   0.488,   0.183,  -0.122) dps T= 34.01 C
t= 4332.829624 a=(  1.120, -0.077,  9.744) m/s2 |a|= 9.809 w=(   0.427,   0.183,  -0.122) dps T= 34.00 C
t= 4332.930562 a=(  1.106, -0.062,  9.764) m/s2 |a|= 9.826 w=(   0.488,   0.183,  -0.122) dps T= 34.02 C
t= 4333.031487 a=(  1.120, -0.062,  9.754) m/s2 |a|= 9.818 w=(   0.427,   0.183,  -0.122) dps T= 34.01 C
t= 4333.132391 a=(  1.120, -0.081,  9.749) m/s2 |a|= 9.814 w=(   0.488,   0.183,  -0.122) dps T= 34.00 C
t= 4333.233285 a=(  1.120, -0.072,  9.749) m/s2 |a|= 9.814 w=(   0.427,   0.183,  -0.122) dps T= 34.01 C
t= 4333.334154 a=(  1.111, -0.062,  9.744) m/s2 |a|= 9.808 w=(   0.427,   0.122,  -0.061) dps T= 34.02 C
t= 4333.434994 a=(  1.111, -0.062,  9.749) m/s2 |a|= 9.812 w=(   0.488,   0.183,  -0.122) dps T= 34.04 C
t= 4333.535833 a=(  1.111, -0.072,  9.754) m/s2 |a|= 9.817 w=(   0.488,   0.244,  -0.122) dps T= 34.00 C
t= 4333.636670 a=(  1.111, -0.077,  9.764) m/s2 |a|= 9.827 w=(   0.488,   0.183,  -0.122) dps T= 34.02 C
t= 4333.737508 a=(  1.106, -0.081,  9.754) m/s2 |a|= 9.817 w=(   0.488,   0.183,  -0.122) dps T= 34.00 C
t= 4333.838342 a=(  1.106, -0.067,  9.759) m/s2 |a|= 9.821 w=(   0.427,   0.122,  -0.122) dps T= 34.03 C
t= 4333.939193 a=(  1.116, -0.072,  9.754) m/s2 |a|= 9.818 w=(   0.488,   0.122,  -0.122) dps T= 34.00 C
t= 4334.040106 a=(  1.125, -0.077,  9.749) m/s2 |a|= 9.814 w=(   0.488,   0.183,  -0.122) dps T= 34.01 C
t= 4334.140977 a=(  1.120, -0.077,  9.754) m/s2 |a|= 9.818 w=(   0.427,   0.183,  -0.122) dps T= 33.99 C
t= 4334.241904 a=(  1.116, -0.067,  9.744) m/s2 |a|= 9.808 w=(   0.427,   0.122,  -0.122) dps T= 34.00 C
t= 4334.342765 a=(  1.116, -0.077,  9.744) m/s2 |a|= 9.808 w=(   0.549,   0.244,  -0.122) dps T= 34.00 C
t= 4334.443683 a=(  1.120, -0.062,  9.749) m/s2 |a|= 9.814 w=(   0.427,   0.305,  -0.122) dps T= 34.00 C
t= 4334.544543 a=(  1.106, -0.081,  9.749) m/s2 |a|= 9.812 w=(   0.427,   0.183,  -0.122) dps T= 34.00 C
t= 4334.645388 a=(  1.120, -0.062,  9.744) m/s2 |a|= 9.809 w=(   0.427,   0.183,  -0.122) dps T= 33.99 C
t= 4334.746233 a=(  1.120, -0.072,  9.740) m/s2 |a|= 9.804 w=(   0.488,   0.183,  -0.122) dps T= 34.01 C
t= 4334.847085 a=(  1.101, -0.067,  9.754) m/s2 |a|= 9.816 w=(   0.488,   0.183,  -0.122) dps T= 34.00 C
t= 4334.947919 a=(  1.125, -0.067,  9.749) m/s2 |a|= 9.814 w=(   0.488,   0.183,  -0.122) dps T= 34.01 C
t= 4335.048753 a=(  1.111, -0.072,  9.754) m/s2 |a|= 9.817 w=(   0.427,   0.122,  -0.122) dps T= 34.00 C
t= 4335.149586 a=(  1.116, -0.072,  9.754) m/s2 |a|= 9.818 w=(   0.488,   0.183,  -0.122) dps T= 34.01 C
t= 4335.250613 a=(  1.125, -0.086,  9.773) m/s2 |a|= 9.838 w=(   0.427,   0.183,  -0.122) dps T= 34.00 C
t= 4335.351486 a=(  1.111, -0.062,  9.754) m/s2 |a|= 9.817 w=(   0.427,   0.122,  -0.061) dps T= 34.01 C
t= 4335.452352 a=(  1.106, -0.067,  9.759) m/s2 |a|= 9.821 w=(   0.488,   0.122,  -0.183) dps T= 34.01 C
t= 4335.553238 a=(  1.111, -0.077,  9.735) m/s2 |a|= 9.798 w=(   0.488,   0.183,  -0.183) dps T= 34.01 C
t= 4335.654081 a=(  1.125, -0.086,  9.754) m/s2 |a|= 9.819 w=(   0.427,   0.183,  -0.183) dps T= 34.01 C
t= 4335.754955 a=(  1.116, -0.072,  9.759) m/s2 |a|= 9.823 w=(   0.488,   0.244,  -0.122) dps T= 34.01 C
t= 4335.855788 a=(  1.106, -0.067,  9.749) m/s2 |a|= 9.812 w=(   0.427,   0.244,  -0.183) dps T= 34.02 C
t= 4335.956640 a=(  1.116, -0.077,  9.754) m/s2 |a|= 9.818 w=(   0.488,   0.122,  -0.183) dps T= 34.02 C
t= 4336.057487 a=(  1.120, -0.072,  9.744) m/s2 |a|= 9.809 w=(   0.488,   0.122,  -0.122) dps T= 34.01 C
t= 4336.158332 a=(  1.101, -0.077,  9.773) m/s2 |a|= 9.835 w=(   0.427,   0.183,  -0.122) dps T= 34.02 C
t= 4336.259175 a=(  1.101, -0.057,  9.764) m/s2 |a|= 9.826 w=(   0.488,   0.183,  -0.122) dps T= 34.00 C
t= 4336.360110 a=(  1.125, -0.067,  9.749) m/s2 |a|= 9.814 w=(   0.488,   0.183,  -0.183) dps T= 34.01 C
t= 4336.460991 a=(  1.111, -0.086,  9.749) m/s2 |a|= 9.813 w=(   0.427,   0.122,  -0.122) dps T= 34.02 C
t= 4336.561865 a=(  1.106, -0.067,  9.754) m/s2 |a|= 9.817 w=(   0.488,   0.244,  -0.122) dps T= 34.01 C
t= 4336.662724 a=(  1.106, -0.057,  9.740) m/s2 |a|= 9.802 w=(   0.488,   0.183,  -0.122) dps T= 34.01 C
t= 4336.763608 a=(  1.120, -0.053,  9.754) m/s2 |a|= 9.818 w=(   0.488,   0.183,  -0.122) dps T= 34.02 C
t= 4336.864440 a=(  1.116, -0.072,  9.744) m/s2 |a|= 9.808 w=(   0.488,   0.244,  -0.183) dps T= 33.99 C
t= 4336.965281 a=(  1.116, -0.062,  9.749) m/s2 |a|= 9.813 w=(   0.488,   0.183,  -0.122) dps T= 33.99 C
t= 4337.066124 a=(  1.111, -0.072,  9.754) m/s2 |a|= 9.817 w=(   0.488,   0.183,  -0.061) dps T= 34.00 C
t= 4337.166952 a=(  1.125, -0.062,  9.744) m/s2 |a|= 9.809 w=(   0.488,   0.183,  -0.122) dps T= 34.00 C
t= 4337.267831 a=(  1.111, -0.072,  9.749) m/s2 |a|= 9.813 w=(   0.488,   0.183,  -0.122) dps T= 34.01 C
t= 4337.368682 a=(  1.125, -0.077,  9.754) m/s2 |a|= 9.819 w=(   0.427,   0.244,  -0.122) dps T= 34.02 C
t= 4337.469518 a=(  1.097, -0.077,  9.740) m/s2 |a|= 9.801 w=(   0.427,   0.244,  -0.122) dps T= 33.99 C
t= 4337.570449 a=(  1.101, -0.086,  9.754) m/s2 |a|= 9.816 w=(   0.488,   0.183,  -0.122) dps T= 34.01 C
t= 4337.671323 a=(  1.120, -0.062,  9.764) m/s2 |a|= 9.828 w=(   0.488,   0.183,  -0.122) dps T= 34.00 C
t= 4337.772209 a=(  1.116, -0.086,  9.759) m/s2 |a|= 9.823 w=(   0.427,   0.183,  -0.122) dps T= 34.00 C
t= 4337.873075 a=(  1.116, -0.077,  9.754) m/s2 |a|= 9.818 w=(   0.488,   0.183,  -0.122) dps T= 34.01 C
t= 4337.973934 a=(  1.120, -0.067,  9.740) m/s2 |a|= 9.804 w=(   0.488,   0.183,  -0.122) dps T= 34.00 C
t= 4338.074811 a=(  1.116, -0.067,  9.749) m/s2 |a|= 9.813 w=(   0.488,   0.183,  -0.122) dps T= 34.00 C
t= 4338.175663 a=(  1.116, -0.067,  9.749) m/s2 |a|= 9.813 w=(   0.488,   0.122,  -0.122) dps T= 33.99 C
t= 4338.276573 a=(  1.106, -0.067,  9.749) m/s2 |a|= 9.812 w=(   0.488,   0.183,  -0.122) dps T= 33.99 C
t= 4338.377474 a=(  1.116, -0.067,  9.749) m/s2 |a|= 9.813 w=(   0.488,   0.183,  -0.122) dps T= 34.00 C
t= 4338.478327 a=(  1.111, -0.072,  9.740) m/s2 |a|= 9.803 w=(   0.427,   0.122,  -0.183) dps T= 33.99 C
t= 4338.579172 a=(  1.116, -0.077,  9.754) m/s2 |a|= 9.818 w=(   0.488,   0.183,  -0.183) dps T= 34.00 C
t= 4338.679998 a=(  1.097, -0.053,  9.764) m/s2 |a|= 9.825 w=(   0.427,   0.183,  -0.122) dps T= 33.99 C
t= 4338.780972 a=(  1.116, -0.062,  9.744) m/s2 |a|= 9.808 w=(   0.427,   0.183,  -0.122) dps T= 34.00 C
t= 4338.881871 a=(  1.116, -0.072,  9.759) m/s2 |a|= 9.823 w=(   0.427,   0.183,  -0.122) dps T= 33.99 C
t= 4338.982746 a=(  1.120, -0.081,  9.749) m/s2 |a|= 9.814 w=(   0.427,   0.244,  -0.122) dps T= 34.00 C
t= 4339.083610 a=(  1.111, -0.081,  9.764) m/s2 |a|= 9.827 w=(   0.427,   0.183,  -0.183) dps T= 34.00 C
t= 4339.184468 a=(  1.120, -0.081,  9.749) m/s2 |a|= 9.814 w=(   0.427,   0.183,  -0.122) dps T= 34.00 C
t= 4339.285311 a=(  1.111, -0.067,  9.744) m/s2 |a|= 9.808 w=(   0.488,   0.244,  -0.183) dps T= 34.01 C
t= 4339.386142 a=(  1.106, -0.062,  9.735) m/s2 |a|= 9.798 w=(   0.427,   0.183,  -0.122) dps T= 34.00 C
t= 4339.486995 a=(  1.116, -0.072,  9.754) m/s2 |a|= 9.818 w=(   0.488,   0.183,  -0.122) dps T= 33.99 C
t= 4339.587837 a=(  1.111, -0.067,  9.754) m/s2 |a|= 9.817 w=(   0.427,   0.183,  -0.122) dps T= 34.01 C
t= 4339.688677 a=(  1.125, -0.077,  9.749) m/s2 |a|= 9.814 w=(   0.427,   0.183,  -0.122) dps T= 34.01 C
t= 4339.789510 a=(  1.130, -0.077,  9.740) m/s2 |a|= 9.805 w=(   0.488,   0.183,  -0.122) dps T= 34.01 C
t= 4339.890415 a=(  1.116, -0.067,  9.759) m/s2 |a|= 9.823 w=(   0.488,   0.183,  -0.122) dps T= 34.01 C
t= 4339.991243 a=(  1.125, -0.067,  9.749) m/s2 |a|= 9.814 w=(   0.427,   0.183,  -0.122) dps T= 34.00 C
t= 4340.092155 a=(  1.120, -0.067,  9.759) m/s2 |a|= 9.823 w=(   0.488,   0.183,  -0.061) dps T= 33.99 C
t= 4340.193039 a=(  1.130, -0.077,  9.759) m/s2 |a|= 9.824 w=(   0.427,   0.122,  -0.061) dps T= 34.00 C
t= 4340.293926 a=(  1.120, -0.057,  9.744) m/s2 |a|= 9.809 w=(   0.488,   0.183,  -0.122) dps T= 33.99 C
t= 4340.394783 a=(  1.106, -0.067,  9.759) m/s2 |a|= 9.821 w=(   0.488,   0.122,  -0.122) dps T= 34.00 C
t= 4340.495655 a=(  1.120, -0.086,  9.759) m/s2 |a|= 9.823 w=(   0.488,   0.183,  -0.122) dps T= 34.00 C
t= 4340.596511 a=(  1.111, -0.072,  9.759) m/s2 |a|= 9.822 w=(   0.488,   0.183,  -0.061) dps T= 34.00 C
t= 4340.697341 a=(  1.116, -0.062,  9.759) m/s2 |a|= 9.823 w=(   0.366,   0.183,  -0.061) dps T= 34.00 C
t= 4340.798184 a=(  1.116, -0.072,  9.754) m/s2 |a|= 9.818 w=(   0.427,   0.183,  -0.122) dps T= 34.01 C
t= 4340.899011 a=(  1.097, -0.077,  9.759) m/s2 |a|= 9.820 w=(   0.488,   0.244,  -0.061) dps T= 33.99 C
t= 4340.999833 a=(  1.130, -0.077,  9.754) m/s2 |a|= 9.820 w=(   0.488,   0.183,  -0.122) dps T= 33.99 C
t= 4341.100769 a=(  1.106, -0.072,  9.744) m/s2 |a|= 9.807 w=(   0.427,   0.183,  -0.122) dps T= 34.01 C
t= 4341.201628 a=(  1.106, -0.077,  9.744) m/s2 |a|= 9.807 w=(   0.427,   0.183,  -0.122) dps T= 33.99 C
t= 4341.302514 a=(  1.116, -0.086,  9.764) m/s2 |a|= 9.827 w=(   0.427,   0.244,  -0.061) dps T= 34.01 C
t= 4341.403385 a=(  1.116, -0.072,  9.744) m/s2 |a|= 9.808 w=(   0.488,   0.183,  -0.122) dps T= 34.01 C
t= 4341.504283 a=(  1.106, -0.072,  9.759) m/s2 |a|= 9.822 w=(   0.488,   0.122,  -0.122) dps T= 34.02 C
t= 4341.605161 a=(  1.120, -0.067,  9.759) m/s2 |a|= 9.823 w=(   0.427,   0.183,  -0.122) dps T= 34.00 C
t= 4341.705995 a=(  1.106, -0.067,  9.749) m/s2 |a|= 9.812 w=(   0.488,   0.244,  -0.122) dps T= 34.01 C
t= 4341.806857 a=(  1.120, -0.072,  9.744) m/s2 |a|= 9.809 w=(   0.427,   0.183,  -0.183) dps T= 34.01 C
t= 4341.907694 a=(  1.120, -0.062,  9.749) m/s2 |a|= 9.814 w=(   0.488,   0.183,  -0.183) dps T= 33.98 C
t= 4342.008544 a=(  1.111, -0.057,  9.754) m/s2 |a|= 9.817 w=(   0.427,   0.122,  -0.122) dps T= 33.99 C
t= 4342.109385 a=(  1.111, -0.072,  9.754) m/s2 |a|= 9.817 w=(   0.427,   0.183,  -0.122) dps T= 34.00 C
t= 4342.210296 a=(  1.111, -0.057,  9.749) m/s2 |a|= 9.812 w=(   0.427,   0.244,  -0.122) dps T= 34.01 C
t= 4342.311200 a=(  1.120, -0.077,  9.759) m/s2 |a|= 9.823 w=(   0.488,   0.183,  -0.061) dps T= 34.00 C
t= 4342.412107 a=(  1.130, -0.081,  9.759) m/s2 |a|= 9.824 w=(   0.427,   0.122,  -0.122) dps T= 34.00 C
t= 4342.513139 a=(  1.101, -0.081,  9.749) m/s2 |a|= 9.812 w=(   0.427,   0.183,  -0.122) dps T= 34.01 C
t= 4342.614030 a=(  1.111, -0.072,  9.764) m/s2 |a|= 9.827 w=(   0.427,   0.122,  -0.122) dps T= 34.01 C
t= 4342.714891 a=(  1.111, -0.067,  9.735) m/s2 |a|= 9.798 w=(   0.427,   0.183,  -0.183) dps T= 34.01 C
t= 4342.815743 a=(  1.101, -0.072,  9.749) m/s2 |a|= 9.811 w=(   0.488,   0.183,  -0.122) dps T= 34.00 C
t= 4342.916590 a=(  1.111, -0.081,  9.759) m/s2 |a|= 9.822 w=(   0.427,   0.183,  -0.183) dps T= 34.00 C
t= 4343.017428 a=(  1.120, -0.072,  9.754) m/s2 |a|= 9.818 w=(   0.427,   0.183,  -0.122) dps T= 34.00 C
t= 4343.118273 a=(  1.130, -0.072,  9.749) m/s2 |a|= 9.815 w=(   0.427,   0.244,  -0.122) dps T= 34.00 C
t= 4343.219127 a=(  1.106, -0.077,  9.749) m/s2 |a|= 9.812 w=(   0.427,   0.183,  -0.122) dps T= 33.98 C
t= 4343.320110 a=(  1.116, -0.067,  9.744) m/s2 |a|= 9.808 w=(   0.427,   0.183,  -0.061) dps T= 34.01 C
t= 4343.420963 a=(  1.120, -0.062,  9.744) m/s2 |a|= 9.809 w=(   0.427,   0.183,  -0.183) dps T= 33.99 C
t= 4343.521818 a=(  1.120, -0.072,  9.749) m/s2 |a|= 9.814 w=(   0.488,   0.183,  -0.061) dps T= 34.00 C
t= 4343.622661 a=(  1.101, -0.062,  9.740) m/s2 |a|= 9.802 w=(   0.427,   0.183,  -0.122) dps T= 33.99 C
t= 4343.723568 a=(  1.116, -0.077,  9.759) m/s2 |a|= 9.823 w=(   0.488,   0.183,  -0.122) dps T= 34.02 C
t= 4343.824466 a=(  1.111, -0.062,  9.754) m/s2 |a|= 9.817 w=(   0.427,   0.183,  -0.122) dps T= 33.97 C
t= 4343.925312 a=(  1.111, -0.077,  9.749) m/s2 |a|= 9.813 w=(   0.488,   0.183,  -0.122) dps T= 33.99 C
t= 4344.026155 a=(  1.106, -0.057,  9.759) m/s2 |a|= 9.821 w=(   0.488,   0.183,  -0.122) dps T= 33.99 C
t= 4344.126977 a=(  1.116, -0.077,  9.744) m/s2 |a|= 9.808 w=(   0.488,   0.183,  -0.122) dps T= 33.99 C
t= 4344.227822 a=(  1.120, -0.072,  9.754) m/s2 |a|= 9.818 w=(   0.427,   0.183,  -0.122) dps T= 34.01 C
t= 4344.328677 a=(  1.106, -0.072,  9.759) m/s2 |a|= 9.822 w=(   0.488,   0.183,  -0.122) dps T= 34.00 C
t= 4344.429509 a=(  1.101, -0.057,  9.754) m/s2 |a|= 9.816 w=(   0.488,   0.183,  -0.122) dps T= 34.01 C
t= 4344.530426 a=(  1.116, -0.062,  9.764) m/s2 |a|= 9.827 w=(   0.427,   0.122,  -0.183) dps T= 33.99 C
t= 4344.631264 a=(  1.116, -0.081,  9.749) m/s2 |a|= 9.813 w=(   0.427,   0.183,  -0.122) dps T= 34.01 C
t= 4344.732099 a=(  1.116, -0.057,  9.749) m/s2 |a|= 9.813 w=(   0.488,   0.183,  -0.122) dps T= 33.99 C
t= 4344.832952 a=(  1.116, -0.077,  9.740) m/s2 |a|= 9.804 w=(   0.488,   0.183,  -0.122) dps T= 34.00 C
t= 4344.933900 a=(  1.116, -0.067,  9.764) m/s2 |a|= 9.827 w=(   0.488,   0.183,  -0.122) dps T= 34.03 C
t= 4345.034774 a=(  1.116, -0.057,  9.759) m/s2 |a|= 9.823 w=(   0.488,   0.183,  -0.122) dps T= 33.99 C
t= 4345.135631 a=(  1.101, -0.077,  9.740) m/s2 |a|= 9.802 w=(   0.427,   0.183,  -0.122) dps T= 34.00 C
t= 4345.236491 a=(  1.106, -0.086,  9.754) m/s2 |a|= 9.817 w=(   0.488,   0.183,  -0.122) dps T= 34.00 C
t= 4345.337346 a=(  1.111, -0.072,  9.744) m/s2 |a|= 9.808 w=(   0.427,   0.183,  -0.122) dps T= 34.01 C
t= 4345.438185 a=(  1.106, -0.072,  9.744) m/s2 |a|= 9.807 w=(   0.427,   0.183,  -0.122) dps T= 34.01 C
t= 4345.539019 a=(  1.116, -0.067,  9.754) m/s2 |a|= 9.818 w=(   0.488,   0.183,  -0.122) dps T= 33.97 C
t= 4345.639880 a=(  1.116, -0.072,  9.744) m/s2 |a|= 9.808 w=(   0.427,   0.183,  -0.061) dps T= 34.01 C
t= 4345.740852 a=(  1.130, -0.081,  9.764) m/s2 |a|= 9.829 w=(   0.427,   0.183,  -0.122) dps T= 33.99 C
t= 4345.841696 a=(  1.116, -0.067,  9.759) m/s2 |a|= 9.823 w=(   0.488,   0.183,  -0.183) dps T= 34.00 C
t= 4345.942526 a=(  1.116, -0.077,  9.759) m/s2 |a|= 9.823 w=(   0.427,   0.244,  -0.122) dps T= 33.99 C
t= 4346.043371 a=(  1.130, -0.067,  9.754) m/s2 |a|= 9.819 w=(   0.427,   0.183,  -0.122) dps T= 33.99 C
t= 4346.144250 a=(  1.116, -0.081,  9.759) m/s2 |a|= 9.823 w=(   0.427,   0.183,  -0.122) dps T= 33.99 C
t= 4346.245183 a=(  1.097, -0.077,  9.759) m/s2 |a|= 9.820 w=(   0.488,   0.244,  -0.122) dps T= 34.01 C
t= 4346.346063 a=(  1.116, -0.077,  9.749) m/s2 |a|= 9.813 w=(   0.427,   0.183,  -0.122) dps T= 34.01 C
t= 4346.446910 a=(  1.125, -0.072,  9.740) m/s2 |a|= 9.805 w=(   0.488,   0.122,  -0.122) dps T= 33.99 C
t= 4346.547749 a=(  1.120, -0.072,  9.754) m/s2 |a|= 9.818 w=(   0.427,   0.183,  -0.183) dps T= 34.01 C
t= 4346.648602 a=(  1.120, -0.062,  9.754) m/s2 |a|= 9.818 w=(   0.488,   0.183,  -0.183) dps T= 33.99 C
t= 4346.749426 a=(  1.125, -0.072,  9.749) m/s2 |a|= 9.814 w=(   0.549,   0.122,  -0.122) dps T= 33.99 C
t= 4346.850331 a=(  1.120, -0.062,  9.759) m/s2 |a|= 9.823 w=(   0.488,   0.244,  -0.122) dps T= 34.01 C
t= 4346.951190 a=(  1.120, -0.081,  9.754) m/s2 |a|= 9.818 w=(   0.427,   0.183,  -0.122) dps T= 34.01 C
t= 4347.052027 a=(  1.116, -0.072,  9.773) m/s2 |a|= 9.837 w=(   0.427,   0.122,  -0.122) dps T= 33.97 C
t= 4347.152869 a=(  1.125, -0.057,  9.744) m/s2 |a|= 9.809 w=(   0.427,   0.183,  -0.122) dps T= 34.01 C
t= 4347.253764 a=(  1.116, -0.077,  9.759) m/s2 |a|= 9.823 w=(   0.488,   0.183,  -0.122) dps T= 33.99 C
t= 4347.354757 a=(  1.111, -0.067,  9.754) m/s2 |a|= 9.817 w=(   0.427,   0.122,  -0.122) dps T= 34.01 C
t= 4347.455657 a=(  1.116, -0.077,  9.754) m/s2 |a|= 9.818 w=(   0.427,   0.122,  -0.061) dps T= 34.01 C
t= 4347.556520 a=(  1.116, -0.062,  9.744) m/s2 |a|= 9.808 w=(   0.488,   0.183,  -0.061) dps T= 33.98 C
t= 4347.657354 a=(  1.106, -0.067,  9.759) m/s2 |a|= 9.821 w=(   0.488,   0.183,  -0.122) dps T= 33.98 C
t= 4347.758186 a=(  1.111, -0.072,  9.759) m/s2 |a|= 9.822 w=(   0.427,   0.183,  -0.122) dps T= 34.00 C
t= 4347.859023 a=(  1.116, -0.067,  9.754) m/s2 |a|= 9.818 w=(   0.427,   0.244,  -0.122) dps T= 34.01 C
t= 4347.959846 a=(  1.116, -0.077,  9.744) m/s2 |a|= 9.808 w=(   0.427,   0.183,  -0.122) dps T= 34.01 C
t= 4348.060779 a=(  1.106, -0.062,  9.749) m/s2 |a|= 9.812 w=(   0.427,   0.183,  -0.122) dps T= 34.00 C
t= 4348.161688 a=(  1.097, -0.048,  9.759) m/s2 |a|= 9.820 w=(   0.488,   0.183,  -0.122) dps T= 33.99 C
t= 4348.262531 a=(  1.120, -0.077,  9.740) m/s2 |a|= 9.804 w=(   0.488,   0.183,  -0.122) dps T= 33.98 C
t= 4348.363372 a=(  1.116, -0.077,  9.759) m/s2 |a|= 9.823 w=(   0.427,   0.183,  -0.183) dps T= 34.00 C
t= 4348.464243 a=(  1.116, -0.062,  9.749) m/s2 |a|= 9.813 w=(   0.427,   0.183,  -0.122) dps T= 34.01 C
t= 4348.565109 a=(  1.116, -0.072,  9.749) m/s2 |a|= 9.813 w=(   0.427,   0.183,  -0.183) dps T= 33.98 C
t= 4348.666003 a=(  1.111, -0.086,  9.759) m/s2 |a|= 9.822 w=(   0.488,   0.183,  -0.061) dps T= 33.99 C
t= 4348.766841 a=(  1.120, -0.062,  9.754) m/s2 |a|= 9.818 w=(   0.488,   0.183,  -0.122) dps T= 34.01 C
t= 4348.867717 a=(  1.101, -0.067,  9.754) m/s2 |a|= 9.816 w=(   0.488,   0.183,  -0.183) dps T= 34.00 C
t= 4348.968538 a=(  1.130, -0.067,  9.754) m/s2 |a|= 9.819 w=(   0.427,   0.122,  -0.122) dps T= 34.01 C
t= 4349.069371 a=(  1.116, -0.077,  9.759) m/s2 |a|= 9.823 w=(   0.488,   0.244,  -0.122) dps T= 33.99 C
t= 4349.170343 a=(  1.116, -0.077,  9.754) m/s2 |a|= 9.818 w=(   0.488,   0.183,  -0.122) dps T= 33.99 C
t= 4349.271207 a=(  1.116, -0.077,  9.764) m/s2 |a|= 9.827 w=(   0.488,   0.183,  -0.122) dps T= 34.00 C
t= 4349.372054 a=(  1.120, -0.072,  9.759) m/s2 |a|= 9.823 w=(   0.427,   0.183,  -0.122) dps T= 33.97 C
t= 4349.472965 a=(  1.106, -0.072,  9.744) m/s2 |a|= 9.807 w=(   0.488,   0.183,  -0.122) dps T= 33.99 C
t= 4349.573842 a=(  1.116, -0.077,  9.764) m/s2 |a|= 9.827 w=(   0.488,   0.183,  -0.122) dps T= 33.99 C
t= 4349.674703 a=(  1.125, -0.057,  9.749) m/s2 |a|= 9.814 w=(   0.427,   0.122,  -0.122) dps T= 34.00 C
t= 4349.775688 a=(  1.116, -0.072,  9.749) m/s2 |a|= 9.813 w=(   0.488,   0.244,  -0.183) dps T= 34.00 C
t= 4349.876569 a=(  1.125, -0.077,  9.754) m/s2 |a|= 9.819 w=(   0.488,   0.183,  -0.122) dps T= 33.98 C
t= 4349.977449 a=(  1.135, -0.072,  9.754) m/s2 |a|= 9.820 w=(   0.427,   0.183,  -0.122) dps T= 34.00 C
t= 4350.078296 a=(  1.106, -0.057,  9.754) m/s2 |a|= 9.817 w=(   0.427,   0.244,  -0.122) dps T= 33.97 C
t= 4350.179255 a=(  1.111, -0.077,  9.759) m/s2 |a|= 9.822 w=(   0.488,   0.183,  -0.122) dps T= 33.99 C
t= 4350.280362 a=(  1.120, -0.072,  9.759) m/s2 |a|= 9.823 w=(   0.427,   0.183,  -0.122) dps T= 34.00 C
t= 4350.381238 a=(  1.120, -0.072,  9.749) m/s2 |a|= 9.814 w=(   0.427,   0.183,  -0.122) dps T= 33.99 C
t= 4350.482100 a=(  1.125, -0.072,  9.754) m/s2 |a|= 9.819 w=(   0.488,   0.183,  -0.122) dps T= 34.00 C
t= 4350.582948 a=(  1.111, -0.081,  9.773) m/s2 |a|= 9.836 w=(   0.488,   0.183,  -0.122) dps T= 34.01 C
t= 4350.683841 a=(  1.125, -0.053,  9.759) m/s2 |a|= 9.824 w=(   0.427,   0.244,  -0.122) dps T= 33.98 C
t= 4350.784756 a=(  1.111, -0.048,  9.754) m/s2 |a|= 9.817 w=(   0.488,   0.183,  -0.061) dps T= 33.98 C
t= 4350.885643 a=(  1.116, -0.067,  9.759) m/s2 |a|= 9.823 w=(   0.427,   0.244,  -0.122) dps T= 33.99 C
t= 4350.986534 a=(  1.111, -0.072,  9.764) m/s2 |a|= 9.827 w=(   0.488,   0.244,  -0.122) dps T= 33.99 C
t= 4351.087384 a=(  1.106, -0.067,  9.754) m/s2 |a|= 9.817 w=(   0.488,   0.183,  -0.122) dps T= 33.98 C
t= 4351.188276 a=(  1.106, -0.081,  9.749) m/s2 |a|= 9.812 w=(   0.488,   0.183,  -0.122) dps T= 34.00 C
t= 4351.289112 a=(  1.116, -0.067,  9.749) m/s2 |a|= 9.813 w=(   0.427,   0.183,  -0.122) dps T= 33.98 C
t= 4351.389934 a=(  1.111, -0.067,  9.764) m/s2 |a|= 9.827 w=(   0.427,   0.183,  -0.122) dps T= 34.00 C
t= 4351.490905 a=(  1.116, -0.067,  9.744) m/s2 |a|= 9.808 w=(   0.427,   0.183,  -0.122) dps T= 34.01 C
t= 4351.591746 a=(  1.101, -0.067,  9.764) m/s2 |a|= 9.826 w=(   0.488,   0.183,  -0.183) dps T= 33.98 C
t= 4351.692597 a=(  1.116, -0.067,  9.759) m/s2 |a|= 9.823 w=(   0.427,   0.183,  -0.122) dps T= 34.01 C
t= 4351.793458 a=(  1.116, -0.062,  9.744) m/s2 |a|= 9.808 w=(   0.488,   0.183,  -0.061) dps T= 33.98 C
t= 4351.894293 a=(  1.125, -0.072,  9.754) m/s2 |a|= 9.819 w=(   0.427,   0.183,  -0.183) dps T= 33.97 C
t= 4351.995154 a=(  1.120, -0.062,  9.749) m/s2 |a|= 9.814 w=(   0.488,   0.183,  -0.122) dps T= 33.98 C
t= 4352.096093 a=(  1.101, -0.057,  9.764) m/s2 |a|= 9.826 w=(   0.427,   0.244,  -0.122) dps T= 33.99 C
t= 4352.196988 a=(  1.130, -0.057,  9.754) m/s2 |a|= 9.819 w=(   0.488,   0.244,  -0.122) dps T= 33.99 C
t= 4352.297856 a=(  1.120, -0.062,  9.749) m/s2 |a|= 9.814 w=(   0.488,   0.183,  -0.122) dps T= 33.98 C
t= 4352.398710 a=(  1.106, -0.067,  9.754) m/s2 |a|= 9.817 w=(   0.427,   0.183,  -0.183) dps T= 34.00 C
t= 4352.499555 a=(  1.106, -0.081,  9.764) m/s2 |a|= 9.826 w=(   0.427,   0.122,  -0.122) dps T= 33.97 C
t= 4352.600518 a=(  1.116, -0.072,  9.749) m/s2 |a|= 9.813 w=(   0.488,   0.183,  -0.183) dps T= 33.99 C
t= 4352.701370 a=(  1.120, -0.072,  9.749) m/s2 |a|= 9.814 w=(   0.488,   0.183,  -0.122) dps T= 33.98 C
t= 4352.802216 a=(  1.116, -0.077,  9.754) m/s2 |a|= 9.818 w=(   0.488,   0.122,  -0.122) dps T= 33.98 C
t= 4352.903051 a=(  1.116, -0.072,  9.773) m/s2 |a|= 9.837 w=(   0.427,   0.183,  -0.061) dps T= 33.99 C
t= 4353.003875 a=(  1.135, -0.072,  9.773) m/s2 |a|= 9.839 w=(   0.488,   0.183,  -0.122) dps T= 33.98 C
t= 4353.104710 a=(  1.120, -0.053,  9.754) m/s2 |a|= 9.818 w=(   0.427,   0.122,  -0.122) dps T= 33.98 C
t= 4353.205588 a=(  1.120, -0.062,  9.749) m/s2 |a|= 9.814 w=(   0.427,   0.183,  -0.061) dps T= 33.99 C
t= 4353.306453 a=(  1.125, -0.067,  9.764) m/s2 |a|= 9.828 w=(   0.427,   0.183,  -0.183) dps T= 33.98 C
t= 4353.407354 a=(  1.106, -0.067,  9.744) m/s2 |a|= 9.807 w=(   0.427,   0.183,  -0.122) dps T= 33.98 C
t= 4353.508209 a=(  1.116, -0.081,  9.773) m/s2 |a|= 9.837 w=(   0.488,   0.183,  -0.122) dps T= 33.98 C
t= 4353.609069 a=(  1.116, -0.077,  9.764) m/s2 |a|= 9.827 w=(   0.488,   0.122,  -0.122) dps T= 33.99 C
t= 4353.709916 a=(  1.120, -0.072,  9.749) m/s2 |a|= 9.814 w=(   0.488,   0.244,  -0.122) dps T= 33.98 C
t= 4353.810911 a=(  1.125, -0.048,  9.744) m/s2 |a|= 9.809 w=(   0.488,   0.183,  -0.122) dps T= 33.97 C
t= 4353.911766 a=(  1.106, -0.072,  9.744) m/s2 |a|= 9.807 w=(   0.488,   0.183,  -0.183) dps T= 33.98 C
t= 4354.012606 a=(  1.135, -0.057,  9.740) m/s2 |a|= 9.806 w=(   0.427,   0.183,  -0.183) dps T= 33.98 C
t= 4354.113487 a=(  1.101, -0.062,  9.749) m/s2 |a|= 9.811 w=(   0.427,   0.183,  -0.122) dps T= 33.96 C
t= 4354.214358 a=(  1.111, -0.072,  9.768) m/s2 |a|= 9.832 w=(   0.488,   0.183,  -0.122) dps T= 34.00 C
t= 4354.315194 a=(  1.120, -0.077,  9.749) m/s2 |a|= 9.814 w=(   0.488,   0.183,  -0.122) dps T= 33.98 C
t= 4354.416092 a=(  1.116, -0.062,  9.764) m/s2 |a|= 9.827 w=(   0.427,   0.183,  -0.122) dps T= 34.01 C
t= 4354.516976 a=(  1.111, -0.067,  9.744) m/s2 |a|= 9.808 w=(   0.427,   0.183,  -0.122) dps T= 33.98 C
t= 4354.617891 a=(  1.120, -0.072,  9.764) m/s2 |a|= 9.828 w=(   0.488,   0.122,  -0.122) dps T= 33.98 C
t= 4354.718767 a=(  1.106, -0.072,  9.744) m/s2 |a|= 9.807 w=(   0.427,   0.122,  -0.122) dps T= 33.97 C
t= 4354.819613 a=(  1.111, -0.067,  9.754) m/s2 |a|= 9.817 w=(   0.488,   0.183,  -0.122) dps T= 34.01 C
t= 4354.920543 a=(  1.106, -0.081,  9.759) m/s2 |a|= 9.822 w=(   0.488,   0.183,  -0.122) dps T= 33.99 C
t= 4355.021416 a=(  1.125, -0.072,  9.764) m/s2 |a|= 9.828 w=(   0.427,   0.183,  -0.122) dps T= 33.98 C
t= 4355.122245 a=(  1.106, -0.057,  9.764) m/s2 |a|= 9.826 w=(   0.427,   0.183,  -0.122) dps T= 34.00 C
t= 4355.223101 a=(  1.120, -0.072,  9.754) m/s2 |a|= 9.818 w=(   0.427,   0.183,  -0.122) dps T= 33.99 C
t= 4355.323981 a=(  1.120, -0.067,  9.754) m/s2 |a|= 9.818 w=(   0.366,   0.183,  -0.122) dps T= 34.00 C
t= 4355.424988 a=(  1.120, -0.072,  9.759) m/s2 |a|= 9.823 w=(   0.366,   0.183,  -0.122) dps T= 33.98 C
t= 4355.525870 a=(  1.101, -0.057,  9.749) m/s2 |a|= 9.811 w=(   0.488,   0.244,  -0.122) dps T= 33.98 C
t= 4355.626747 a=(  1.120, -0.077,  9.754) m/s2 |a|= 9.818 w=(   0.488,   0.183,  -0.183) dps T= 34.02 C
t= 4355.727735 a=(  1.120, -0.067,  9.740) m/s2 |a|= 9.804 w=(   0.427,   0.183,  -0.122) dps T= 33.99 C
t= 4355.828629 a=(  1.111, -0.072,  9.754) m/s2 |a|= 9.817 w=(   0.427,   0.183,  -0.122) dps T= 34.01 C
t= 4355.929484 a=(  1.135, -0.062,  9.759) m/s2 |a|= 9.825 w=(   0.427,   0.183,  -0.122) dps T= 33.98 C
t= 4356.030413 a=(  1.111, -0.062,  9.744) m/s2 |a|= 9.808 w=(   0.488,   0.122,  -0.122) dps T= 34.00 C
t= 4356.131262 a=(  1.106, -0.081,  9.744) m/s2 |a|= 9.807 w=(   0.488,   0.183,  -0.122) dps T= 33.99 C
t= 4356.232117 a=(  1.111, -0.053,  9.744) m/s2 |a|= 9.808 w=(   0.488,   0.183,  -0.122) dps T= 33.97 C
t= 4356.332960 a=(  1.106, -0.077,  9.744) m/s2 |a|= 9.807 w=(   0.427,   0.183,  -0.122) dps T= 33.99 C
t= 4356.433798 a=(  1.116, -0.072,  9.754) m/s2 |a|= 9.818 w=(   0.427,   0.183,  -0.183) dps T= 33.97 C
t= 4356.534652 a=(  1.120, -0.072,  9.754) m/s2 |a|= 9.818 w=(   0.488,   0.183,  -0.061) dps T= 33.98 C
t= 4356.635503 a=(  1.111, -0.067,  9.740) m/s2 |a|= 9.803 w=(   0.427,   0.183,  -0.061) dps T= 33.99 C
t= 4356.736334 a=(  1.106, -0.067,  9.754) m/s2 |a|= 9.817 w=(   0.427,   0.122,  -0.183) dps T= 33.98 C
t= 4356.837236 a=(  1.120, -0.072,  9.749) m/s2 |a|= 9.814 w=(   0.427,   0.122,  -0.122) dps T= 34.00 C
t= 4356.938161 a=(  1.130, -0.077,  9.759) m/s2 |a|= 9.824 w=(   0.427,   0.244,  -0.122) dps T= 33.98 C
t= 4357.039045 a=(  1.120, -0.062,  9.759) m/s2 |a|= 9.823 w=(   0.427,   0.183,  -0.122) dps T= 33.99 C
t= 4357.139906 a=(  1.116, -0.067,  9.754) m/s2 |a|= 9.818 w=(   0.427,   0.183,  -0.122) dps T= 33.96 C
t= 4357.240805 a=(  1.111, -0.077,  9.744) m/s2 |a|= 9.808 w=(   0.488,   0.183,  -0.122) dps T= 33.99 C
t= 4357.341643 a=(  1.111, -0.062,  9.754) m/s2 |a|= 9.817 w=(   0.427,   0.183,  -0.122) dps T= 33.98 C
t= 4357.442494 a=(  1.116, -0.072,  9.759) m/s2 |a|= 9.823 w=(   0.427,   0.122,  -0.183) dps T= 33.97 C
t= 4357.543318 a=(  1.111, -0.081,  9.749) m/s2 |a|= 9.813 w=(   0.488,   0.244,  -0.122) dps T= 34.00 C
t= 4357.644158 a=(  1.125, -0.067,  9.754) m/s2 |a|= 9.819 w=(   0.427,   0.183,  -0.122) dps T= 34.02 C
t= 4357.745000 a=(  1.106, -0.077,  9.744) m/s2 |a|= 9.807 w=(   0.427,   0.183,  -0.183) dps T= 33.97 C
t= 4357.845848 a=(  1.125, -0.057,  9.749) m/s2 |a|= 9.814 w=(   0.427,   0.183,  -0.122) dps T= 33.98 C
t= 4357.946696 a=(  1.125, -0.062,  9.740) m/s2 |a|= 9.805 w=(   0.427,   0.183,  -0.122) dps T= 33.97 C
t= 4358.047668 a=(  1.120, -0.072,  9.740) m/s2 |a|= 9.804 w=(   0.488,   0.183,  -0.122) dps T= 33.99 C
t= 4358.148564 a=(  1.125, -0.077,  9.754) m/s2 |a|= 9.819 w=(   0.427,   0.183,  -0.061) dps T= 33.99 C
t= 4358.249457 a=(  1.120, -0.072,  9.759) m/s2 |a|= 9.823 w=(   0.488,   0.183,  -0.122) dps T= 33.98 C
t= 4358.350479 a=(  1.116, -0.062,  9.749) m/s2 |a|= 9.813 w=(   0.488,   0.183,  -0.122) dps T= 33.99 C
t= 4358.451323 a=(  1.120, -0.062,  9.764) m/s2 |a|= 9.828 w=(   0.488,   0.183,  -0.183) dps T= 34.00 C
t= 4358.552160 a=(  1.116, -0.067,  9.759) m/s2 |a|= 9.823 w=(   0.427,   0.244,  -0.122) dps T= 33.97 C
t= 4358.653031 a=(  1.106, -0.077,  9.759) m/s2 |a|= 9.822 w=(   0.427,   0.183,  -0.183) dps T= 33.98 C
t= 4358.753866 a=(  1.125, -0.072,  9.749) m/s2 |a|= 9.814 w=(   0.427,   0.183,  -0.122) dps T= 34.00 C
t= 4358.854751 a=(  1.135, -0.072,  9.744) m/s2 |a|= 9.811 w=(   0.427,   0.183,  -0.122) dps T= 34.00 C
t= 4358.955581 a=(  1.125, -0.081,  9.749) m/s2 |a|= 9.814 w=(   0.427,   0.183,  -0.122) dps T= 33.99 C
t= 4359.056440 a=(  1.106, -0.081,  9.749) m/s2 |a|= 9.812 w=(   0.488,   0.122,  -0.183) dps T= 34.00 C
t= 4359.157274 a=(  1.116, -0.077,  9.754) m/s2 |a|= 9.818 w=(   0.488,   0.183,  -0.122) dps T= 34.02 C
t= 4359.258281 a=(  1.116, -0.067,  9.749) m/s2 |a|= 9.813 w=(   0.427,   0.183,  -0.122) dps T= 33.97 C
t= 4359.359193 a=(  1.111, -0.072,  9.754) m/s2 |a|= 9.817 w=(   0.427,   0.183,  -0.183) dps T= 33.99 C
t= 4359.460104 a=(  1.111, -0.072,  9.764) m/s2 |a|= 9.827 w=(   0.488,   0.183,  -0.061) dps T= 33.98 C
t= 4359.561000 a=(  1.116, -0.062,  9.754) m/s2 |a|= 9.818 w=(   0.427,   0.244,  -0.122) dps T= 33.99 C
t= 4359.661838 a=(  1.116, -0.062,  9.764) m/s2 |a|= 9.827 w=(   0.488,   0.183,  -0.122) dps T= 33.99 C
t= 4359.762669 a=(  1.106, -0.081,  9.754) m/s2 |a|= 9.817 w=(   0.488,   0.183,  -0.122) dps T= 33.99 C
t= 4359.863529 a=(  1.111, -0.072,  9.759) m/s2 |a|= 9.822 w=(   0.488,   0.183,  -0.183) dps T= 33.99 C
t= 4359.964351 a=(  1.120, -0.077,  9.754) m/s2 |a|= 9.818 w=(   0.488,   0.244,  -0.122) dps T= 33.99 C
t= 4360.065178 a=(  1.106, -0.067,  9.749) m/s2 |a|= 9.812 w=(   0.488,   0.183,  -0.122) dps T= 33.98 C
t= 4360.166008 a=(  1.106, -0.062,  9.759) m/s2 |a|= 9.821 w=(   0.427,   0.183,  -0.122) dps T= 33.99 C
t= 4360.266844 a=(  1.120, -0.077,  9.744) m/s2 |a|= 9.809 w=(   0.427,   0.183,  -0.122) dps T= 33.98 C
t= 4360.367691 a=(  1.125, -0.067,  9.735) m/s2 |a|= 9.800 w=(   0.488,   0.183,  -0.122) dps T= 33.99 C
t= 4360.468561 a=(  1.120, -0.077,  9.749) m/s2 |a|= 9.814 w=(   0.488,   0.183,  -0.122) dps T= 34.01 C
t= 4360.569444 a=(  1.106, -0.072,  9.749) m/s2 |a|= 9.812 w=(   0.488,   0.183,  -0.061) dps T= 33.99 C
t= 4360.670452 a=(  1.116, -0.062,  9.749) m/s2 |a|= 9.813 w=(   0.427,   0.183,  -0.122) dps T= 33.97 C
t= 4360.771371 a=(  1.101, -0.057,  9.754) m/s2 |a|= 9.816 w=(   0.488,   0.183,  -0.122) dps T= 33.97 C
t= 4360.872227 a=(  1.106, -0.072,  9.744) m/s2 |a|= 9.807 w=(   0.427,   0.244,  -0.122) dps T= 33.98 C
t= 4360.973098 a=(  1.106, -0.062,  9.759) m/s2 |a|= 9.821 w=(   0.488,   0.122,  -0.122) dps T= 33.97 C
t= 4361.073943 a=(  1.120, -0.072,  9.744) m/s2 |a|= 9.809 w=(   0.488,   0.183,  -0.122) dps T= 33.97 C
t= 4361.174779 a=(  1.120, -0.072,  9.759) m/s2 |a|= 9.823 w=(   0.427,   0.183,  -0.122) dps T= 33.99 C
t= 4361.275637 a=(  1.125, -0.072,  9.754) m/s2 |a|= 9.819 w=(   0.427,   0.122,  -0.122) dps T= 33.99 C
t= 4361.376483 a=(  1.120, -0.067,  9.768) m/s2 |a|= 9.833 w=(   0.488,   0.183,  -0.122) dps T= 33.98 C
t= 4361.477311 a=(  1.120, -0.077,  9.749) m/s2 |a|= 9.814 w=(   0.427,   0.183,  -0.183) dps T= 33.99 C
t= 4361.578144 a=(  1.120, -0.053,  9.754) m/s2 |a|= 9.818 w=(   0.488,   0.244,  -0.122) dps T= 33.99 C
t= 4361.679026 a=(  1.111, -0.072,  9.759) m/s2 |a|= 9.822 w=(   0.427,   0.183,  -0.122) dps T= 33.97 C
t= 4361.779891 a=(  1.111, -0.072,  9.744) m/s2 |a|= 9.808 w=(   0.488,   0.183,  -0.122) dps T= 33.99 C
t= 4361.880824 a=(  1.116, -0.072,  9.754) m/s2 |a|= 9.818 w=(   0.427,   0.183,  -0.122) dps T= 33.98 C
t= 4361.981714 a=(  1.111, -0.077,  9.754) m/s2 |a|= 9.817 w=(   0.427,   0.183,  -0.122) dps T= 33.99 C
t= 4362.082588 a=(  1.120, -0.067,  9.754) m/s2 |a|= 9.818 w=(   0.488,   0.183,  -0.122) dps T= 33.96 C
t= 4362.183418 a=(  1.130, -0.067,  9.744) m/s2 |a|= 9.810 w=(   0.427,   0.183,  -0.122) dps T= 34.00 C
t= 4362.284259 a=(  1.125, -0.067,  9.759) m/s2 |a|= 9.824 w=(   0.488,   0.244,  -0.183) dps T= 33.97 C
t= 4362.385088 a=(  1.120, -0.072,  9.754) m/s2 |a|= 9.818 w=(   0.427,   0.183,  -0.122) dps T= 33.99 C
t= 4362.485919 a=(  1.116, -0.077,  9.764) m/s2 |a|= 9.827 w=(   0.488,   0.244,  -0.122) dps T= 33.99 C
t= 4362.586758 a=(  1.120, -0.062,  9.744) m/s2 |a|= 9.809 w=(   0.488,   0.183,  -0.122) dps T= 33.99 C
t= 4362.687590 a=(  1.120, -0.072,  9.749) m/s2 |a|= 9.814 w=(   0.427,   0.183,  -0.183) dps T= 34.00 C
t= 4362.788426 a=(  1.130, -0.072,  9.754) m/s2 |a|= 9.819 w=(   0.427,   0.183,  -0.183) dps T= 33.95 C
t= 4362.889304 a=(  1.120, -0.067,  9.744) m/s2 |a|= 9.809 w=(   0.488,   0.183,  -0.183) dps T= 33.98 C
t= 4362.990283 a=(  1.120, -0.077,  9.749) m/s2 |a|= 9.814 w=(   0.488,   0.183,  -0.061) dps T= 33.99 C
t= 4363.091155 a=(  1.120, -0.067,  9.749) m/s2 |a|= 9.814 w=(   0.427,   0.183,  -0.183) dps T= 33.99 C
t= 4363.192018 a=(  1.125, -0.077,  9.744) m/s2 |a|= 9.809 w=(   0.488,   0.183,  -0.122) dps T= 33.99 C
t= 4363.292880 a=(  1.101, -0.067,  9.744) m/s2 |a|= 9.807 w=(   0.427,   0.183,  -0.122) dps T= 33.97 C
t= 4363.393739 a=(  1.101, -0.072,  9.754) m/s2 |a|= 9.816 w=(   0.488,   0.183,  -0.061) dps T= 33.97 C
t= 4363.494574 a=(  1.125, -0.057,  9.754) m/s2 |a|= 9.819 w=(   0.427,   0.183,  -0.122) dps T= 33.97 C
t= 4363.595400 a=(  1.106, -0.067,  9.754) m/s2 |a|= 9.817 w=(   0.427,   0.122,  -0.122) dps T= 33.98 C
t= 4363.696264 a=(  1.120, -0.072,  9.754) m/s2 |a|= 9.818 w=(   0.488,   0.244,  -0.183) dps T= 34.00 C
t= 4363.797098 a=(  1.120, -0.086,  9.773) m/s2 |a|= 9.838 w=(   0.488,   0.183,  -0.061) dps T= 33.97 C
t= 4363.897931 a=(  1.116, -0.072,  9.759) m/s2 |a|= 9.823 w=(   0.427,   0.183,  -0.122) dps T= 33.99 C
t= 4363.998765 a=(  1.116, -0.067,  9.744) m/s2 |a|= 9.808 w=(   0.488,   0.122,  -0.122) dps T= 33.98 C
t= 4364.099662 a=(  1.125, -0.067,  9.759) m/s2 |a|= 9.824 w=(   0.488,   0.244,  -0.061) dps T= 33.98 C
t= 4364.200681 a=(  1.125, -0.057,  9.744) m/s2 |a|= 9.809 w=(   0.488,   0.122,  -0.061) dps T= 34.01 C
t= 4364.301550 a=(  1.120, -0.067,  9.754) m/s2 |a|= 9.818 w=(   0.427,   0.183,  -0.122) dps T= 33.98 C
t= 4364.402428 a=(  1.106, -0.072,  9.754) m/s2 |a|= 9.817 w=(   0.427,   0.183,  -0.122) dps T= 33.98 C
t= 4364.503255 a=(  1.130, -0.072,  9.759) m/s2 |a|= 9.824 w=(   0.427,   0.244,  -0.122) dps T= 33.97 C
t= 4364.604112 a=(  1.125, -0.067,  9.754) m/s2 |a|= 9.819 w=(   0.488,   0.183,  -0.122) dps T= 33.97 C
t= 4364.704943 a=(  1.111, -0.072,  9.764) m/s2 |a|= 9.827 w=(   0.427,   0.183,  -0.122) dps T= 33.97 C
t= 4364.805760 a=(  1.125, -0.081,  9.740) m/s2 |a|= 9.805 w=(   0.427,   0.183,  -0.122) dps T= 34.00 C
t= 4364.906594 a=(  1.130, -0.072,  9.749) m/s2 |a|= 9.815 w=(   0.366,   0.183,  -0.122) dps T= 33.97 C
t= 4365.007426 a=(  1.125, -0.067,  9.740) m/s2 |a|= 9.805 w=(   0.427,   0.122,  -0.122) dps T= 33.97 C
t= 4365.108260 a=(  1.120, -0.057,  9.740) m/s2 |a|= 9.804 w=(   0.488,   0.183,  -0.122) dps T= 33.98 C
t= 4365.209105 a=(  1.120, -0.062,  9.735) m/s2 |a|= 9.799 w=(   0.549,   0.183,  -0.183) dps T= 33.99 C
t= 4365.309997 a=(  1.116, -0.072,  9.744) m/s2 |a|= 9.808 w=(   0.427,   0.183,  -0.122) dps T= 34.00 C
t= 4365.410909 a=(  1.116, -0.057,  9.749) m/s2 |a|= 9.813 w=(   0.488,   0.183,  -0.122) dps T= 34.00 C
t= 4365.511773 a=(  1.120, -0.072,  9.744) m/s2 |a|= 9.809 w=(   0.427,   0.122,  -0.122) dps T= 33.99 C
t= 4365.612626 a=(  1.120, -0.062,  9.749) m/s2 |a|= 9.814 w=(   0.488,   0.183,  -0.183) dps T= 33.98 C
t= 4365.713472 a=(  1.101, -0.062,  9.744) m/s2 |a|= 9.807 w=(   0.488,   0.183,  -0.122) dps T= 33.98 C
t= 4365.814321 a=(  1.116, -0.072,  9.754) m/s2 |a|= 9.818 w=(   0.427,   0.244,  -0.122) dps T= 33.97 C
t= 4365.915224 a=(  1.130, -0.067,  9.754) m/s2 |a|= 9.819 w=(   0.488,   0.244,  -0.122) dps T= 33.99 C
t= 4366.016085 a=(  1.120, -0.057,  9.754) m/s2 |a|= 9.818 w=(   0.427,   0.183,  -0.122) dps T= 34.00 C
t= 4366.116927 a=(  1.120, -0.067,  9.744) m/s2 |a|= 9.809 w=(   0.427,   0.183,  -0.122) dps T= 33.97 C
t= 4366.217770 a=(  1.116, -0.067,  9.744) m/s2 |a|= 9.808 w=(   0.488,   0.183,  -0.122) dps T= 33.99 C
t= 4366.318600 a=(  1.125, -0.081,  9.749) m/s2 |a|= 9.814 w=(   0.488,   0.183,  -0.061) dps T= 33.97 C
t= 4366.419421 a=(  1.111, -0.072,  9.754) m/s2 |a|= 9.817 w=(   0.427,   0.183,  -0.183) dps T= 33.97 C
t= 4366.520394 a=(  1.125, -0.067,  9.749) m/s2 |a|= 9.814 w=(   0.427,   0.183,  -0.122) dps T= 33.98 C
t= 4366.621245 a=(  1.111, -0.072,  9.759) m/s2 |a|= 9.822 w=(   0.427,   0.122,  -0.122) dps T= 33.98 C
t= 4366.722097 a=(  1.130, -0.077,  9.759) m/s2 |a|= 9.824 w=(   0.488,   0.183,  -0.183) dps T= 34.00 C
t= 4366.822934 a=(  1.120, -0.067,  9.744) m/s2 |a|= 9.809 w=(   0.488,   0.183,  -0.061) dps T= 33.97 C
t= 4366.923784 a=(  1.125, -0.062,  9.744) m/s2 |a|= 9.809 w=(   0.488,   0.244,  -0.122) dps T= 33.99 C
t= 4367.024619 a=(  1.120, -0.077,  9.744) m/s2 |a|= 9.809 w=(   0.427,   0.183,  -0.122) dps T= 33.98 C
t= 4367.125468 a=(  1.120, -0.062,  9.749) m/s2 |a|= 9.814 w=(   0.427,   0.183,  -0.122) dps T= 34.01 C
t= 4367.226326 a=(  1.130, -0.067,  9.754) m/s2 |a|= 9.819 w=(   0.427,   0.244,  -0.122) dps T= 33.99 C
t= 4367.327194 a=(  1.130, -0.072,  9.740) m/s2 |a|= 9.805 w=(   0.427,   0.183,  -0.122) dps T= 33.97 C
t= 4367.428026 a=(  1.116, -0.067,  9.754) m/s2 |a|= 9.818 w=(   0.427,   0.183,  -0.122) dps T= 33.98 C
t= 4367.528871 a=(  1.120, -0.057,  9.754) m/s2 |a|= 9.818 w=(   0.427,   0.183,  -0.122) dps T= 33.98 C
t= 4367.629708 a=(  1.125, -0.067,  9.759) m/s2 |a|= 9.824 w=(   0.488,   0.183,  -0.122) dps T= 33.98 C
t= 4367.730655 a=(  1.120, -0.072,  9.754) m/s2 |a|= 9.818 w=(   0.488,   0.122,  -0.122) dps T= 33.96 C
t= 4367.831524 a=(  1.116, -0.086,  9.749) m/s2 |a|= 9.813 w=(   0.427,   0.244,  -0.122) dps T= 33.99 C
t= 4367.932368 a=(  1.120, -0.081,  9.740) m/s2 |a|= 9.804 w=(   0.488,   0.122,  -0.122) dps T= 33.99 C
t= 4368.033226 a=(  1.125, -0.077,  9.764) m/s2 |a|= 9.828 w=(   0.488,   0.122,  -0.122) dps T= 33.98 C
t= 4368.134076 a=(  1.125, -0.091,  9.749) m/s2 |a|= 9.814 w=(   0.488,   0.183,  -0.122) dps T= 33.99 C
t= 4368.234922 a=(  1.111, -0.062,  9.759) m/s2 |a|= 9.822 w=(   0.427,   0.183,  -0.122) dps T= 33.97 C
t= 4368.335769 a=(  1.125, -0.081,  9.749) m/s2 |a|= 9.814 w=(   0.427,   0.244,  -0.122) dps T= 34.00 C
t= 4368.436633 a=(  1.125, -0.067,  9.754) m/s2 |a|= 9.819 w=(   0.488,   0.122,  -0.122) dps T= 33.98 C
t= 4368.537478 a=(  1.125, -0.067,  9.764) m/s2 |a|= 9.828 w=(   0.427,   0.183,  -0.122) dps T= 33.98 C
t= 4368.638304 a=(  1.111, -0.077,  9.749) m/s2 |a|= 9.813 w=(   0.488,   0.183,  -0.122) dps T= 33.98 C
t= 4368.739124 a=(  1.116, -0.067,  9.744) m/s2 |a|= 9.808 w=(   0.427,   0.183,  -0.061) dps T= 33.98 C
t= 4368.839976 a=(  1.116, -0.077,  9.754) m/s2 |a|= 9.818 w=(   0.427,   0.183,  -0.183) dps T= 33.97 C
t= 4368.940962 a=(  1.135, -0.062,  9.754) m/s2 |a|= 9.820 w=(   0.427,   0.183,  -0.061) dps T= 33.97 C
t= 4369.041841 a=(  1.111, -0.062,  9.764) m/s2 |a|= 9.827 w=(   0.427,   0.183,  -0.122) dps T= 33.99 C
t= 4369.142689 a=(  1.111, -0.053,  9.759) m/s2 |a|= 9.822 w=(   0.488,   0.183,  -0.122) dps T= 33.99 C
t= 4369.243548 a=(  1.130, -0.067,  9.759) m/s2 |a|= 9.824 w=(   0.488,   0.122,  -0.122) dps T= 33.98 C
t= 4369.344380 a=(  1.130, -0.072,  9.754) m/s2 |a|= 9.819 w=(   0.427,   0.183,  -0.122) dps T= 33.99 C
t= 4369.445199 a=(  1.120, -0.062,  9.740) m/s2 |a|= 9.804 w=(   0.427,   0.244,  -0.061) dps T= 33.98 C
t= 4369.546041 a=(  1.116, -0.067,  9.759) m/s2 |a|= 9.823 w=(   0.427,   0.122,  -0.122) dps T= 33.97 C
t= 4369.646912 a=(  1.111, -0.057,  9.754) m/s2 |a|= 9.817 w=(   0.488,   0.244,  -0.183) dps T= 33.99 C
t= 4369.747736 a=(  1.125, -0.067,  9.759) m/s2 |a|= 9.824 w=(   0.427,   0.183,  -0.122) dps T= 33.98 C
t= 4369.848636 a=(  1.125, -0.067,  9.764) m/s2 |a|= 9.828 w=(   0.427,   0.183,  -0.061) dps T= 33.97 C
t= 4369.949482 a=(  1.116, -0.077,  9.749) m/s2 |a|= 9.813 w=(   0.427,   0.183,  -0.122) dps T= 34.00 C
t= 4370.050441 a=(  1.130, -0.072,  9.759) m/s2 |a|= 9.824 w=(   0.488,   0.183,  -0.061) dps T= 33.97 C
t= 4370.151326 a=(  1.125, -0.072,  9.744) m/s2 |a|= 9.809 w=(   0.427,   0.183,  -0.122) dps T= 33.98 C
t= 4370.252211 a=(  1.116, -0.072,  9.749) m/s2 |a|= 9.813 w=(   0.427,   0.183,  -0.183) dps T= 33.97 C
t= 4370.353116 a=(  1.120, -0.072,  9.764) m/s2 |a|= 9.828 w=(   0.488,   0.183,  -0.122) dps T= 33.99 C
t= 4370.453953 a=(  1.120, -0.072,  9.754) m/s2 |a|= 9.818 w=(   0.488,   0.183,  -0.122) dps T= 33.98 C
t= 4370.554798 a=(  1.106, -0.081,  9.759) m/s2 |a|= 9.822 w=(   0.427,   0.183,  -0.122) dps T= 33.97 C
t= 4370.655658 a=(  1.120, -0.057,  9.759) m/s2 |a|= 9.823 w=(   0.488,   0.183,  -0.122) dps T= 34.00 C
t= 4370.756500 a=(  1.120, -0.067,  9.754) m/s2 |a|= 9.818 w=(   0.488,   0.183,  -0.122) dps T= 33.96 C
t= 4370.857375 a=(  1.111, -0.053,  9.740) m/s2 |a|= 9.803 w=(   0.488,   0.183,  -0.122) dps T= 33.98 C
t= 4370.958213 a=(  1.101, -0.067,  9.754) m/s2 |a|= 9.816 w=(   0.488,   0.183,  -0.122) dps T= 33.97 C
t= 4371.059048 a=(  1.125, -0.081,  9.759) m/s2 |a|= 9.824 w=(   0.488,   0.183,  -0.122) dps T= 33.99 C
t= 4371.159888 a=(  1.120, -0.062,  9.768) m/s2 |a|= 9.833 w=(   0.427,   0.183,  -0.122) dps T= 33.97 C
t= 4371.260880 a=(  1.125, -0.067,  9.759) m/s2 |a|= 9.824 w=(   0.427,   0.183,  -0.122) dps T= 33.98 C
t= 4371.361815 a=(  1.101, -0.072,  9.754) m/s2 |a|= 9.816 w=(   0.488,   0.183,  -0.122) dps T= 33.97 C
t= 4371.462703 a=(  1.130, -0.067,  9.764) m/s2 |a|= 9.829 w=(   0.427,   0.183,  -0.122) dps T= 33.99 C
t= 4371.563587 a=(  1.125, -0.077,  9.740) m/s2 |a|= 9.805 w=(   0.427,   0.183,  -0.122) dps T= 33.98 C
t= 4371.664420 a=(  1.135, -0.062,  9.754) m/s2 |a|= 9.820 w=(   0.488,   0.183,  -0.183) dps T= 33.96 C
t= 4371.765254 a=(  1.116, -0.072,  9.744) m/s2 |a|= 9.808 w=(   0.488,   0.122,  -0.061) dps T= 33.97 C
t= 4371.866087 a=(  1.120, -0.072,  9.759) m/s2 |a|= 9.823 w=(   0.427,   0.183,  -0.061) dps T= 33.98 C
t= 4371.966915 a=(  1.130, -0.072,  9.744) m/s2 |a|= 9.810 w=(   0.488,   0.183,  -0.183) dps T= 33.98 C
t= 4372.067741 a=(  1.125, -0.067,  9.759) m/s2 |a|= 9.824 w=(   0.488,   0.183,  -0.122) dps T= 33.96 C
t= 4372.168592 a=(  1.111, -0.077,  9.740) m/s2 |a|= 9.803 w=(   0.488,   0.183,  -0.122) dps T= 33.99 C
t= 4372.269421 a=(  1.120, -0.067,  9.759) m/s2 |a|= 9.823 w=(   0.427,   0.183,  -0.122) dps T= 33.98 C
t= 4372.370409 a=(  1.116, -0.067,  9.749) m/s2 |a|= 9.813 w=(   0.427,   0.183,  -0.122) dps T= 33.99 C
t= 4372.471276 a=(  1.116, -0.062,  9.735) m/s2 |a|= 9.799 w=(   0.427,   0.183,  -0.122) dps T= 33.98 C
t= 4372.572200 a=(  1.120, -0.048,  9.744) m/s2 |a|= 9.809 w=(   0.427,   0.244,  -0.122) dps T= 33.97 C
t= 4372.673069 a=(  1.125, -0.067,  9.749) m/s2 |a|= 9.814 w=(   0.488,   0.183,  -0.183) dps T= 33.98 C
t= 4372.773948 a=(  1.116, -0.067,  9.749) m/s2 |a|= 9.813 w=(   0.488,   0.122,  -0.122) dps T= 33.98 C
t= 4372.874802 a=(  1.125, -0.072,  9.744) m/s2 |a|= 9.809 w=(   0.427,   0.183,  -0.122) dps T= 33.97 C
t= 4372.975625 a=(  1.116, -0.053,  9.754) m/s2 |a|= 9.818 w=(   0.427,   0.183,  -0.183) dps T= 33.97 C
t= 4373.076482 a=(  1.106, -0.067,  9.759) m/s2 |a|= 9.821 w=(   0.427,   0.122,  -0.061) dps T= 33.97 C
t= 4373.177345 a=(  1.125, -0.067,  9.754) m/s2 |a|= 9.819 w=(   0.427,   0.183,  -0.183) dps T= 33.98 C
t= 4373.278230 a=(  1.116, -0.072,  9.744) m/s2 |a|= 9.808 w=(   0.427,   0.183,  -0.122) dps T= 33.98 C
t= 4373.379084 a=(  1.125, -0.077,  9.744) m/s2 |a|= 9.809 w=(   0.488,   0.183,  -0.122) dps T= 33.97 C
t= 4373.479960 a=(  1.125, -0.081,  9.754) m/s2 |a|= 9.819 w=(   0.488,   0.183,  -0.061) dps T= 33.97 C
t= 4373.580908 a=(  1.120, -0.077,  9.744) m/s2 |a|= 9.809 w=(   0.427,   0.183,  -0.122) dps T= 33.98 C
t= 4373.681770 a=(  1.130, -0.077,  9.754) m/s2 |a|= 9.820 w=(   0.427,   0.183,  -0.122) dps T= 33.97 C
t= 4373.782691 a=(  1.120, -0.077,  9.759) m/s2 |a|= 9.823 w=(   0.427,   0.122,  -0.122) dps T= 33.97 C
t= 4373.883566 a=(  1.111, -0.077,  9.754) m/s2 |a|= 9.817 w=(   0.427,   0.183,  -0.122) dps T= 33.97 C
t= 4373.984407 a=(  1.116, -0.062,  9.759) m/s2 |a|= 9.823 w=(   0.488,   0.183,  -0.122) dps T= 33.97 C
t= 4374.085248 a=(  1.116, -0.062,  9.749) m/s2 |a|= 9.813 w=(   0.549,   0.183,  -0.061) dps T= 33.98 C
t= 4374.186066 a=(  1.125, -0.057,  9.740) m/s2 |a|= 9.805 w=(   0.427,   0.244,  -0.122) dps T= 33.97 C
t= 4374.286893 a=(  1.125, -0.077,  9.744) m/s2 |a|= 9.809 w=(   0.488,   0.183,  -0.061) dps T= 33.99 C
t= 4374.387727 a=(  1.125, -0.062,  9.744) m/s2 |a|= 9.809 w=(   0.427,   0.244,  -0.122) dps T= 34.01 C
t= 4374.488558 a=(  1.130, -0.072,  9.759) m/s2 |a|= 9.824 w=(   0.488,   0.183,  -0.122) dps T= 33.98 C
t= 4374.589381 a=(  1.116, -0.057,  9.740) m/s2 |a|= 9.803 w=(   0.488,   0.122,  -0.122) dps T= 33.97 C
t= 4374.690354 a=(  1.111, -0.072,  9.735) m/s2 |a|= 9.798 w=(   0.427,   0.122,  -0.122) dps T= 33.97 C
t= 4374.791215 a=(  1.130, -0.062,  9.754) m/s2 |a|= 9.819 w=(   0.488,   0.122,  -0.122) dps T= 33.99 C
t= 4374.892094 a=(  1.130, -0.067,  9.744) m/s2 |a|= 9.810 w=(   0.488,   0.061,  -0.122) dps T= 33.97 C
t= 4374.992958 a=(  1.125, -0.081,  9.744) m/s2 |a|= 9.809 w=(   0.427,   0.122,  -0.122) dps T= 33.99 C
t= 4375.093818 a=(  1.120, -0.053,  9.744) m/s2 |a|= 9.809 w=(   0.488,   0.183,  -0.122) dps T= 33.97 C
t= 4375.194684 a=(  1.125, -0.062,  9.735) m/s2 |a|= 9.800 w=(   0.427,   0.183,  -0.122) dps T= 33.98 C
t= 4375.295519 a=(  1.120, -0.067,  9.759) m/s2 |a|= 9.823 w=(   0.488,   0.244,  -0.122) dps T= 33.95 C
t= 4375.396371 a=(  1.120, -0.067,  9.754) m/s2 |a|= 9.818 w=(   0.488,   0.244,  -0.122) dps T= 33.98 C
t= 4375.497237 a=(  1.106, -0.091,  9.749) m/s2 |a|= 9.812 w=(   0.488,   0.183,  -0.122) dps T= 33.97 C
t= 4375.598078 a=(  1.111, -0.077,  9.744) m/s2 |a|= 9.808 w=(   0.488,   0.183,  -0.122) dps T= 33.98 C
t= 4375.698928 a=(  1.116, -0.067,  9.740) m/s2 |a|= 9.804 w=(   0.488,   0.122,  -0.183) dps T= 33.98 C
t= 4375.799747 a=(  1.125, -0.081,  9.740) m/s2 |a|= 9.805 w=(   0.427,   0.183,  -0.122) dps T= 33.98 C
t= 4375.900651 a=(  1.125, -0.062,  9.754) m/s2 |a|= 9.819 w=(   0.488,   0.122,  -0.061) dps T= 33.97 C
t= 4376.001504 a=(  1.130, -0.072,  9.740) m/s2 |a|= 9.805 w=(   0.488,   0.183,  -0.122) dps T= 33.98 C
t= 4376.102376 a=(  1.125, -0.081,  9.740) m/s2 |a|= 9.805 w=(   0.488,   0.183,  -0.122) dps T= 33.97 C
t= 4376.203260 a=(  1.106, -0.081,  9.744) m/s2 |a|= 9.807 w=(   0.427,   0.183,  -0.122) dps T= 33.97 C
t= 4376.304183 a=(  1.116, -0.081,  9.740) m/s2 |a|= 9.804 w=(   0.549,   0.183,  -0.183) dps T= 33.99 C
t= 4376.405059 a=(  1.111, -0.067,  9.754) m/s2 |a|= 9.817 w=(   0.488,   0.244,  -0.122) dps T= 33.98 C
t= 4376.505894 a=(  1.116, -0.067,  9.744) m/s2 |a|= 9.808 w=(   0.427,   0.183,  -0.122) dps T= 33.95 C
t= 4376.606755 a=(  1.111, -0.072,  9.749) m/s2 |a|= 9.813 w=(   0.488,   0.183,  -0.122) dps T= 33.96 C
t= 4376.707581 a=(  1.125, -0.081,  9.744) m/s2 |a|= 9.809 w=(   0.427,   0.122,  -0.122) dps T= 33.96 C
t= 4376.808425 a=(  1.120, -0.062,  9.754) m/s2 |a|= 9.818 w=(   0.427,   0.244,  -0.122) dps T= 33.98 C
t= 4376.909258 a=(  1.116, -0.072,  9.730) m/s2 |a|= 9.794 w=(   0.427,   0.183,  -0.122) dps T= 33.98 C
t= 4377.010090 a=(  1.120, -0.067,  9.749) m/s2 |a|= 9.814 w=(   0.427,   0.183,  -0.061) dps T= 33.98 C
t= 4377.110932 a=(  1.120, -0.062,  9.759) m/s2 |a|= 9.823 w=(   0.427,   0.183,  -0.122) dps T= 33.98 C
t= 4377.211809 a=(  1.116, -0.072,  9.744) m/s2 |a|= 9.808 w=(   0.427,   0.183,  -0.122) dps T= 33.97 C
t= 4377.312786 a=(  1.097, -0.072,  9.740) m/s2 |a|= 9.801 w=(   0.427,   0.183,  -0.122) dps T= 33.97 C
t= 4377.413694 a=(  1.120, -0.062,  9.759) m/s2 |a|= 9.823 w=(   0.488,   0.183,  -0.122) dps T= 33.97 C
t= 4377.514568 a=(  1.130, -0.081,  9.754) m/s2 |a|= 9.820 w=(   0.427,   0.183,  -0.122) dps T= 33.99 C
t= 4377.615441 a=(  1.125, -0.081,  9.754) m/s2 |a|= 9.819 w=(   0.488,   0.183,  -0.122) dps T= 33.96 C
t= 4377.716356 a=(  1.120, -0.086,  9.744) m/s2 |a|= 9.809 w=(   0.427,   0.183,  -0.122) dps T= 33.97 C
t= 4377.817231 a=(  1.120, -0.081,  9.744) m/s2 |a|= 9.809 w=(   0.427,   0.183,  -0.122) dps T= 33.97 C
t= 4377.918070 a=(  1.097, -0.072,  9.749) m/s2 |a|= 9.811 w=(   0.427,   0.183,  -0.122) dps T= 33.96 C
t= 4378.018901 a=(  1.111, -0.086,  9.744) m/s2 |a|= 9.808 w=(   0.488,   0.122,  -0.122) dps T= 33.97 C
t= 4378.119748 a=(  1.120, -0.072,  9.749) m/s2 |a|= 9.814 w=(   0.427,   0.183,  -0.183) dps T= 33.97 C
t= 4378.220659 a=(  1.111, -0.077,  9.740) m/s2 |a|= 9.803 w=(   0.427,   0.183,  -0.122) dps T= 33.97 C
t= 4378.321487 a=(  1.130, -0.072,  9.754) m/s2 |a|= 9.819 w=(   0.488,   0.183,  -0.122) dps T= 33.98 C
t= 4378.422352 a=(  1.135, -0.072,  9.754) m/s2 |a|= 9.820 w=(   0.427,   0.183,  -0.061) dps T= 33.97 C
t= 4378.523216 a=(  1.111, -0.062,  9.744) m/s2 |a|= 9.808 w=(   0.488,   0.122,  -0.122) dps T= 33.98 C
t= 4378.624089 a=(  1.111, -0.072,  9.754) m/s2 |a|= 9.817 w=(   0.427,   0.183,  -0.061) dps T= 33.96 C
t= 4378.724933 a=(  1.120, -0.072,  9.759) m/s2 |a|= 9.823 w=(   0.427,   0.183,  -0.183) dps T= 33.97 C
t= 4378.825767 a=(  1.116, -0.077,  9.749) m/s2 |a|= 9.813 w=(   0.488,   0.244,  -0.122) dps T= 33.98 C
t= 4378.926605 a=(  1.120, -0.077,  9.744) m/s2 |a|= 9.809 w=(   0.427,   0.244,  -0.122) dps T= 33.96 C
t= 4379.027451 a=(  1.125, -0.081,  9.744) m/s2 |a|= 9.809 w=(   0.427,   0.183,  -0.122) dps T= 33.98 C
t= 4379.128271 a=(  1.120, -0.077,  9.759) m/s2 |a|= 9.823 w=(   0.427,   0.122,  -0.183) dps T= 33.99 C
t= 4379.229112 a=(  1.125, -0.077,  9.735) m/s2 |a|= 9.800 w=(   0.427,   0.183,  -0.122) dps T= 33.97 C
t= 4379.329961 a=(  1.130, -0.067,  9.744) m/s2 |a|= 9.810 w=(   0.427,   0.183,  -0.122) dps T= 33.96 C
t= 4379.430916 a=(  1.106, -0.077,  9.744) m/s2 |a|= 9.807 w=(   0.427,   0.183,  -0.122) dps T= 33.97 C
t= 4379.531759 a=(  1.097, -0.072,  9.744) m/s2 |a|= 9.806 w=(   0.427,   0.183,  -0.122) dps T= 33.98 C
t= 4379.632673 a=(  1.130, -0.072,  9.744) m/s2 |a|= 9.810 w=(   0.427,   0.244,  -0.122) dps T= 33.97 C
t= 4379.733588 a=(  1.120, -0.077,  9.735) m/s2 |a|= 9.799 w=(   0.427,   0.183,  -0.122) dps T= 33.97 C
t= 4379.834494 a=(  1.135, -0.086,  9.744) m/s2 |a|= 9.811 w=(   0.488,   0.122,  -0.122) dps T= 33.98 C
t= 4379.935354 a=(  1.135, -0.072,  9.730) m/s2 |a|= 9.796 w=(   0.366,   0.183,  -0.122) dps T= 33.99 C
t= 4380.036193 a=(  1.125, -0.067,  9.735) m/s2 |a|= 9.800 w=(   0.488,   0.244,  -0.122) dps T= 33.96 C
t= 4380.137034 a=(  1.130, -0.062,  9.759) m/s2 |a|= 9.824 w=(   0.488,   0.183,  -0.183) dps T= 33.96 C
t= 4380.237913 a=(  1.120, -0.077,  9.744) m/s2 |a|= 9.809 w=(   0.427,   0.183,  -0.122) dps T= 33.98 C
t= 4380.338743 a=(  1.125, -0.077,  9.744) m/s2 |a|= 9.809 w=(   0.427,   0.183,  -0.122) dps T= 33.96 C
t= 4380.439586 a=(  1.111, -0.077,  9.744) m/s2 |a|= 9.808 w=(   0.427,   0.244,  -0.122) dps T= 33.97 C
t= 4380.540500 a=(  1.125, -0.072,  9.764) m/s2 |a|= 9.828 w=(   0.488,   0.183,  -0.122) dps T= 33.99 C
t= 4380.641333 a=(  1.116, -0.081,  9.749) m/s2 |a|= 9.813 w=(   0.427,   0.183,  -0.061) dps T= 33.96 C
t= 4380.742179 a=(  1.120, -0.067,  9.749) m/s2 |a|= 9.814 w=(   0.427,   0.183,  -0.122) dps T= 33.96 C
t= 4380.843041 a=(  1.106, -0.077,  9.754) m/s2 |a|= 9.817 w=(   0.488,   0.183,  -0.122) dps T= 33.97 C
t= 4380.943909 a=(  1.130, -0.072,  9.735) m/s2 |a|= 9.800 w=(   0.427,   0.183,  -0.122) dps T= 33.97 C
t= 4381.044780 a=(  1.120, -0.067,  9.749) m/s2 |a|= 9.814 w=(   0.488,   0.183,  -0.122) dps T= 33.96 C
t= 4381.145614 a=(  1.116, -0.081,  9.749) m/s2 |a|= 9.813 w=(   0.488,   0.122,  -0.122) dps T= 33.97 C
t= 4381.246461 a=(  1.130, -0.067,  9.744) m/s2 |a|= 9.810 w=(   0.488,   0.183,  -0.122) dps T= 33.97 C
t= 4381.347285 a=(  1.116, -0.077,  9.740) m/s2 |a|= 9.804 w=(   0.488,   0.122,  -0.122) dps T= 33.97 C
t= 4381.448106 a=(  1.125, -0.077,  9.754) m/s2 |a|= 9.819 w=(   0.488,   0.183,  -0.061) dps T= 33.97 C
t= 4381.548930 a=(  1.125, -0.072,  9.749) m/s2 |a|= 9.814 w=(   0.488,   0.183,  -0.122) dps T= 33.97 C
t= 4381.649794 a=(  1.120, -0.072,  9.740) m/s2 |a|= 9.804 w=(   0.488,   0.244,  -0.122) dps T= 33.98 C
t= 4381.750707 a=(  1.106, -0.072,  9.759) m/s2 |a|= 9.822 w=(   0.488,   0.183,  -0.122) dps T= 33.98 C
t= 4381.851576 a=(  1.111, -0.067,  9.754) m/s2 |a|= 9.817 w=(   0.488,   0.183,  -0.122) dps T= 33.96 C
t= 4381.952407 a=(  1.111, -0.067,  9.759) m/s2 |a|= 9.822 w=(   0.488,   0.183,  -0.122) dps T= 33.98 C
t= 4382.053313 a=(  1.116, -0.057,  9.764) m/s2 |a|= 9.827 w=(   0.427,   0.183,  -0.122) dps T= 33.99 C
t= 4382.154179 a=(  1.111, -0.081,  9.744) m/s2 |a|= 9.808 w=(   0.427,   0.122,  -0.183) dps T= 33.96 C
t= 4382.255093 a=(  1.116, -0.067,  9.744) m/s2 |a|= 9.808 w=(   0.427,   0.183,  -0.122) dps T= 33.99 C
t= 4382.355963 a=(  1.125, -0.072,  9.754) m/s2 |a|= 9.819 w=(   0.488,   0.183,  -0.122) dps T= 33.98 C
t= 4382.456808 a=(  1.125, -0.086,  9.749) m/s2 |a|= 9.814 w=(   0.366,   0.183,  -0.122) dps T= 33.97 C
t= 4382.557674 a=(  1.111, -0.067,  9.754) m/s2 |a|= 9.817 w=(   0.488,   0.122,  -0.122) dps T= 33.97 C
t= 4382.658501 a=(  1.111, -0.072,  9.749) m/s2 |a|= 9.813 w=(   0.488,   0.122,  -0.122) dps T= 33.96 C
t= 4382.759347 a=(  1.125, -0.077,  9.744) m/s2 |a|= 9.809 w=(   0.427,   0.183,  -0.122) dps T= 33.97 C
t= 4382.860229 a=(  1.125, -0.072,  9.759) m/s2 |a|= 9.824 w=(   0.488,   0.183,  -0.122) dps T= 33.97 C
t= 4382.961070 a=(  1.130, -0.072,  9.744) m/s2 |a|= 9.810 w=(   0.427,   0.183,  -0.122) dps T= 33.96 C
t= 4383.061914 a=(  1.111, -0.072,  9.749) m/s2 |a|= 9.813 w=(   0.427,   0.183,  -0.122) dps T= 33.97 C
t= 4383.162758 a=(  1.111, -0.067,  9.744) m/s2 |a|= 9.808 w=(   0.488,   0.244,  -0.122) dps T= 33.98 C
t= 4383.263663 a=(  1.111, -0.072,  9.749) m/s2 |a|= 9.813 w=(   0.488,   0.244,  -0.061) dps T= 33.97 C
t= 4383.364532 a=(  1.116, -0.081,  9.754) m/s2 |a|= 9.818 w=(   0.488,   0.122,  -0.122) dps T= 33.97 C
t= 4383.465422 a=(  1.101, -0.077,  9.754) m/s2 |a|= 9.816 w=(   0.488,   0.183,  -0.122) dps T= 33.97 C
t= 4383.566299 a=(  1.111, -0.077,  9.749) m/s2 |a|= 9.813 w=(   0.427,   0.183,  -0.061) dps T= 33.97 C
t= 4383.667127 a=(  1.106, -0.072,  9.744) m/s2 |a|= 9.807 w=(   0.488,   0.183,  -0.122) dps T= 33.98 C
t= 4383.767965 a=(  1.106, -0.072,  9.749) m/s2 |a|= 9.812 w=(   0.488,   0.244,  -0.122) dps T= 33.97 C
t= 4383.868812 a=(  1.111, -0.067,  9.749) m/s2 |a|= 9.813 w=(   0.427,   0.183,  -0.122) dps T= 33.98 C
t= 4383.969641 a=(  1.111, -0.067,  9.744) m/s2 |a|= 9.808 w=(   0.427,   0.122,  -0.122) dps T= 33.97 C
t= 4384.070552 a=(  1.116, -0.067,  9.754) m/s2 |a|= 9.818 w=(   0.427,   0.183,  -0.122) dps T= 33.99 C
t= 4384.171382 a=(  1.106, -0.081,  9.744) m/s2 |a|= 9.807 w=(   0.488,   0.122,  -0.122) dps T= 33.97 C
t= 4384.272213 a=(  1.116, -0.081,  9.744) m/s2 |a|= 9.808 w=(   0.427,   0.122,  -0.122) dps T= 33.97 C
t= 4384.373056 a=(  1.120, -0.072,  9.759) m/s2 |a|= 9.823 w=(   0.488,   0.183,  -0.061) dps T= 33.96 C
t= 4384.473912 a=(  1.116, -0.081,  9.744) m/s2 |a|= 9.808 w=(   0.488,   0.183,  -0.183) dps T= 33.97 C
t= 4384.574919 a=(  1.130, -0.053,  9.749) m/s2 |a|= 9.815 w=(   0.427,   0.122,  -0.183) dps T= 33.97 C
t= 4384.675806 a=(  1.120, -0.077,  9.730) m/s2 |a|= 9.795 w=(   0.488,   0.183,  -0.122) dps T= 33.97 C
t= 4384.776663 a=(  1.130, -0.053,  9.749) m/s2 |a|= 9.815 w=(   0.427,   0.183,  -0.122) dps T= 33.98 C
t= 4384.877540 a=(  1.097, -0.067,  9.749) m/s2 |a|= 9.811 w=(   0.427,   0.244,  -0.122) dps T= 33.98 C
t= 4384.978384 a=(  1.111, -0.067,  9.744) m/s2 |a|= 9.808 w=(   0.427,   0.183,  -0.122) dps T= 33.96 C
t= 4385.079225 a=(  1.111, -0.057,  9.759) m/s2 |a|= 9.822 w=(   0.488,   0.244,  -0.122) dps T= 33.95 C
t= 4385.180047 a=(  1.125, -0.053,  9.749) m/s2 |a|= 9.814 w=(   0.427,   0.244,  -0.122) dps T= 33.98 C
t= 4385.280924 a=(  1.111, -0.057,  9.754) m/s2 |a|= 9.817 w=(   0.427,   0.183,  -0.061) dps T= 33.97 C
t= 4385.381756 a=(  1.120, -0.067,  9.740) m/s2 |a|= 9.804 w=(   0.488,   0.183,  -0.122) dps T= 33.98 C
t= 4385.482580 a=(  1.120, -0.077,  9.773) m/s2 |a|= 9.837 w=(   0.488,   0.244,  -0.122) dps T= 33.97 C
t= 4385.583500 a=(  1.116, -0.067,  9.740) m/s2 |a|= 9.804 w=(   0.488,   0.183,  -0.122) dps T= 33.97 C
t= 4385.684406 a=(  1.111, -0.057,  9.730) m/s2 |a|= 9.793 w=(   0.427,   0.183,  -0.122) dps T= 33.99 C
t= 4385.785279 a=(  1.125, -0.062,  9.740) m/s2 |a|= 9.805 w=(   0.488,   0.244,  -0.122) dps T= 33.96 C
t= 4385.886160 a=(  1.111, -0.057,  9.749) m/s2 |a|= 9.812 w=(   0.427,   0.183,  -0.061) dps T= 33.98 C
t= 4385.986994 a=(  1.120, -0.057,  9.754) m/s2 |a|= 9.818 w=(   0.488,   0.183,  -0.122) dps T= 33.97 C
t= 4386.087836 a=(  1.120, -0.062,  9.764) m/s2 |a|= 9.828 w=(   0.488,   0.122,  -0.122) dps T= 33.98 C
t= 4386.188673 a=(  1.111, -0.053,  9.754) m/s2 |a|= 9.817 w=(   0.427,   0.244,  -0.122) dps T= 33.97 C
t= 4386.289500 a=(  1.111, -0.081,  9.744) m/s2 |a|= 9.808 w=(   0.427,   0.183,  -0.122) dps T= 33.96 C
t= 4386.390415 a=(  1.116, -0.072,  9.749) m/s2 |a|= 9.813 w=(   0.427,   0.183,  -0.122) dps T= 33.97 C
t= 4386.491253 a=(  1.120, -0.072,  9.759) m/s2 |a|= 9.823 w=(   0.488,   0.183,  -0.061) dps T= 33.97 C
t= 4386.592119 a=(  1.111, -0.081,  9.754) m/s2 |a|= 9.817 w=(   0.488,   0.183,  -0.122) dps T= 33.96 C
t= 4386.692955 a=(  1.116, -0.067,  9.773) m/s2 |a|= 9.837 w=(   0.488,   0.183,  -0.122) dps T= 33.97 C
t= 4386.793782 a=(  1.120, -0.062,  9.759) m/s2 |a|= 9.823 w=(   0.488,   0.183,  -0.122) dps T= 33.98 C
t= 4386.894690 a=(  1.130, -0.057,  9.759) m/s2 |a|= 9.824 w=(   0.549,   0.183,  -0.122) dps T= 33.97 C
t= 4386.995561 a=(  1.116, -0.067,  9.764) m/s2 |a|= 9.827 w=(   0.488,   0.183,  -0.183) dps T= 33.96 C
t= 4387.096425 a=(  1.120, -0.062,  9.759) m/s2 |a|= 9.823 w=(   0.427,   0.122,  -0.061) dps T= 33.96 C
t= 4387.197259 a=(  1.120, -0.072,  9.759) m/s2 |a|= 9.823 w=(   0.427,   0.183,  -0.122) dps T= 33.98 C
t= 4387.298096 a=(  1.125, -0.057,  9.744) m/s2 |a|= 9.809 w=(   0.488,   0.183,  -0.122) dps T= 33.95 C
t= 4387.398984 a=(  1.101, -0.053,  9.749) m/s2 |a|= 9.811 w=(   0.427,   0.183,  -0.122) dps T= 33.97 C
t= 4387.499823 a=(  1.106, -0.067,  9.754) m/s2 |a|= 9.817 w=(   0.488,   0.244,  -0.122) dps T= 33.99 C
t= 4387.600806 a=(  1.125, -0.067,  9.754) m/s2 |a|= 9.819 w=(   0.488,   0.183,  -0.061) dps T= 33.98 C
t= 4387.701641 a=(  1.116, -0.081,  9.740) m/s2 |a|= 9.804 w=(   0.427,   0.183,  -0.122) dps T= 33.97 C
t= 4387.802482 a=(  1.116, -0.062,  9.744) m/s2 |a|= 9.808 w=(   0.488,   0.244,  -0.061) dps T= 33.98 C
t= 4387.903324 a=(  1.120, -0.072,  9.754) m/s2 |a|= 9.818 w=(   0.427,   0.183,  -0.122) dps T= 33.97 C
t= 4388.004171 a=(  1.130, -0.057,  9.759) m/s2 |a|= 9.824 w=(   0.366,   0.183,  -0.183) dps T= 33.97 C
t= 4388.105065 a=(  1.135, -0.067,  9.735) m/s2 |a|= 9.801 w=(   0.488,   0.183,  -0.122) dps T= 33.96 C
t= 4388.205958 a=(  1.130, -0.072,  9.754) m/s2 |a|= 9.819 w=(   0.427,   0.183,  -0.122) dps T= 33.97 C
t= 4388.306833 a=(  1.135, -0.072,  9.740) m/s2 |a|= 9.806 w=(   0.488,   0.122,  -0.122) dps T= 33.97 C
t= 4388.407684 a=(  1.106, -0.053,  9.744) m/s2 |a|= 9.807 w=(   0.488,   0.183,  -0.061) dps T= 33.97 C
t= 4388.508506 a=(  1.125, -0.072,  9.754) m/s2 |a|= 9.819 w=(   0.488,   0.122,  -0.122) dps T= 33.97 C
t= 4388.609336 a=(  1.125, -0.067,  9.749) m/s2 |a|= 9.814 w=(   0.488,   0.183,  -0.122) dps T= 33.97 C
t= 4388.710254 a=(  1.116, -0.062,  9.764) m/s2 |a|= 9.827 w=(   0.488,   0.244,  -0.122) dps T= 33.97 C
t= 4388.811121 a=(  1.116, -0.072,  9.759) m/s2 |a|= 9.823 w=(   0.427,   0.244,  -0.122) dps T= 33.97 C
t= 4388.911964 a=(  1.120, -0.077,  9.759) m/s2 |a|= 9.823 w=(   0.488,   0.183,  -0.122) dps T= 33.96 C
t= 4389.012822 a=(  1.125, -0.086,  9.749) m/s2 |a|= 9.814 w=(   0.488,   0.183,  -0.061) dps T= 33.96 C
t= 4389.113658 a=(  1.116, -0.057,  9.764) m/s2 |a|= 9.827 w=(   0.427,   0.183,  -0.122) dps T= 33.98 C
t= 4389.214529 a=(  1.116, -0.077,  9.749) m/s2 |a|= 9.813 w=(   0.488,   0.244,  -0.122) dps T= 33.98 C
t= 4389.315395 a=(  1.120, -0.081,  9.740) m/s2 |a|= 9.804 w=(   0.427,   0.244,  -0.122) dps T= 33.97 C
t= 4389.416298 a=(  1.125, -0.062,  9.744) m/s2 |a|= 9.809 w=(   0.427,   0.183,  -0.122) dps T= 33.98 C
t= 4389.517197 a=(  1.111, -0.062,  9.759) m/s2 |a|= 9.822 w=(   0.427,   0.183,  -0.122) dps T= 33.97 C
t= 4389.618054 a=(  1.106, -0.072,  9.759) m/s2 |a|= 9.822 w=(   0.488,   0.183,  -0.122) dps T= 33.97 C
t= 4389.718929 a=(  1.120, -0.077,  9.754) m/s2 |a|= 9.818 w=(   0.427,   0.183,  -0.122) dps T= 33.95 C
t= 4389.819763 a=(  1.120, -0.062,  9.744) m/s2 |a|= 9.809 w=(   0.427,   0.244,  -0.122) dps T= 33.97 C
t= 4389.920765 a=(  1.111, -0.057,  9.749) m/s2 |a|= 9.812 w=(   0.427,   0.183,  -0.122) dps T= 33.96 C
t= 4390.021640 a=(  1.130, -0.077,  9.759) m/s2 |a|= 9.824 w=(   0.488,   0.244,  -0.122) dps T= 33.97 C
t= 4390.122494 a=(  1.106, -0.072,  9.759) m/s2 |a|= 9.822 w=(   0.488,   0.183,  -0.183) dps T= 33.97 C
t= 4390.223324 a=(  1.120, -0.067,  9.749) m/s2 |a|= 9.814 w=(   0.427,   0.122,  -0.122) dps T= 33.96 C
t= 4390.324160 a=(  1.120, -0.062,  9.764) m/s2 |a|= 9.828 w=(   0.427,   0.183,  -0.122) dps T= 33.97 C
t= 4390.425013 a=(  1.106, -0.067,  9.740) m/s2 |a|= 9.802 w=(   0.488,   0.183,  -0.183) dps T= 33.97 C
t= 4390.525947 a=(  1.125, -0.067,  9.764) m/s2 |a|= 9.828 w=(   0.488,   0.183,  -0.061) dps T= 33.96 C
t= 4390.626825 a=(  1.101, -0.067,  9.749) m/s2 |a|= 9.811 w=(   0.488,   0.183,  -0.122) dps T= 33.97 C
t= 4390.727676 a=(  1.116, -0.067,  9.744) m/s2 |a|= 9.808 w=(   0.427,   0.122,  -0.122) dps T= 33.98 C
t= 4390.828511 a=(  1.125, -0.057,  9.754) m/s2 |a|= 9.819 w=(   0.427,   0.183,  -0.122) dps T= 33.96 C
t= 4390.929351 a=(  1.116, -0.072,  9.744) m/s2 |a|= 9.808 w=(   0.427,   0.183,  -0.122) dps T= 33.98 C
t= 4391.030248 a=(  1.120, -0.062,  9.754) m/s2 |a|= 9.818 w=(   0.427,   0.183,  -0.061) dps T= 33.97 C
t= 4391.131101 a=(  1.125, -0.062,  9.749) m/s2 |a|= 9.814 w=(   0.488,   0.122,  -0.122) dps T= 33.99 C
t= 4391.231974 a=(  1.116, -0.067,  9.754) m/s2 |a|= 9.818 w=(   0.488,   0.183,  -0.122) dps T= 33.96 C
t= 4391.332836 a=(  1.125, -0.062,  9.754) m/s2 |a|= 9.819 w=(   0.427,   0.183,  -0.183) dps T= 33.96 C
t= 4391.433708 a=(  1.116, -0.053,  9.759) m/s2 |a|= 9.822 w=(   0.427,   0.183,  -0.122) dps T= 33.97 C
t= 4391.534533 a=(  1.106, -0.081,  9.749) m/s2 |a|= 9.812 w=(   0.427,   0.183,  -0.122) dps T= 33.99 C
t= 4391.635378 a=(  1.120, -0.062,  9.754) m/s2 |a|= 9.818 w=(   0.488,   0.122,  -0.061) dps T= 33.98 C
t= 4391.736304 a=(  1.125, -0.072,  9.744) m/s2 |a|= 9.809 w=(   0.427,   0.183,  -0.122) dps T= 33.99 C
t= 4391.837167 a=(  1.116, -0.057,  9.735) m/s2 |a|= 9.799 w=(   0.427,   0.183,  -0.122) dps T= 33.97 C
t= 4391.938022 a=(  1.120, -0.062,  9.744) m/s2 |a|= 9.809 w=(   0.427,   0.183,  -0.122) dps T= 33.97 C
t= 4392.038849 a=(  1.120, -0.077,  9.754) m/s2 |a|= 9.818 w=(   0.488,   0.183,  -0.122) dps T= 33.97 C
t= 4392.139707 a=(  1.120, -0.072,  9.749) m/s2 |a|= 9.814 w=(   0.427,   0.183,  -0.122) dps T= 33.98 C
t= 4392.240629 a=(  1.125, -0.072,  9.759) m/s2 |a|= 9.824 w=(   0.488,   0.183,  -0.183) dps T= 33.97 C
t= 4392.341473 a=(  1.120, -0.067,  9.759) m/s2 |a|= 9.823 w=(   0.488,   0.183,  -0.122) dps T= 33.99 C
t= 4392.442350 a=(  1.130, -0.067,  9.744) m/s2 |a|= 9.810 w=(   0.427,   0.183,  -0.122) dps T= 33.97 C
t= 4392.543172 a=(  1.106, -0.057,  9.744) m/s2 |a|= 9.807 w=(   0.488,   0.183,  -0.122) dps T= 33.97 C
t= 4392.643993 a=(  1.116, -0.067,  9.754) m/s2 |a|= 9.818 w=(   0.488,   0.183,  -0.122) dps T= 33.98 C
t= 4392.744840 a=(  1.116, -0.081,  9.764) m/s2 |a|= 9.827 w=(   0.488,   0.183,  -0.061) dps T= 33.96 C
t= 4392.845674 a=(  1.111, -0.062,  9.744) m/s2 |a|= 9.808 w=(   0.427,   0.183,  -0.122) dps T= 33.98 C
t= 4392.946556 a=(  1.116, -0.067,  9.759) m/s2 |a|= 9.823 w=(   0.427,   0.122,  -0.122) dps T= 33.97 C
t= 4393.047423 a=(  1.135, -0.062,  9.749) m/s2 |a|= 9.815 w=(   0.488,   0.183,  -0.122) dps T= 33.97 C
t= 4393.148288 a=(  1.120, -0.067,  9.749) m/s2 |a|= 9.814 w=(   0.488,   0.183,  -0.122) dps T= 33.97 C
t= 4393.249133 a=(  1.111, -0.057,  9.759) m/s2 |a|= 9.822 w=(   0.427,   0.183,  -0.122) dps T= 33.97 C
t= 4393.349957 a=(  1.125, -0.067,  9.754) m/s2 |a|= 9.819 w=(   0.427,   0.244,  -0.122) dps T= 33.96 C
t= 4393.450975 a=(  1.111, -0.057,  9.754) m/s2 |a|= 9.817 w=(   0.427,   0.122,  -0.122) dps T= 33.99 C
t= 4393.551822 a=(  1.106, -0.072,  9.749) m/s2 |a|= 9.812 w=(   0.488,   0.183,  -0.122) dps T= 33.95 C
t= 4393.652662 a=(  1.116, -0.077,  9.735) m/s2 |a|= 9.799 w=(   0.427,   0.183,  -0.122) dps T= 33.97 C
t= 4393.753529 a=(  1.125, -0.067,  9.754) m/s2 |a|= 9.819 w=(   0.427,   0.183,  -0.183) dps T= 33.97 C
t= 4393.854361 a=(  1.120, -0.072,  9.754) m/s2 |a|= 9.818 w=(   0.488,   0.122,  -0.122) dps T= 34.01 C
t= 4393.955199 a=(  1.125, -0.072,  9.754) m/s2 |a|= 9.819 w=(   0.488,   0.183,  -0.122) dps T= 33.97 C
t= 4394.056102 a=(  1.111, -0.072,  9.754) m/s2 |a|= 9.817 w=(   0.488,   0.122,  -0.122) dps T= 33.98 C
t= 4394.156987 a=(  1.130, -0.072,  9.759) m/s2 |a|= 9.824 w=(   0.488,   0.183,  -0.122) dps T= 33.96 C
t= 4394.257915 a=(  1.130, -0.062,  9.764) m/s2 |a|= 9.829 w=(   0.427,   0.183,  -0.061) dps T= 33.97 C
t= 4394.358769 a=(  1.111, -0.057,  9.749) m/s2 |a|= 9.812 w=(   0.427,   0.183,  -0.122) dps T= 33.97 C
t= 4394.459608 a=(  1.130, -0.067,  9.744) m/s2 |a|= 9.810 w=(   0.427,   0.183,  -0.122) dps T= 33.97 C
t= 4394.560520 a=(  1.125, -0.067,  9.754) m/s2 |a|= 9.819 w=(   0.427,   0.183,  -0.122) dps T= 33.99 C
t= 4394.661348 a=(  1.106, -0.057,  9.759) m/s2 |a|= 9.821 w=(   0.427,   0.183,  -0.122) dps T= 33.97 C
t= 4394.762195 a=(  1.120, -0.048,  9.759) m/s2 |a|= 9.823 w=(   0.427,   0.122,  -0.122) dps T= 33.98 C
t= 4394.863012 a=(  1.120, -0.072,  9.759) m/s2 |a|= 9.823 w=(   0.488,   0.122,  -0.122) dps T= 33.98 C
t= 4394.963845 a=(  1.120, -0.067,  9.759) m/s2 |a|= 9.823 w=(   0.427,   0.122,  -0.122) dps T= 33.96 C
t= 4395.064679 a=(  1.135, -0.077,  9.749) m/s2 |a|= 9.815 w=(   0.427,   0.183,  -0.122) dps T= 33.97 C
t= 4395.165518 a=(  1.125, -0.062,  9.740) m/s2 |a|= 9.805 w=(   0.488,   0.183,  -0.061) dps T= 33.98 C
t= 4395.266427 a=(  1.116, -0.067,  9.754) m/s2 |a|= 9.818 w=(   0.488,   0.122,  -0.122) dps T= 33.98 C
t= 4395.367284 a=(  1.106, -0.057,  9.749) m/s2 |a|= 9.812 w=(   0.427,   0.183,  -0.122) dps T= 33.96 C
t= 4395.468180 a=(  1.111, -0.062,  9.754) m/s2 |a|= 9.817 w=(   0.427,   0.122,  -0.122) dps T= 33.97 C
t= 4395.569026 a=(  1.120, -0.062,  9.754) m/s2 |a|= 9.818 w=(   0.427,   0.122,  -0.061) dps T= 33.99 C
t= 4395.669848 a=(  1.130, -0.067,  9.744) m/s2 |a|= 9.810 w=(   0.427,   0.183,  -0.122) dps T= 33.98 C
t= 4395.770804 a=(  1.116, -0.067,  9.749) m/s2 |a|= 9.813 w=(   0.427,   0.183,  -0.122) dps T= 33.97 C
t= 4395.871624 a=(  1.120, -0.062,  9.744) m/s2 |a|= 9.809 w=(   0.488,   0.183,  -0.122) dps T= 33.97 C
t= 4395.972455 a=(  1.120, -0.072,  9.764) m/s2 |a|= 9.828 w=(   0.427,   0.183,  -0.122) dps T= 34.01 C
t= 4396.073312 a=(  1.135, -0.062,  9.754) m/s2 |a|= 9.820 w=(   0.488,   0.183,  -0.122) dps T= 33.97 C
t= 4396.174154 a=(  1.106, -0.062,  9.749) m/s2 |a|= 9.812 w=(   0.427,   0.183,  -0.122) dps T= 33.96 C
t= 4396.275029 a=(  1.116, -0.062,  9.759) m/s2 |a|= 9.823 w=(   0.488,   0.183,  -0.122) dps T= 33.97 C
t= 4396.375867 a=(  1.116, -0.062,  9.759) m/s2 |a|= 9.823 w=(   0.427,   0.183,  -0.122) dps T= 33.97 C
t= 4396.476728 a=(  1.116, -0.077,  9.749) m/s2 |a|= 9.813 w=(   0.427,   0.122,  -0.122) dps T= 33.97 C
t= 4396.577602 a=(  1.106, -0.077,  9.759) m/s2 |a|= 9.822 w=(   0.427,   0.183,  -0.122) dps T= 33.97 C
t= 4396.678463 a=(  1.111, -0.067,  9.768) m/s2 |a|= 9.832 w=(   0.488,   0.183,  -0.122) dps T= 33.97 C
t= 4396.779312 a=(  1.111, -0.057,  9.749) m/s2 |a|= 9.812 w=(   0.488,   0.183,  -0.122) dps T= 33.95 C
t= 4396.880146 a=(  1.116, -0.067,  9.764) m/s2 |a|= 9.827 w=(   0.427,   0.183,  -0.122) dps T= 33.96 C
t= 4396.980973 a=(  1.130, -0.081,  9.759) m/s2 |a|= 9.824 w=(   0.427,   0.183,  -0.122) dps T= 33.97 C
t= 4397.081813 a=(  1.116, -0.067,  9.754) m/s2 |a|= 9.818 w=(   0.488,   0.183,  -0.183) dps T= 33.97 C
t= 4397.182631 a=(  1.116, -0.067,  9.744) m/s2 |a|= 9.808 w=(   0.488,   0.183,  -0.122) dps T= 33.97 C
t= 4397.283514 a=(  1.111, -0.077,  9.759) m/s2 |a|= 9.822 w=(   0.427,   0.183,  -0.061) dps T= 33.96 C
t= 4397.384416 a=(  1.106, -0.067,  9.754) m/s2 |a|= 9.817 w=(   0.427,   0.183,  -0.122) dps T= 33.97 C
t= 4397.485248 a=(  1.125, -0.072,  9.754) m/s2 |a|= 9.819 w=(   0.427,   0.183,  -0.122) dps T= 33.97 C
t= 4397.586104 a=(  1.116, -0.077,  9.740) m/s2 |a|= 9.804 w=(   0.427,   0.183,  -0.122) dps T= 33.97 C
t= 4397.687069 a=(  1.111, -0.067,  9.749) m/s2 |a|= 9.813 w=(   0.427,   0.183,  -0.061) dps T= 33.98 C
t= 4397.788007 a=(  1.116, -0.072,  9.744) m/s2 |a|= 9.808 w=(   0.427,   0.183,  -0.061) dps T= 33.97 C
t= 4397.888863 a=(  1.120, -0.067,  9.764) m/s2 |a|= 9.828 w=(   0.488,   0.244,  -0.122) dps T= 33.97 C
t= 4397.989699 a=(  1.101, -0.067,  9.754) m/s2 |a|= 9.816 w=(   0.427,   0.183,  -0.122) dps T= 33.97 C
t= 4398.090646 a=(  1.106, -0.077,  9.759) m/s2 |a|= 9.822 w=(   0.427,   0.183,  -0.122) dps T= 33.96 C
t= 4398.191523 a=(  1.120, -0.072,  9.759) m/s2 |a|= 9.823 w=(   0.427,   0.183,  -0.122) dps T= 33.98 C
t= 4398.292377 a=(  1.097, -0.062,  9.749) m/s2 |a|= 9.811 w=(   0.427,   0.183,  -0.122) dps T= 33.97 C
t= 4398.393228 a=(  1.130, -0.057,  9.754) m/s2 |a|= 9.819 w=(   0.427,   0.183,  -0.122) dps T= 33.98 C
t= 4398.494094 a=(  1.120, -0.086,  9.744) m/s2 |a|= 9.809 w=(   0.427,   0.183,  -0.122) dps T= 33.97 C
t= 4398.594931 a=(  1.116, -0.062,  9.749) m/s2 |a|= 9.813 w=(   0.427,   0.183,  -0.122) dps T= 33.97 C
t= 4398.695756 a=(  1.120, -0.057,  9.749) m/s2 |a|= 9.814 w=(   0.427,   0.183,  -0.122) dps T= 33.96 C
t= 4398.796626 a=(  1.125, -0.072,  9.754) m/s2 |a|= 9.819 w=(   0.488,   0.122,  -0.122) dps T= 33.97 C
t= 4398.897670 a=(  1.130, -0.067,  9.759) m/s2 |a|= 9.824 w=(   0.427,   0.183,  -0.122) dps T= 33.94 C
t= 4398.998584 a=(  1.120, -0.067,  9.730) m/s2 |a|= 9.795 w=(   0.427,   0.183,  -0.122) dps T= 33.97 C
t= 4399.099436 a=(  1.116, -0.057,  9.749) m/s2 |a|= 9.813 w=(   0.427,   0.122,  -0.122) dps T= 33.97 C
t= 4399.200440 a=(  1.125, -0.053,  9.744) m/s2 |a|= 9.809 w=(   0.488,   0.183,  -0.122) dps T= 33.97 C
t= 4399.301290 a=(  1.106, -0.057,  9.735) m/s2 |a|= 9.798 w=(   0.488,   0.061,  -0.122) dps T= 33.95 C
t= 4399.402133 a=(  1.130, -0.067,  9.744) m/s2 |a|= 9.810 w=(   0.488,   0.122,  -0.122) dps T= 33.99 C
t= 4399.502980 a=(  1.106, -0.062,  9.764) m/s2 |a|= 9.826 w=(   0.427,   0.122,  -0.122) dps T= 33.99 C
t= 4399.603805 a=(  1.116, -0.057,  9.764) m/s2 |a|= 9.827 w=(   0.488,   0.183,  -0.122) dps T= 33.96 C
t= 4399.704651 a=(  1.116, -0.057,  9.764) m/s2 |a|= 9.827 w=(   0.427,   0.183,  -0.122) dps T= 33.97 C
t= 4399.805487 a=(  1.130, -0.062,  9.759) m/s2 |a|= 9.824 w=(   0.427,   0.244,  -0.122) dps T= 33.98 C
t= 4399.906311 a=(  1.116, -0.057,  9.768) m/s2 |a|= 9.832 w=(   0.427,   0.122,  -0.183) dps T= 33.97 C
t= 4400.007181 a=(  1.120, -0.057,  9.754) m/s2 |a|= 9.818 w=(   0.488,   0.244,  -0.122) dps T= 33.97 C
t= 4400.108046 a=(  1.106, -0.067,  9.744) m/s2 |a|= 9.807 w=(   0.488,   0.183,  -0.122) dps T= 33.97 C
t= 4400.208902 a=(  1.116, -0.072,  9.749) m/s2 |a|= 9.813 w=(   0.488,   0.244,  -0.122) dps T= 33.97 C
t= 4400.309779 a=(  1.116, -0.072,  9.740) m/s2 |a|= 9.804 w=(   0.488,   0.122,  -0.061) dps T= 33.97 C
t= 4400.410735 a=(  1.116, -0.077,  9.754) m/s2 |a|= 9.818 w=(   0.488,   0.183,  -0.183) dps T= 33.97 C
t= 4400.511614 a=(  1.111, -0.057,  9.754) m/s2 |a|= 9.817 w=(   0.427,   0.183,  -0.122) dps T= 33.97 C
t= 4400.612458 a=(  1.120, -0.067,  9.744) m/s2 |a|= 9.809 w=(   0.488,   0.183,  -0.122) dps T= 33.98 C
t= 4400.713289 a=(  1.125, -0.057,  9.749) m/s2 |a|= 9.814 w=(   0.488,   0.183,  -0.122) dps T= 33.97 C
t= 4400.814153 a=(  1.116, -0.057,  9.759) m/s2 |a|= 9.823 w=(   0.427,   0.183,  -0.122) dps T= 33.97 C
t= 4400.914982 a=(  1.120, -0.072,  9.754) m/s2 |a|= 9.818 w=(   0.427,   0.183,  -0.122) dps T= 33.98 C
t= 4401.015815 a=(  1.106, -0.062,  9.754) m/s2 |a|= 9.817 w=(   0.488,   0.183,  -0.122) dps T= 33.96 C
t= 4401.116667 a=(  1.130, -0.053,  9.740) m/s2 |a|= 9.805 w=(   0.488,   0.183,  -0.183) dps T= 33.97 C
t= 4401.217536 a=(  1.106, -0.062,  9.754) m/s2 |a|= 9.817 w=(   0.488,   0.183,  -0.061) dps T= 33.97 C
t= 4401.318471 a=(  1.130, -0.057,  9.740) m/s2 |a|= 9.805 w=(   0.427,   0.183,  -0.122) dps T= 33.96 C
t= 4401.419374 a=(  1.111, -0.072,  9.759) m/s2 |a|= 9.822 w=(   0.427,   0.183,  -0.183) dps T= 33.98 C
t= 4401.520392 a=(  1.116, -0.072,  9.754) m/s2 |a|= 9.818 w=(   0.488,   0.183,  -0.122) dps T= 33.98 C
t= 4401.621244 a=(  1.120, -0.067,  9.749) m/s2 |a|= 9.814 w=(   0.427,   0.183,  -0.122) dps T= 33.96 C
t= 4401.722089 a=(  1.111, -0.057,  9.749) m/s2 |a|= 9.812 w=(   0.488,   0.183,  -0.122) dps T= 33.96 C
t= 4401.822915 a=(  1.116, -0.062,  9.754) m/s2 |a|= 9.818 w=(   0.427,   0.122,  -0.122) dps T= 33.98 C
t= 4401.923767 a=(  1.106, -0.057,  9.740) m/s2 |a|= 9.802 w=(   0.427,   0.183,  -0.122) dps T= 33.97 C
t= 4402.024614 a=(  1.101, -0.062,  9.768) m/s2 |a|= 9.830 w=(   0.488,   0.183,  -0.122) dps T= 33.97 C
t= 4402.125458 a=(  1.120, -0.062,  9.759) m/s2 |a|= 9.823 w=(   0.488,   0.244,  -0.122) dps T= 33.97 C
t= 4402.226275 a=(  1.120, -0.057,  9.749) m/s2 |a|= 9.814 w=(   0.488,   0.183,  -0.122) dps T= 33.96 C
t= 4402.327113 a=(  1.111, -0.062,  9.754) m/s2 |a|= 9.817 w=(   0.488,   0.122,  -0.061) dps T= 33.98 C
t= 4402.427967 a=(  1.120, -0.067,  9.749) m/s2 |a|= 9.814 w=(   0.427,   0.183,  -0.122) dps T= 33.98 C
t= 4402.528848 a=(  1.116, -0.072,  9.740) m/s2 |a|= 9.804 w=(   0.427,   0.183,  -0.122) dps T= 33.95 C
t= 4402.629731 a=(  1.125, -0.062,  9.759) m/s2 |a|= 9.824 w=(   0.427,   0.183,  -0.122) dps T= 33.95 C
t= 4402.730656 a=(  1.106, -0.062,  9.759) m/s2 |a|= 9.821 w=(   0.488,   0.122,  -0.122) dps T= 33.97 C
t= 4402.831511 a=(  1.120, -0.081,  9.754) m/s2 |a|= 9.818 w=(   0.488,   0.183,  -0.122) dps T= 33.95 C
t= 4402.932340 a=(  1.116, -0.053,  9.744) m/s2 |a|= 9.808 w=(   0.427,   0.183,  -0.122) dps T= 33.97 C
t= 4403.033178 a=(  1.125, -0.067,  9.768) m/s2 |a|= 9.833 w=(   0.488,   0.183,  -0.122) dps T= 33.97 C
t= 4403.134010 a=(  1.101, -0.067,  9.754) m/s2 |a|= 9.816 w=(   0.427,   0.244,  -0.122) dps T= 33.97 C
t= 4403.234875 a=(  1.130, -0.062,  9.754) m/s2 |a|= 9.819 w=(   0.488,   0.183,  -0.122) dps T= 33.97 C
t= 4403.335744 a=(  1.116, -0.062,  9.754) m/s2 |a|= 9.818 w=(   0.427,   0.183,  -0.122) dps T= 33.98 C
t= 4403.436621 a=(  1.101, -0.062,  9.749) m/s2 |a|= 9.811 w=(   0.488,   0.122,  -0.183) dps T= 33.99 C
t= 4403.537473 a=(  1.097, -0.081,  9.754) m/s2 |a|= 9.816 w=(   0.488,   0.244,  -0.122) dps T= 33.97 C
t= 4403.638363 a=(  1.130, -0.072,  9.744) m/s2 |a|= 9.810 w=(   0.488,   0.183,  -0.122) dps T= 33.96 C
t= 4403.739375 a=(  1.130, -0.057,  9.764) m/s2 |a|= 9.829 w=(   0.488,   0.244,  -0.122) dps T= 33.98 C
t= 4403.840377 a=(  1.125, -0.053,  9.759) m/s2 |a|= 9.824 w=(   0.427,   0.183,  -0.122) dps T= 33.96 C
t= 4403.941231 a=(  1.106, -0.062,  9.759) m/s2 |a|= 9.821 w=(   0.488,   0.183,  -0.183) dps T= 33.94 C
t= 4404.042075 a=(  1.130, -0.077,  9.759) m/s2 |a|= 9.824 w=(   0.488,   0.183,  -0.122) dps T= 33.96 C
t= 4404.142922 a=(  1.125, -0.053,  9.759) m/s2 |a|= 9.824 w=(   0.488,   0.183,  -0.122) dps T= 33.98 C
t= 4404.243754 a=(  1.111, -0.072,  9.764) m/s2 |a|= 9.827 w=(   0.488,   0.183,  -0.122) dps T= 33.97 C
t= 4404.344578 a=(  1.120, -0.057,  9.764) m/s2 |a|= 9.828 w=(   0.488,   0.183,  -0.122) dps T= 33.97 C
t= 4404.445405 a=(  1.111, -0.067,  9.744) m/s2 |a|= 9.808 w=(   0.488,   0.244,  -0.122) dps T= 33.97 C
t= 4404.546236 a=(  1.120, -0.067,  9.749) m/s2 |a|= 9.814 w=(   0.427,   0.183,  -0.183) dps T= 33.97 C
t= 4404.647086 a=(  1.120, -0.072,  9.749) m/s2 |a|= 9.814 w=(   0.427,   0.183,  -0.183) dps T= 33.97 C
t= 4404.747913 a=(  1.101, -0.062,  9.749) m/s2 |a|= 9.811 w=(   0.488,   0.183,  -0.061) dps T= 33.97 C
t= 4404.848791 a=(  1.116, -0.067,  9.759) m/s2 |a|= 9.823 w=(   0.427,   0.183,  -0.122) dps T= 33.96 C
t= 4404.949661 a=(  1.120, -0.062,  9.744) m/s2 |a|= 9.809 w=(   0.427,   0.183,  -0.122) dps T= 33.97 C
t= 4405.050639 a=(  1.116, -0.072,  9.744) m/s2 |a|= 9.808 w=(   0.427,   0.183,  -0.183) dps T= 33.97 C
t= 4405.151499 a=(  1.116, -0.081,  9.754) m/s2 |a|= 9.818 w=(   0.488,   0.183,  -0.061) dps T= 33.97 C
t= 4405.252421 a=(  1.125, -0.062,  9.759) m/s2 |a|= 9.824 w=(   0.488,   0.183,  -0.122) dps T= 33.98 C
t= 4405.353273 a=(  1.106, -0.062,  9.754) m/s2 |a|= 9.817 w=(   0.427,   0.183,  -0.183) dps T= 33.96 C
t= 4405.454109 a=(  1.106, -0.062,  9.754) m/s2 |a|= 9.817 w=(   0.488,   0.183,  -0.122) dps T= 33.97 C
t= 4405.554949 a=(  1.106, -0.057,  9.754) m/s2 |a|= 9.817 w=(   0.488,   0.244,  -0.122) dps T= 33.96 C
t= 4405.655783 a=(  1.111, -0.067,  9.744) m/s2 |a|= 9.808 w=(   0.427,   0.183,  -0.122) dps T= 33.97 C
t= 4405.756613 a=(  1.125, -0.072,  9.764) m/s2 |a|= 9.828 w=(   0.488,   0.244,  -0.122) dps T= 33.96 C
t= 4405.857463 a=(  1.111, -0.067,  9.754) m/s2 |a|= 9.817 w=(   0.488,   0.183,  -0.183) dps T= 33.98 C
t= 4405.958283 a=(  1.111, -0.077,  9.754) m/s2 |a|= 9.817 w=(   0.427,   0.183,  -0.122) dps T= 33.98 C
t= 4406.059161 a=(  1.116, -0.072,  9.744) m/s2 |a|= 9.808 w=(   0.488,   0.183,  -0.122) dps T= 33.98 C
t= 4406.160152 a=(  1.116, -0.077,  9.749) m/s2 |a|= 9.813 w=(   0.488,   0.183,  -0.122) dps T= 33.97 C
t= 4406.261041 a=(  1.111, -0.062,  9.744) m/s2 |a|= 9.808 w=(   0.427,   0.122,  -0.183) dps T= 33.96 C
t= 4406.361944 a=(  1.116, -0.067,  9.749) m/s2 |a|= 9.813 w=(   0.427,   0.244,  -0.061) dps T= 33.96 C
t= 4406.462781 a=(  1.125, -0.072,  9.759) m/s2 |a|= 9.824 w=(   0.427,   0.183,  -0.122) dps T= 33.97 C
t= 4406.563643 a=(  1.120, -0.072,  9.744) m/s2 |a|= 9.809 w=(   0.488,   0.183,  -0.122) dps T= 33.96 C
t= 4406.664477 a=(  1.116, -0.077,  9.749) m/s2 |a|= 9.813 w=(   0.427,   0.183,  -0.122) dps T= 33.98 C
t= 4406.765312 a=(  1.120, -0.067,  9.744) m/s2 |a|= 9.809 w=(   0.488,   0.183,  -0.122) dps T= 33.97 C
t= 4406.866166 a=(  1.120, -0.072,  9.744) m/s2 |a|= 9.809 w=(   0.488,   0.244,  -0.122) dps T= 33.97 C
t= 4406.966979 a=(  1.120, -0.072,  9.749) m/s2 |a|= 9.814 w=(   0.366,   0.183,  -0.122) dps T= 33.96 C
t= 4407.067812 a=(  1.116, -0.067,  9.754) m/s2 |a|= 9.818 w=(   0.488,   0.183,  -0.122) dps T= 33.97 C
t= 4407.168645 a=(  1.120, -0.072,  9.754) m/s2 |a|= 9.818 w=(   0.488,   0.183,  -0.122) dps T= 33.96 C
t= 4407.269501 a=(  1.125, -0.057,  9.759) m/s2 |a|= 9.824 w=(   0.427,   0.122,  -0.122) dps T= 33.97 C
t= 4407.370536 a=(  1.120, -0.067,  9.754) m/s2 |a|= 9.818 w=(   0.427,   0.183,  -0.183) dps T= 33.98 C
t= 4407.471424 a=(  1.130, -0.072,  9.749) m/s2 |a|= 9.815 w=(   0.427,   0.183,  -0.122) dps T= 33.98 C
t= 4407.572322 a=(  1.116, -0.057,  9.754) m/s2 |a|= 9.818 w=(   0.488,   0.183,  -0.122) dps T= 33.94 C
t= 4407.673167 a=(  1.120, -0.072,  9.754) m/s2 |a|= 9.818 w=(   0.427,   0.122,  -0.122) dps T= 33.99 C
t= 4407.774042 a=(  1.125, -0.057,  9.754) m/s2 |a|= 9.819 w=(   0.488,   0.183,  -0.122) dps T= 33.97 C
t= 4407.874892 a=(  1.116, -0.067,  9.759) m/s2 |a|= 9.823 w=(   0.488,   0.183,  -0.183) dps T= 33.97 C
t= 4407.975712 a=(  1.116, -0.062,  9.768) m/s2 |a|= 9.832 w=(   0.427,   0.183,  -0.122) dps T= 33.97 C
t= 4408.076561 a=(  1.125, -0.077,  9.749) m/s2 |a|= 9.814 w=(   0.488,   0.122,  -0.122) dps T= 33.97 C
t= 4408.177404 a=(  1.135, -0.057,  9.759) m/s2 |a|= 9.825 w=(   0.427,   0.183,  -0.122) dps T= 33.96 C
t= 4408.278262 a=(  1.111, -0.062,  9.768) m/s2 |a|= 9.832 w=(   0.427,   0.183,  -0.122) dps T= 33.97 C
t= 4408.379103 a=(  1.125, -0.072,  9.759) m/s2 |a|= 9.824 w=(   0.488,   0.122,  -0.183) dps T= 33.97 C
t= 4408.479970 a=(  1.120, -0.048,  9.754) m/s2 |a|= 9.818 w=(   0.488,   0.183,  -0.122) dps T= 33.98 C
t= 4408.580935 a=(  1.106, -0.081,  9.749) m/s2 |a|= 9.812 w=(   0.488,   0.183,  -0.122) dps T= 33.97 C
t= 4408.681789 a=(  1.111, -0.067,  9.754) m/s2 |a|= 9.817 w=(   0.427,   0.183,  -0.122) dps T= 33.97 C
t= 4408.782643 a=(  1.116, -0.062,  9.764) m/s2 |a|= 9.827 w=(   0.427,   0.183,  -0.122) dps T= 33.97 C
t= 4408.883497 a=(  1.106, -0.062,  9.749) m/s2 |a|= 9.812 w=(   0.427,   0.183,  -0.122) dps T= 33.97 C
t= 4408.984347 a=(  1.111, -0.057,  9.754) m/s2 |a|= 9.817 w=(   0.427,   0.183,  -0.122) dps T= 33.98 C
t= 4409.085189 a=(  1.111, -0.077,  9.744) m/s2 |a|= 9.808 w=(   0.488,   0.183,  -0.061) dps T= 33.97 C
t= 4409.186123 a=(  1.120, -0.057,  9.749) m/s2 |a|= 9.814 w=(   0.488,   0.122,  -0.122) dps T= 33.98 C
t= 4409.287065 a=(  1.101, -0.067,  9.754) m/s2 |a|= 9.816 w=(   0.427,   0.183,  -0.122) dps T= 33.97 C
t= 4409.387927 a=(  1.130, -0.072,  9.754) m/s2 |a|= 9.819 w=(   0.427,   0.122,  -0.122) dps T= 33.99 C
t= 4409.488764 a=(  1.120, -0.081,  9.759) m/s2 |a|= 9.823 w=(   0.427,   0.183,  -0.122) dps T= 33.97 C
t= 4409.589604 a=(  1.120, -0.067,  9.754) m/s2 |a|= 9.818 w=(   0.488,   0.244,  -0.122) dps T= 33.97 C
t= 4409.690659 a=(  1.125, -0.067,  9.749) m/s2 |a|= 9.814 w=(   0.366,   0.183,  -0.122) dps T= 33.98 C
t= 4409.791563 a=(  1.120, -0.072,  9.749) m/s2 |a|= 9.814 w=(   0.488,   0.183,  -0.122) dps T= 33.95 C
t= 4409.892421 a=(  1.120, -0.072,  9.744) m/s2 |a|= 9.809 w=(   0.427,   0.122,  -0.061) dps T= 33.97 C
t= 4409.993268 a=(  1.106, -0.091,  9.744) m/s2 |a|= 9.807 w=(   0.488,   0.183,  -0.122) dps T= 33.97 C
t= 4410.094158 a=(  1.116, -0.072,  9.749) m/s2 |a|= 9.813 w=(   0.488,   0.183,  -0.122) dps T= 33.97 C
t= 4410.195180 a=(  1.120, -0.067,  9.749) m/s2 |a|= 9.814 w=(   0.488,   0.183,  -0.183) dps T= 33.98 C
t= 4410.296124 a=(  1.106, -0.077,  9.759) m/s2 |a|= 9.822 w=(   0.488,   0.183,  -0.122) dps T= 33.97 C
t= 4410.396981 a=(  1.120, -0.053,  9.759) m/s2 |a|= 9.823 w=(   0.427,   0.244,  -0.183) dps T= 33.97 C
t= 4410.497819 a=(  1.120, -0.081,  9.759) m/s2 |a|= 9.823 w=(   0.427,   0.183,  -0.061) dps T= 33.96 C
t= 4410.598642 a=(  1.116, -0.067,  9.759) m/s2 |a|= 9.823 w=(   0.427,   0.244,  -0.061) dps T= 33.95 C
t= 4410.699470 a=(  1.106, -0.062,  9.754) m/s2 |a|= 9.817 w=(   0.427,   0.183,  -0.183) dps T= 33.98 C
t= 4410.800380 a=(  1.130, -0.067,  9.759) m/s2 |a|= 9.824 w=(   0.488,   0.183,  -0.122) dps T= 33.98 C
t= 4410.901273 a=(  1.116, -0.067,  9.749) m/s2 |a|= 9.813 w=(   0.488,   0.122,  -0.122) dps T= 33.99 C
t= 4411.002180 a=(  1.116, -0.072,  9.744) m/s2 |a|= 9.808 w=(   0.488,   0.183,  -0.061) dps T= 33.96 C
t= 4411.103035 a=(  1.116, -0.077,  9.754) m/s2 |a|= 9.818 w=(   0.427,   0.122,  -0.122) dps T= 33.97 C
t= 4411.203904 a=(  1.125, -0.072,  9.754) m/s2 |a|= 9.819 w=(   0.427,   0.183,  -0.122) dps T= 33.98 C
t= 4411.304748 a=(  1.116, -0.072,  9.744) m/s2 |a|= 9.808 w=(   0.488,   0.183,  -0.122) dps T= 33.97 C
t= 4411.405584 a=(  1.111, -0.062,  9.749) m/s2 |a|= 9.812 w=(   0.427,   0.183,  -0.122) dps T= 33.98 C
t= 4411.506435 a=(  1.125, -0.072,  9.740) m/s2 |a|= 9.805 w=(   0.427,   0.122,  -0.122) dps T= 33.97 C
t= 4411.607268 a=(  1.120, -0.081,  9.759) m/s2 |a|= 9.823 w=(   0.488,   0.183,  -0.122) dps T= 33.98 C
t= 4411.708094 a=(  1.111, -0.062,  9.735) m/s2 |a|= 9.798 w=(   0.488,   0.183,  -0.061) dps T= 33.97 C
t= 4411.808924 a=(  1.120, -0.067,  9.754) m/s2 |a|= 9.818 w=(   0.549,   0.183,  -0.061) dps T= 33.97 C
t= 4411.909755 a=(  1.130, -0.062,  9.764) m/s2 |a|= 9.829 w=(   0.427,   0.183,  -0.122) dps T= 33.95 C
t= 4412.010748 a=(  1.111, -0.057,  9.759) m/s2 |a|= 9.822 w=(   0.427,   0.183,  -0.122) dps T= 33.98 C
t= 4412.111791 a=(  1.106, -0.077,  9.754) m/s2 |a|= 9.817 w=(   0.427,   0.183,  -0.122) dps T= 33.97 C
t= 4412.212680 a=(  1.116, -0.062,  9.749) m/s2 |a|= 9.813 w=(   0.427,   0.183,  -0.122) dps T= 33.95 C
t= 4412.313576 a=(  1.120, -0.062,  9.749) m/s2 |a|= 9.814 w=(   0.549,   0.183,  -0.122) dps T= 33.96 C
t= 4412.414424 a=(  1.116, -0.077,  9.754) m/s2 |a|= 9.818 w=(   0.488,   0.244,  -0.122) dps T= 33.98 C
t= 4412.515263 a=(  1.106, -0.062,  9.764) m/s2 |a|= 9.826 w=(   0.488,   0.183,  -0.122) dps T= 33.98 C
t= 4412.616073 a=(  1.130, -0.072,  9.754) m/s2 |a|= 9.819 w=(   0.427,   0.183,  -0.122) dps T= 33.97 C
t= 4412.716921 a=(  1.125, -0.067,  9.754) m/s2 |a|= 9.819 w=(   0.427,   0.183,  -0.122) dps T= 33.96 C
t= 4412.817752 a=(  1.111, -0.072,  9.759) m/s2 |a|= 9.822 w=(   0.488,   0.183,  -0.122) dps T= 33.97 C
t= 4412.918592 a=(  1.125, -0.067,  9.764) m/s2 |a|= 9.828 w=(   0.427,   0.122,  -0.122) dps T= 33.96 C
t= 4413.019469 a=(  1.135, -0.067,  9.754) m/s2 |a|= 9.820 w=(   0.488,   0.183,  -0.183) dps T= 33.98 C
t= 4413.120429 a=(  1.101, -0.077,  9.749) m/s2 |a|= 9.811 w=(   0.488,   0.183,  -0.122) dps T= 33.98 C
t= 4413.221351 a=(  1.116, -0.072,  9.764) m/s2 |a|= 9.827 w=(   0.427,   0.183,  -0.183) dps T= 33.98 C
t= 4413.322246 a=(  1.111, -0.053,  9.749) m/s2 |a|= 9.812 w=(   0.427,   0.244,  -0.183) dps T= 33.97 C
t= 4413.423114 a=(  1.130, -0.067,  9.754) m/s2 |a|= 9.819 w=(   0.488,   0.183,  -0.183) dps T= 33.97 C
t= 4413.523972 a=(  1.116, -0.062,  9.754) m/s2 |a|= 9.818 w=(   0.427,   0.183,  -0.122) dps T= 33.96 C
t= 4413.624831 a=(  1.135, -0.067,  9.749) m/s2 |a|= 9.815 w=(   0.488,   0.183,  -0.122) dps T= 33.98 C
t= 4413.725678 a=(  1.116, -0.072,  9.754) m/s2 |a|= 9.818 w=(   0.427,   0.183,  -0.183) dps T= 33.97 C
t= 4413.826504 a=(  1.120, -0.062,  9.759) m/s2 |a|= 9.823 w=(   0.488,   0.183,  -0.122) dps T= 33.97 C
t= 4413.927370 a=(  1.111, -0.057,  9.764) m/s2 |a|= 9.827 w=(   0.427,   0.183,  -0.122) dps T= 33.97 C
t= 4414.028233 a=(  1.106, -0.067,  9.754) m/s2 |a|= 9.817 w=(   0.427,   0.244,  -0.122) dps T= 33.96 C
t= 4414.129092 a=(  1.111, -0.081,  9.754) m/s2 |a|= 9.817 w=(   0.488,   0.183,  -0.061) dps T= 34.00 C
t= 4414.229929 a=(  1.116, -0.067,  9.754) m/s2 |a|= 9.818 w=(   0.427,   0.122,  -0.122) dps T= 33.98 C
t= 4414.330908 a=(  1.135, -0.057,  9.759) m/s2 |a|= 9.825 w=(   0.427,   0.183,  -0.122) dps T= 33.98 C
t= 4414.431762 a=(  1.125, -0.067,  9.744) m/s2 |a|= 9.809 w=(   0.488,   0.122,  -0.183) dps T= 33.98 C
t= 4414.532677 a=(  1.125, -0.072,  9.754) m/s2 |a|= 9.819 w=(   0.488,   0.183,  -0.122) dps T= 33.97 C
t= 4414.633535 a=(  1.120, -0.057,  9.744) m/s2 |a|= 9.809 w=(   0.427,   0.183,  -0.122) dps T= 33.97 C
t= 4414.734384 a=(  1.116, -0.072,  9.740) m/s2 |a|= 9.804 w=(   0.427,   0.183,  -0.122) dps T= 33.97 C
t= 4414.835243 a=(  1.111, -0.062,  9.768) m/s2 |a|= 9.832 w=(   0.427,   0.183,  -0.183) dps T= 33.97 C
t= 4414.936086 a=(  1.116, -0.062,  9.754) m/s2 |a|= 9.818 w=(   0.488,   0.183,  -0.122) dps T= 33.97 C
t= 4415.036931 a=(  1.130, -0.062,  9.759) m/s2 |a|= 9.824 w=(   0.427,   0.183,  -0.061) dps T= 33.97 C
t= 4415.137763 a=(  1.140, -0.057,  9.749) m/s2 |a|= 9.816 w=(   0.488,   0.122,  -0.122) dps T= 33.98 C
t= 4415.238642 a=(  1.111, -0.067,  9.754) m/s2 |a|= 9.817 w=(   0.427,   0.183,  -0.061) dps T= 33.97 C
t= 4415.339515 a=(  1.116, -0.072,  9.749) m/s2 |a|= 9.813 w=(   0.488,   0.183,  -0.122) dps T= 33.96 C
t= 4415.440507 a=(  1.120, -0.062,  9.764) m/s2 |a|= 9.828 w=(   0.427,   0.183,  -0.183) dps T= 33.97 C
t= 4415.541358 a=(  1.140, -0.081,  9.749) m/s2 |a|= 9.816 w=(   0.488,   0.122,  -0.122) dps T= 33.98 C
t= 4415.642208 a=(  1.116, -0.072,  9.754) m/s2 |a|= 9.818 w=(   0.427,   0.183,  -0.122) dps T= 33.98 C
t= 4415.743093 a=(  1.125, -0.067,  9.759) m/s2 |a|= 9.824 w=(   0.427,   0.244,  -0.183) dps T= 33.96 C
t= 4415.843956 a=(  1.116, -0.067,  9.764) m/s2 |a|= 9.827 w=(   0.427,   0.122,  -0.122) dps T= 33.98 C
t= 4415.944817 a=(  1.111, -0.086,  9.749) m/s2 |a|= 9.813 w=(   0.427,   0.183,  -0.122) dps T= 33.97 C
t= 4416.045699 a=(  1.111, -0.062,  9.768) m/s2 |a|= 9.832 w=(   0.488,   0.122,  -0.122) dps T= 33.99 C
t= 4416.146538 a=(  1.120, -0.067,  9.749) m/s2 |a|= 9.814 w=(   0.427,   0.122,  -0.122) dps T= 33.96 C
t= 4416.247374 a=(  1.120, -0.067,  9.759) m/s2 |a|= 9.823 w=(   0.488,   0.244,  -0.122) dps T= 33.97 C
t= 4416.348192 a=(  1.130, -0.062,  9.754) m/s2 |a|= 9.819 w=(   0.488,   0.183,  -0.122) dps T= 33.98 C
t= 4416.449051 a=(  1.116, -0.077,  9.744) m/s2 |a|= 9.808 w=(   0.427,   0.183,  -0.122) dps T= 33.97 C
t= 4416.549906 a=(  1.111, -0.067,  9.773) m/s2 |a|= 9.836 w=(   0.488,   0.183,  -0.122) dps T= 33.99 C
t= 4416.650894 a=(  1.125, -0.067,  9.749) m/s2 |a|= 9.814 w=(   0.427,   0.183,  -0.122) dps T= 33.96 C
t= 4416.751812 a=(  1.120, -0.072,  9.759) m/s2 |a|= 9.823 w=(   0.488,   0.183,  -0.122) dps T= 33.96 C
t= 4416.852687 a=(  1.106, -0.072,  9.759) m/s2 |a|= 9.822 w=(   0.427,   0.183,  -0.122) dps T= 33.97 C
t= 4416.953786 a=(  1.116, -0.077,  9.740) m/s2 |a|= 9.804 w=(   0.488,   0.183,  -0.122) dps T= 33.98 C
t= 4417.054723 a=(  1.120, -0.086,  9.749) m/s2 |a|= 9.814 w=(   0.427,   0.183,  -0.122) dps T= 33.97 C
t= 4417.155634 a=(  1.106, -0.062,  9.754) m/s2 |a|= 9.817 w=(   0.427,   0.183,  -0.061) dps T= 33.97 C
t= 4417.256468 a=(  1.111, -0.072,  9.759) m/s2 |a|= 9.822 w=(   0.427,   0.183,  -0.183) dps T= 33.98 C
t= 4417.357303 a=(  1.130, -0.077,  9.764) m/s2 |a|= 9.829 w=(   0.427,   0.122,  -0.122) dps T= 33.98 C
t= 4417.458146 a=(  1.101, -0.077,  9.749) m/s2 |a|= 9.811 w=(   0.427,   0.183,  -0.183) dps T= 33.98 C
t= 4417.559019 a=(  1.111, -0.072,  9.740) m/s2 |a|= 9.803 w=(   0.427,   0.122,  -0.122) dps T= 33.98 C
t= 4417.659864 a=(  1.116, -0.053,  9.744) m/s2 |a|= 9.808 w=(   0.427,   0.183,  -0.122) dps T= 33.98 C
t= 4417.760873 a=(  1.101, -0.081,  9.754) m/s2 |a|= 9.816 w=(   0.488,   0.183,  -0.122) dps T= 33.98 C
t= 4417.861731 a=(  1.116, -0.077,  9.759) m/s2 |a|= 9.823 w=(   0.488,   0.183,  -0.122) dps T= 33.98 C
t= 4417.962647 a=(  1.097, -0.057,  9.744) m/s2 |a|= 9.806 w=(   0.488,   0.244,  -0.122) dps T= 33.97 C
t= 4418.063545 a=(  1.111, -0.062,  9.754) m/s2 |a|= 9.817 w=(   0.427,   0.183,  -0.183) dps T= 33.98 C
t= 4418.164461 a=(  1.111, -0.072,  9.735) m/s2 |a|= 9.798 w=(   0.427,   0.183,  -0.122) dps T= 33.98 C
t= 4418.265345 a=(  1.120, -0.062,  9.759) m/s2 |a|= 9.823 w=(   0.427,   0.183,  -0.122) dps T= 33.97 C
t= 4418.366237 a=(  1.111, -0.072,  9.768) m/s2 |a|= 9.832 w=(   0.427,   0.183,  -0.122) dps T= 33.97 C
t= 4418.467074 a=(  1.111, -0.067,  9.749) m/s2 |a|= 9.813 w=(   0.427,   0.183,  -0.183) dps T= 33.97 C
t= 4418.567909 a=(  1.106, -0.072,  9.740) m/s2 |a|= 9.802 w=(   0.488,   0.183,  -0.122) dps T= 33.97 C
t= 4418.668779 a=(  1.106, -0.067,  9.749) m/s2 |a|= 9.812 w=(   0.427,   0.183,  -0.122) dps T= 33.97 C
t= 4418.769611 a=(  1.111, -0.062,  9.754) m/s2 |a|= 9.817 w=(   0.427,   0.122,  -0.122) dps T= 33.98 C
t= 4418.870564 a=(  1.101, -0.062,  9.759) m/s2 |a|= 9.821 w=(   0.488,   0.122,  -0.183) dps T= 33.97 C
t= 4418.971563 a=(  1.120, -0.062,  9.764) m/s2 |a|= 9.828 w=(   0.488,   0.183,  -0.122) dps T= 33.97 C
t= 4419.072507 a=(  1.116, -0.067,  9.754) m/s2 |a|= 9.818 w=(   0.488,   0.183,  -0.122) dps T= 33.98 C
t= 4419.173383 a=(  1.125, -0.077,  9.754) m/s2 |a|= 9.819 w=(   0.488,   0.183,  -0.183) dps T= 33.99 C
t= 4419.274262 a=(  1.125, -0.091,  9.754) m/s2 |a|= 9.819 w=(   0.427,   0.183,  -0.122) dps T= 33.99 C
t= 4419.375256 a=(  1.116, -0.077,  9.749) m/s2 |a|= 9.813 w=(   0.427,   0.122,  -0.122) dps T= 33.96 C
t= 4419.476143 a=(  1.116, -0.062,  9.744) m/s2 |a|= 9.808 w=(   0.488,   0.183,  -0.061) dps T= 33.97 C
t= 4419.577053 a=(  1.130, -0.072,  9.759) m/s2 |a|= 9.824 w=(   0.427,   0.183,  -0.122) dps T= 33.99 C
t= 4419.677940 a=(  1.101, -0.062,  9.740) m/s2 |a|= 9.802 w=(   0.488,   0.183,  -0.122) dps T= 33.97 C
t= 4419.778794 a=(  1.125, -0.081,  9.764) m/s2 |a|= 9.829 w=(   0.488,   0.183,  -0.122) dps T= 33.98 C
t= 4419.879630 a=(  1.130, -0.057,  9.749) m/s2 |a|= 9.815 w=(   0.488,   0.183,  -0.122) dps T= 33.97 C
t= 4419.980556 a=(  1.116, -0.067,  9.759) m/s2 |a|= 9.823 w=(   0.427,   0.183,  -0.122) dps T= 33.97 C
t= 4420.081374 a=(  1.120, -0.067,  9.754) m/s2 |a|= 9.818 w=(   0.366,   0.183,  -0.061) dps T= 33.97 C
t= 4420.182242 a=(  1.116, -0.067,  9.759) m/s2 |a|= 9.823 w=(   0.427,   0.244,  -0.061) dps T= 33.98 C
t= 4420.283096 a=(  1.116, -0.081,  9.764) m/s2 |a|= 9.827 w=(   0.488,   0.183,  -0.122) dps T= 33.98 C
t= 4420.383928 a=(  1.120, -0.077,  9.754) m/s2 |a|= 9.818 w=(   0.488,   0.183,  -0.183) dps T= 33.98 C
t= 4420.484796 a=(  1.125, -0.067,  9.744) m/s2 |a|= 9.809 w=(   0.488,   0.183,  -0.122) dps T= 33.99 C
t= 4420.585708 a=(  1.111, -0.072,  9.749) m/s2 |a|= 9.813 w=(   0.427,   0.183,  -0.183) dps T= 33.97 C
t= 4420.686555 a=(  1.120, -0.077,  9.744) m/s2 |a|= 9.809 w=(   0.427,   0.183,  -0.122) dps T= 33.98 C
t= 4420.787412 a=(  1.116, -0.072,  9.759) m/s2 |a|= 9.823 w=(   0.427,   0.122,  -0.122) dps T= 33.97 C
t= 4420.888237 a=(  1.144, -0.067,  9.744) m/s2 |a|= 9.812 w=(   0.427,   0.183,  -0.183) dps T= 33.99 C
t= 4420.989117 a=(  1.130, -0.067,  9.754) m/s2 |a|= 9.819 w=(   0.488,   0.183,  -0.122) dps T= 33.99 C
t= 4421.089967 a=(  1.120, -0.067,  9.749) m/s2 |a|= 9.814 w=(   0.427,   0.183,  -0.122) dps T= 33.99 C
t= 4421.190909 a=(  1.111, -0.072,  9.754) m/s2 |a|= 9.817 w=(   0.488,   0.183,  -0.122) dps T= 33.96 C
t= 4421.291816 a=(  1.116, -0.067,  9.735) m/s2 |a|= 9.799 w=(   0.549,   0.183,  -0.122) dps T= 33.97 C
t= 4421.392673 a=(  1.116, -0.048,  9.754) m/s2 |a|= 9.818 w=(   0.427,   0.183,  -0.122) dps T= 33.95 C
t= 4421.493531 a=(  1.125, -0.067,  9.759) m/s2 |a|= 9.824 w=(   0.488,   0.183,  -0.183) dps T= 34.00 C
t= 4421.594370 a=(  1.116, -0.077,  9.764) m/s2 |a|= 9.827 w=(   0.427,   0.183,  -0.122) dps T= 33.99 C
t= 4421.695289 a=(  1.111, -0.062,  9.749) m/s2 |a|= 9.812 w=(   0.427,   0.244,  -0.122) dps T= 33.96 C
t= 4421.796175 a=(  1.111, -0.081,  9.754) m/s2 |a|= 9.817 w=(   0.427,   0.122,  -0.122) dps T= 33.97 C
t= 4421.897016 a=(  1.106, -0.062,  9.759) m/s2 |a|= 9.821 w=(   0.427,   0.183,  -0.122) dps T= 33.97 C
t= 4421.997865 a=(  1.120, -0.062,  9.759) m/s2 |a|= 9.823 w=(   0.427,   0.183,  -0.122) dps T= 33.97 C
t= 4422.098697 a=(  1.125, -0.067,  9.744) m/s2 |a|= 9.809 w=(   0.427,   0.183,  -0.122) dps T= 33.96 C
t= 4422.199526 a=(  1.116, -0.053,  9.759) m/s2 |a|= 9.822 w=(   0.427,   0.183,  -0.122) dps T= 34.00 C
t= 4422.300550 a=(  1.116, -0.072,  9.754) m/s2 |a|= 9.818 w=(   0.427,   0.183,  -0.183) dps T= 33.96 C
t= 4422.401386 a=(  1.130, -0.067,  9.749) m/s2 |a|= 9.815 w=(   0.427,   0.183,  -0.183) dps T= 33.98 C
t= 4422.502285 a=(  1.111, -0.067,  9.754) m/s2 |a|= 9.817 w=(   0.488,   0.183,  -0.061) dps T= 33.99 C
t= 4422.603162 a=(  1.125, -0.062,  9.749) m/s2 |a|= 9.814 w=(   0.488,   0.183,  -0.122) dps T= 33.98 C
t= 4422.704040 a=(  1.106, -0.062,  9.749) m/s2 |a|= 9.812 w=(   0.427,   0.183,  -0.183) dps T= 33.97 C
t= 4422.804885 a=(  1.130, -0.072,  9.744) m/s2 |a|= 9.810 w=(   0.427,   0.183,  -0.183) dps T= 33.98 C
t= 4422.905758 a=(  1.106, -0.057,  9.749) m/s2 |a|= 9.812 w=(   0.366,   0.122,  -0.122) dps T= 33.96 C
t= 4423.006666 a=(  1.111, -0.057,  9.754) m/s2 |a|= 9.817 w=(   0.427,   0.122,  -0.122) dps T= 33.97 C
t= 4423.107514 a=(  1.116, -0.067,  9.740) m/s2 |a|= 9.804 w=(   0.366,   0.183,  -0.122) dps T= 33.97 C
t= 4423.208375 a=(  1.106, -0.062,  9.740) m/s2 |a|= 9.802 w=(   0.488,   0.122,  -0.122) dps T= 33.97 C
t= 4423.309232 a=(  1.116, -0.062,  9.735) m/s2 |a|= 9.799 w=(   0.488,   0.183,  -0.122) dps T= 33.98 C
t= 4423.410070 a=(  1.125, -0.067,  9.764) m/s2 |a|= 9.828 w=(   0.427,   0.122,  -0.183) dps T= 33.98 C
t= 4423.510912 a=(  1.116, -0.062,  9.759) m/s2 |a|= 9.823 w=(   0.427,   0.183,  -0.122) dps T= 33.98 C
t= 4423.611744 a=(  1.116, -0.062,  9.759) m/s2 |a|= 9.823 w=(   0.488,   0.244,  -0.122) dps T= 33.98 C
t= 4423.712575 a=(  1.120, -0.072,  9.749) m/s2 |a|= 9.814 w=(   0.427,   0.122,  -0.061) dps T= 33.99 C
t= 4423.813420 a=(  1.125, -0.067,  9.749) m/s2 |a|= 9.814 w=(   0.488,   0.122,  -0.122) dps T= 33.98 C
t= 4423.914227 a=(  1.116, -0.062,  9.744) m/s2 |a|= 9.808 w=(   0.427,   0.183,  -0.061) dps T= 33.98 C
t= 4424.015077 a=(  1.116, -0.057,  9.749) m/s2 |a|= 9.813 w=(   0.427,   0.183,  -0.122) dps T= 33.97 C
t= 4424.115979 a=(  1.120, -0.062,  9.768) m/s2 |a|= 9.833 w=(   0.427,   0.122,  -0.122) dps T= 33.99 C
t= 4424.216856 a=(  1.111, -0.072,  9.740) m/s2 |a|= 9.803 w=(   0.427,   0.183,  -0.183) dps T= 33.98 C
t= 4424.317738 a=(  1.125, -0.072,  9.749) m/s2 |a|= 9.814 w=(   0.488,   0.183,  -0.122) dps T= 33.99 C
t= 4424.418586 a=(  1.125, -0.062,  9.754) m/s2 |a|= 9.819 w=(   0.427,   0.183,  -0.122) dps T= 33.97 C
t= 4424.519433 a=(  1.120, -0.072,  9.759) m/s2 |a|= 9.823 w=(   0.427,   0.183,  -0.122) dps T= 33.98 C
t= 4424.620442 a=(  1.111, -0.072,  9.754) m/s2 |a|= 9.817 w=(   0.427,   0.183,  -0.122) dps T= 33.97 C
t= 4424.721283 a=(  1.125, -0.081,  9.754) m/s2 |a|= 9.819 w=(   0.427,   0.244,  -0.122) dps T= 33.96 C
t= 4424.822118 a=(  1.125, -0.053,  9.759) m/s2 |a|= 9.824 w=(   0.488,   0.244,  -0.061) dps T= 33.98 C
t= 4424.922990 a=(  1.125, -0.057,  9.768) m/s2 |a|= 9.833 w=(   0.488,   0.183,  -0.122) dps T= 33.98 C
t= 4425.023836 a=(  1.116, -0.067,  9.759) m/s2 |a|= 9.823 w=(   0.488,   0.122,  -0.122) dps T= 33.97 C
t= 4425.124672 a=(  1.125, -0.067,  9.754) m/s2 |a|= 9.819 w=(   0.488,   0.183,  -0.061) dps T= 33.97 C
t= 4425.225522 a=(  1.111, -0.057,  9.759) m/s2 |a|= 9.822 w=(   0.488,   0.183,  -0.122) dps T= 33.97 C
t= 4425.326443 a=(  1.116, -0.072,  9.759) m/s2 |a|= 9.823 w=(   0.427,   0.244,  -0.122) dps T= 33.98 C
t= 4425.427311 a=(  1.111, -0.062,  9.749) m/s2 |a|= 9.812 w=(   0.488,   0.183,  -0.122) dps T= 33.97 C
t= 4425.528169 a=(  1.116, -0.062,  9.759) m/s2 |a|= 9.823 w=(   0.488,   0.183,  -0.122) dps T= 33.98 C
t= 4425.629001 a=(  1.116, -0.048,  9.754) m/s2 |a|= 9.818 w=(   0.427,   0.122,  -0.061) dps T= 33.98 C
t= 4425.729828 a=(  1.125, -0.067,  9.749) m/s2 |a|= 9.814 w=(   0.488,   0.183,  -0.122) dps T= 33.97 C
t= 4425.830713 a=(  1.120, -0.081,  9.740) m/s2 |a|= 9.804 w=(   0.427,   0.183,  -0.122) dps T= 33.98 C
t= 4425.931532 a=(  1.116, -0.067,  9.764) m/s2 |a|= 9.827 w=(   0.366,   0.183,  -0.122) dps T= 33.99 C
t= 4426.032360 a=(  1.116, -0.067,  9.749) m/s2 |a|= 9.813 w=(   0.488,   0.183,  -0.122) dps T= 33.98 C
t= 4426.133204 a=(  1.111, -0.067,  9.749) m/s2 |a|= 9.813 w=(   0.427,   0.183,  -0.122) dps T= 33.97 C
t= 4426.234022 a=(  1.116, -0.077,  9.764) m/s2 |a|= 9.827 w=(   0.488,   0.183,  -0.122) dps T= 33.98 C
t= 4426.334855 a=(  1.120, -0.062,  9.759) m/s2 |a|= 9.823 w=(   0.488,   0.183,  -0.122) dps T= 33.99 C
t= 4426.435720 a=(  1.125, -0.053,  9.759) m/s2 |a|= 9.824 w=(   0.427,   0.183,  -0.122) dps T= 33.97 C
t= 4426.536625 a=(  1.116, -0.072,  9.759) m/s2 |a|= 9.823 w=(   0.427,   0.183,  -0.122) dps T= 34.00 C
t= 4426.637512 a=(  1.125, -0.072,  9.764) m/s2 |a|= 9.828 w=(   0.427,   0.183,  -0.183) dps T= 33.97 C
t= 4426.738353 a=(  1.120, -0.057,  9.754) m/s2 |a|= 9.818 w=(   0.427,   0.244,  -0.122) dps T= 33.97 C
t= 4426.839221 a=(  1.130, -0.077,  9.749) m/s2 |a|= 9.815 w=(   0.488,   0.244,  -0.122) dps T= 33.97 C
t= 4426.940079 a=(  1.125, -0.067,  9.759) m/s2 |a|= 9.824 w=(   0.488,   0.183,  -0.122) dps T= 33.99 C
t= 4427.040892 a=(  1.120, -0.072,  9.749) m/s2 |a|= 9.814 w=(   0.488,   0.183,  -0.122) dps T= 33.99 C
t= 4427.141728 a=(  1.125, -0.072,  9.759) m/s2 |a|= 9.824 w=(   0.488,   0.244,  -0.122) dps T= 33.97 C
t= 4427.242604 a=(  1.120, -0.062,  9.735) m/s2 |a|= 9.799 w=(   0.488,   0.183,  -0.122) dps T= 33.97 C
t= 4427.343453 a=(  1.120, -0.077,  9.749) m/s2 |a|= 9.814 w=(   0.488,   0.122,  -0.183) dps T= 33.97 C
t= 4427.444386 a=(  1.116, -0.067,  9.754) m/s2 |a|= 9.818 w=(   0.488,   0.183,  -0.183) dps T= 33.96 C
t= 4427.545251 a=(  1.111, -0.057,  9.754) m/s2 |a|= 9.817 w=(   0.427,   0.122,  -0.122) dps T= 33.98 C
t= 4427.646127 a=(  1.120, -0.081,  9.759) m/s2 |a|= 9.823 w=(   0.427,   0.183,  -0.061) dps T= 33.98 C
t= 4427.746989 a=(  1.125, -0.053,  9.768) m/s2 |a|= 9.833 w=(   0.427,   0.244,  -0.183) dps T= 33.98 C
t= 4427.847862 a=(  1.125, -0.072,  9.749) m/s2 |a|= 9.814 w=(   0.427,   0.183,  -0.122) dps T= 33.96 C
t= 4427.948714 a=(  1.116, -0.053,  9.749) m/s2 |a|= 9.813 w=(   0.427,   0.183,  -0.061) dps T= 33.97 C
t= 4428.049574 a=(  1.120, -0.062,  9.759) m/s2 |a|= 9.823 w=(   0.427,   0.183,  -0.122) dps T= 33.99 C
t= 4428.150511 a=(  1.116, -0.067,  9.754) m/s2 |a|= 9.818 w=(   0.488,   0.122,  -0.122) dps T= 33.98 C
t= 4428.251371 a=(  1.125, -0.077,  9.759) m/s2 |a|= 9.824 w=(   0.427,   0.183,  -0.122) dps T= 33.98 C
t= 4428.352212 a=(  1.116, -0.067,  9.749) m/s2 |a|= 9.813 w=(   0.427,   0.183,  -0.122) dps T= 33.96 C
t= 4428.453037 a=(  1.116, -0.072,  9.740) m/s2 |a|= 9.804 w=(   0.427,   0.183,  -0.122) dps T= 33.97 C
t= 4428.553868 a=(  1.116, -0.081,  9.735) m/s2 |a|= 9.799 w=(   0.427,   0.122,  -0.122) dps T= 33.97 C
t= 4428.654742 a=(  1.111, -0.062,  9.744) m/s2 |a|= 9.808 w=(   0.427,   0.244,  -0.122) dps T= 33.97 C
t= 4428.755567 a=(  1.111, -0.077,  9.759) m/s2 |a|= 9.822 w=(   0.488,   0.122,  -0.061) dps T= 33.98 C
t= 4428.856527 a=(  1.120, -0.072,  9.754) m/s2 |a|= 9.818 w=(   0.488,   0.183,  -0.122) dps T= 33.97 C
t= 4428.957415 a=(  1.111, -0.077,  9.749) m/s2 |a|= 9.813 w=(   0.488,   0.122,  -0.061) dps T= 33.99 C
t= 4429.058280 a=(  1.101, -0.067,  9.754) m/s2 |a|= 9.816 w=(   0.488,   0.122,  -0.122) dps T= 33.99 C
t= 4429.159143 a=(  1.116, -0.062,  9.754) m/s2 |a|= 9.818 w=(   0.488,   0.183,  -0.122) dps T= 33.98 C
t= 4429.259978 a=(  1.125, -0.072,  9.754) m/s2 |a|= 9.819 w=(   0.427,   0.183,  -0.122) dps T= 33.98 C
t= 4429.360961 a=(  1.130, -0.062,  9.744) m/s2 |a|= 9.810 w=(   0.488,   0.183,  -0.122) dps T= 34.00 C
t= 4429.461792 a=(  1.125, -0.062,  9.749) m/s2 |a|= 9.814 w=(   0.488,   0.122,  -0.122) dps T= 33.97 C
t= 4429.562653 a=(  1.120, -0.072,  9.773) m/s2 |a|= 9.837 w=(   0.488,   0.122,  -0.122) dps T= 33.97 C
t= 4429.663495 a=(  1.106, -0.077,  9.749) m/s2 |a|= 9.812 w=(   0.488,   0.183,  -0.122) dps T= 33.99 C
t= 4429.764317 a=(  1.120, -0.072,  9.754) m/s2 |a|= 9.818 w=(   0.488,   0.183,  -0.122) dps T= 33.98 C
t= 4429.865160 a=(  1.120, -0.057,  9.744) m/s2 |a|= 9.809 w=(   0.427,   0.244,  -0.122) dps T= 33.99 C
t= 4429.965993 a=(  1.116, -0.067,  9.759) m/s2 |a|= 9.823 w=(   0.427,   0.183,  -0.122) dps T= 33.98 C
t= 4430.066884 a=(  1.116, -0.072,  9.749) m/s2 |a|= 9.813 w=(   0.427,   0.183,  -0.122) dps T= 33.97 C
t= 4430.167773 a=(  1.125, -0.062,  9.740) m/s2 |a|= 9.805 w=(   0.427,   0.183,  -0.122) dps T= 33.97 C
t= 4430.268649 a=(  1.116, -0.062,  9.744) m/s2 |a|= 9.808 w=(   0.427,   0.183,  -0.122) dps T= 33.98 C
t= 4430.369532 a=(  1.130, -0.077,  9.744) m/s2 |a|= 9.810 w=(   0.427,   0.183,  -0.122) dps T= 33.98 C
t= 4430.470460 a=(  1.130, -0.062,  9.725) m/s2 |a|= 9.791 w=(   0.427,   0.244,  -0.122) dps T= 33.98 C
t= 4430.571334 a=(  1.111, -0.067,  9.764) m/s2 |a|= 9.827 w=(   0.427,   0.183,  -0.122) dps T= 33.98 C
t= 4430.672194 a=(  1.106, -0.067,  9.740) m/s2 |a|= 9.802 w=(   0.488,   0.183,  -0.122) dps T= 33.96 C
t= 4430.773025 a=(  1.130, -0.072,  9.754) m/s2 |a|= 9.819 w=(   0.488,   0.122,  -0.122) dps T= 33.98 C
t= 4430.873860 a=(  1.130, -0.062,  9.744) m/s2 |a|= 9.810 w=(   0.488,   0.183,  -0.122) dps T= 33.98 C
t= 4430.974695 a=(  1.120, -0.067,  9.754) m/s2 |a|= 9.818 w=(   0.427,   0.183,  -0.183) dps T= 33.99 C
t= 4431.075547 a=(  1.125, -0.062,  9.759) m/s2 |a|= 9.824 w=(   0.427,   0.244,  -0.183) dps T= 33.98 C
t= 4431.176379 a=(  1.120, -0.072,  9.764) m/s2 |a|= 9.828 w=(   0.488,   0.244,  -0.183) dps T= 33.98 C
t= 4431.277246 a=(  1.111, -0.077,  9.740) m/s2 |a|= 9.803 w=(   0.427,   0.183,  -0.122) dps T= 33.98 C
t= 4431.378150 a=(  1.125, -0.077,  9.768) m/s2 |a|= 9.833 w=(   0.488,   0.183,  -0.122) dps T= 33.99 C
t= 4431.479039 a=(  1.130, -0.067,  9.759) m/s2 |a|= 9.824 w=(   0.427,   0.183,  -0.183) dps T= 33.97 C
t= 4431.579885 a=(  1.111, -0.067,  9.759) m/s2 |a|= 9.822 w=(   0.488,   0.183,  -0.122) dps T= 33.97 C
t= 4431.680836 a=(  1.106, -0.062,  9.749) m/s2 |a|= 9.812 w=(   0.488,   0.183,  -0.122) dps T= 33.98 C
t= 4431.781674 a=(  1.120, -0.081,  9.768) m/s2 |a|= 9.833 w=(   0.427,   0.183,  -0.122) dps T= 33.98 C
t= 4431.882537 a=(  1.116, -0.072,  9.744) m/s2 |a|= 9.808 w=(   0.488,   0.183,  -0.122) dps T= 34.01 C
t= 4431.983371 a=(  1.125, -0.057,  9.740) m/s2 |a|= 9.805 w=(   0.488,   0.183,  -0.061) dps T= 33.99 C
t= 4432.084212 a=(  1.120, -0.057,  9.754) m/s2 |a|= 9.818 w=(   0.488,   0.183,  -0.122) dps T= 33.97 C
t= 4432.185048 a=(  1.116, -0.077,  9.754) m/s2 |a|= 9.818 w=(   0.427,   0.122,  -0.122) dps T= 33.99 C
t= 4432.285875 a=(  1.111, -0.072,  9.749) m/s2 |a|= 9.813 w=(   0.427,   0.183,  -0.122) dps T= 33.99 C
t= 4432.386702 a=(  1.125, -0.062,  9.754) m/s2 |a|= 9.819 w=(   0.427,   0.183,  -0.122) dps T= 33.97 C
t= 4432.487650 a=(  1.116, -0.077,  9.730) m/s2 |a|= 9.794 w=(   0.488,   0.183,  -0.061) dps T= 33.99 C
t= 4432.588630 a=(  1.120, -0.086,  9.749) m/s2 |a|= 9.814 w=(   0.488,   0.183,  -0.122) dps T= 33.98 C
t= 4432.689500 a=(  1.111, -0.067,  9.744) m/s2 |a|= 9.808 w=(   0.427,   0.183,  -0.061) dps T= 34.00 C
t= 4432.790556 a=(  1.130, -0.062,  9.759) m/s2 |a|= 9.824 w=(   0.488,   0.183,  -0.122) dps T= 33.97 C
t= 4432.891435 a=(  1.120, -0.077,  9.749) m/s2 |a|= 9.814 w=(   0.549,   0.244,  -0.183) dps T= 33.97 C
t= 4432.992305 a=(  1.120, -0.077,  9.744) m/s2 |a|= 9.809 w=(   0.488,   0.183,  -0.122) dps T= 33.97 C
t= 4433.093163 a=(  1.106, -0.072,  9.754) m/s2 |a|= 9.817 w=(   0.488,   0.183,  -0.122) dps T= 33.99 C
t= 4433.194014 a=(  1.106, -0.062,  9.754) m/s2 |a|= 9.817 w=(   0.488,   0.183,  -0.122) dps T= 33.98 C
t= 4433.294897 a=(  1.120, -0.067,  9.744) m/s2 |a|= 9.809 w=(   0.488,   0.122,  -0.122) dps T= 33.98 C
t= 4433.395762 a=(  1.125, -0.072,  9.759) m/s2 |a|= 9.824 w=(   0.427,   0.183,  -0.122) dps T= 33.97 C
t= 4433.496596 a=(  1.111, -0.067,  9.749) m/s2 |a|= 9.813 w=(   0.427,   0.183,  -0.122) dps T= 33.99 C
t= 4433.597425 a=(  1.125, -0.072,  9.735) m/s2 |a|= 9.800 w=(   0.427,   0.122,  -0.183) dps T= 33.98 C
t= 4433.698320 a=(  1.116, -0.081,  9.749) m/s2 |a|= 9.813 w=(   0.427,   0.122,  -0.122) dps T= 33.97 C
t= 4433.799204 a=(  1.116, -0.077,  9.744) m/s2 |a|= 9.808 w=(   0.488,   0.183,  -0.183) dps T= 33.97 C
t= 4433.900077 a=(  1.120, -0.072,  9.744) m/s2 |a|= 9.809 w=(   0.488,   0.122,  -0.061) dps T= 33.96 C
t= 4434.000904 a=(  1.125, -0.086,  9.754) m/s2 |a|= 9.819 w=(   0.488,   0.183,  -0.183) dps T= 33.97 C
t= 4434.101737 a=(  1.135, -0.081,  9.740) m/s2 |a|= 9.806 w=(   0.427,   0.244,  -0.122) dps T= 33.96 C
t= 4434.202590 a=(  1.116, -0.062,  9.759) m/s2 |a|= 9.823 w=(   0.427,   0.122,  -0.122) dps T= 33.98 C
t= 4434.303435 a=(  1.111, -0.072,  9.759) m/s2 |a|= 9.822 w=(   0.427,   0.183,  -0.122) dps T= 33.96 C
t= 4434.404273 a=(  1.130, -0.072,  9.768) m/s2 |a|= 9.834 w=(   0.488,   0.183,  -0.122) dps T= 33.97 C
t= 4434.505089 a=(  1.111, -0.077,  9.754) m/s2 |a|= 9.817 w=(   0.427,   0.244,  -0.122) dps T= 33.98 C
t= 4434.605909 a=(  1.120, -0.057,  9.764) m/s2 |a|= 9.828 w=(   0.427,   0.183,  -0.122) dps T= 33.96 C
t= 4434.706768 a=(  1.116, -0.072,  9.759) m/s2 |a|= 9.823 w=(   0.427,   0.122,  -0.122) dps T= 33.98 C
t= 4434.807611 a=(  1.116, -0.077,  9.749) m/s2 |a|= 9.813 w=(   0.427,   0.183,  -0.183) dps T= 33.98 C
t= 4434.908497 a=(  1.106, -0.081,  9.759) m/s2 |a|= 9.822 w=(   0.488,   0.183,  -0.122) dps T= 33.97 C
t= 4435.009407 a=(  1.111, -0.072,  9.754) m/s2 |a|= 9.817 w=(   0.427,   0.183,  -0.061) dps T= 33.96 C
t= 4435.110336 a=(  1.116, -0.081,  9.754) m/s2 |a|= 9.818 w=(   0.488,   0.183,  -0.183) dps T= 33.94 C
t= 4435.211191 a=(  1.120, -0.072,  9.740) m/s2 |a|= 9.804 w=(   0.488,   0.183,  -0.061) dps T= 33.97 C
t= 4435.312021 a=(  1.120, -0.077,  9.744) m/s2 |a|= 9.809 w=(   0.488,   0.183,  -0.122) dps T= 33.96 C
t= 4435.412855 a=(  1.125, -0.077,  9.768) m/s2 |a|= 9.833 w=(   0.488,   0.183,  -0.183) dps T= 33.99 C
t= 4435.513725 a=(  1.125, -0.077,  9.754) m/s2 |a|= 9.819 w=(   0.488,   0.183,  -0.122) dps T= 33.97 C
t= 4435.614558 a=(  1.116, -0.072,  9.754) m/s2 |a|= 9.818 w=(   0.427,   0.183,  -0.183) dps T= 33.97 C
t= 4435.715483 a=(  1.111, -0.062,  9.749) m/s2 |a|= 9.812 w=(   0.427,   0.183,  -0.122) dps T= 33.98 C
t= 4435.816368 a=(  1.116, -0.072,  9.764) m/s2 |a|= 9.827 w=(   0.427,   0.183,  -0.122) dps T= 33.99 C
t= 4435.917220 a=(  1.120, -0.077,  9.754) m/s2 |a|= 9.818 w=(   0.427,   0.183,  -0.122) dps T= 33.97 C
t= 4436.018047 a=(  1.111, -0.086,  9.744) m/s2 |a|= 9.808 w=(   0.427,   0.183,  -0.183) dps T= 33.98 C
t= 4436.118949 a=(  1.116, -0.077,  9.754) m/s2 |a|= 9.818 w=(   0.488,   0.183,  -0.122) dps T= 34.00 C
t= 4436.219842 a=(  1.125, -0.072,  9.754) m/s2 |a|= 9.819 w=(   0.488,   0.183,  -0.122) dps T= 33.97 C
t= 4436.320806 a=(  1.116, -0.067,  9.749) m/s2 |a|= 9.813 w=(   0.427,   0.183,  -0.122) dps T= 33.98 C
t= 4436.421659 a=(  1.120, -0.072,  9.749) m/s2 |a|= 9.814 w=(   0.488,   0.122,  -0.122) dps T= 33.99 C
t= 4436.522496 a=(  1.120, -0.062,  9.749) m/s2 |a|= 9.814 w=(   0.488,   0.244,  -0.183) dps T= 33.98 C
t= 4436.623321 a=(  1.120, -0.062,  9.768) m/s2 |a|= 9.833 w=(   0.427,   0.183,  -0.122) dps T= 33.99 C
t= 4436.724217 a=(  1.130, -0.081,  9.764) m/s2 |a|= 9.829 w=(   0.427,   0.244,  -0.122) dps T= 33.97 C
t= 4436.825068 a=(  1.106, -0.072,  9.759) m/s2 |a|= 9.822 w=(   0.488,   0.183,  -0.122) dps T= 33.97 C
t= 4436.925935 a=(  1.120, -0.067,  9.768) m/s2 |a|= 9.833 w=(   0.427,   0.183,  -0.122) dps T= 33.99 C
t= 4437.026768 a=(  1.120, -0.062,  9.744) m/s2 |a|= 9.809 w=(   0.427,   0.183,  -0.183) dps T= 33.97 C
t= 4437.127608 a=(  1.130, -0.072,  9.764) m/s2 |a|= 9.829 w=(   0.488,   0.183,  -0.122) dps T= 34.00 C
t= 4437.228450 a=(  1.125, -0.067,  9.735) m/s2 |a|= 9.800 w=(   0.427,   0.122,  -0.122) dps T= 33.99 C
t= 4437.329348 a=(  1.130, -0.062,  9.744) m/s2 |a|= 9.810 w=(   0.488,   0.183,  -0.122) dps T= 33.96 C
t= 4437.430368 a=(  1.130, -0.072,  9.764) m/s2 |a|= 9.829 w=(   0.488,   0.122,  -0.183) dps T= 33.97 C
t= 4437.531227 a=(  1.120, -0.077,  9.759) m/s2 |a|= 9.823 w=(   0.488,   0.183,  -0.122) dps T= 33.96 C
t= 4437.632096 a=(  1.116, -0.072,  9.754) m/s2 |a|= 9.818 w=(   0.427,   0.183,  -0.122) dps T= 33.99 C
t= 4437.732937 a=(  1.120, -0.077,  9.754) m/s2 |a|= 9.818 w=(   0.488,   0.183,  -0.061) dps T= 33.98 C
t= 4437.833781 a=(  1.125, -0.077,  9.740) m/s2 |a|= 9.805 w=(   0.488,   0.122,  -0.122) dps T= 33.97 C
t= 4437.934640 a=(  1.125, -0.067,  9.744) m/s2 |a|= 9.809 w=(   0.488,   0.244,  -0.122) dps T= 33.98 C
t= 4438.035490 a=(  1.120, -0.072,  9.744) m/s2 |a|= 9.809 w=(   0.488,   0.183,  -0.122) dps T= 33.98 C
t= 4438.136347 a=(  1.135, -0.072,  9.744) m/s2 |a|= 9.811 w=(   0.488,   0.183,  -0.183) dps T= 33.98 C
t= 4438.237213 a=(  1.106, -0.067,  9.744) m/s2 |a|= 9.807 w=(   0.488,   0.122,  -0.183) dps T= 33.97 C
t= 4438.338041 a=(  1.120, -0.067,  9.754) m/s2 |a|= 9.818 w=(   0.488,   0.183,  -0.122) dps T= 33.98 C
t= 4438.438894 a=(  1.130, -0.062,  9.749) m/s2 |a|= 9.815 w=(   0.427,   0.122,  -0.122) dps T= 33.99 C
t= 4438.539887 a=(  1.120, -0.072,  9.735) m/s2 |a|= 9.799 w=(   0.488,   0.183,  -0.122) dps T= 34.00 C
t= 4438.640824 a=(  1.106, -0.081,  9.754) m/s2 |a|= 9.817 w=(   0.427,   0.183,  -0.183) dps T= 33.99 C
t= 4438.741674 a=(  1.106, -0.077,  9.759) m/s2 |a|= 9.822 w=(   0.488,   0.183,  -0.122) dps T= 33.98 C
t= 4438.842508 a=(  1.116, -0.077,  9.744) m/s2 |a|= 9.808 w=(   0.488,   0.183,  -0.122) dps T= 33.98 C
t= 4438.943351 a=(  1.116, -0.072,  9.744) m/s2 |a|= 9.808 w=(   0.488,   0.183,  -0.122) dps T= 33.95 C
t= 4439.044178 a=(  1.116, -0.067,  9.749) m/s2 |a|= 9.813 w=(   0.488,   0.183,  -0.122) dps T= 33.95 C
t= 4439.145013 a=(  1.111, -0.077,  9.735) m/s2 |a|= 9.798 w=(   0.488,   0.183,  -0.122) dps T= 33.98 C
t= 4439.245885 a=(  1.120, -0.067,  9.749) m/s2 |a|= 9.814 w=(   0.427,   0.183,  -0.122) dps T= 33.99 C
t= 4439.346713 a=(  1.120, -0.072,  9.744) m/s2 |a|= 9.809 w=(   0.427,   0.183,  -0.122) dps T= 33.97 C
t= 4439.447552 a=(  1.125, -0.077,  9.759) m/s2 |a|= 9.824 w=(   0.427,   0.183,  -0.183) dps T= 33.98 C
t= 4439.548380 a=(  1.120, -0.072,  9.749) m/s2 |a|= 9.814 w=(   0.488,   0.183,  -0.061) dps T= 33.97 C
t= 4439.649259 a=(  1.125, -0.072,  9.768) m/s2 |a|= 9.833 w=(   0.427,   0.122,  -0.122) dps T= 33.97 C
t= 4439.750155 a=(  1.116, -0.062,  9.759) m/s2 |a|= 9.823 w=(   0.488,   0.122,  -0.122) dps T= 33.97 C
t= 4439.851049 a=(  1.135, -0.081,  9.764) m/s2 |a|= 9.830 w=(   0.488,   0.183,  -0.122) dps T= 33.99 C
t= 4439.951925 a=(  1.116, -0.081,  9.740) m/s2 |a|= 9.804 w=(   0.488,   0.183,  -0.122) dps T= 33.95 C
t= 4440.052766 a=(  1.125, -0.081,  9.754) m/s2 |a|= 9.819 w=(   0.488,   0.183,  -0.122) dps T= 33.98 C
t= 4440.153629 a=(  1.120, -0.081,  9.754) m/s2 |a|= 9.818 w=(   0.488,   0.183,  -0.122) dps T= 33.96 C
t= 4440.254477 a=(  1.120, -0.057,  9.754) m/s2 |a|= 9.818 w=(   0.488,   0.183,  -0.122) dps T= 33.98 C
t= 4440.355297 a=(  1.101, -0.062,  9.754) m/s2 |a|= 9.816 w=(   0.488,   0.183,  -0.122) dps T= 33.98 C
t= 4440.456136 a=(  1.125, -0.072,  9.754) m/s2 |a|= 9.819 w=(   0.488,   0.183,  -0.122) dps T= 33.97 C
t= 4440.556979 a=(  1.116, -0.072,  9.754) m/s2 |a|= 9.818 w=(   0.427,   0.183,  -0.122) dps T= 33.97 C
t= 4440.657860 a=(  1.120, -0.067,  9.749) m/s2 |a|= 9.814 w=(   0.549,   0.183,  -0.122) dps T= 33.99 C
t= 4440.758720 a=(  1.120, -0.048,  9.749) m/s2 |a|= 9.813 w=(   0.488,   0.122,  -0.183) dps T= 33.99 C
t= 4440.859692 a=(  1.120, -0.067,  9.754) m/s2 |a|= 9.818 w=(   0.488,   0.183,  -0.183) dps T= 33.96 C
t= 4440.960675 a=(  1.120, -0.077,  9.740) m/s2 |a|= 9.804 w=(   0.488,   0.183,  -0.122) dps T= 33.97 C
t= 4441.061538 a=(  1.111, -0.062,  9.740) m/s2 |a|= 9.803 w=(   0.427,   0.183,  -0.122) dps T= 33.97 C
t= 4441.162407 a=(  1.120, -0.081,  9.749) m/s2 |a|= 9.814 w=(   0.427,   0.183,  -0.122) dps T= 33.96 C
t= 4441.263242 a=(  1.120, -0.067,  9.754) m/s2 |a|= 9.818 w=(   0.427,   0.183,  -0.122) dps T= 33.97 C
t= 4441.364061 a=(  1.154, -0.206,  9.816) m/s2 |a|= 9.886 w=(   0.305,   0.000,  -0.183) dps T= 34.00 C
t= 4441.464896 a=(  1.144, -0.115,  9.663) m/s2 |a|= 9.731 w=(   0.061,  -0.305,  -0.122) dps T= 33.98 C
t= 4441.565743 a=(  1.087, -0.029,  9.701) m/s2 |a|= 9.762 w=(   0.183,   0.000,  -0.061) dps T= 33.99 C
t= 4441.666561 a=(  1.231, -0.158,  9.697) m/s2 |a|= 9.776 w=(   0.366,   0.427,  -0.122) dps T= 33.97 C
t= 4441.767447 a=(  1.144, -0.139,  9.682) m/s2 |a|= 9.751 w=(   0.366,  -0.183,  -0.061) dps T= 33.98 C
t= 4441.868275 a=(  1.087, -0.091,  9.725) m/s2 |a|= 9.786 w=(   1.280,   0.427,   0.000) dps T= 33.97 C
t= 4441.969114 a=(  0.891, -0.101,  9.467) m/s2 |a|= 9.509 w=(   1.280,   1.768,   0.366) dps T= 33.97 C
t= 4442.069993 a=(  0.819,  0.139,  9.256) m/s2 |a|= 9.293 w=(   1.829,   0.671,   0.244) dps T= 33.97 C
t= 4442.171035 a=(  1.010, -0.038,  9.481) m/s2 |a|= 9.535 w=(   0.732,  -1.951,  -0.366) dps T= 33.99 C
t= 4442.272012 a=(  0.967,  0.029,  9.859) m/s2 |a|= 9.907 w=(   1.220,   5.549,  -0.671) dps T= 33.97 C
t= 4442.372882 a=(  1.111, -0.005, 10.410) m/s2 |a|=10.469 w=(   0.793,   2.012,  -0.183) dps T= 33.98 C
t= 4442.473731 a=(  1.125,  0.062,  9.878) m/s2 |a|= 9.943 w=(  -0.610,   1.098,  -0.427) dps T= 33.97 C
t= 4442.574567 a=(  0.871, -0.029,  9.749) m/s2 |a|= 9.788 w=(   1.829,   4.329,  -0.549) dps T= 34.00 C
t= 4442.675409 a=(  0.311,  0.153,  9.103) m/s2 |a|= 9.109 w=(   4.024,   2.378,   2.927) dps T= 33.97 C
t= 4442.776254 a=(  0.862, -0.005,  9.524) m/s2 |a|= 9.563 w=(  -0.305,  -0.488,   0.000) dps T= 33.97 C
t= 4442.877073 a=(  0.919, -0.034,  9.764) m/s2 |a|= 9.807 w=(   0.488,   0.366,  -0.122) dps T= 33.98 C
t= 4442.977910 a=(  0.919, -0.057,  9.792) m/s2 |a|= 9.836 w=(   0.366,   0.427,  -0.183) dps T= 33.96 C
t= 4443.078781 a=(  0.876, -0.057,  9.898) m/s2 |a|= 9.937 w=(   0.671,   0.610,  -0.122) dps T= 33.96 C
t= 4443.179638 a=(  0.824, -0.062,  9.888) m/s2 |a|= 9.922 w=(   0.732,   0.427,  -0.061) dps T= 33.96 C
t= 4443.280673 a=(  0.871, -0.072,  9.797) m/s2 |a|= 9.836 w=(   0.488,  -0.061,  -0.061) dps T= 33.98 C
t= 4443.381550 a=(  0.871, -0.024,  9.797) m/s2 |a|= 9.836 w=(   0.610,   0.061,  -0.122) dps T= 33.95 C
t= 4443.482427 a=(  0.843,  0.014,  9.773) m/s2 |a|= 9.809 w=(   0.671,   0.305,  -0.122) dps T= 33.97 C
t= 4443.583258 a=(  0.905, -0.057,  9.773) m/s2 |a|= 9.815 w=(   0.305,   0.305,  -0.183) dps T= 33.97 C
t= 4443.684115 a=(  0.910, -0.019,  9.783) m/s2 |a|= 9.825 w=(   0.305,   0.305,  -0.183) dps T= 33.97 C
t= 4443.784948 a=(  0.838,  0.000,  9.787) m/s2 |a|= 9.823 w=(   0.488,   0.183,  -0.122) dps T= 33.95 C
t= 4443.885764 a=(  0.891,  0.005,  9.768) m/s2 |a|= 9.809 w=(   0.488,   0.061,  -0.122) dps T= 33.97 C
t= 4443.986622 a=(  0.905, -0.019,  9.768) m/s2 |a|= 9.810 w=(   0.488,   0.244,  -0.122) dps T= 33.96 C
t= 4444.087443 a=(  0.910, -0.014,  9.787) m/s2 |a|= 9.830 w=(   0.427,   0.122,  -0.061) dps T= 33.97 C
t= 4444.188275 a=(  0.876, -0.005,  9.783) m/s2 |a|= 9.822 w=(   0.488,   0.183,  -0.122) dps T= 33.99 C
t= 4444.289142 a=(  0.915, -0.019,  9.778) m/s2 |a|= 9.821 w=(   0.549,   0.244,  -0.122) dps T= 33.97 C
t= 4444.389978 a=(  0.862,  0.005,  9.783) m/s2 |a|= 9.821 w=(   0.366,   0.183,  -0.183) dps T= 33.98 C
t= 4444.491063 a=(  0.895,  0.010,  9.778) m/s2 |a|= 9.819 w=(   0.427,   0.122,  -0.061) dps T= 33.96 C
t= 4444.592049 a=(  0.871, -0.010,  9.768) m/s2 |a|= 9.807 w=(   0.488,   0.122,  -0.122) dps T= 33.99 C
t= 4444.692945 a=(  0.900, -0.034,  9.773) m/s2 |a|= 9.815 w=(   0.305,   0.122,  -0.061) dps T= 33.98 C
t= 4444.793788 a=(  0.910, -0.019,  9.783) m/s2 |a|= 9.825 w=(   0.488,   0.244,  -0.061) dps T= 33.97 C
t= 4444.894650 a=(  0.876,  0.000,  9.783) m/s2 |a|= 9.822 w=(   0.549,   0.122,  -0.122) dps T= 33.99 C
t= 4444.995499 a=(  0.867,  0.010,  9.787) m/s2 |a|= 9.826 w=(   0.549,   0.000,  -0.061) dps T= 33.99 C
t= 4445.096324 a=(  1.044, -0.038,  9.735) m/s2 |a|= 9.791 w=(   0.610,  -0.122,   0.000) dps T= 33.96 C
t= 4445.197184 a=(  0.886, -0.038,  9.835) m/s2 |a|= 9.875 w=(   1.159,   0.793,  -0.183) dps T= 33.97 C
t= 4445.298045 a=(  0.857,  0.019,  9.735) m/s2 |a|= 9.773 w=(   0.488,   0.183,  -0.122) dps T= 33.97 C
t= 4445.398884 a=(  0.953,  0.005,  9.744) m/s2 |a|= 9.791 w=(   0.366,   0.366,  -0.183) dps T= 33.98 C
t= 4445.499760 a=(  0.934, -0.024,  9.783) m/s2 |a|= 9.827 w=(   0.671,   0.183,  -0.183) dps T= 33.97 C
t= 4445.600692 a=(  0.924,  0.005,  9.802) m/s2 |a|= 9.845 w=(   0.915,   0.732,  -0.183) dps T= 33.98 C
t= 4445.701576 a=(  0.905,  0.029,  9.744) m/s2 |a|= 9.786 w=(   0.671,   0.610,  -0.183) dps T= 33.97 C
t= 4445.802467 a=(  0.857,  0.029,  9.764) m/s2 |a|= 9.801 w=(   0.976,   0.915,  -0.305) dps T= 33.98 C
t= 4445.903312 a=(  0.881,  0.014,  9.725) m/s2 |a|= 9.765 w=(   0.244,   0.427,  -0.244) dps T= 33.98 C
t= 4446.004149 a=(  0.876,  0.010,  9.759) m/s2 |a|= 9.798 w=(   0.854,   0.183,  -0.183) dps T= 33.96 C
t= 4446.104967 a=(  0.886, -0.177,  9.835) m/s2 |a|= 9.877 w=(   8.902,   3.354,  -0.366) dps T= 33.97 C
t= 4446.205823 a=(  0.862,  0.187,  9.855) m/s2 |a|= 9.894 w=(   9.207,  -0.244,  -0.488) dps T= 33.98 C
t= 4446.306656 a=(  0.828,  0.316,  9.768) m/s2 |a|= 9.808 w=(   8.049,  -0.793,   0.000) dps T= 33.97 C
t= 4446.407488 a=(  0.747, -0.158,  9.960) m/s2 |a|= 9.989 w=(   6.159,   3.659,   5.305) dps T= 33.97 C
t= 4446.508360 a=(  1.073, -0.421,  9.878) m/s2 |a|= 9.945 w=( -27.866,  -0.183,  26.890) dps T= 33.98 C
t= 4446.609195 a=(  0.283, -2.035, 10.036) m/s2 |a|=10.245 w=( -81.341,  -0.488, -21.524) dps T= 33.99 C
t= 4446.710058 a=(  1.116, -1.695,  9.395) m/s2 |a|= 9.612 w=(  -5.854,  -5.122,  -4.573) dps T= 33.98 C
t= 4446.810950 a=(  0.924, -2.337,  9.098) m/s2 |a|= 9.439 w=( -42.744,   9.878,  -0.366) dps T= 33.97 C
t= 4446.911825 a=(  0.967, -3.539,  9.304) m/s2 |a|=10.001 w=(  12.500,  -3.598,   3.537) dps T= 33.97 C
t= 4447.012707 a=(  0.905, -3.136,  9.376) m/s2 |a|= 9.928 w=(  21.646,  -2.073,   6.890) dps T= 33.98 C
t= 4447.113588 a=(  0.421, -2.863,  8.724) m/s2 |a|= 9.192 w=( -27.805,   3.476,  -1.585) dps T= 33.97 C
t= 4447.214445 a=(  1.073, -2.768,  8.753) m/s2 |a|= 9.243 w=( -25.183,  -3.659,  12.683) dps T= 33.97 C
t= 4447.315316 a=(  0.895, -3.371,  8.878) m/s2 |a|= 9.538 w=(  57.012,  24.634,  17.988) dps T= 33.97 C
t= 4447.416152 a=( -0.589, -3.017,  8.696) m/s2 |a|= 9.223 w=(  23.720,  34.634,  -2.256) dps T= 33.97 C
t= 4447.517044 a=(  0.790, -3.950, 11.147) m/s2 |a|=11.853 w=( -52.500, -44.756,  24.207) dps T= 33.98 C
t= 4447.617893 a=(  0.570, -4.013,  9.859) m/s2 |a|=10.660 w=(  40.854, -10.854, -35.000) dps T= 33.98 C
t= 4447.718721 a=(  1.867, -4.319, 12.086) m/s2 |a|=12.970 w=(  91.037, -54.451, -13.171) dps T= 33.99 C
t= 4447.819568 a=(  1.595, -2.308,  9.548) m/s2 |a|= 9.952 w=(   6.524,  28.476,  -3.902) dps T= 33.97 C
t= 4447.920504 a=(  1.968, -3.548, 10.353) m/s2 |a|=11.119 w=( -28.963,   6.524,  12.012) dps T= 33.99 C
t= 4448.021376 a=(  1.125, -3.448, 10.338) m/s2 |a|=10.956 w=( -62.622,  32.012,  21.829) dps T= 33.98 C
t= 4448.122283 a=(  0.733, -2.514, 10.285) m/s2 |a|=10.614 w=( -11.037,  10.305,  19.634) dps T= 34.00 C
t= 4448.223168 a=(  0.072, -3.156,  9.596) m/s2 |a|=10.102 w=(  -1.037,  -6.280,  34.573) dps T= 33.97 C
t= 4448.324054 a=(  0.096, -2.978,  8.777) m/s2 |a|= 9.269 w=(   5.976,  -5.610,  62.012) dps T= 33.99 C
t= 4448.424899 a=(  0.283, -2.911,  8.279) m/s2 |a|= 8.781 w=(   1.585,  -2.134,  46.768) dps T= 33.97 C
t= 4448.525795 a=( -0.536, -2.806,  7.728) m/s2 |a|= 8.240 w=( -29.817,  -7.988,  63.659) dps T= 33.99 C
t= 4448.626632 a=( -0.766, -2.495,  7.848) m/s2 |a|= 8.271 w=( -12.561, -23.232,  58.354) dps T= 33.99 C
t= 4448.727504 a=( -0.876, -2.581,  8.121) m/s2 |a|= 8.566 w=( -16.890, -27.622,  51.037) dps T= 33.97 C
t= 4448.828347 a=( -0.670, -2.035,  8.562) m/s2 |a|= 8.826 w=( -33.415, -33.598,  34.878) dps T= 33.97 C
t= 4448.929169 a=( -1.676, -2.222,  7.278) m/s2 |a|= 7.792 w=(  16.098, -31.280, -17.195) dps T= 33.97 C
t= 4449.029998 a=( -1.470, -2.169,  8.011) m/s2 |a|= 8.429 w=(  10.061, -10.610, -26.280) dps T= 33.98 C
t= 4449.130886 a=( -0.747, -3.175,  9.831) m/s2 |a|=10.357 w=(   1.159,  17.195, -44.024) dps T= 34.00 C
t= 4449.231779 a=( -0.584, -3.543, 10.865) m/s2 |a|=11.443 w=(   2.622,  22.683, -54.207) dps T= 34.00 C
t= 4449.332671 a=(  0.996, -2.648, 10.262) m/s2 |a|=10.644 w=(  17.134,  14.451, -39.695) dps T= 33.98 C
t= 4449.433565 a=( -1.489, -1.997,  9.653) m/s2 |a|= 9.970 w=(  15.305,  39.207, -29.512) dps T= 33.98 C
t= 4449.534431 a=( -1.800, -1.034,  9.347) m/s2 |a|= 9.575 w=(  23.598,  37.866,   1.768) dps T= 33.98 C
t= 4449.635299 a=( -1.848, -1.298,  9.682) m/s2 |a|= 9.942 w=(  19.512,  29.634,  10.000) dps T= 33.97 C
t= 4449.736139 a=( -2.614, -0.326,  9.649) m/s2 |a|=10.002 w=(  43.598,  34.085,   5.671) dps T= 33.97 C
t= 4449.837001 a=( -2.519, -0.101,  9.414) m/s2 |a|= 9.746 w=(  37.500,  37.134,  13.049) dps T= 33.97 C
t= 4449.937837 a=( -2.591,  0.019,  9.376) m/s2 |a|= 9.727 w=(   9.146,  26.646, -21.890) dps T= 33.99 C
t= 4450.038677 a=( -3.816, -2.504, 10.319) m/s2 |a|=11.284 w=(   4.390,   8.902, -32.927) dps T= 33.99 C
t= 4450.139503 a=( -3.591, -2.389,  9.941) m/s2 |a|=10.836 w=(  10.976,  -3.780, -41.098) dps T= 33.96 C
t= 4450.240486 a=( -3.127, -1.504,  9.400) m/s2 |a|=10.020 w=(  -3.476,  15.976, -16.890) dps T= 33.96 C
t= 4450.341333 a=( -3.342, -1.571,  8.940) m/s2 |a|= 9.673 w=(  18.841,  21.829,  12.561) dps T= 33.97 C
t= 4450.442205 a=( -4.779, -0.335,  8.203) m/s2 |a|= 9.499 w=(  22.927,  19.146,   2.988) dps T= 33.97 C
t= 4450.543082 a=( -4.597, -1.346,  7.039) m/s2 |a|= 8.514 w=(   8.841,   1.524, -12.317) dps T= 33.97 C
t= 4450.643940 a=( -4.334, -1.398,  6.191) m/s2 |a|= 7.686 w=(  19.268, -43.902, -24.329) dps T= 33.97 C
t= 4450.744793 a=( -2.825,  0.057,  8.653) m/s2 |a|= 9.102 w=( -23.354, -73.232, -33.476) dps T= 33.99 C
t= 4450.845666 a=( -3.941, -0.790,  9.112) m/s2 |a|= 9.959 w=( -11.098, -22.195,  -1.524) dps T= 33.98 C
t= 4450.946497 a=( -3.486, -0.924,  8.557) m/s2 |a|= 9.286 w=( -14.085, -14.207,  14.695) dps T= 33.98 C
t= 4451.047381 a=( -3.103, -2.102,  9.112) m/s2 |a|= 9.853 w=( -58.841,  22.073, -23.415) dps T= 33.98 C
t= 4451.148226 a=( -3.740, -3.002,  8.447) m/s2 |a|= 9.713 w=( -68.232,  15.183, -28.293) dps T= 33.97 C
t= 4451.249094 a=( -4.013, -3.970,  9.084) m/s2 |a|=10.694 w=( -41.098,  28.720, -26.951) dps T= 34.00 C
t= 4451.349960 a=( -3.701, -4.439,  7.676) m/s2 |a|= 9.608 w=( -25.671,  19.817, -33.110) dps T= 33.99 C
t= 4451.450902 a=( -3.639, -5.033,  5.962) m/s2 |a|= 8.609 w=(  -9.634,  14.085, -39.817) dps T= 33.97 C
t= 4451.551755 a=( -3.448, -5.430,  8.327) m/s2 |a|=10.522 w=( -23.415,  33.476, -77.317) dps T= 33.97 C
t= 4451.652653 a=( -4.281, -4.951,  8.471) m/s2 |a|=10.705 w=(  17.622,  32.683, -38.841) dps T= 33.95 C
t= 4451.753528 a=( -3.318, -4.448,  9.232) m/s2 |a|=10.772 w=(  22.134, -24.634,  29.695) dps T= 33.98 C
t= 4451.854428 a=( -3.424, -4.587,  8.772) m/s2 |a|=10.475 w=(  18.415,   7.561,   5.915) dps T= 33.97 C
t= 4451.955296 a=( -3.543, -4.645,  8.327) m/s2 |a|=10.172 w=(   0.061,   3.537,  30.427) dps T= 33.97 C
t= 4452.056177 a=( -4.137, -5.363,  7.819) m/s2 |a|=10.345 w=(  -1.280,  13.963,  21.098) dps T= 33.97 C
t= 4452.157010 a=( -4.650, -4.635,  8.102) m/s2 |a|=10.428 w=(  -7.134,   9.085,  15.244) dps T= 33.97 C
t= 4452.257853 a=( -4.262, -4.180,  8.346) m/s2 |a|=10.261 w=(  12.561,  -1.524,  34.268) dps T= 33.96 C
t= 4452.358682 a=( -4.147, -5.344,  9.151) m/s2 |a|=11.379 w=( -25.244,  10.427,  10.244) dps T= 33.96 C
t= 4452.459570 a=( -4.482, -6.000,  8.198) m/s2 |a|=11.104 w=( -17.256,  16.707,  19.878) dps T= 33.98 C
t= 4452.560508 a=( -4.319, -5.057,  7.891) m/s2 |a|=10.320 w=( -25.976,  38.232, -11.768) dps T= 33.97 C
t= 4452.661340 a=( -5.090, -4.362,  7.087) m/s2 |a|= 9.755 w=(   2.439,  29.512, -36.646) dps T= 33.97 C
t= 4452.762189 a=( -5.291, -3.534,  5.684) m/s2 |a|= 8.532 w=(  38.659, -21.707, -38.415) dps T= 33.98 C
t= 4452.863092 a=( -4.166, -5.143,  6.819) m/s2 |a|= 9.502 w=(   8.354, -15.549, -35.366) dps T= 33.97 C
t= 4452.963963 a=( -3.745, -5.076,  6.421) m/s2 |a|= 9.001 w=( -42.012, -19.451, -50.488) dps T= 33.96 C
t= 4453.064832 a=( -3.117, -6.100,  6.804) m/s2 |a|= 9.656 w=( -32.195, -10.976, -27.378) dps T= 33.95 C
t= 4453.165727 a=( -2.662, -6.278,  7.254) m/s2 |a|= 9.956 w=(  -5.244, -35.244, -11.829) dps T= 33.96 C
t= 4453.266648 a=( -2.021, -6.661,  5.966) m/s2 |a|= 9.168 w=(   1.341, -34.268,  -7.500) dps T= 33.94 C
t= 4453.367514 a=( -1.671, -7.561,  5.832) m/s2 |a|= 9.694 w=( -16.890, -40.244,   3.902) dps T= 33.95 C
t= 4453.468366 a=( -1.575, -7.106,  5.875) m/s2 |a|= 9.354 w=( -36.524, -45.061,  15.061) dps T= 33.95 C
t= 4453.569211 a=( -2.581, -7.106,  6.273) m/s2 |a|= 9.824 w=(  20.732, -31.951,  12.500) dps T= 33.97 C
t= 4453.670067 a=( -1.159, -7.341,  6.967) m/s2 |a|=10.187 w=(  21.524, -35.305,  13.354) dps T= 33.96 C
t= 4453.770909 a=( -0.340, -7.101,  6.397) m/s2 |a|= 9.564 w=(  23.537, -12.195,  -1.402) dps T= 33.97 C
t= 4453.871746 a=( -2.078, -5.823,  7.705) m/s2 |a|= 9.878 w=(  -5.732,  18.171, -39.878) dps T= 33.97 C
t= 4453.972585 a=( -2.394, -5.420,  8.284) m/s2 |a|=10.185 w=(  11.829,  -8.293, -34.146) dps T= 33.96 C
t= 4454.073469 a=( -0.642, -7.350,  6.498) m/s2 |a|= 9.832 w=(  31.768, -20.549, -46.829) dps T= 33.97 C
t= 4454.174333 a=(  1.178, -6.570,  7.887) m/s2 |a|=10.332 w=( -42.561,  18.720, -51.098) dps T= 33.96 C
t= 4454.275231 a=(  1.834, -7.221,  7.834) m/s2 |a|=10.811 w=( -26.037,  -3.963,  -9.573) dps T= 33.96 C
t= 4454.376088 a=(  1.891, -8.016,  6.378) m/s2 |a|=10.417 w=( -41.890, -11.037,   5.183) dps T= 33.97 C
t= 4454.476946 a=(  1.475, -9.155,  5.995) m/s2 |a|=11.043 w=( -51.768, -28.720, -21.585) dps T= 33.95 C
t= 4454.577843 a=(  1.623, -7.762,  5.531) m/s2 |a|= 9.668 w=( -32.439, -38.049, -23.720) dps T= 33.96 C
t= 4454.678682 a=(  2.241, -5.990,  4.410) m/s2 |a|= 7.769 w=( -67.500, -29.451, -23.415) dps T= 33.97 C
t= 4454.779522 a=(  1.901, -5.976,  3.419) m/s2 |a|= 7.142 w=( -82.744, -13.354, -39.024) dps T= 33.95 C
t= 4454.880450 a=(  2.504, -7.163,  3.654) m/s2 |a|= 8.422 w=( -54.695,   9.024, -25.122) dps T= 33.97 C
t= 4454.981270 a=(  4.453, -7.920,  2.634) m/s2 |a|= 9.460 w=(  -6.585,  22.317,  -8.110) dps T= 33.97 C
t= 4455.082112 a=(  2.543, -9.505,  2.897) m/s2 |a|=10.257 w=(   6.707,  34.634, -27.195) dps T= 33.94 C
t= 4455.182965 a=(  4.118, -8.916,  1.207) m/s2 |a|= 9.895 w=(  49.512,  15.061, -24.329) dps T= 33.94 C
t= 4455.283840 a=(  5.291, -8.045,  2.428) m/s2 |a|= 9.930 w=(  -1.768,  30.610,  -5.000) dps T= 33.96 C
t= 4455.384724 a=(  5.430, -8.954,  3.950) m/s2 |a|=11.192 w=(  11.463,  36.037,  -6.890) dps T= 33.97 C
t= 4455.485581 a=(  3.797, -8.394,  5.349) m/s2 |a|=10.653 w=(  74.085,   4.695, -12.744) dps T= 33.94 C
t= 4455.586440 a=(  4.870, -7.269,  4.736) m/s2 |a|= 9.949 w=(  80.793,  29.085,  58.232) dps T= 33.97 C
t= 4455.687342 a=(  2.964, -7.523,  6.014) m/s2 |a|=10.077 w=(  54.512,  19.085,  30.183) dps T= 33.95 C
t= 4455.788189 a=(  2.758, -6.613,  6.924) m/s2 |a|= 9.964 w=(  44.390,  25.488,  25.915) dps T= 33.96 C
t= 4455.889018 a=(  1.844, -5.780,  8.499) m/s2 |a|=10.442 w=(  43.049,  20.061,  26.890) dps T= 33.94 C
t= 4455.989838 a=(  1.216, -7.298, 10.142) m/s2 |a|=12.553 w=(  57.378,  16.463,  15.000) dps T= 33.96 C
t= 4456.090732 a=(  1.901, -5.837,  9.682) m/s2 |a|=11.464 w=(  38.110,  -0.793,  18.598) dps T= 33.95 C
t= 4456.191591 a=(  0.848, -4.429,  8.341) m/s2 |a|= 9.482 w=(  60.000,   0.000,   2.988) dps T= 33.97 C
t= 4456.292418 a=(  1.125, -2.456,  9.974) m/s2 |a|=10.334 w=(  49.756,   0.122,   0.854) dps T= 33.95 C
t= 4456.393314 a=(  0.704, -2.452,  9.519) m/s2 |a|= 9.855 w=(  41.768,   0.122,   0.854) dps T= 33.97 C
t= 4456.494232 a=(  0.867, -1.671, 11.123) m/s2 |a|=11.282 w=( 140.000, -12.988, -10.732) dps T= 33.94 C
t= 4456.595162 a=(  0.848, -0.168,  9.155) m/s2 |a|= 9.196 w=(  29.085,  12.195,   0.061) dps T= 33.96 C
t= 4456.696010 a=(  1.480, -0.043,  9.553) m/s2 |a|= 9.667 w=(   4.817,  -0.549,   3.171) dps T= 33.95 C
t= 4456.796855 a=(  0.982, -0.421,  9.811) m/s2 |a|= 9.869 w=(   1.098,  -0.488,   0.122) dps T= 33.97 C
t= 4456.897696 a=(  1.015, -0.397,  9.778) m/s2 |a|= 9.839 w=(   0.854,   0.000,   0.000) dps T= 33.96 C
t= 4456.998528 a=(  1.063, -0.369,  9.768) m/s2 |a|= 9.833 w=(   0.244,   0.122,  -0.183) dps T= 33.95 C
t= 4457.099375 a=(  1.030, -0.350,  9.811) m/s2 |a|= 9.871 w=(   0.244,   0.305,  -0.183) dps T= 33.95 C
t= 4457.200281 a=(  0.967, -0.268,  9.835) m/s2 |a|= 9.886 w=(   0.793,   0.366,  -0.427) dps T= 33.95 C
t= 4457.301145 a=(  1.068, -0.350,  9.816) m/s2 |a|= 9.880 w=(   6.280,  -3.841,   6.280) dps T= 33.95 C
t= 4457.402008 a=(  1.441, -0.196,  9.725) m/s2 |a|= 9.833 w=(   1.646,  -1.463,   0.305) dps T= 33.96 C
t= 4457.502841 a=(  1.264, -0.196,  9.711) m/s2 |a|= 9.795 w=(  -0.427,   0.976,  -0.122) dps T= 33.94 C
t= 4457.603775 a=(  1.101, -0.278,  9.831) m/s2 |a|= 9.896 w=(  -0.244,   0.305,  -0.305) dps T= 33.97 C
t= 4457.704687 a=(  1.010, -0.421,  9.816) m/s2 |a|= 9.877 w=(   2.073,  -1.159,   5.122) dps T= 33.95 C
t= 4457.805604 a=(  1.336, -0.120,  9.668) m/s2 |a|= 9.760 w=(   0.793,  -0.183,  -0.305) dps T= 33.97 C
t= 4457.906455 a=(  1.283, -0.168,  9.692) m/s2 |a|= 9.778 w=(   1.280,   0.183,   0.366) dps T= 33.95 C
t= 4458.007290 a=(  1.111, -0.354,  9.749) m/s2 |a|= 9.819 w=(   0.976,  -1.220,  -0.305) dps T= 33.96 C
t= 4458.108141 a=(  1.911,  0.254,  9.845) m/s2 |a|=10.032 w=(  -9.512,   2.866, -27.561) dps T= 33.94 C
t= 4458.208963 a=(  1.049, -0.383,  9.989) m/s2 |a|=10.051 w=(  -1.951,   0.183, -24.695) dps T= 33.94 C
t= 4458.309796 a=(  1.279, -0.235,  9.663) m/s2 |a|= 9.750 w=(   1.890,  -0.732,  -4.634) dps T= 33.96 C
t= 4458.410752 a=(  1.288, -0.172,  9.783) m/s2 |a|= 9.869 w=(   2.256,  -0.183,  -6.829) dps T= 33.97 C
t= 4458.511616 a=(  1.274, -0.101,  9.591) m/s2 |a|= 9.676 w=(   4.024,  -0.549,  -0.244) dps T= 33.93 C
t= 4458.612462 a=(  1.188, -0.244,  9.711) m/s2 |a|= 9.786 w=(   0.915,   0.061,  -0.305) dps T= 33.95 C
t= 4458.713304 a=(  1.183, -0.364, 10.036) m/s2 |a|=10.112 w=(  -3.598,   1.280,  -1.098) dps T= 33.94 C
t= 4458.814140 a=(  1.231, -0.259,  9.740) m/s2 |a|= 9.820 w=(   0.061,   0.183,  -0.244) dps T= 33.95 C
t= 4458.915030 a=(  0.752, -0.172,  9.653) m/s2 |a|= 9.684 w=(  -0.793,   1.341,  -2.500) dps T= 33.97 C
t= 4459.015901 a=(  1.192, -0.287,  9.687) m/s2 |a|= 9.764 w=(   0.610,   0.122,  -0.061) dps T= 33.96 C
t= 4459.116760 a=(  1.221, -0.287,  9.744) m/s2 |a|= 9.825 w=(   0.183,   0.183,  -0.122) dps T= 33.94 C
t= 4459.217629 a=(  1.207, -0.283,  9.720) m/s2 |a|= 9.799 w=(   0.244,   0.000,  -0.122) dps T= 33.95 C
t= 4459.318473 a=(  1.231, -0.263,  9.764) m/s2 |a|= 9.844 w=(   0.610,  -0.183,   0.000) dps T= 33.96 C
t= 4459.419302 a=(  1.183, -0.306,  9.792) m/s2 |a|= 9.868 w=(   0.488,  -0.061,   0.000) dps T= 33.95 C
t= 4459.520133 a=(  1.226, -0.283,  9.754) m/s2 |a|= 9.835 w=(  -0.122,   0.610,  -0.488) dps T= 33.96 C
t= 4459.620995 a=(  1.245, -0.287,  9.740) m/s2 |a|= 9.823 w=(   0.061,   0.488,  -0.183) dps T= 33.95 C
t= 4459.721829 a=(  1.216, -0.278,  9.677) m/s2 |a|= 9.757 w=(   1.037,   0.366,  -1.585) dps T= 33.96 C
t= 4459.822647 a=(  1.231, -0.273,  9.629) m/s2 |a|= 9.712 w=(   2.134,  -1.159,  -7.927) dps T= 33.96 C
t= 4459.923485 a=(  1.192, -0.292,  9.744) m/s2 |a|= 9.821 w=(  -0.915,   0.915,  -7.195) dps T= 33.94 C
t= 4460.024328 a=(  1.317, -0.182,  9.720) m/s2 |a|= 9.811 w=(  -0.732,   0.854,  -9.268) dps T= 33.94 C
t= 4460.125270 a=(  1.250, -0.259,  9.826) m/s2 |a|= 9.908 w=(  -1.098,   0.488, -13.354) dps T= 33.96 C
t= 4460.226253 a=(  1.173, -0.297,  9.759) m/s2 |a|= 9.834 w=(  -0.488,   0.427, -12.866) dps T= 33.93 C
t= 4460.327248 a=(  1.135, -0.311,  9.787) m/s2 |a|= 9.858 w=(  -1.707,   1.585, -12.866) dps T= 33.95 C
t= 4460.428126 a=(  0.953, -0.359,  9.677) m/s2 |a|= 9.731 w=(  -1.646,   0.671, -11.402) dps T= 33.96 C
t= 4460.528963 a=(  1.111, -0.330,  9.730) m/s2 |a|= 9.799 w=(   0.305,   0.366,  -0.427) dps T= 33.94 C
t= 4460.629797 a=(  1.264, -0.287,  9.682) m/s2 |a|= 9.769 w=(  -0.427,   0.427,  -0.854) dps T= 33.94 C
t= 4460.730681 a=(  1.068, -0.431,  9.725) m/s2 |a|= 9.793 w=(  -1.341,   1.341,  -7.500) dps T= 33.94 C
t= 4460.831558 a=(  1.144, -0.359,  9.711) m/s2 |a|= 9.785 w=(  -0.488,   0.305,  -6.037) dps T= 33.93 C
t= 4460.932428 a=(  1.030, -0.532,  9.754) m/s2 |a|= 9.823 w=(   0.061,   0.305,  -0.793) dps T= 33.95 C
t= 4461.033260 a=(  1.173, -0.335,  9.706) m/s2 |a|= 9.782 w=(  -0.061,   0.183,  -0.427) dps T= 33.95 C
t= 4461.134098 a=(  1.168, -0.345,  9.768) m/s2 |a|= 9.844 w=(   0.488,   0.061,  -1.037) dps T= 33.94 C
t= 4461.234949 a=(  1.010, -0.484,  9.749) m/s2 |a|= 9.813 w=(  -0.244,   0.000,  -2.073) dps T= 33.96 C
t= 4461.335861 a=(  1.164, -0.326,  9.692) m/s2 |a|= 9.767 w=(   0.671,   0.061,  -1.707) dps T= 33.94 C
t= 4461.436728 a=(  1.336, -0.455, 10.075) m/s2 |a|=10.173 w=(  -4.390,   1.829,  -4.024) dps T= 33.95 C
t= 4461.537604 a=(  1.288, -0.225,  9.754) m/s2 |a|= 9.841 w=(  -0.549,   0.366,  -7.500) dps T= 33.94 C
t= 4461.638458 a=(  1.049, -0.512,  9.816) m/s2 |a|= 9.885 w=(  -1.098,   0.549,  -8.659) dps T= 33.95 C
t= 4461.739277 a=(  1.207, -0.426,  9.677) m/s2 |a|= 9.762 w=(   0.793,  -0.061,  -0.244) dps T= 33.95 C
t= 4461.840143 a=(  1.269, -0.388,  9.802) m/s2 |a|= 9.891 w=(   0.427,  -0.305,  -1.890) dps T= 33.94 C
t= 4461.940987 a=(  1.192, -0.335,  9.778) m/s2 |a|= 9.856 w=(  -0.549,   0.854,  -4.756) dps T= 33.95 C
t= 4462.041899 a=(  0.747, -0.977,  9.797) m/s2 |a|= 9.874 w=(  -1.220,   0.549,  -6.463) dps T= 33.95 C
t= 4462.142770 a=(  1.154, -0.455,  9.749) m/s2 |a|= 9.828 w=(   1.402,  -0.366,  -0.061) dps T= 33.96 C
t= 4462.243625 a=(  1.164, -0.402,  9.749) m/s2 |a|= 9.827 w=(   0.976,  -0.366,  -0.122) dps T= 33.95 C
t= 4462.344470 a=(  1.202, -0.417,  9.855) m/s2 |a|= 9.936 w=(   0.305,   0.000,  -0.183) dps T= 33.95 C
t= 4462.445323 a=(  1.111, -0.397,  9.811) m/s2 |a|= 9.882 w=(   0.488,   0.122,  -0.122) dps T= 33.94 C
t= 4462.546189 a=(  1.188, -0.412,  9.749) m/s2 |a|= 9.830 w=(   0.244,   0.061,  -0.122) dps T= 33.94 C
t= 4462.647068 a=(  1.178, -0.407,  9.720) m/s2 |a|= 9.800 w=(   0.549,   0.183,  -0.122) dps T= 33.95 C
t= 4462.747920 a=(  1.168, -0.417,  9.754) m/s2 |a|= 9.833 w=(   0.488,   0.183,  -0.122) dps T= 33.93 C
t= 4462.848800 a=(  1.168, -0.402,  9.711) m/s2 |a|= 9.789 w=(   0.488,   0.183,  -0.122) dps T= 33.96 C
t= 4462.949644 a=(  1.154, -0.412,  9.773) m/s2 |a|= 9.850 w=(   0.549,   0.244,  -0.122) dps T= 33.94 C
t= 4463.050552 a=(  1.250, -0.436,  9.811) m/s2 |a|= 9.900 w=(   0.000,   0.000,  -0.244) dps T= 33.96 C
t= 4463.151420 a=(  1.178, -0.421,  9.826) m/s2 |a|= 9.905 w=(   0.122,   0.061,  -0.244) dps T= 33.96 C
t= 4463.252285 a=(  1.135, -0.441,  9.759) m/s2 |a|= 9.834 w=(   0.305,   0.061,  -0.122) dps T= 33.95 C
t= 4463.353147 a=(  1.149, -0.441, 10.070) m/s2 |a|=10.145 w=(   0.976,   0.427,  -0.122) dps T= 33.95 C
t= 4463.454015 a=(  1.149, -0.388,  9.826) m/s2 |a|= 9.900 w=(   0.427,   0.122,  -0.122) dps T= 33.96 C
t= 4463.554841 a=(  1.135, -0.426,  9.816) m/s2 |a|= 9.891 w=(   0.427,   0.183,  -0.122) dps T= 33.95 C
t= 4463.655764 a=(  1.202, -0.445,  9.706) m/s2 |a|= 9.790 w=(   0.488,   0.061,  -0.122) dps T= 33.96 C
t= 4463.756642 a=(  1.240, -0.412,  9.673) m/s2 |a|= 9.760 w=(   0.427,   0.122,  -0.122) dps T= 33.94 C
t= 4463.857534 a=(  1.144, -0.436,  9.682) m/s2 |a|= 9.759 w=(   0.488,   0.183,  -0.061) dps T= 33.96 C
t= 4463.958399 a=(  1.178, -0.412,  9.711) m/s2 |a|= 9.791 w=(   0.549,   0.183,  -0.061) dps T= 33.95 C
t= 4464.059237 a=(  1.173, -0.421,  9.735) m/s2 |a|= 9.814 w=(   0.549,   0.244,  -0.122) dps T= 33.97 C
t= 4464.160095 a=(  1.173, -0.412,  9.749) m/s2 |a|= 9.828 w=(   0.549,   0.183,  -0.122) dps T= 33.95 C
t= 4464.261000 a=(  1.173, -0.417,  9.744) m/s2 |a|= 9.824 w=(   0.427,   0.244,  -0.122) dps T= 33.96 C
t= 4464.361855 a=(  1.178, -0.407,  9.744) m/s2 |a|= 9.824 w=(   0.488,   0.061,  -0.122) dps T= 33.95 C
t= 4464.462689 a=(  1.173, -0.407,  9.754) m/s2 |a|= 9.833 w=(   0.488,   0.183,  -0.122) dps T= 33.96 C
t= 4464.563523 a=(  1.173, -0.431,  9.735) m/s2 |a|= 9.815 w=(   0.427,   0.122,  -0.122) dps T= 33.97 C
t= 4464.664354 a=(  1.168, -0.421,  9.735) m/s2 |a|= 9.814 w=(   0.488,   0.122,  -0.122) dps T= 33.97 C
t= 4464.765194 a=(  1.168, -0.412,  9.740) m/s2 |a|= 9.818 w=(   0.488,   0.122,  -0.122) dps T= 33.96 C
t= 4464.866056 a=(  1.173, -0.421,  9.740) m/s2 |a|= 9.819 w=(   0.427,   0.122,  -0.122) dps T= 33.95 C
t= 4464.966982 a=(  1.183, -0.417,  9.744) m/s2 |a|= 9.825 w=(   0.427,   0.122,  -0.122) dps T= 33.96 C
t= 4465.067876 a=(  1.173, -0.397,  9.730) m/s2 |a|= 9.809 w=(   0.427,   0.183,  -0.122) dps T= 33.97 C
t= 4465.168732 a=(  1.168, -0.402,  9.735) m/s2 |a|= 9.813 w=(   0.366,   0.122,  -0.183) dps T= 33.95 C
t= 4465.269590 a=(  1.192, -0.412,  9.744) m/s2 |a|= 9.826 w=(   0.427,   0.183,  -0.183) dps T= 33.97 C
t= 4465.370503 a=(  1.164, -0.421,  9.735) m/s2 |a|= 9.813 w=(   0.427,   0.183,  -0.183) dps T= 33.92 C
t= 4465.471367 a=(  1.183, -0.421,  9.740) m/s2 |a|= 9.820 w=(   0.427,   0.183,  -0.122) dps T= 33.96 C
t= 4465.572197 a=(  1.178, -0.402,  9.725) m/s2 |a|= 9.805 w=(   0.427,   0.183,  -0.122) dps T= 33.95 C
t= 4465.673031 a=(  1.178, -0.421,  9.730) m/s2 |a|= 9.810 w=(   0.488,   0.122,  -0.122) dps T= 33.96 C
t= 4465.773885 a=(  1.178, -0.417,  9.744) m/s2 |a|= 9.824 w=(   0.488,   0.183,  -0.122) dps T= 33.94 C
t= 4465.874741 a=(  1.183, -0.407,  9.744) m/s2 |a|= 9.824 w=(   0.427,   0.183,  -0.122) dps T= 33.95 C
t= 4465.975592 a=(  1.183, -0.412,  9.725) m/s2 |a|= 9.806 w=(   0.488,   0.122,  -0.122) dps T= 33.95 C
t= 4466.076450 a=(  1.164, -0.417,  9.735) m/s2 |a|= 9.813 w=(   0.488,   0.183,  -0.122) dps T= 33.96 C
t= 4466.177329 a=(  1.178, -0.417,  9.740) m/s2 |a|= 9.819 w=(   0.488,   0.183,  -0.061) dps T= 33.95 C
t= 4466.278248 a=(  1.173, -0.431,  9.740) m/s2 |a|= 9.819 w=(   0.488,   0.183,  -0.122) dps T= 33.96 C
t= 4466.379109 a=(  1.164, -0.421,  9.740) m/s2 |a|= 9.818 w=(   0.488,   0.183,  -0.122) dps T= 33.95 C
t= 4466.479953 a=(  1.173, -0.412,  9.730) m/s2 |a|= 9.809 w=(   0.488,   0.244,  -0.122) dps T= 33.94 C
t= 4466.580910 a=(  1.173, -0.412,  9.735) m/s2 |a|= 9.814 w=(   0.488,   0.122,  -0.122) dps T= 33.94 C
t= 4466.681758 a=(  1.154, -0.426,  9.740) m/s2 |a|= 9.817 w=(   0.427,   0.183,  -0.122) dps T= 33.97 C
t= 4466.782583 a=(  1.173, -0.417,  9.740) m/s2 |a|= 9.819 w=(   0.488,   0.122,  -0.061) dps T= 33.94 C
t= 4466.883427 a=(  1.168, -0.426,  9.730) m/s2 |a|= 9.809 w=(   0.488,   0.183,  -0.122) dps T= 33.96 C
t= 4466.984273 a=(  1.173, -0.417,  9.740) m/s2 |a|= 9.819 w=(   0.488,   0.183,  -0.122) dps T= 33.95 C
t= 4467.085134 a=(  1.168, -0.431,  9.720) m/s2 |a|= 9.800 w=(   0.427,   0.183,  -0.122) dps T= 33.96 C
t= 4467.186004 a=(  1.188, -0.407,  9.730) m/s2 |a|= 9.811 w=(   0.427,   0.183,  -0.122) dps T= 33.97 C
t= 4467.286973 a=(  1.168, -0.426,  9.749) m/s2 |a|= 9.828 w=(   0.488,   0.183,  -0.122) dps T= 33.95 C
t= 4467.387851 a=(  1.197, -0.426,  9.730) m/s2 |a|= 9.813 w=(   0.427,   0.183,  -0.122) dps T= 33.94 C
t= 4467.488707 a=(  1.183, -0.412,  9.740) m/s2 |a|= 9.820 w=(   0.488,   0.183,  -0.122) dps T= 33.95 C
t= 4467.589554 a=(  1.178, -0.417,  9.740) m/s2 |a|= 9.819 w=(   0.427,   0.122,  -0.122) dps T= 33.98 C
t= 4467.690474 a=(  1.159, -0.421,  9.744) m/s2 |a|= 9.822 w=(   0.427,   0.122,  -0.183) dps T= 33.96 C
t= 4467.791324 a=(  1.173, -0.421,  9.744) m/s2 |a|= 9.824 w=(   0.488,   0.183,  -0.183) dps T= 33.94 C
t= 4467.892160 a=(  1.178, -0.421,  9.749) m/s2 |a|= 9.829 w=(   0.366,   0.122,  -0.122) dps T= 33.96 C
t= 4467.992995 a=(  1.164, -0.426,  9.744) m/s2 |a|= 9.823 w=(   0.427,   0.183,  -0.122) dps T= 33.96 C
t= 4468.093855 a=(  1.178, -0.421,  9.730) m/s2 |a|= 9.810 w=(   0.427,   0.122,  -0.183) dps T= 33.95 C
t= 4468.194768 a=(  1.168, -0.421,  9.735) m/s2 |a|= 9.814 w=(   0.427,   0.122,  -0.122) dps T= 33.97 C
t= 4468.295610 a=(  1.173, -0.421,  9.740) m/s2 |a|= 9.819 w=(   0.427,   0.183,  -0.122) dps T= 33.97 C
t= 4468.396467 a=(  1.178, -0.426,  9.744) m/s2 |a|= 9.825 w=(   0.488,   0.183,  -0.122) dps T= 33.96 C
t= 4468.497474 a=(  1.178, -0.407,  9.740) m/s2 |a|= 9.819 w=(   0.488,   0.183,  -0.122) dps T= 33.96 C
t= 4468.598358 a=(  1.188, -0.431,  9.725) m/s2 |a|= 9.807 w=(   0.488,   0.183,  -0.122) dps T= 33.94 C
t= 4468.699221 a=(  1.183, -0.412,  9.735) m/s2 |a|= 9.815 w=(   0.427,   0.183,  -0.122) dps T= 33.96 C
t= 4468.800076 a=(  1.178, -0.421,  9.740) m/s2 |a|= 9.820 w=(   0.488,   0.183,  -0.061) dps T= 33.97 C
t= 4468.900942 a=(  1.183, -0.407,  9.730) m/s2 |a|= 9.810 w=(   0.488,   0.122,  -0.183) dps T= 33.95 C
t= 4469.001770 a=(  1.188, -0.402,  9.744) m/s2 |a|= 9.825 w=(   0.366,   0.183,  -0.122) dps T= 33.97 C
t= 4469.102611 a=(  1.168, -0.417,  9.735) m/s2 |a|= 9.814 w=(   0.427,   0.183,  -0.122) dps T= 33.96 C
t= 4469.203483 a=(  1.183, -0.426,  9.744) m/s2 |a|= 9.825 w=(   0.488,   0.183,  -0.122) dps T= 33.96 C
t= 4469.304339 a=(  1.178, -0.431,  9.744) m/s2 |a|= 9.825 w=(   0.366,   0.183,  -0.122) dps T= 33.96 C
t= 4469.405186 a=(  1.178, -0.417,  9.749) m/s2 |a|= 9.829 w=(   0.488,   0.183,  -0.122) dps T= 33.95 C
t= 4469.506013 a=(  1.178, -0.417,  9.730) m/s2 |a|= 9.810 w=(   0.488,   0.183,  -0.122) dps T= 33.96 C
t= 4469.606874 a=(  1.178, -0.421,  9.744) m/s2 |a|= 9.824 w=(   0.488,   0.122,  -0.122) dps T= 33.94 C
t= 4469.707752 a=(  1.178, -0.421,  9.740) m/s2 |a|= 9.820 w=(   0.488,   0.183,  -0.122) dps T= 33.97 C
t= 4469.808641 a=(  1.178, -0.417,  9.754) m/s2 |a|= 9.834 w=(   0.427,   0.122,  -0.122) dps T= 33.95 C
t= 4469.909497 a=(  1.188, -0.421,  9.735) m/s2 |a|= 9.816 w=(   0.488,   0.183,  -0.122) dps T= 33.96 C
t= 4470.010423 a=(  1.188, -0.417,  9.740) m/s2 |a|= 9.821 w=(   0.427,   0.183,  -0.122) dps T= 33.95 C
t= 4470.111293 a=(  1.183, -0.412,  9.749) m/s2 |a|= 9.829 w=(   0.427,   0.183,  -0.122) dps T= 33.97 C
t= 4470.212291 a=(  1.188, -0.412,  9.744) m/s2 |a|= 9.825 w=(   0.488,   0.122,  -0.122) dps T= 33.98 C
t= 4470.313213 a=(  1.173, -0.421,  9.735) m/s2 |a|= 9.814 w=(   0.427,   0.244,  -0.122) dps T= 33.97 C
t= 4470.414083 a=(  1.183, -0.426,  9.740) m/s2 |a|= 9.820 w=(   0.427,   0.122,  -0.122) dps T= 33.97 C
t= 4470.514910 a=(  1.159, -0.417,  9.735) m/s2 |a|= 9.812 w=(   0.488,   0.183,  -0.122) dps T= 33.97 C
t= 4470.615778 a=(  1.168, -0.431,  9.740) m/s2 |a|= 9.819 w=(   0.488,   0.183,  -0.122) dps T= 33.94 C
t= 4470.716614 a=(  1.183, -0.421,  9.730) m/s2 |a|= 9.811 w=(   0.427,   0.183,  -0.122) dps T= 33.95 C
t= 4470.817480 a=(  1.164, -0.421,  9.740) m/s2 |a|= 9.818 w=(   0.427,   0.122,  -0.183) dps T= 33.97 C
t= 4470.918380 a=(  1.183, -0.426,  9.711) m/s2 |a|= 9.792 w=(   0.488,   0.183,  -0.122) dps T= 33.97 C
t= 4471.019309 a=(  1.188, -0.421,  9.749) m/s2 |a|= 9.830 w=(   0.549,   0.244,  -0.122) dps T= 33.97 C
t= 4471.120282 a=(  1.183, -0.417,  9.787) m/s2 |a|= 9.867 w=(   0.427,   0.183,  -0.183) dps T= 33.95 C
t= 4471.221140 a=(  1.178, -0.397,  9.778) m/s2 |a|= 9.857 w=(   0.427,   0.122,  -0.122) dps T= 33.94 C
t= 4471.321980 a=(  1.173, -0.412,  9.754) m/s2 |a|= 9.833 w=(   0.427,   0.122,  -0.122) dps T= 33.97 C
t= 4471.422814 a=(  1.116, -0.417,  9.802) m/s2 |a|= 9.874 w=(   0.244,  -0.061,   0.061) dps T= 33.97 C
t= 4471.523642 a=(  1.302, -1.106, 10.027) m/s2 |a|=10.171 w=(  -4.329,  -3.171,  22.866) dps T= 33.96 C
t= 4471.624477 a=(  1.389, -0.053,  9.634) m/s2 |a|= 9.734 w=(   3.780,  -2.195,  38.720) dps T= 33.97 C
t= 4471.725302 a=(  1.235, -0.479,  9.764) m/s2 |a|= 9.853 w=(   0.305,   0.244,  -0.122) dps T= 33.94 C
t= 4471.826154 a=(  1.235, -0.469,  9.730) m/s2 |a|= 9.819 w=(   0.366,   0.122,  -0.183) dps T= 33.97 C
t= 4471.926995 a=(  1.231, -0.460,  9.716) m/s2 |a|= 9.804 w=(   0.488,   0.122,  -0.183) dps T= 33.96 C
t= 4472.027851 a=(  1.221, -0.460,  9.716) m/s2 |a|= 9.803 w=(   0.549,   0.244,  -0.061) dps T= 33.95 C
t= 4472.128783 a=(  1.221, -0.488,  9.720) m/s2 |a|= 9.809 w=(   0.549,   0.244,  -0.183) dps T= 33.96 C
t= 4472.229699 a=(  1.221, -0.479,  9.740) m/s2 |a|= 9.828 w=(   0.488,   0.122,  -0.122) dps T= 33.98 C
t= 4472.330682 a=(  1.231, -0.503,  9.730) m/s2 |a|= 9.820 w=(   0.488,   0.183,  -0.122) dps T= 33.98 C
t= 4472.431546 a=(  1.235, -0.479,  9.725) m/s2 |a|= 9.815 w=(   0.549,   0.183,  -0.122) dps T= 33.97 C
t= 4472.532388 a=(  1.250, -0.493,  9.725) m/s2 |a|= 9.818 w=(   0.427,   0.122,  -0.122) dps T= 33.98 C
t= 4472.633226 a=(  1.245, -0.484,  9.730) m/s2 |a|= 9.821 w=(   0.488,   0.244,  -0.183) dps T= 33.97 C
t= 4472.734060 a=(  1.231, -0.484,  9.720) m/s2 |a|= 9.810 w=(   0.427,   0.183,  -0.122) dps T= 33.97 C
t= 4472.834882 a=(  1.231, -0.493,  9.735) m/s2 |a|= 9.825 w=(   0.488,   0.244,  -0.122) dps T= 33.97 C
t= 4472.935723 a=(  1.235, -0.493,  9.735) m/s2 |a|= 9.825 w=(   0.488,   0.183,  -0.122) dps T= 33.96 C
t= 4473.036547 a=(  1.221, -0.474,  9.735) m/s2 |a|= 9.823 w=(   0.427,   0.183,  -0.122) dps T= 33.99 C
t= 4473.137383 a=(  1.226, -0.488,  9.730) m/s2 |a|= 9.819 w=(   0.427,   0.183,  -0.122) dps T= 33.96 C
t= 4473.238305 a=(  1.235, -0.484,  9.735) m/s2 |a|= 9.825 w=(   0.427,   0.183,  -0.122) dps T= 33.97 C
t= 4473.339294 a=(  1.240, -0.474,  9.744) m/s2 |a|= 9.834 w=(   0.488,   0.122,  -0.122) dps T= 33.97 C
t= 4473.440254 a=(  1.240, -0.479,  9.730) m/s2 |a|= 9.820 w=(   0.427,   0.244,  -0.183) dps T= 33.96 C
t= 4473.541109 a=(  1.240, -0.488,  9.725) m/s2 |a|= 9.816 w=(   0.488,   0.183,  -0.122) dps T= 33.99 C
t= 4473.641952 a=(  1.245, -0.498,  9.720) m/s2 |a|= 9.813 w=(   0.427,   0.122,  -0.122) dps T= 33.97 C
t= 4473.742796 a=(  1.235, -0.479,  9.730) m/s2 |a|= 9.820 w=(   0.488,   0.183,  -0.122) dps T= 33.96 C
t= 4473.843637 a=(  1.235, -0.493,  9.720) m/s2 |a|= 9.811 w=(   0.488,   0.122,  -0.183) dps T= 33.98 C
t= 4473.944458 a=(  1.235, -0.479,  9.720) m/s2 |a|= 9.810 w=(   0.427,   0.183,  -0.183) dps T= 33.96 C
t= 4474.045279 a=(  1.240, -0.484,  9.730) m/s2 |a|= 9.821 w=(   0.427,   0.183,  -0.122) dps T= 33.97 C
t= 4474.146106 a=(  1.221, -0.479,  9.735) m/s2 |a|= 9.823 w=(   0.488,   0.183,  -0.183) dps T= 33.97 C
t= 4474.246936 a=(  1.235, -0.479,  9.730) m/s2 |a|= 9.820 w=(   0.488,   0.183,  -0.122) dps T= 33.96 C
t= 4474.347773 a=(  1.226, -0.474,  9.735) m/s2 |a|= 9.823 w=(   0.488,   0.183,  -0.122) dps T= 33.98 C
t= 4474.448792 a=(  1.221, -0.493,  9.730) m/s2 |a|= 9.819 w=(   0.488,   0.183,  -0.122) dps T= 33.94 C
t= 4474.549669 a=(  1.226, -0.488,  9.730) m/s2 |a|= 9.819 w=(   0.427,   0.183,  -0.061) dps T= 33.96 C
t= 4474.650675 a=(  1.226, -0.464,  9.730) m/s2 |a|= 9.818 w=(   0.488,   0.183,  -0.122) dps T= 33.97 C
t= 4474.751528 a=(  1.250, -0.488,  9.730) m/s2 |a|= 9.822 w=(   0.427,   0.244,  -0.183) dps T= 33.97 C
t= 4474.852398 a=(  1.245, -0.474,  9.720) m/s2 |a|= 9.811 w=(   0.427,   0.183,  -0.122) dps T= 33.97 C
t= 4474.953236 a=(  1.231, -0.474,  9.740) m/s2 |a|= 9.828 w=(   0.488,   0.122,  -0.122) dps T= 33.98 C
t= 4475.054087 a=(  1.164, -0.345,  9.730) m/s2 |a|= 9.805 w=(   0.549,   0.122,  -0.061) dps T= 33.97 C
t= 4475.154936 a=(  1.231, -0.469,  9.787) m/s2 |a|= 9.876 w=(   0.427,   0.183,  -0.183) dps T= 33.97 C
t= 4475.255844 a=(  1.226, -0.469,  9.754) m/s2 |a|= 9.842 w=(   0.488,   0.122,  -0.122) dps T= 33.98 C
t= 4475.356735 a=(  1.235, -0.469,  9.744) m/s2 |a|= 9.834 w=(   0.366,   0.183,  -0.122) dps T= 33.97 C
t= 4475.457586 a=(  1.245, -0.498,  9.706) m/s2 |a|= 9.798 w=(   0.366,   0.122,  -0.122) dps T= 33.97 C
t= 4475.558415 a=(  1.235, -0.493,  9.744) m/s2 |a|= 9.835 w=(   0.427,   0.122,  -0.122) dps T= 33.97 C
t= 4475.659305 a=(  1.231, -0.517,  9.759) m/s2 |a|= 9.850 w=(   0.427,   0.183,  -0.061) dps T= 33.97 C
t= 4475.760233 a=(  1.226, -0.474,  9.749) m/s2 |a|= 9.837 w=(   0.427,   0.183,  -0.122) dps T= 33.99 C
t= 4475.861104 a=(  1.240, -0.474,  9.735) m/s2 |a|= 9.825 w=(   0.427,   0.183,  -0.122) dps T= 33.97 C
t= 4475.961950 a=(  1.235, -0.479,  9.725) m/s2 |a|= 9.815 w=(   0.488,   0.183,  -0.122) dps T= 33.96 C
t= 4476.062867 a=(  1.240, -0.474,  9.725) m/s2 |a|= 9.815 w=(   0.427,   0.183,  -0.122) dps T= 33.97 C
t= 4476.163729 a=(  1.231, -0.474,  9.716) m/s2 |a|= 9.805 w=(   0.427,   0.183,  -0.122) dps T= 33.99 C
t= 4476.264557 a=(  1.240, -0.474,  9.725) m/s2 |a|= 9.815 w=(   0.549,   0.183,  -0.183) dps T= 33.95 C
t= 4476.365406 a=(  1.245, -0.488,  9.725) m/s2 |a|= 9.817 w=(   0.427,   0.183,  -0.122) dps T= 33.96 C
t= 4476.466233 a=(  1.226, -0.484,  9.725) m/s2 |a|= 9.814 w=(   0.488,   0.183,  -0.122) dps T= 33.98 C
t= 4476.567054 a=(  1.235, -0.498,  9.735) m/s2 |a|= 9.826 w=(   0.488,   0.183,  -0.122) dps T= 33.95 C
t= 4476.667885 a=(  1.245, -0.484,  9.720) m/s2 |a|= 9.812 w=(   0.427,   0.122,  -0.183) dps T= 33.99 C
t= 4476.768737 a=(  1.226, -0.493,  9.740) m/s2 |a|= 9.829 w=(   0.427,   0.183,  -0.122) dps T= 33.97 C
t= 4476.869614 a=(  1.221, -0.484,  9.730) m/s2 |a|= 9.818 w=(   0.488,   0.122,  -0.122) dps T= 33.97 C
t= 4476.970637 a=(  1.231, -0.488,  9.730) m/s2 |a|= 9.820 w=(   0.488,   0.183,  -0.122) dps T= 33.98 C
t= 4477.071505 a=(  1.231, -0.474,  9.725) m/s2 |a|= 9.814 w=(   0.488,   0.183,  -0.183) dps T= 33.97 C
t= 4477.172390 a=(  1.226, -0.484,  9.740) m/s2 |a|= 9.828 w=(   0.488,   0.183,  -0.183) dps T= 33.96 C
t= 4477.273223 a=(  1.231, -0.474,  9.716) m/s2 |a|= 9.805 w=(   0.427,   0.122,  -0.061) dps T= 33.97 C
t= 4477.374081 a=(  1.221, -0.484,  9.720) m/s2 |a|= 9.809 w=(   0.427,   0.183,  -0.122) dps T= 33.99 C
t= 4477.474931 a=(  1.240, -0.484,  9.735) m/s2 |a|= 9.825 w=(   0.427,   0.183,  -0.122) dps T= 33.97 C
t= 4477.575768 a=(  1.226, -0.493,  9.725) m/s2 |a|= 9.815 w=(   0.427,   0.122,  -0.183) dps T= 33.97 C
t= 4477.676605 a=(  1.240, -0.474,  9.725) m/s2 |a|= 9.815 w=(   0.488,   0.122,  -0.122) dps T= 33.98 C
t= 4477.777434 a=(  1.250, -0.484,  9.735) m/s2 |a|= 9.827 w=(   0.427,   0.183,  -0.122) dps T= 33.98 C
t= 4477.878293 a=(  1.240, -0.493,  9.725) m/s2 |a|= 9.816 w=(   0.427,   0.122,  -0.122) dps T= 33.98 C
t= 4477.979132 a=(  1.235, -0.488,  9.735) m/s2 |a|= 9.825 w=(   0.427,   0.122,  -0.122) dps T= 33.97 C
t= 4478.080084 a=(  1.231, -0.498,  9.735) m/s2 |a|= 9.825 w=(   0.122,   0.305,  -0.183) dps T= 33.97 C
t= 4478.181017 a=(  1.226, -0.488,  9.725) m/s2 |a|= 9.814 w=(   0.427,   0.183,  -0.122) dps T= 33.97 C
t= 4478.281898 a=(  1.240, -0.474,  9.706) m/s2 |a|= 9.796 w=(   0.427,   0.305,  -0.183) dps T= 33.97 C
t= 4478.382749 a=(  1.240, -0.488,  9.735) m/s2 |a|= 9.826 w=(   0.366,   0.244,  -0.183) dps T= 33.97 C
t= 4478.483608 a=(  1.231, -0.479,  9.725) m/s2 |a|= 9.814 w=(   0.488,   0.183,  -0.122) dps T= 33.97 C
t= 4478.584443 a=(  1.231, -0.484,  9.716) m/s2 |a|= 9.805 w=(   0.427,   0.183,  -0.122) dps T= 33.97 C
t= 4478.685283 a=(  1.231, -0.474,  9.740) m/s2 |a|= 9.828 w=(   0.488,   0.122,  -0.122) dps T= 33.98 C
t= 4478.786121 a=(  1.235, -0.493,  9.735) m/s2 |a|= 9.825 w=(   0.610,   0.122,  -0.122) dps T= 33.98 C
t= 4478.886954 a=(  1.240, -0.488,  9.730) m/s2 |a|= 9.821 w=(   0.305,   0.244,  -0.122) dps T= 33.97 C
t= 4478.987787 a=(  1.245, -0.484,  9.730) m/s2 |a|= 9.821 w=(   0.488,   0.183,  -0.122) dps T= 33.97 C
t= 4479.088622 a=(  1.245, -0.488,  9.735) m/s2 |a|= 9.826 w=(   0.549,   0.122,  -0.122) dps T= 33.98 C
t= 4479.189469 a=(  1.231, -0.450,  9.826) m/s2 |a|= 9.913 w=(   1.220,  -0.793,  -0.061) dps T= 33.97 C
t= 4479.290605 a=(  1.221, -0.474,  9.730) m/s2 |a|= 9.818 w=(   0.366,   0.183,  -0.122) dps T= 33.96 C
t= 4479.391513 a=(  1.240, -0.474,  9.725) m/s2 |a|= 9.815 w=(   0.488,   0.183,  -0.122) dps T= 33.98 C
t= 4479.492406 a=(  1.235, -0.498,  9.735) m/s2 |a|= 9.826 w=(   0.488,   0.122,  -0.122) dps T= 33.97 C
t= 4479.593270 a=(  1.245, -0.479,  9.720) m/s2 |a|= 9.812 w=(   0.488,   0.122,  -0.183) dps T= 33.96 C
t= 4479.694212 a=(  1.240, -0.488,  9.716) m/s2 |a|= 9.807 w=(   0.488,   0.183,  -0.122) dps T= 33.97 C
t= 4479.795113 a=(  1.216, -0.450,  9.711) m/s2 |a|= 9.797 w=(   0.488,   0.183,  -0.122) dps T= 33.98 C
t= 4479.895978 a=(  1.226, -0.484,  9.716) m/s2 |a|= 9.805 w=(   0.488,   0.183,  -0.122) dps T= 33.97 C
t= 4479.996883 a=(  1.216, -0.484,  9.730) m/s2 |a|= 9.818 w=(   0.366,   0.183,  -0.183) dps T= 33.98 C
t= 4480.097745 a=(  1.245, -0.484,  9.735) m/s2 |a|= 9.826 w=(   0.488,   0.122,  -0.122) dps T= 33.98 C
t= 4480.198579 a=(  1.235, -0.484,  9.740) m/s2 |a|= 9.830 w=(   0.427,   0.244,  -0.122) dps T= 33.96 C
t= 4480.299409 a=(  1.240, -0.512,  9.773) m/s2 |a|= 9.865 w=(   0.366,   0.122,  -0.122) dps T= 33.99 C
t= 4480.400409 a=(  1.250, -0.508,  9.764) m/s2 |a|= 9.856 w=(   0.305,   0.061,  -0.122) dps T= 33.97 C
t= 4480.501306 a=(  1.259, -0.479,  9.725) m/s2 |a|= 9.818 w=(   0.305,   0.122,  -0.122) dps T= 33.97 C
t= 4480.602211 a=(  1.235, -0.484,  9.658) m/s2 |a|= 9.749 w=(   0.549,   0.061,  -0.122) dps T= 33.97 C
t= 4480.703063 a=(  1.221, -0.479,  9.711) m/s2 |a|= 9.799 w=(   0.488,   0.122,  -0.122) dps T= 33.98 C
t= 4480.803930 a=(  1.221, -0.484,  9.744) m/s2 |a|= 9.833 w=(   1.037,  -0.183,   0.671) dps T= 33.96 C
t= 4480.904762 a=(  1.322, -0.354,  9.692) m/s2 |a|= 9.788 w=(   1.037,  -0.122,   5.244) dps T= 33.98 C
t= 4481.005605 a=(  1.341, -0.512,  9.701) m/s2 |a|= 9.807 w=(   1.159,  -0.549,   1.220) dps T= 33.99 C
t= 4481.106443 a=(  1.111, -0.316,  9.768) m/s2 |a|= 9.836 w=(   0.488,   0.183,   1.524) dps T= 33.99 C
t= 4481.207260 a=(  1.259, -0.460,  9.730) m/s2 |a|= 9.822 w=(   0.488,   0.183,   0.061) dps T= 33.97 C
t= 4481.308158 a=(  1.298, -0.326,  9.673) m/s2 |a|= 9.765 w=(   0.854,  -0.488,   2.683) dps T= 33.97 C
t= 4481.409009 a=(  1.283, -0.464,  9.725) m/s2 |a|= 9.821 w=(   0.427,   0.183,  -0.183) dps T= 33.97 C
t= 4481.509840 a=(  1.279, -0.464,  9.735) m/s2 |a|= 9.829 w=(   0.488,   0.244,  -0.122) dps T= 33.97 C
t= 4481.610783 a=(  1.197, -0.479,  9.735) m/s2 |a|= 9.820 w=(   0.488,   0.122,  -0.122) dps T= 33.98 C
t= 4481.711667 a=(  1.274, -0.469,  9.716) m/s2 |a|= 9.810 w=(   0.427,   0.122,  -0.122) dps T= 33.98 C
t= 4481.812559 a=(  1.255, -0.460,  9.725) m/s2 |a|= 9.817 w=(   0.488,   0.183,  -0.122) dps T= 33.98 C
t= 4481.913412 a=(  1.245, -0.469,  9.720) m/s2 |a|= 9.811 w=(   0.549,   0.183,  -0.122) dps T= 33.97 C
t= 4482.014276 a=(  1.255, -0.460,  9.725) m/s2 |a|= 9.817 w=(   0.488,   0.122,  -0.061) dps T= 34.00 C
t= 4482.115127 a=(  1.250, -0.474,  9.720) m/s2 |a|= 9.812 w=(   0.488,   0.183,  -0.122) dps T= 33.98 C
t= 4482.215975 a=(  1.269, -0.460,  9.716) m/s2 |a|= 9.809 w=(   0.488,   0.183,  -0.122) dps T= 33.97 C
t= 4482.316830 a=(  1.250, -0.474,  9.725) m/s2 |a|= 9.817 w=(   0.488,   0.183,  -0.122) dps T= 33.99 C
t= 4482.417669 a=(  1.298, -0.479,  9.706) m/s2 |a|= 9.804 w=(   0.122,   0.366,  -0.305) dps T= 33.97 C
t= 4482.518487 a=(  1.288, -0.517,  9.749) m/s2 |a|= 9.848 w=(   0.427,   0.000,  -0.244) dps T= 33.98 C
t= 4482.619334 a=(  1.245, -0.503,  9.768) m/s2 |a|= 9.860 w=(   0.732,  -0.061,  -0.244) dps T= 33.97 C
t= 4482.720317 a=(  1.154, -0.570,  9.730) m/s2 |a|= 9.815 w=(  -1.890,   1.159,  -0.122) dps T= 33.99 C
t= 4482.821204 a=(  1.034, -0.517,  9.577) m/s2 |a|= 9.646 w=(  -1.585,   1.220,  -0.244) dps T= 34.00 C
t= 4482.922094 a=(  1.293, -0.685,  9.835) m/s2 |a|= 9.944 w=(  -2.683,   0.183,  -0.671) dps T= 34.01 C
t= 4483.022979 a=(  0.000,  0.000,  0.000) m/s2 |a|= 0.000 w=(   0.000,   0.000,   0.000) dps T= 25.00 C
t= 4483.123855 a=(  1.178, -0.713,  9.759) m/s2 |a|= 9.855 w=(   1.098,  -0.305,  -0.793) dps T= 34.01 C
t= 4483.224743 a=(  1.216, -0.642,  9.629) m/s2 |a|= 9.727 w=(   0.549,  -0.488,  -1.037) dps T= 33.98 C
t= 4483.325755 a=(  1.164, -0.666,  9.730) m/s2 |a|= 9.822 w=(   0.610,  -0.610,  -0.915) dps T= 33.98 C
t= 4483.426688 a=(  1.192, -0.680,  9.744) m/s2 |a|= 9.841 w=(   1.037,  -0.366,  -1.098) dps T= 34.00 C
t= 4483.527568 a=(  1.159, -0.675,  9.725) m/s2 |a|= 9.817 w=(   0.549,  -0.488,  -1.037) dps T= 33.98 C
t= 4483.628421 a=(  1.164, -0.690,  9.720) m/s2 |a|= 9.814 w=(   0.488,  -0.488,  -1.098) dps T= 33.97 C
t= 4483.729292 a=(  1.159, -0.680,  9.744) m/s2 |a|= 9.837 w=(   0.671,  -0.488,  -1.037) dps T= 34.00 C
t= 4483.830150 a=(  1.159, -0.699,  9.740) m/s2 |a|= 9.833 w=(   0.549,  -0.549,  -1.098) dps T= 33.99 C
t= 4483.932115 a=(  1.149, -0.685,  9.720) m/s2 |a|= 9.812 w=(   0.488,  -0.427,  -1.037) dps T= 34.00 C
t= 4484.033009 a=(  1.164, -0.694,  9.749) m/s2 |a|= 9.843 w=(   0.610,  -0.488,  -0.976) dps T= 33.99 C
t= 4484.133896 a=(  1.135, -0.690,  9.759) m/s2 |a|= 9.849 w=(   0.732,  -0.427,  -1.037) dps T= 33.97 C
t= 4484.234788 a=(  1.164, -0.685,  9.744) m/s2 |a|= 9.837 w=(   0.549,  -0.610,  -1.159) dps T= 34.00 C
t= 4484.335670 a=(  1.173, -0.699,  9.701) m/s2 |a|= 9.797 w=(   0.427,  -0.305,  -1.037) dps T= 33.99 C
t= 4484.436533 a=(  0.000,  0.000,  0.000) m/s2 |a|= 0.000 w=(   0.000,   0.000,   0.000) dps T= 25.00 C
t= 4484.537376 a=(  0.000,  0.000,  0.000) m/s2 |a|= 0.000 w=(   0.000,   0.000,   0.000) dps T= 25.00 C
t= 4484.638200 a=(  1.164, -0.680,  9.725) m/s2 |a|= 9.818 w=(   0.854,  -0.549,  -1.037) dps T= 33.97 C
t= 4484.739052 a=(  0.000,  0.000,  0.000) m/s2 |a|= 0.000 w=(   0.000,   0.000,   0.000) dps T= 25.00 C
t= 4484.839887 a=(  1.192, -0.670,  9.668) m/s2 |a|= 9.764 w=(   0.488,  -0.366,  -1.037) dps T= 33.99 C
t= 4484.940782 a=(  1.183, -0.656,  9.720) m/s2 |a|= 9.814 w=(   0.732,  -0.610,  -1.037) dps T= 33.98 C
t= 4485.041614 a=(  1.207, -0.613,  9.653) m/s2 |a|= 9.748 w=(   2.439,  -1.707,  -1.098) dps T= 33.99 C
t= 4485.142466 a=(  1.231, -0.618,  9.773) m/s2 |a|= 9.870 w=(   0.427,  -0.549,  -1.098) dps T= 33.98 C
t= 4485.243342 a=(  1.202, -0.584,  9.716) m/s2 |a|= 9.807 w=(   0.549,  -0.488,  -1.098) dps T= 33.98 C
t= 4485.344221 a=(  1.183, -0.618,  9.725) m/s2 |a|= 9.816 w=(   0.610,  -0.427,  -1.037) dps T= 33.97 C
t= 4485.445099 a=(  1.197, -0.608,  9.735) m/s2 |a|= 9.827 w=(   0.671,  -0.427,  -1.037) dps T= 34.00 C
t= 4485.545976 a=(  1.211, -0.584,  9.711) m/s2 |a|= 9.804 w=(   0.732,  -0.488,  -1.037) dps T= 34.00 C
t= 4485.646831 a=(  1.159, -0.632,  9.759) m/s2 |a|= 9.848 w=(   2.439,  -1.951,  -1.159) dps T= 34.00 C
t= 4485.747707 a=(  1.183, -0.579,  9.720) m/s2 |a|= 9.809 w=(   0.427,  -0.305,  -1.159) dps T= 33.98 C
t= 4485.848558 a=(  1.173, -0.661,  9.764) m/s2 |a|= 9.856 w=(   0.610,  -0.244,  -1.098) dps T= 33.97 C
t= 4485.949406 a=(  1.202, -0.570,  9.610) m/s2 |a|= 9.702 w=(  -2.622,   1.037,  -1.402) dps T= 33.98 C
t= 4486.050422 a=(  1.207, -0.685,  9.730) m/s2 |a|= 9.828 w=(  -0.183,  -0.122,  -1.037) dps T= 34.00 C
t= 4486.151266 a=(  1.226, -0.656,  9.749) m/s2 |a|= 9.848 w=(   0.244,  -0.366,  -1.159) dps T= 34.01 C
t= 4486.252121 a=(  1.494, -0.373,  9.486) m/s2 |a|= 9.610 w=(   1.341,  -0.305,  -3.049) dps T= 33.99 C
t= 4486.352964 a=(  1.302, -0.546,  9.773) m/s2 |a|= 9.875 w=(   0.061,  -1.463,  -2.378) dps T= 34.00 C
t= 4486.453838 a=(  1.374, -0.579,  9.395) m/s2 |a|= 9.512 w=(  -3.780,   0.244,  -1.707) dps T= 33.99 C
t= 4486.554734 a=(  1.183, -0.651,  9.811) m/s2 |a|= 9.904 w=(   2.012,  -1.341,  -0.854) dps T= 33.98 C
t= 4486.655597 a=(  1.221, -0.599,  9.697) m/s2 |a|= 9.791 w=(   0.610,  -0.488,  -0.976) dps T= 34.00 C
t= 4486.756457 a=(  1.192, -0.637,  9.802) m/s2 |a|= 9.895 w=(  -5.732,   2.988,  -1.402) dps T= 33.99 C
t= 4486.857294 a=(  1.101, -0.685,  9.792) m/s2 |a|= 9.878 w=(  -0.488,   0.366,  -1.890) dps T= 34.00 C
t= 4486.958128 a=(  1.159, -0.694,  9.816) m/s2 |a|= 9.909 w=(   0.366,  -0.244,  -1.159) dps T= 33.99 C
t= 4487.058959 a=(  1.159, -0.704,  9.744) m/s2 |a|= 9.838 w=(   0.427,  -0.488,  -1.037) dps T= 33.99 C
t= 4487.159791 a=(  1.135, -0.699,  9.711) m/s2 |a|= 9.802 w=(   0.793,  -0.549,  -1.037) dps T= 34.00 C
t= 4487.260676 a=(  1.077, -0.785,  9.591) m/s2 |a|= 9.683 w=(  -0.854,   0.244,  -1.524) dps T= 33.98 C
t= 4487.361537 a=(  1.149, -0.713,  9.663) m/s2 |a|= 9.757 w=(   0.549,  -0.366,  -0.976) dps T= 33.97 C
t= 4487.462375 a=(  1.149, -0.747,  9.720) m/s2 |a|= 9.817 w=(   0.610,  -0.183,  -1.524) dps T= 33.98 C
t= 4487.563229 a=(  1.135, -0.747,  9.797) m/s2 |a|= 9.891 w=(   1.341,  -0.976,  -0.915) dps T= 33.99 C
t= 4487.664102 a=(  1.097, -0.776,  9.720) m/s2 |a|= 9.813 w=(   0.549,  -0.549,  -1.220) dps T= 34.00 C
t= 4487.765028 a=(  1.130, -0.723,  9.711) m/s2 |a|= 9.803 w=(   0.549,  -0.366,  -1.037) dps T= 33.97 C
t= 4487.865955 a=(  1.120, -0.752,  9.720) m/s2 |a|= 9.814 w=(   0.610,  -0.427,  -1.098) dps T= 33.99 C
t= 4487.966818 a=(  1.130, -0.752,  9.711) m/s2 |a|= 9.805 w=(   0.610,  -0.427,  -1.098) dps T= 33.99 C
t= 4488.067668 a=(  1.120, -0.728,  9.720) m/s2 |a|= 9.812 w=(   0.610,  -0.427,  -1.037) dps T= 33.98 C
t= 4488.168501 a=(  1.130, -0.742,  9.730) m/s2 |a|= 9.824 w=(   0.610,  -0.427,  -1.098) dps T= 33.97 C
t= 4488.269366 a=(  1.135, -0.737,  9.740) m/s2 |a|= 9.833 w=(   0.610,  -0.488,  -1.098) dps T= 33.98 C
t= 4488.370294 a=(  1.111, -0.752,  9.720) m/s2 |a|= 9.813 w=(   0.610,  -0.427,  -1.098) dps T= 33.99 C
t= 4488.471131 a=(  1.135, -0.752,  9.725) m/s2 |a|= 9.820 w=(   0.610,  -0.488,  -1.037) dps T= 33.99 C
t= 4488.571975 a=(  1.130, -0.752,  9.720) m/s2 |a|= 9.815 w=(   0.610,  -0.488,  -1.037) dps T= 34.00 C
t= 4488.672802 a=(  1.144, -0.742,  9.725) m/s2 |a|= 9.820 w=(   0.610,  -0.427,  -1.037) dps T= 33.98 C
t= 4488.773643 a=(  1.140, -0.742,  9.720) m/s2 |a|= 9.815 w=(   0.610,  -0.488,  -1.098) dps T= 34.00 C
t= 4488.874505 a=(  1.116, -0.728,  9.716) m/s2 |a|= 9.807 w=(   0.610,  -0.488,  -1.037) dps T= 33.99 C
t= 4488.975385 a=(  1.125, -0.728,  9.725) m/s2 |a|= 9.817 w=(   0.671,  -0.488,  -1.098) dps T= 33.99 C
t= 4489.076245 a=(  1.120, -0.737,  9.725) m/s2 |a|= 9.817 w=(   0.610,  -0.427,  -1.098) dps T= 33.96 C
t= 4489.177078 a=(  1.130, -0.733,  9.730) m/s2 |a|= 9.823 w=(   0.610,  -0.427,  -1.098) dps T= 33.99 C
t= 4489.277905 a=(  1.106, -0.737,  9.716) m/s2 |a|= 9.806 w=(   0.610,  -0.488,  -1.098) dps T= 33.99 C
t= 4489.378760 a=(  1.111, -0.742,  9.725) m/s2 |a|= 9.817 w=(   0.610,  -0.366,  -1.037) dps T= 33.97 C
t= 4489.479584 a=(  1.130, -0.747,  9.716) m/s2 |a|= 9.810 w=(   0.610,  -0.427,  -1.037) dps T= 34.00 C
t= 4489.580552 a=(  1.140, -0.737,  9.720) m/s2 |a|= 9.815 w=(   0.610,  -0.427,  -1.098) dps T= 34.02 C
t= 4489.681390 a=(  1.154, -0.742,  9.697) m/s2 |a|= 9.793 w=(   0.549,  -0.427,  -1.037) dps T= 33.99 C
t= 4489.782233 a=(  1.173, -0.713,  9.792) m/s2 |a|= 9.888 w=(   0.976,   0.000,  -0.976) dps T= 34.01 C
t= 4489.883101 a=(  1.116, -0.800,  9.764) m/s2 |a|= 9.860 w=(   1.646,  -0.915,  -1.463) dps T= 34.00 C
t= 4489.983937 a=(  1.164, -0.742,  9.754) m/s2 |a|= 9.851 w=(   0.854,  -0.427,  -1.098) dps T= 34.02 C
t= 4490.084859 a=(  1.207, -0.704,  9.740) m/s2 |a|= 9.839 w=(   0.549,  -0.488,  -1.220) dps T= 34.00 C
t= 4490.185749 a=(  1.130, -0.785,  9.816) m/s2 |a|= 9.912 w=(   0.305,  -0.915,   0.671) dps T= 34.00 C
t= 4490.286643 a=(  1.006, -0.522,  9.615) m/s2 |a|= 9.682 w=(  -4.329,  -3.598,  24.024) dps T= 34.02 C
t= 4490.387534 a=(  0.986, -0.330,  9.725) m/s2 |a|= 9.781 w=(   1.037,  -2.012,  24.024) dps T= 33.99 C
t= 4490.488377 a=(  1.183, -0.848,  9.711) m/s2 |a|= 9.819 w=(   0.610,  -0.427,  -1.037) dps T= 34.00 C
t= 4490.589224 a=(  1.183, -0.867,  9.716) m/s2 |a|= 9.826 w=(   0.610,  -0.427,  -1.037) dps T= 34.00 C
t= 4490.690046 a=(  1.159, -0.862,  9.725) m/s2 |a|= 9.832 w=(   0.549,  -0.427,  -1.098) dps T= 34.01 C
t= 4490.790931 a=(  1.178, -0.876,  9.706) m/s2 |a|= 9.817 w=(   0.610,  -0.427,  -1.098) dps T= 33.97 C
t= 4490.891749 a=(  1.164, -0.886,  9.716) m/s2 |a|= 9.825 w=(   0.671,  -0.427,  -1.098) dps T= 34.01 C
t= 4490.992603 a=(  1.183, -0.881,  9.716) m/s2 |a|= 9.827 w=(   0.610,  -0.488,  -0.976) dps T= 34.01 C
t= 4491.093482 a=(  1.168, -0.876,  9.720) m/s2 |a|= 9.830 w=(   0.610,  -0.427,  -0.976) dps T= 34.01 C
t= 4491.194323 a=(  1.173, -0.867,  9.725) m/s2 |a|= 9.834 w=(   0.610,  -0.427,  -1.037) dps T= 34.00 C
t= 4491.295320 a=(  1.159, -0.867,  9.725) m/s2 |a|= 9.832 w=(   0.671,  -0.427,  -0.976) dps T= 33.99 C
t= 4491.396197 a=(  1.168, -0.862,  9.706) m/s2 |a|= 9.814 w=(   0.610,  -0.488,  -1.098) dps T= 33.99 C
t= 4491.497057 a=(  1.168, -0.862,  9.706) m/s2 |a|= 9.814 w=(   0.549,  -0.366,  -1.037) dps T= 33.99 C
t= 4491.597900 a=(  1.164, -0.862,  9.720) m/s2 |a|= 9.828 w=(   0.549,  -0.427,  -1.098) dps T= 34.00 C
t= 4491.698720 a=(  1.168, -0.862,  9.711) m/s2 |a|= 9.819 w=(   0.610,  -0.488,  -1.098) dps T= 33.98 C
t= 4491.799607 a=(  1.173, -0.886,  9.725) m/s2 |a|= 9.836 w=(   0.549,  -0.427,  -1.037) dps T= 33.99 C
t= 4491.900578 a=(  1.183, -0.871,  9.720) m/s2 |a|= 9.831 w=(   0.549,  -0.427,  -1.098) dps T= 33.99 C
t= 4492.001432 a=(  1.188, -0.876,  9.706) m/s2 |a|= 9.818 w=(   0.549,  -0.366,  -1.037) dps T= 33.99 C
t= 4492.102300 a=(  1.173, -0.881,  9.716) m/s2 |a|= 9.826 w=(   0.610,  -0.427,  -1.037) dps T= 34.01 C
t= 4492.203129 a=(  1.173, -0.876,  9.706) m/s2 |a|= 9.816 w=(   0.610,  -0.488,  -1.037) dps T= 33.98 C
t= 4492.303969 a=(  1.178, -0.867,  9.701) m/s2 |a|= 9.811 w=(   0.610,  -0.427,  -1.037) dps T= 33.99 C
t= 4492.404826 a=(  1.178, -0.871,  9.716) m/s2 |a|= 9.826 w=(   0.549,  -0.488,  -1.037) dps T= 33.99 C
t= 4492.505700 a=(  1.183, -0.867,  9.701) m/s2 |a|= 9.811 w=(   0.549,  -0.366,  -1.037) dps T= 34.00 C
t= 4492.606578 a=(  1.178, -0.867,  9.701) m/s2 |a|= 9.811 w=(   0.549,  -0.427,  -1.037) dps T= 33.99 C
t= 4492.707441 a=(  1.173, -0.886,  9.711) m/s2 |a|= 9.822 w=(   0.549,  -0.366,  -1.098) dps T= 34.00 C
t= 4492.808293 a=(  1.188, -0.876,  9.720) m/s2 |a|= 9.832 w=(   0.610,  -0.427,  -1.098) dps T= 34.00 C
t= 4492.909159 a=(  1.173, -0.891,  9.711) m/s2 |a|= 9.822 w=(   0.610,  -0.427,  -1.098) dps T= 34.00 C
t= 4493.009998 a=(  1.173, -0.881,  9.692) m/s2 |a|= 9.802 w=(   0.610,  -0.427,  -1.098) dps T= 34.01 C
t= 4493.110938 a=(  1.178, -0.862,  9.701) m/s2 |a|= 9.810 w=(   0.610,  -0.488,  -1.037) dps T= 33.99 C
t= 4493.211808 a=(  1.173, -0.871,  9.716) m/s2 |a|= 9.825 w=(   0.610,  -0.488,  -1.037) dps T= 34.01 C
t= 4493.312672 a=(  1.178, -0.871,  9.716) m/s2 |a|= 9.826 w=(   0.610,  -0.427,  -1.037) dps T= 34.01 C
t= 4493.413517 a=(  1.183, -0.871,  9.711) m/s2 |a|= 9.821 w=(   0.549,  -0.488,  -1.037) dps T= 34.00 C
t= 4493.514338 a=(  1.183, -0.867,  9.706) m/s2 |a|= 9.816 w=(   0.549,  -0.427,  -1.037) dps T= 34.01 C
t= 4493.615217 a=(  1.168, -0.871,  9.716) m/s2 |a|= 9.824 w=(   0.610,  -0.488,  -1.037) dps T= 34.01 C
t= 4493.716087 a=(  1.173, -0.871,  9.711) m/s2 |a|= 9.820 w=(   0.610,  -0.488,  -1.037) dps T= 33.98 C
t= 4493.816964 a=(  1.164, -0.871,  9.701) m/s2 |a|= 9.810 w=(   0.610,  -0.427,  -1.098) dps T= 34.00 C
t= 4493.917812 a=(  1.164, -0.881,  9.711) m/s2 |a|= 9.820 w=(   0.610,  -0.488,  -1.037) dps T= 33.99 C
t= 4494.018639 a=(  1.173, -0.867,  9.706) m/s2 |a|= 9.815 w=(   0.549,  -0.488,  -1.098) dps T= 33.98 C
t= 4494.119522 a=(  1.173, -0.886,  9.711) m/s2 |a|= 9.822 w=(   0.610,  -0.427,  -1.037) dps T= 34.01 C
t= 4494.220436 a=(  1.168, -0.871,  9.706) m/s2 |a|= 9.815 w=(   0.671,  -0.427,  -1.098) dps T= 34.01 C
t= 4494.321269 a=(  1.178, -0.881,  9.697) m/s2 |a|= 9.807 w=(   0.549,  -0.488,  -1.037) dps T= 34.02 C
t= 4494.422130 a=(  1.164, -0.867,  9.725) m/s2 |a|= 9.833 w=(   0.610,  -0.488,  -1.098) dps T= 34.00 C
t= 4494.522949 a=(  1.159, -0.871,  9.711) m/s2 |a|= 9.819 w=(   0.549,  -0.427,  -1.098) dps T= 34.01 C
t= 4494.623789 a=(  1.168, -0.867,  9.697) m/s2 |a|= 9.805 w=(   0.549,  -0.488,  -1.037) dps T= 34.00 C
t= 4494.724618 a=(  1.159, -0.876,  9.701) m/s2 |a|= 9.809 w=(   0.549,  -0.427,  -1.037) dps T= 34.01 C
t= 4494.825463 a=(  1.183, -0.881,  9.711) m/s2 |a|= 9.822 w=(   0.610,  -0.488,  -1.037) dps T= 33.99 C
t= 4494.926453 a=(  1.183, -0.857,  9.706) m/s2 |a|= 9.815 w=(   0.549,  -0.488,  -1.098) dps T= 34.01 C
t= 4495.027328 a=(  1.173, -0.857,  9.706) m/s2 |a|= 9.814 w=(   0.610,  -0.427,  -1.037) dps T= 34.01 C
t= 4495.128197 a=(  1.164, -0.871,  9.706) m/s2 |a|= 9.814 w=(   0.610,  -0.488,  -1.098) dps T= 33.99 C
t= 4495.229073 a=(  1.188, -0.876,  9.778) m/s2 |a|= 9.889 w=(   0.183,  -0.793,  -1.037) dps T= 34.01 C
t= 4495.329915 a=(  1.197, -0.900,  9.668) m/s2 |a|= 9.783 w=(   0.305,  -0.671,  -1.037) dps T= 33.99 C
t= 4495.430864 a=(  1.159, -0.881,  9.658) m/s2 |a|= 9.767 w=(   0.610,  -0.427,  -1.037) dps T= 34.02 C
t= 4495.531721 a=(  1.178, -0.886,  9.711) m/s2 |a|= 9.822 w=(   0.549,  -0.427,  -1.098) dps T= 34.01 C
t= 4495.632563 a=(  1.183, -0.876,  9.725) m/s2 |a|= 9.836 w=(   0.549,  -0.488,  -1.098) dps T= 34.02 C
t= 4495.733455 a=(  1.178, -0.876,  9.706) m/s2 |a|= 9.817 w=(   0.610,  -0.427,  -1.037) dps T= 34.01 C
t= 4495.834304 a=(  1.178, -0.867,  9.711) m/s2 |a|= 9.820 w=(   0.610,  -0.427,  -1.098) dps T= 34.04 C
t= 4495.935134 a=(  1.159, -0.895,  9.706) m/s2 |a|= 9.816 w=(   0.671,  -0.366,  -1.037) dps T= 34.03 C
t= 4496.035974 a=(  1.173, -0.891,  9.730) m/s2 |a|= 9.841 w=(   0.610,  -0.488,  -1.037) dps T= 34.00 C
t= 4496.136923 a=(  1.178, -0.900,  9.697) m/s2 |a|= 9.809 w=(   0.427,  -0.549,  -1.037) dps T= 33.99 C
t= 4496.237818 a=(  1.192, -0.881,  9.711) m/s2 |a|= 9.823 w=(   0.488,  -0.549,  -1.037) dps T= 34.02 C
t= 4496.338682 a=(  1.197, -0.871,  9.692) m/s2 |a|= 9.804 w=(   0.610,  -0.427,  -0.976) dps T= 34.01 C
t= 4496.439519 a=(  1.159, -0.867,  9.725) m/s2 |a|= 9.832 w=(   0.610,  -0.427,  -1.098) dps T= 34.00 C
t= 4496.540433 a=(  1.173, -0.891,  9.701) m/s2 |a|= 9.812 w=(   0.610,  -0.427,  -1.098) dps T= 34.01 C
t= 4496.641309 a=(  1.207, -0.891,  9.711) m/s2 |a|= 9.826 w=(   0.671,  -0.366,  -1.037) dps T= 34.02 C
t= 4496.742135 a=(  1.188, -0.881,  9.730) m/s2 |a|= 9.842 w=(   0.549,  -0.488,  -1.037) dps T= 34.01 C
t= 4496.842976 a=(  1.154, -0.886,  9.735) m/s2 |a|= 9.843 w=(   0.488,  -0.488,  -1.098) dps T= 34.02 C
t= 4496.943836 a=(  1.207, -0.886,  9.697) m/s2 |a|= 9.811 w=(   0.671,  -0.427,  -1.098) dps T= 34.01 C
t= 4497.044654 a=(  1.178, -0.857,  9.720) m/s2 |a|= 9.829 w=(   0.610,  -0.488,  -1.037) dps T= 34.00 C
t= 4497.145507 a=(  1.168, -0.876,  9.716) m/s2 |a|= 9.825 w=(   0.610,  -0.427,  -1.098) dps T= 34.01 C
t= 4497.246402 a=(  1.183, -0.886,  9.706) m/s2 |a|= 9.818 w=(   0.549,  -0.427,  -1.098) dps T= 34.02 C
t= 4497.347279 a=(  1.192, -0.895,  9.697) m/s2 |a|= 9.810 w=(   0.610,  -0.488,  -1.098) dps T= 34.02 C
t= 4497.448168 a=(  1.164, -0.919,  9.615) m/s2 |a|= 9.729 w=(   0.732,  -0.427,  -1.037) dps T= 34.01 C
t= 4497.549026 a=(  1.159, -0.871,  9.677) m/s2 |a|= 9.785 w=(   0.488,  -0.427,  -1.037) dps T= 34.00 C
t= 4497.649884 a=(  1.211, -0.919,  9.673) m/s2 |a|= 9.791 w=(   0.427,  -0.488,  -1.098) dps T= 34.00 C
t= 4497.750835 a=(  1.164, -0.881,  9.697) m/s2 |a|= 9.806 w=(   0.549,  -0.366,  -1.037) dps T= 34.00 C
t= 4497.851702 a=(  1.164, -0.857,  9.634) m/s2 |a|= 9.742 w=(   0.732,  -0.366,  -1.037) dps T= 34.02 C
t= 4497.952529 a=(  1.173, -0.924,  9.668) m/s2 |a|= 9.782 w=(   0.976,  -0.305,  -0.732) dps T= 34.01 C
t= 4498.053352 a=(  1.140, -0.876,  9.687) m/s2 |a|= 9.793 w=(   0.671,  -0.427,  -1.098) dps T= 34.01 C
t= 4498.154206 a=(  1.188, -0.857,  9.716) m/s2 |a|= 9.825 w=(   0.549,  -0.488,  -1.037) dps T= 34.02 C
t= 4498.255043 a=(  1.164, -0.881,  9.711) m/s2 |a|= 9.820 w=(   0.549,  -0.488,  -1.037) dps T= 34.00 C
t= 4498.355870 a=(  1.173, -0.876,  9.720) m/s2 |a|= 9.830 w=(   0.549,  -0.488,  -1.037) dps T= 34.01 C
t= 4498.456900 a=(  1.178, -0.871,  9.711) m/s2 |a|= 9.821 w=(   0.549,  -0.488,  -0.976) dps T= 34.01 C
t= 4498.557791 a=(  1.173, -0.891,  9.706) m/s2 |a|= 9.817 w=(   0.671,  -0.488,  -1.037) dps T= 34.00 C
t= 4498.658665 a=(  1.183, -0.876,  9.711) m/s2 |a|= 9.822 w=(   0.610,  -0.427,  -1.037) dps T= 34.03 C
t= 4498.759515 a=(  1.183, -0.871,  9.701) m/s2 |a|= 9.812 w=(   0.488,  -0.488,  -1.037) dps T= 33.99 C
t= 4498.860444 a=(  1.159, -0.876,  9.692) m/s2 |a|= 9.800 w=(   0.549,  -0.488,  -0.976) dps T= 34.01 C
t= 4498.961311 a=(  1.173, -0.862,  9.701) m/s2 |a|= 9.810 w=(   0.488,  -0.549,  -1.098) dps T= 34.01 C
t= 4499.062158 a=(  1.168, -0.871,  9.701) m/s2 |a|= 9.810 w=(   0.488,  -0.488,  -0.976) dps T= 34.02 C
t= 4499.162998 a=(  1.178, -0.891,  9.725) m/s2 |a|= 9.837 w=(   0.549,  -0.488,  -1.098) dps T= 34.01 C
t= 4499.263865 a=(  1.178, -0.871,  9.701) m/s2 |a|= 9.811 w=(   0.488,  -0.549,  -1.037) dps T= 34.01 C
t= 4499.364755 a=(  1.168, -0.867,  9.711) m/s2 |a|= 9.819 w=(   0.610,  -0.427,  -1.037) dps T= 34.01 C
t= 4499.465630 a=(  1.183, -0.891,  9.716) m/s2 |a|= 9.828 w=(   0.610,  -0.488,  -1.037) dps T= 34.00 C
t= 4499.566482 a=(  1.183, -0.876,  9.706) m/s2 |a|= 9.817 w=(   0.549,  -0.488,  -1.037) dps T= 34.01 C
t= 4499.667420 a=(  1.173, -0.881,  9.706) m/s2 |a|= 9.816 w=(   0.610,  -0.427,  -1.037) dps T= 34.02 C
t= 4499.768299 a=(  1.178, -0.886,  9.701) m/s2 |a|= 9.813 w=(   0.549,  -0.488,  -1.037) dps T= 34.03 C
t= 4499.869212 a=(  1.183, -0.876,  9.697) m/s2 |a|= 9.808 w=(   0.610,  -0.427,  -1.037) dps T= 34.01 C
t= 4499.970139 a=(  1.178, -0.876,  9.720) m/s2 |a|= 9.831 w=(   0.488,  -0.427,  -1.037) dps T= 34.02 C
t= 4500.070998 a=(  1.178, -0.881,  9.701) m/s2 |a|= 9.812 w=(   0.610,  -0.427,  -1.037) dps T= 34.01 C
t= 4500.171860 a=(  1.178, -0.881,  9.701) m/s2 |a|= 9.812 w=(   0.549,  -0.488,  -1.037) dps T= 34.03 C
t= 4500.272704 a=(  1.197, -0.857,  9.711) m/s2 |a|= 9.822 w=(   0.549,  -0.488,  -1.037) dps T= 34.01 C
t= 4500.373544 a=(  1.173, -0.867,  9.697) m/s2 |a|= 9.806 w=(   0.610,  -0.427,  -1.098) dps T= 34.02 C
t= 4500.474389 a=(  1.173, -0.871,  9.711) m/s2 |a|= 9.820 w=(   0.549,  -0.427,  -1.037) dps T= 34.02 C
t= 4500.575219 a=(  1.197, -0.886,  9.725) m/s2 |a|= 9.839 w=(   0.549,  -0.427,  -1.037) dps T= 34.01 C
t= 4500.676042 a=(  1.168, -0.871,  9.711) m/s2 |a|= 9.820 w=(   0.549,  -0.427,  -1.037) dps T= 34.01 C
t= 4500.776863 a=(  1.192, -0.881,  9.711) m/s2 |a|= 9.823 w=(   0.549,  -0.427,  -1.037) dps T= 34.02 C
t= 4500.877740 a=(  1.178, -0.871,  9.701) m/s2 |a|= 9.811 w=(   0.610,  -0.427,  -1.098) dps T= 34.04 C
t= 4500.978603 a=(  1.192, -0.876,  9.725) m/s2 |a|= 9.837 w=(   0.488,  -0.427,  -1.098) dps T= 34.01 C
t= 4501.079469 a=(  1.173, -0.886,  9.716) m/s2 |a|= 9.826 w=(   0.549,  -0.488,  -1.037) dps T= 34.01 C
t= 4501.180456 a=(  1.168, -0.867,  9.711) m/s2 |a|= 9.819 w=(   0.610,  -0.427,  -1.098) dps T= 34.01 C
t= 4501.281319 a=(  1.183, -0.881,  9.697) m/s2 |a|= 9.808 w=(   0.610,  -0.427,  -1.098) dps T= 34.00 C
t= 4501.382193 a=(  1.164, -0.876,  9.706) m/s2 |a|= 9.815 w=(   0.610,  -0.488,  -1.037) dps T= 34.02 C
t= 4501.483031 a=(  1.178, -0.876,  9.716) m/s2 |a|= 9.826 w=(   0.610,  -0.427,  -1.098) dps T= 34.02 C
t= 4501.583870 a=(  1.178, -0.881,  9.716) m/s2 |a|= 9.826 w=(   0.549,  -0.427,  -1.098) dps T= 34.01 C
t= 4501.684707 a=(  1.188, -0.886,  9.716) m/s2 |a|= 9.828 w=(   0.610,  -0.488,  -1.098) dps T= 34.01 C
t= 4501.785536 a=(  1.173, -0.871,  9.711) m/s2 |a|= 9.820 w=(   0.549,  -0.427,  -1.098) dps T= 34.02 C
t= 4501.886378 a=(  1.164, -0.886,  9.716) m/s2 |a|= 9.825 w=(   0.610,  -0.488,  -1.037) dps T= 34.00 C
t= 4501.987204 a=(  1.173, -0.876,  9.730) m/s2 |a|= 9.840 w=(   0.671,  -0.366,  -1.098) dps T= 34.03 C
t= 4502.088063 a=(  1.164, -0.876,  9.711) m/s2 |a|= 9.820 w=(   0.610,  -0.366,  -1.037) dps T= 34.02 C
t= 4502.188948 a=(  1.192, -0.876,  9.706) m/s2 |a|= 9.818 w=(   0.610,  -0.427,  -1.098) dps T= 34.01 C
t= 4502.289817 a=(  1.178, -0.891,  9.706) m/s2 |a|= 9.818 w=(   0.549,  -0.427,  -1.037) dps T= 34.02 C
t= 4502.390779 a=(  1.192, -0.862,  9.701) m/s2 |a|= 9.812 w=(   0.610,  -0.427,  -1.037) dps T= 34.03 C
t= 4502.491651 a=(  1.178, -0.886,  9.706) m/s2 |a|= 9.817 w=(   0.549,  -0.488,  -1.037) dps T= 34.03 C
t= 4502.592494 a=(  1.178, -0.867,  9.735) m/s2 |a|= 9.844 w=(   0.671,  -0.427,  -1.037) dps T= 34.00 C
t= 4502.693335 a=(  1.178, -0.857,  9.725) m/s2 |a|= 9.834 w=(   0.671,  -0.427,  -1.037) dps T= 34.02 C
t= 4502.794146 a=(  1.456, -0.919,  9.969) m/s2 |a|=10.117 w=(   2.561,  -0.854,  10.000) dps T= 34.01 C
t= 4502.895004 a=(  1.226, -0.833,  9.740) m/s2 |a|= 9.852 w=(   2.439,  -1.280,  14.268) dps T= 34.01 C
t= 4502.995831 a=(  1.164, -0.900,  9.658) m/s2 |a|= 9.770 w=(   0.610,  -0.549,  -0.854) dps T= 34.03 C
t= 4503.096681 a=(  1.168, -0.886,  9.725) m/s2 |a|= 9.835 w=(   0.671,  -0.427,  -1.037) dps T= 34.03 C
t= 4503.197549 a=(  1.159, -0.867,  9.706) m/s2 |a|= 9.813 w=(   0.610,  -0.488,  -1.098) dps T= 34.02 C
t= 4503.298450 a=(  1.159, -0.876,  9.706) m/s2 |a|= 9.814 w=(   0.488,  -0.488,  -1.037) dps T= 34.03 C
t= 4503.399333 a=(  1.140, -0.876,  9.720) m/s2 |a|= 9.826 w=(   0.732,  -0.366,  -1.037) dps T= 34.02 C
t= 4503.500315 a=(  1.178, -0.876,  9.706) m/s2 |a|= 9.817 w=(   0.549,  -0.488,  -1.037) dps T= 34.02 C
t= 4503.601224 a=(  1.159, -0.871,  9.711) m/s2 |a|= 9.819 w=(   0.610,  -0.366,  -1.037) dps T= 34.00 C
t= 4503.702080 a=(  1.154, -0.881,  9.692) m/s2 |a|= 9.800 w=(   0.549,  -0.488,  -1.037) dps T= 34.04 C
t= 4503.802929 a=(  1.173, -0.886,  9.711) m/s2 |a|= 9.822 w=(   0.488,  -0.488,  -1.037) dps T= 34.02 C
t= 4503.903781 a=(  1.168, -0.871,  9.720) m/s2 |a|= 9.829 w=(   0.549,  -0.488,  -1.037) dps T= 34.02 C
t= 4504.004606 a=(  1.164, -0.867,  9.701) m/s2 |a|= 9.809 w=(   0.732,  -0.366,  -1.037) dps T= 34.03 C
t= 4504.105444 a=(  1.159, -0.886,  9.730) m/s2 |a|= 9.839 w=(   0.671,  -0.366,  -1.037) dps T= 34.02 C
t= 4504.206282 a=(  1.168, -0.862,  9.716) m/s2 |a|= 9.824 w=(   0.610,  -0.427,  -1.037) dps T= 34.02 C
t= 4504.307104 a=(  1.159, -0.867,  9.706) m/s2 |a|= 9.813 w=(   0.549,  -0.427,  -1.098) dps T= 34.04 C
t= 4504.407939 a=(  1.154, -0.867,  9.716) m/s2 |a|= 9.822 w=(   0.610,  -0.427,  -0.976) dps T= 34.01 C
t= 4504.508824 a=(  1.149, -0.876,  9.711) m/s2 |a|= 9.818 w=(   0.549,  -0.488,  -1.037) dps T= 34.02 C
t= 4504.609689 a=(  1.154, -0.876,  9.701) m/s2 |a|= 9.809 w=(   0.549,  -0.427,  -1.037) dps T= 34.02 C
t= 4504.710638 a=(  1.183, -0.939,  9.591) m/s2 |a|= 9.709 w=(   0.488,  -0.488,  -1.037) dps T= 34.03 C
t= 4504.811466 a=(  1.178, -0.900,  9.720) m/s2 |a|= 9.833 w=(   0.488,  -0.488,  -1.037) dps T= 34.02 C
t= 4504.912293 a=(  1.154, -0.876,  9.711) m/s2 |a|= 9.818 w=(   0.488,  -0.427,  -1.037) dps T= 34.02 C
t= 4505.013122 a=(  1.154, -0.862,  9.706) m/s2 |a|= 9.812 w=(   0.549,  -0.488,  -1.037) dps T= 34.01 C
t= 4505.113952 a=(  1.164, -0.881,  9.711) m/s2 |a|= 9.820 w=(   0.549,  -0.488,  -1.098) dps T= 34.05 C
t= 4505.214817 a=(  1.154, -0.871,  9.720) m/s2 |a|= 9.827 w=(   0.610,  -0.427,  -1.037) dps T= 34.01 C
t= 4505.315676 a=(  1.159, -0.886,  9.701) m/s2 |a|= 9.810 w=(   0.610,  -0.427,  -1.037) dps T= 34.02 C
t= 4505.416506 a=(  1.178, -0.876,  9.706) m/s2 |a|= 9.817 w=(   0.610,  -0.427,  -1.037) dps T= 34.03 C
t= 4505.517374 a=(  1.173, -0.871,  9.711) m/s2 |a|= 9.820 w=(   0.610,  -0.427,  -1.037) dps T= 34.03 C
t= 4505.618206 a=(  1.154, -0.881,  9.725) m/s2 |a|= 9.833 w=(   0.610,  -0.427,  -0.976) dps T= 34.03 C
t= 4505.719092 a=(  1.159, -0.881,  9.701) m/s2 |a|= 9.810 w=(   0.549,  -0.427,  -1.037) dps T= 34.01 C
t= 4505.819992 a=(  1.164, -0.871,  9.701) m/s2 |a|= 9.810 w=(   0.488,  -0.427,  -1.037) dps T= 34.03 C
t= 4505.920943 a=(  1.159, -0.871,  9.711) m/s2 |a|= 9.819 w=(   0.427,  -0.488,  -1.098) dps T= 34.03 C
t= 4506.021789 a=(  1.173, -0.886,  9.697) m/s2 |a|= 9.807 w=(   0.549,  -0.427,  -1.037) dps T= 34.02 C
t= 4506.122619 a=(  1.149, -0.891,  9.720) m/s2 |a|= 9.829 w=(   0.610,  -0.427,  -1.037) dps T= 34.03 C
t= 4506.223460 a=(  1.154, -0.871,  9.706) m/s2 |a|= 9.813 w=(   0.549,  -0.427,  -1.098) dps T= 34.01 C
t= 4506.324296 a=(  1.154, -0.886,  9.725) m/s2 |a|= 9.833 w=(   0.488,  -0.488,  -1.098) dps T= 34.02 C
t= 4506.425125 a=(  1.164, -0.891,  9.730) m/s2 |a|= 9.840 w=(   0.488,  -0.488,  -1.037) dps T= 34.01 C
t= 4506.526009 a=(  1.183, -0.891,  9.716) m/s2 |a|= 9.828 w=(   0.610,  -0.427,  -1.098) dps T= 34.02 C
t= 4506.626835 a=(  1.164, -0.881,  9.720) m/s2 |a|= 9.829 w=(   0.610,  -0.427,  -1.037) dps T= 34.01 C
t= 4506.727675 a=(  1.159, -0.900,  9.716) m/s2 |a|= 9.826 w=(   0.549,  -0.427,  -1.037) dps T= 34.02 C
t= 4506.828526 a=(  1.173, -0.891,  9.720) m/s2 |a|= 9.831 w=(   0.549,  -0.488,  -1.098) dps T= 34.02 C
t= 4506.929503 a=(  1.173, -0.881,  9.711) m/s2 |a|= 9.821 w=(   0.549,  -0.488,  -1.098) dps T= 34.02 C
t= 4507.030514 a=(  1.159, -0.871,  9.706) m/s2 |a|= 9.814 w=(   0.610,  -0.427,  -1.098) dps T= 34.04 C
t= 4507.131360 a=(  1.164, -0.891,  9.701) m/s2 |a|= 9.811 w=(   0.610,  -0.427,  -1.098) dps T= 34.00 C
t= 4507.232208 a=(  1.159, -0.886,  9.706) m/s2 |a|= 9.815 w=(   0.549,  -0.488,  -1.098) dps T= 34.02 C
t= 4507.333058 a=(  1.168, -0.867,  9.716) m/s2 |a|= 9.824 w=(   0.549,  -0.427,  -1.037) dps T= 34.02 C
t= 4507.433876 a=(  1.164, -0.871,  9.716) m/s2 |a|= 9.824 w=(   0.610,  -0.488,  -1.037) dps T= 34.01 C
t= 4507.534790 a=(  1.164, -0.871,  9.725) m/s2 |a|= 9.833 w=(   0.488,  -0.427,  -1.037) dps T= 34.01 C
t= 4507.635651 a=(  1.164, -0.891,  9.735) m/s2 |a|= 9.844 w=(   0.610,  -0.488,  -1.098) dps T= 34.02 C
t= 4507.736529 a=(  1.164, -0.871,  9.716) m/s2 |a|= 9.824 w=(   0.610,  -0.427,  -1.037) dps T= 34.03 C
t= 4507.837362 a=(  1.168, -0.891,  9.692) m/s2 |a|= 9.802 w=(   0.671,  -0.427,  -1.037) dps T= 34.02 C
t= 4507.938188 a=(  1.159, -0.876,  9.697) m/s2 |a|= 9.805 w=(   0.549,  -0.488,  -1.098) dps T= 34.03 C
t= 4508.039043 a=(  1.178, -0.876,  9.706) m/s2 |a|= 9.817 w=(   0.549,  -0.427,  -1.037) dps T= 34.02 C
t= 4508.139935 a=(  1.164, -0.886,  9.725) m/s2 |a|= 9.835 w=(   0.488,  -0.488,  -1.037) dps T= 34.02 C
t= 4508.240988 a=(  1.173, -0.867,  9.716) m/s2 |a|= 9.825 w=(   0.488,  -0.488,  -1.037) dps T= 34.02 C
t= 4508.341904 a=(  1.173, -0.881,  9.725) m/s2 |a|= 9.835 w=(   0.610,  -0.488,  -1.037) dps T= 34.01 C
t= 4508.442768 a=(  1.164, -0.886,  9.697) m/s2 |a|= 9.806 w=(   0.549,  -0.427,  -1.037) dps T= 34.02 C
t= 4508.543612 a=(  1.164, -0.867,  9.720) m/s2 |a|= 9.828 w=(   0.610,  -0.488,  -1.098) dps T= 34.01 C
t= 4508.644460 a=(  1.178, -0.881,  9.720) m/s2 |a|= 9.831 w=(   0.610,  -0.488,  -1.037) dps T= 34.03 C
t= 4508.745345 a=(  1.173, -0.871,  9.701) m/s2 |a|= 9.811 w=(   0.549,  -0.427,  -1.098) dps T= 34.04 C
t= 4508.846212 a=(  1.159, -0.891,  9.706) m/s2 |a|= 9.816 w=(   0.549,  -0.488,  -0.976) dps T= 34.04 C
t= 4508.947071 a=(  1.168, -0.867,  9.720) m/s2 |a|= 9.829 w=(   0.549,  -0.488,  -1.159) dps T= 34.04 C
t= 4509.047898 a=(  1.173, -0.881,  9.725) m/s2 |a|= 9.835 w=(   0.549,  -0.427,  -1.037) dps T= 34.03 C
t= 4509.148724 a=(  1.178, -0.876,  9.706) m/s2 |a|= 9.817 w=(   0.549,  -0.427,  -1.098) dps T= 34.02 C
t= 4509.249604 a=(  1.159, -0.876,  9.701) m/s2 |a|= 9.809 w=(   0.549,  -0.488,  -1.037) dps T= 34.04 C
t= 4509.350629 a=(  1.183, -0.891,  9.711) m/s2 |a|= 9.823 w=(   0.549,  -0.488,  -1.037) dps T= 34.05 C
t= 4509.451530 a=(  1.178, -0.881,  9.725) m/s2 |a|= 9.836 w=(   0.610,  -0.427,  -1.037) dps T= 34.03 C
t= 4509.552369 a=(  1.168, -0.881,  9.706) m/s2 |a|= 9.816 w=(   0.549,  -0.488,  -1.098) dps T= 34.02 C
t= 4509.653245 a=(  1.154, -0.881,  9.716) m/s2 |a|= 9.824 w=(   0.488,  -0.427,  -1.037) dps T= 34.04 C
t= 4509.754076 a=(  1.168, -0.876,  9.716) m/s2 |a|= 9.825 w=(   0.549,  -0.427,  -1.037) dps T= 34.04 C
t= 4509.854914 a=(  1.168, -0.881,  9.701) m/s2 |a|= 9.811 w=(   0.549,  -0.427,  -1.037) dps T= 34.03 C
t= 4509.955752 a=(  1.164, -0.891,  9.716) m/s2 |a|= 9.826 w=(   0.549,  -0.427,  -1.037) dps T= 34.04 C
t= 4510.056573 a=(  1.178, -0.891,  9.711) m/s2 |a|= 9.823 w=(   0.549,  -0.488,  -1.037) dps T= 34.04 C
t= 4510.157401 a=(  1.168, -0.881,  9.706) m/s2 |a|= 9.816 w=(   0.610,  -0.427,  -1.037) dps T= 34.02 C
t= 4510.258240 a=(  1.164, -0.891,  9.697) m/s2 |a|= 9.807 w=(   0.549,  -0.488,  -1.098) dps T= 34.03 C
t= 4510.359072 a=(  1.159, -0.891,  9.711) m/s2 |a|= 9.820 w=(   0.549,  -0.488,  -1.037) dps T= 34.02 C
t= 4510.459952 a=(  1.149, -0.891,  9.697) m/s2 |a|= 9.805 w=(   0.549,  -0.427,  -1.098) dps T= 34.05 C
t= 4510.560884 a=(  1.164, -0.886,  9.711) m/s2 |a|= 9.820 w=(   0.610,  -0.488,  -1.037) dps T= 34.04 C
t= 4510.661781 a=(  1.173, -0.881,  9.697) m/s2 |a|= 9.807 w=(   0.549,  -0.427,  -1.037) dps T= 34.02 C
t= 4510.762642 a=(  1.178, -0.886,  9.706) m/s2 |a|= 9.817 w=(   0.549,  -0.427,  -1.037) dps T= 34.03 C
t= 4510.863475 a=(  1.168, -0.886,  9.706) m/s2 |a|= 9.816 w=(   0.671,  -0.366,  -1.037) dps T= 34.03 C
t= 4510.964317 a=(  1.168, -0.895,  9.716) m/s2 |a|= 9.827 w=(   0.610,  -0.427,  -1.037) dps T= 34.03 C
t= 4511.065152 a=(  1.173, -0.891,  9.701) m/s2 |a|= 9.812 w=(   0.732,  -0.366,  -1.098) dps T= 34.04 C
t= 4511.165976 a=(  1.173, -0.876,  9.706) m/s2 |a|= 9.816 w=(   0.610,  -0.427,  -1.037) dps T= 34.05 C
t= 4511.266842 a=(  1.164, -0.886,  9.692) m/s2 |a|= 9.801 w=(   0.549,  -0.427,  -1.037) dps T= 34.03 C
t= 4511.367679 a=(  1.164, -0.867,  9.740) m/s2 |a|= 9.847 w=(   0.427,  -0.488,  -0.976) dps T= 34.06 C
t= 4511.468617 a=(  1.168, -0.876,  9.692) m/s2 |a|= 9.801 w=(   0.488,  -0.488,  -1.037) dps T= 34.02 C
t= 4511.569483 a=(  1.164, -0.871,  9.725) m/s2 |a|= 9.833 w=(   0.549,  -0.427,  -1.037) dps T= 34.04 C
t= 4511.670526 a=(  1.173, -0.891,  9.697) m/s2 |a|= 9.808 w=(   0.549,  -0.488,  -1.098) dps T= 34.03 C
t= 4511.771433 a=(  1.168, -0.886,  9.716) m/s2 |a|= 9.826 w=(   0.549,  -0.427,  -1.037) dps T= 34.04 C
t= 4511.872315 a=(  1.168, -0.891,  9.706) m/s2 |a|= 9.817 w=(   0.610,  -0.488,  -1.037) dps T= 34.04 C
t= 4511.973168 a=(  1.168, -0.881,  9.720) m/s2 |a|= 9.830 w=(   0.610,  -0.427,  -1.037) dps T= 34.02 C
t= 4512.073993 a=(  1.159, -0.867,  9.720) m/s2 |a|= 9.828 w=(   0.610,  -0.427,  -1.098) dps T= 34.04 C
t= 4512.174827 a=(  1.183, -0.876,  9.701) m/s2 |a|= 9.812 w=(   0.549,  -0.427,  -1.037) dps T= 34.03 C
t= 4512.275652 a=(  1.154, -0.871,  9.720) m/s2 |a|= 9.827 w=(   0.610,  -0.488,  -1.037) dps T= 34.05 C
t= 4512.376471 a=(  1.164, -0.867,  9.706) m/s2 |a|= 9.814 w=(   0.610,  -0.488,  -1.037) dps T= 34.04 C
t= 4512.477295 a=(  1.159, -0.871,  9.716) m/s2 |a|= 9.823 w=(   0.549,  -0.488,  -1.037) dps T= 34.04 C
t= 4512.578129 a=(  1.149, -0.891,  9.697) m/s2 |a|= 9.805 w=(   0.488,  -0.427,  -1.037) dps T= 34.04 C
t= 4512.678988 a=(  1.159, -0.867,  9.711) m/s2 |a|= 9.818 w=(   0.549,  -0.427,  -1.037) dps T= 34.05 C
t= 4512.779840 a=(  1.168, -0.871,  9.701) m/s2 |a|= 9.810 w=(   0.610,  -0.488,  -1.098) dps T= 34.04 C
t= 4512.880751 a=(  1.149, -0.881,  9.706) m/s2 |a|= 9.814 w=(   0.610,  -0.488,  -1.037) dps T= 34.03 C
t= 4512.981672 a=(  1.168, -0.886,  9.716) m/s2 |a|= 9.826 w=(   0.610,  -0.488,  -1.098) dps T= 34.04 C
t= 4513.082565 a=(  1.168, -0.881,  9.706) m/s2 |a|= 9.816 w=(   0.549,  -0.427,  -1.098) dps T= 34.05 C
t= 4513.183432 a=(  1.164, -0.876,  9.706) m/s2 |a|= 9.815 w=(   0.549,  -0.427,  -1.098) dps T= 34.02 C
t= 4513.284285 a=(  1.149, -0.871,  9.711) m/s2 |a|= 9.817 w=(   0.549,  -0.488,  -1.098) dps T= 34.02 C
t= 4513.385142 a=(  1.168, -0.876,  9.735) m/s2 |a|= 9.844 w=(   0.549,  -0.427,  -1.037) dps T= 34.04 C
t= 4513.485983 a=(  1.164, -0.891,  9.701) m/s2 |a|= 9.811 w=(   0.488,  -0.427,  -1.037) dps T= 34.05 C
t= 4513.586836 a=(  1.159, -0.881,  9.697) m/s2 |a|= 9.805 w=(   0.549,  -0.366,  -1.098) dps T= 34.03 C
t= 4513.687664 a=(  1.164, -0.886,  9.716) m/s2 |a|= 9.825 w=(   0.610,  -0.427,  -1.098) dps T= 34.05 C
t= 4513.788510 a=(  1.188, -0.881,  9.720) m/s2 |a|= 9.832 w=(   0.549,  -0.488,  -1.037) dps T= 34.05 C
t= 4513.889360 a=(  1.159, -0.871,  9.697) m/s2 |a|= 9.804 w=(   0.488,  -0.488,  -1.037) dps T= 34.04 C
t= 4513.990358 a=(  1.154, -0.867,  9.687) m/s2 |a|= 9.794 w=(   0.549,  -0.427,  -1.037) dps T= 34.04 C
t= 4514.091274 a=(  1.159, -0.881,  9.720) m/s2 |a|= 9.829 w=(   0.610,  -0.427,  -1.037) dps T= 34.02 C
t= 4514.192183 a=(  1.168, -0.876,  9.711) m/s2 |a|= 9.820 w=(   0.549,  -0.427,  -1.037) dps T= 34.07 C
t= 4514.293056 a=(  1.173, -0.881,  9.706) m/s2 |a|= 9.816 w=(   0.610,  -0.427,  -1.037) dps T= 34.05 C
t= 4514.393924 a=(  1.159, -0.881,  9.711) m/s2 |a|= 9.819 w=(   0.488,  -0.488,  -1.037) dps T= 34.04 C
t= 4514.494767 a=(  1.164, -0.900,  9.687) m/s2 |a|= 9.798 w=(   0.549,  -0.427,  -1.037) dps T= 34.04 C
t= 4514.595603 a=(  1.164, -0.891,  9.706) m/s2 |a|= 9.816 w=(   0.488,  -0.427,  -1.037) dps T= 34.05 C
t= 4514.696445 a=(  1.173, -0.886,  9.720) m/s2 |a|= 9.831 w=(   0.549,  -0.488,  -1.037) dps T= 34.05 C
t= 4514.797289 a=(  1.168, -0.881,  9.692) m/s2 |a|= 9.802 w=(   0.610,  -0.427,  -1.037) dps T= 34.04 C
t= 4514.898143 a=(  1.164, -0.862,  9.716) m/s2 |a|= 9.823 w=(   0.488,  -0.488,  -1.037) dps T= 34.06 C
t= 4514.998977 a=(  1.159, -0.886,  9.701) m/s2 |a|= 9.810 w=(   0.610,  -0.427,  -1.098) dps T= 34.05 C
t= 4515.099799 a=(  1.173, -0.876,  9.720) m/s2 |a|= 9.830 w=(   0.549,  -0.427,  -1.037) dps T= 34.07 C
t= 4515.200736 a=(  1.164, -0.886,  9.706) m/s2 |a|= 9.816 w=(   0.549,  -0.427,  -1.037) dps T= 34.05 C
t= 4515.301633 a=(  1.164, -0.867,  9.716) m/s2 |a|= 9.823 w=(   0.610,  -0.427,  -0.976) dps T= 34.03 C
t= 4515.402598 a=(  1.168, -0.871,  9.716) m/s2 |a|= 9.824 w=(   0.610,  -0.488,  -1.037) dps T= 34.05 C
t= 4515.503488 a=(  1.168, -0.867,  9.711) m/s2 |a|= 9.819 w=(   0.549,  -0.427,  -1.037) dps T= 34.05 C
t= 4515.604366 a=(  1.168, -0.867,  9.725) m/s2 |a|= 9.833 w=(   0.549,  -0.427,  -1.098) dps T= 34.05 C
t= 4515.705211 a=(  1.178, -0.881,  9.697) m/s2 |a|= 9.807 w=(   0.549,  -0.488,  -1.037) dps T= 34.06 C
t= 4515.806044 a=(  1.168, -0.867,  9.716) m/s2 |a|= 9.824 w=(   0.549,  -0.427,  -1.037) dps T= 34.04 C
t= 4515.906881 a=(  1.159, -0.871,  9.701) m/s2 |a|= 9.809 w=(   0.549,  -0.488,  -1.037) dps T= 34.05 C
t= 4516.007724 a=(  1.168, -0.881,  9.701) m/s2 |a|= 9.811 w=(   0.549,  -0.488,  -1.098) dps T= 34.06 C
t= 4516.108555 a=(  1.173, -0.881,  9.725) m/s2 |a|= 9.835 w=(   0.610,  -0.427,  -1.098) dps T= 34.04 C
t= 4516.209382 a=(  1.164, -0.895,  9.716) m/s2 |a|= 9.826 w=(   0.610,  -0.427,  -1.037) dps T= 34.05 C
t= 4516.310370 a=(  1.168, -0.876,  9.711) m/s2 |a|= 9.820 w=(   0.549,  -0.488,  -1.037) dps T= 34.04 C
t= 4516.411219 a=(  1.154, -0.886,  9.706) m/s2 |a|= 9.815 w=(   0.549,  -0.427,  -1.037) dps T= 34.05 C
t= 4516.512099 a=(  1.159, -0.881,  9.716) m/s2 |a|= 9.824 w=(   0.610,  -0.427,  -1.037) dps T= 34.03 C
t= 4516.612990 a=(  1.164, -0.886,  9.725) m/s2 |a|= 9.835 w=(   0.610,  -0.488,  -1.037) dps T= 34.04 C
t= 4516.713843 a=(  1.159, -0.876,  9.701) m/s2 |a|= 9.809 w=(   0.549,  -0.427,  -1.037) dps T= 34.04 C
t= 4516.814687 a=(  1.159, -0.891,  9.730) m/s2 |a|= 9.839 w=(   0.671,  -0.427,  -1.037) dps T= 34.07 C
t= 4516.915543 a=(  1.154, -0.886,  9.706) m/s2 |a|= 9.815 w=(   0.610,  -0.488,  -1.037) dps T= 34.05 C
t= 4517.016393 a=(  1.168, -0.876,  9.725) m/s2 |a|= 9.834 w=(   0.610,  -0.427,  -1.098) dps T= 34.06 C
t= 4517.117213 a=(  1.164, -0.871,  9.706) m/s2 |a|= 9.814 w=(   0.549,  -0.488,  -0.976) dps T= 34.05 C
t= 4517.218070 a=(  1.168, -0.881,  9.720) m/s2 |a|= 9.830 w=(   0.610,  -0.488,  -1.037) dps T= 34.03 C
t= 4517.318936 a=(  1.159, -0.886,  9.701) m/s2 |a|= 9.810 w=(   0.610,  -0.488,  -1.037) dps T= 34.05 C
t= 4517.419770 a=(  1.168, -0.886,  9.720) m/s2 |a|= 9.830 w=(   0.549,  -0.488,  -1.037) dps T= 34.04 C
t= 4517.520703 a=(  1.173, -0.871,  9.720) m/s2 |a|= 9.830 w=(   0.549,  -0.488,  -1.037) dps T= 34.05 C
t= 4517.621597 a=(  1.164, -0.867,  9.701) m/s2 |a|= 9.809 w=(   0.549,  -0.488,  -0.976) dps T= 34.06 C
t= 4517.722474 a=(  1.168, -0.876,  9.706) m/s2 |a|= 9.815 w=(   0.549,  -0.427,  -1.098) dps T= 34.03 C
t= 4517.823403 a=(  1.164, -0.881,  9.711) m/s2 |a|= 9.820 w=(   0.610,  -0.488,  -1.098) dps T= 34.05 C
t= 4517.924257 a=(  1.164, -0.876,  9.706) m/s2 |a|= 9.815 w=(   0.610,  -0.488,  -1.037) dps T= 34.05 C
t= 4518.025121 a=(  1.164, -0.876,  9.725) m/s2 |a|= 9.834 w=(   0.549,  -0.427,  -1.037) dps T= 34.05 C
t= 4518.125975 a=(  1.159, -0.876,  9.716) m/s2 |a|= 9.824 w=(   0.610,  -0.427,  -1.037) dps T= 34.06 C
t= 4518.226812 a=(  1.164, -0.876,  9.706) m/s2 |a|= 9.815 w=(   0.549,  -0.427,  -1.037) dps T= 34.05 C
t= 4518.327648 a=(  1.178, -0.871,  9.711) m/s2 |a|= 9.821 w=(   0.610,  -0.427,  -1.037) dps T= 34.07 C
t= 4518.428467 a=(  1.164, -0.876,  9.711) m/s2 |a|= 9.820 w=(   0.549,  -0.366,  -1.037) dps T= 34.04 C
t= 4518.529306 a=(  1.173, -0.871,  9.716) m/s2 |a|= 9.825 w=(   0.610,  -0.427,  -1.037) dps T= 34.06 C
t= 4518.630145 a=(  1.154, -0.886,  9.711) m/s2 |a|= 9.819 w=(   0.549,  -0.427,  -1.037) dps T= 34.07 C
t= 4518.732053 a=(  1.164, -0.876,  9.697) m/s2 |a|= 9.805 w=(   0.549,  -0.488,  -1.098) dps T= 34.04 C
t= 4518.832933 a=(  1.168, -0.891,  9.720) m/s2 |a|= 9.831 w=(   0.549,  -0.366,  -1.037) dps T= 34.04 C
t= 4518.933799 a=(  1.164, -0.876,  9.706) m/s2 |a|= 9.815 w=(   0.488,  -0.488,  -1.037) dps T= 34.04 C
t= 4519.034694 a=(  1.140, -0.881,  9.716) m/s2 |a|= 9.822 w=(   0.488,  -0.427,  -1.037) dps T= 34.06 C
t= 4519.135550 a=(  1.159, -0.881,  9.716) m/s2 |a|= 9.824 w=(   0.488,  -0.427,  -1.098) dps T= 34.04 C
t= 4519.236403 a=(  1.159, -0.871,  9.706) m/s2 |a|= 9.814 w=(   0.610,  -0.488,  -1.037) dps T= 34.06 C
t= 4519.337302 a=(  1.154, -0.881,  9.725) m/s2 |a|= 9.833 w=(   0.610,  -0.488,  -1.037) dps T= 34.08 C
t= 4519.438160 a=(  1.154, -0.891,  9.701) m/s2 |a|= 9.810 w=(   0.488,  -0.427,  -1.037) dps T= 34.05 C
t= 4519.539000 a=(  1.168, -0.867,  9.716) m/s2 |a|= 9.824 w=(   0.549,  -0.488,  -1.098) dps T= 34.06 C
t= 4519.639831 a=(  1.164, -0.871,  9.716) m/s2 |a|= 9.824 w=(   0.610,  -0.488,  -1.098) dps T= 34.06 C
t= 4519.740678 a=(  1.168, -0.891,  9.701) m/s2 |a|= 9.812 w=(   0.610,  -0.427,  -1.037) dps T= 34.07 C
t= 4519.841519 a=(  1.173, -0.886,  9.716) m/s2 |a|= 9.826 w=(   0.549,  -0.427,  -1.037) dps T= 34.05 C
t= 4519.942348 a=(  1.159, -0.881,  9.711) m/s2 |a|= 9.819 w=(   0.610,  -0.427,  -1.037) dps T= 34.05 C
t= 4520.043256 a=(  1.183, -0.895,  9.711) m/s2 |a|= 9.824 w=(   0.549,  -0.427,  -1.037) dps T= 34.06 C
t= 4520.144148 a=(  1.149, -0.891,  9.720) m/s2 |a|= 9.829 w=(   0.549,  -0.488,  -1.037) dps T= 34.06 C
t= 4520.245066 a=(  1.159, -0.886,  9.730) m/s2 |a|= 9.839 w=(   0.610,  -0.488,  -1.037) dps T= 34.05 C
t= 4520.345951 a=(  1.168, -0.886,  9.711) m/s2 |a|= 9.821 w=(   0.549,  -0.427,  -1.037) dps T= 34.06 C
t= 4520.446792 a=(  1.168, -0.886,  9.720) m/s2 |a|= 9.830 w=(   0.610,  -0.427,  -1.037) dps T= 34.06 C
t= 4520.547644 a=(  1.164, -0.891,  9.687) m/s2 |a|= 9.797 w=(   0.549,  -0.427,  -1.037) dps T= 34.06 C
t= 4520.648490 a=(  1.168, -0.886,  9.706) m/s2 |a|= 9.816 w=(   0.549,  -0.427,  -1.037) dps T= 34.05 C
t= 4520.749333 a=(  1.164, -0.876,  9.720) m/s2 |a|= 9.829 w=(   0.549,  -0.427,  -1.037) dps T= 34.05 C
t= 4520.850342 a=(  1.173, -0.886,  9.754) m/s2 |a|= 9.864 w=(   0.488,  -0.427,  -1.098) dps T= 34.05 C
t= 4520.951198 a=(  1.164, -0.895,  9.706) m/s2 |a|= 9.817 w=(   0.549,  -0.488,  -1.037) dps T= 34.05 C
t= 4521.052040 a=(  1.154, -0.871,  9.716) m/s2 |a|= 9.823 w=(   0.549,  -0.427,  -1.098) dps T= 34.04 C
t= 4521.152896 a=(  1.159, -0.881,  9.720) m/s2 |a|= 9.829 w=(   0.549,  -0.427,  -1.037) dps T= 34.05 C
t= 4521.253801 a=(  1.164, -0.886,  9.682) m/s2 |a|= 9.792 w=(   0.549,  -0.488,  -1.037) dps T= 34.07 C
t= 4521.354688 a=(  1.154, -0.891,  9.697) m/s2 |a|= 9.805 w=(   0.488,  -0.488,  -1.037) dps T= 34.06 C
t= 4521.455560 a=(  1.154, -0.881,  9.701) m/s2 |a|= 9.809 w=(   0.549,  -0.488,  -1.098) dps T= 34.05 C
t= 4521.556424 a=(  1.154, -0.876,  9.716) m/s2 |a|= 9.823 w=(   0.549,  -0.427,  -1.037) dps T= 34.07 C
t= 4521.657261 a=(  1.159, -0.871,  9.706) m/s2 |a|= 9.814 w=(   0.610,  -0.427,  -1.037) dps T= 34.05 C
t= 4521.758096 a=(  1.178, -0.867,  9.711) m/s2 |a|= 9.820 w=(   0.610,  -0.488,  -1.037) dps T= 34.09 C
t= 4521.858944 a=(  1.164, -0.881,  9.711) m/s2 |a|= 9.820 w=(   0.549,  -0.488,  -1.037) dps T= 34.06 C
t= 4521.959772 a=(  1.168, -0.881,  9.701) m/s2 |a|= 9.811 w=(   0.549,  -0.427,  -1.098) dps T= 34.05 C
t= 4522.060662 a=(  1.173, -0.871,  9.716) m/s2 |a|= 9.825 w=(   0.610,  -0.427,  -1.037) dps T= 34.05 C
t= 4522.161499 a=(  1.173, -0.881,  9.716) m/s2 |a|= 9.826 w=(   0.610,  -0.427,  -1.037) dps T= 34.05 C
t= 4522.262330 a=(  1.164, -0.876,  9.706) m/s2 |a|= 9.815 w=(   0.610,  -0.427,  -0.976) dps T= 34.05 C
t= 4522.363183 a=(  1.178, -0.881,  9.716) m/s2 |a|= 9.826 w=(   0.610,  -0.427,  -1.098) dps T= 34.05 C
t= 4522.464056 a=(  1.168, -0.876,  9.697) m/s2 |a|= 9.806 w=(   0.610,  -0.427,  -1.037) dps T= 34.06 C
t= 4522.564934 a=(  1.159, -0.881,  9.716) m/s2 |a|= 9.824 w=(   0.610,  -0.427,  -1.159) dps T= 34.06 C
t= 4522.665826 a=(  1.154, -0.876,  9.701) m/s2 |a|= 9.809 w=(   0.610,  -0.366,  -1.037) dps T= 34.06 C
t= 4522.766718 a=(  1.164, -0.876,  9.706) m/s2 |a|= 9.815 w=(   0.549,  -0.427,  -1.098) dps T= 34.07 C
t= 4522.867578 a=(  1.159, -0.871,  9.716) m/s2 |a|= 9.823 w=(   0.610,  -0.427,  -1.098) dps T= 34.07 C
t= 4522.968413 a=(  1.154, -0.886,  9.711) m/s2 |a|= 9.819 w=(   0.549,  -0.427,  -0.976) dps T= 34.05 C
t= 4523.069264 a=(  1.159, -0.871,  9.716) m/s2 |a|= 9.823 w=(   0.549,  -0.427,  -1.098) dps T= 34.08 C
t= 4523.170136 a=(  1.159, -0.881,  9.711) m/s2 |a|= 9.819 w=(   0.610,  -0.427,  -1.037) dps T= 34.07 C
t= 4523.271066 a=(  1.164, -0.886,  9.716) m/s2 |a|= 9.825 w=(   0.610,  -0.427,  -1.037) dps T= 34.05 C
t= 4523.371940 a=(  1.173, -0.886,  9.706) m/s2 |a|= 9.817 w=(   0.549,  -0.427,  -1.037) dps T= 34.07 C
t= 4523.472785 a=(  1.168, -0.900,  9.720) m/s2 |a|= 9.832 w=(   0.549,  -0.427,  -1.037) dps T= 34.05 C
t= 4523.573640 a=(  1.178, -0.881,  9.725) m/s2 |a|= 9.836 w=(   0.610,  -0.427,  -1.037) dps T= 34.07 C
t= 4523.674527 a=(  1.173, -0.905,  9.711) m/s2 |a|= 9.823 w=(   0.488,  -0.488,  -1.037) dps T= 34.05 C
t= 4523.775443 a=(  1.159, -0.881,  9.720) m/s2 |a|= 9.829 w=(   0.549,  -0.427,  -1.037) dps T= 34.07 C
t= 4523.876311 a=(  1.168, -0.867,  9.701) m/s2 |a|= 9.810 w=(   0.610,  -0.488,  -1.037) dps T= 34.07 C
t= 4523.977146 a=(  1.164, -0.891,  9.711) m/s2 |a|= 9.821 w=(   0.549,  -0.488,  -1.098) dps T= 34.07 C
t= 4524.078006 a=(  1.168, -0.876,  9.720) m/s2 |a|= 9.830 w=(   0.610,  -0.488,  -1.037) dps T= 34.07 C
t= 4524.178849 a=(  1.168, -0.886,  9.706) m/s2 |a|= 9.816 w=(   0.549,  -0.488,  -1.037) dps T= 34.06 C
t= 4524.279697 a=(  1.178, -0.886,  9.711) m/s2 |a|= 9.822 w=(   0.549,  -0.488,  -1.037) dps T= 34.08 C
t= 4524.380607 a=(  1.154, -0.867,  9.697) m/s2 |a|= 9.803 w=(   0.549,  -0.427,  -1.037) dps T= 34.05 C
t= 4524.481454 a=(  1.173, -0.881,  9.701) m/s2 |a|= 9.812 w=(   0.549,  -0.427,  -1.098) dps T= 34.06 C
t= 4524.582305 a=(  1.164, -0.886,  9.716) m/s2 |a|= 9.825 w=(   0.549,  -0.427,  -1.037) dps T= 34.08 C
t= 4524.683147 a=(  1.168, -0.886,  9.697) m/s2 |a|= 9.807 w=(   0.610,  -0.427,  -1.037) dps T= 34.05 C
t= 4524.783978 a=(  1.178, -0.876,  9.706) m/s2 |a|= 9.817 w=(   0.549,  -0.427,  -1.037) dps T= 34.07 C
t= 4524.884871 a=(  1.159, -0.891,  9.701) m/s2 |a|= 9.811 w=(   0.549,  -0.488,  -1.037) dps T= 34.06 C
t= 4524.985750 a=(  1.168, -0.881,  9.711) m/s2 |a|= 9.821 w=(   0.549,  -0.488,  -1.037) dps T= 34.06 C
t= 4525.086618 a=(  1.173, -0.881,  9.706) m/s2 |a|= 9.816 w=(   0.549,  -0.427,  -1.159) dps T= 34.06 C
t= 4525.187463 a=(  1.164, -0.867,  9.711) m/s2 |a|= 9.819 w=(   0.610,  -0.427,  -1.037) dps T= 34.07 C
t= 4525.288326 a=(  1.164, -0.881,  9.716) m/s2 |a|= 9.825 w=(   0.549,  -0.488,  -1.037) dps T= 34.07 C
t= 4525.389182 a=(  1.154, -0.881,  9.701) m/s2 |a|= 9.809 w=(   0.549,  -0.427,  -0.976) dps T= 34.07 C
t= 4525.490107 a=(  1.154, -0.876,  9.706) m/s2 |a|= 9.814 w=(   0.549,  -0.488,  -1.037) dps T= 34.06 C
t= 4525.590959 a=(  1.164, -0.862,  9.711) m/s2 |a|= 9.818 w=(   0.610,  -0.427,  -1.098) dps T= 34.05 C
t= 4525.691813 a=(  1.159, -0.886,  9.701) m/s2 |a|= 9.810 w=(   0.549,  -0.427,  -1.037) dps T= 34.07 C
t= 4525.792644 a=(  1.164, -0.881,  9.701) m/s2 |a|= 9.810 w=(   0.610,  -0.427,  -1.098) dps T= 34.09 C
t= 4525.893488 a=(  1.154, -0.871,  9.697) m/s2 |a|= 9.804 w=(   0.549,  -0.427,  -1.098) dps T= 34.08 C
t= 4525.994326 a=(  1.168, -0.881,  9.720) m/s2 |a|= 9.830 w=(   0.488,  -0.427,  -1.037) dps T= 34.05 C
t= 4526.095227 a=(  1.159, -0.862,  9.730) m/s2 |a|= 9.837 w=(   0.549,  -0.427,  -1.098) dps T= 34.06 C
t= 4526.196125 a=(  1.178, -0.881,  9.706) m/s2 |a|= 9.817 w=(   0.549,  -0.366,  -1.037) dps T= 34.07 C
t= 4526.296998 a=(  1.168, -0.876,  9.720) m/s2 |a|= 9.830 w=(   0.549,  -0.427,  -1.037) dps T= 34.07 C
t= 4526.397863 a=(  1.159, -0.876,  9.697) m/s2 |a|= 9.805 w=(   0.610,  -0.427,  -1.037) dps T= 34.06 C
t= 4526.498705 a=(  1.168, -0.876,  9.701) m/s2 |a|= 9.811 w=(   0.488,  -0.488,  -1.098) dps T= 34.08 C
t= 4526.599543 a=(  1.173, -0.876,  9.711) m/s2 |a|= 9.821 w=(   0.549,  -0.427,  -1.037) dps T= 34.07 C
t= 4526.700482 a=(  1.168, -0.881,  9.706) m/s2 |a|= 9.816 w=(   0.488,  -0.427,  -1.098) dps T= 34.09 C
t= 4526.801336 a=(  1.173, -0.891,  9.711) m/s2 |a|= 9.822 w=(   0.549,  -0.427,  -1.037) dps T= 34.06 C
t= 4526.902186 a=(  1.168, -0.881,  9.711) m/s2 |a|= 9.821 w=(   0.549,  -0.488,  -1.037) dps T= 34.08 C
t= 4527.003021 a=(  1.168, -0.876,  9.692) m/s2 |a|= 9.801 w=(   0.610,  -0.427,  -1.037) dps T= 34.08 C
t= 4527.103866 a=(  1.168, -0.871,  9.701) m/s2 |a|= 9.810 w=(   0.610,  -0.366,  -1.098) dps T= 34.07 C
t= 4527.204756 a=(  1.173, -0.871,  9.706) m/s2 |a|= 9.816 w=(   0.549,  -0.427,  -1.037) dps T= 34.08 C
t= 4527.305650 a=(  1.164, -0.881,  9.697) m/s2 |a|= 9.806 w=(   0.549,  -0.488,  -1.037) dps T= 34.08 C
t= 4527.406536 a=(  1.164, -0.886,  9.720) m/s2 |a|= 9.830 w=(   0.549,  -0.488,  -1.098) dps T= 34.08 C
t= 4527.507381 a=(  1.183, -0.891,  9.706) m/s2 |a|= 9.818 w=(   0.549,  -0.427,  -1.037) dps T= 34.08 C
t= 4527.608221 a=(  1.154, -0.881,  9.701) m/s2 |a|= 9.809 w=(   0.488,  -0.427,  -1.037) dps T= 34.06 C
t= 4527.709086 a=(  1.168, -0.876,  9.720) m/s2 |a|= 9.830 w=(   0.610,  -0.427,  -1.037) dps T= 34.05 C
t= 4527.809920 a=(  1.164, -0.881,  9.711) m/s2 |a|= 9.820 w=(   0.549,  -0.427,  -0.976) dps T= 34.06 C
t= 4527.910831 a=(  1.164, -0.886,  9.711) m/s2 |a|= 9.820 w=(   0.610,  -0.427,  -1.037) dps T= 34.09 C
t= 4528.011679 a=(  1.168, -0.876,  9.716) m/s2 |a|= 9.825 w=(   0.549,  -0.427,  -1.037) dps T= 34.08 C
t= 4528.112528 a=(  1.178, -0.895,  9.711) m/s2 |a|= 9.823 w=(   0.488,  -0.427,  -1.037) dps T= 34.08 C
t= 4528.213390 a=(  1.183, -0.895,  9.697) m/s2 |a|= 9.809 w=(   0.549,  -0.427,  -1.037) dps T= 34.08 C
t= 4528.314217 a=(  1.159, -0.881,  9.716) m/s2 |a|= 9.824 w=(   0.549,  -0.427,  -1.098) dps T= 34.05 C
t= 4528.415055 a=(  1.168, -0.891,  9.701) m/s2 |a|= 9.812 w=(   0.610,  -0.488,  -1.037) dps T= 34.08 C
t= 4528.515934 a=(  1.159, -0.900,  9.706) m/s2 |a|= 9.816 w=(   0.549,  -0.427,  -1.098) dps T= 34.06 C
t= 4528.616802 a=(  1.164, -0.881,  9.697) m/s2 |a|= 9.806 w=(   0.549,  -0.488,  -1.037) dps T= 34.08 C
t= 4528.717646 a=(  1.168, -0.886,  9.725) m/s2 |a|= 9.835 w=(   0.610,  -0.427,  -1.037) dps T= 34.07 C
t= 4528.818495 a=(  1.178, -0.886,  9.725) m/s2 |a|= 9.836 w=(   0.549,  -0.427,  -0.976) dps T= 34.09 C
t= 4528.919332 a=(  1.178, -0.891,  9.730) m/s2 |a|= 9.841 w=(   0.610,  -0.427,  -1.037) dps T= 34.08 C
t= 4529.020311 a=(  1.178, -0.881,  9.701) m/s2 |a|= 9.812 w=(   0.610,  -0.427,  -1.037) dps T= 34.08 C
t= 4529.121164 a=(  1.168, -0.871,  9.701) m/s2 |a|= 9.810 w=(   0.549,  -0.366,  -1.037) dps T= 34.07 C
t= 4529.222013 a=(  1.173, -0.876,  9.716) m/s2 |a|= 9.825 w=(   0.610,  -0.427,  -1.037) dps T= 34.07 C
t= 4529.322864 a=(  1.164, -0.871,  9.716) m/s2 |a|= 9.824 w=(   0.610,  -0.427,  -1.037) dps T= 34.07 C
t= 4529.423715 a=(  1.168, -0.886,  9.716) m/s2 |a|= 9.826 w=(   0.549,  -0.427,  -1.098) dps T= 34.08 C
t= 4529.524556 a=(  1.168, -0.881,  9.701) m/s2 |a|= 9.811 w=(   0.610,  -0.488,  -1.037) dps T= 34.09 C
t= 4529.625401 a=(  1.168, -0.891,  9.711) m/s2 |a|= 9.821 w=(   0.610,  -0.427,  -1.037) dps T= 34.08 C
t= 4529.726393 a=(  1.159, -0.891,  9.711) m/s2 |a|= 9.820 w=(   0.549,  -0.488,  -1.037) dps T= 34.08 C
t= 4529.827256 a=(  1.144, -0.910,  9.716) m/s2 |a|= 9.825 w=(   0.549,  -0.427,  -1.037) dps T= 34.09 C
t= 4529.928121 a=(  1.168, -0.891,  9.706) m/s2 |a|= 9.817 w=(   0.610,  -0.366,  -0.976) dps T= 34.10 C
t= 4530.028951 a=(  1.168, -0.895,  9.706) m/s2 |a|= 9.817 w=(   0.549,  -0.427,  -1.098) dps T= 34.08 C
t= 4530.129800 a=(  1.159, -0.891,  9.711) m/s2 |a|= 9.820 w=(   0.549,  -0.366,  -1.098) dps T= 34.10 C
t= 4530.230885 a=(  1.178, -0.886,  9.716) m/s2 |a|= 9.827 w=(   0.610,  -0.488,  -1.037) dps T= 34.09 C
t= 4530.331780 a=(  1.164, -0.895,  9.720) m/s2 |a|= 9.831 w=(   0.549,  -0.427,  -1.037) dps T= 34.07 C
t= 4530.432655 a=(  1.168, -0.881,  9.716) m/s2 |a|= 9.825 w=(   0.610,  -0.488,  -1.037) dps T= 34.08 C
t= 4530.533495 a=(  1.164, -0.886,  9.697) m/s2 |a|= 9.806 w=(   0.549,  -0.427,  -1.037) dps T= 34.09 C
t= 4530.634330 a=(  1.168, -0.881,  9.701) m/s2 |a|= 9.811 w=(   0.549,  -0.427,  -1.037) dps T= 34.09 C
t= 4530.735165 a=(  1.168, -0.886,  9.716) m/s2 |a|= 9.826 w=(   0.549,  -0.427,  -1.098) dps T= 34.09 C
t= 4530.836024 a=(  1.159, -0.862,  9.725) m/s2 |a|= 9.832 w=(   0.549,  -0.488,  -1.037) dps T= 34.09 C
t= 4530.936955 a=(  1.168, -0.905,  9.706) m/s2 |a|= 9.818 w=(   0.549,  -0.427,  -1.037) dps T= 34.09 C
t= 4531.037835 a=(  1.159, -0.895,  9.716) m/s2 |a|= 9.825 w=(   0.549,  -0.427,  -1.098) dps T= 34.08 C
t= 4531.138744 a=(  1.178, -0.895,  9.697) m/s2 |a|= 9.809 w=(   0.610,  -0.366,  -1.037) dps T= 34.08 C
t= 4531.239597 a=(  1.164, -0.895,  9.701) m/s2 |a|= 9.812 w=(   0.610,  -0.427,  -1.037) dps T= 34.07 C
t= 4531.340579 a=(  1.164, -0.886,  9.711) m/s2 |a|= 9.820 w=(   0.549,  -0.427,  -1.098) dps T= 34.08 C
t= 4531.441423 a=(  1.173, -0.871,  9.720) m/s2 |a|= 9.830 w=(   0.549,  -0.427,  -1.098) dps T= 34.08 C
t= 4531.542294 a=(  1.154, -0.895,  9.697) m/s2 |a|= 9.806 w=(   0.549,  -0.427,  -1.037) dps T= 34.08 C
t= 4531.643180 a=(  1.183, -0.891,  9.711) m/s2 |a|= 9.823 w=(   0.549,  -0.427,  -1.098) dps T= 34.10 C
t= 4531.744016 a=(  1.159, -0.891,  9.697) m/s2 |a|= 9.806 w=(   0.610,  -0.427,  -1.037) dps T= 34.07 C
t= 4531.844865 a=(  1.168, -0.886,  9.711) m/s2 |a|= 9.821 w=(   0.549,  -0.488,  -1.037) dps T= 34.07 C
t= 4531.945703 a=(  1.168, -0.895,  9.725) m/s2 |a|= 9.836 w=(   0.488,  -0.427,  -1.098) dps T= 34.08 C
t= 4532.046560 a=(  1.164, -0.881,  9.730) m/s2 |a|= 9.839 w=(   0.610,  -0.427,  -1.037) dps T= 34.06 C
t= 4532.147467 a=(  1.164, -0.905,  9.716) m/s2 |a|= 9.827 w=(   0.610,  -0.427,  -1.098) dps T= 34.09 C
t= 4532.248340 a=(  1.159, -0.895,  9.706) m/s2 |a|= 9.816 w=(   0.549,  -0.488,  -1.098) dps T= 34.09 C
t= 4532.349212 a=(  1.183, -0.900,  9.716) m/s2 |a|= 9.829 w=(   0.549,  -0.366,  -0.976) dps T= 34.09 C
t= 4532.450098 a=(  1.173, -0.886,  9.697) m/s2 |a|= 9.807 w=(   0.610,  -0.488,  -1.098) dps T= 34.08 C
t= 4532.550938 a=(  1.164, -0.886,  9.711) m/s2 |a|= 9.820 w=(   0.549,  -0.427,  -1.037) dps T= 34.09 C
t= 4532.651782 a=(  1.164, -0.891,  9.706) m/s2 |a|= 9.816 w=(   0.488,  -0.488,  -1.037) dps T= 34.07 C
t= 4532.752621 a=(  1.168, -0.886,  9.711) m/s2 |a|= 9.821 w=(   0.549,  -0.427,  -1.098) dps T= 34.09 C
t= 4532.853455 a=(  1.154, -0.886,  9.716) m/s2 |a|= 9.824 w=(   0.549,  -0.427,  -1.098) dps T= 34.09 C
t= 4532.954304 a=(  1.164, -0.886,  9.701) m/s2 |a|= 9.811 w=(   0.610,  -0.427,  -1.037) dps T= 34.07 C
t= 4533.055133 a=(  1.149, -0.891,  9.711) m/s2 |a|= 9.819 w=(   0.427,  -0.488,  -1.037) dps T= 34.10 C
t= 4533.155996 a=(  1.188, -0.891,  9.725) m/s2 |a|= 9.838 w=(   0.793,  -0.305,  -1.098) dps T= 34.08 C
t= 4533.256977 a=(  1.111, -0.857,  9.534) m/s2 |a|= 9.636 w=(   1.220,   0.000,  -0.976) dps T= 34.09 C
t= 4533.357862 a=(  1.144, -0.886,  9.697) m/s2 |a|= 9.804 w=(   0.854,  -0.305,  -0.976) dps T= 34.09 C
t= 4533.458718 a=(  1.197, -0.867,  9.759) m/s2 |a|= 9.870 w=(   0.671,  -0.488,  -0.976) dps T= 34.09 C
t= 4533.559587 a=(  1.149, -0.852,  9.740) m/s2 |a|= 9.844 w=(   0.549,  -0.427,  -1.037) dps T= 34.07 C
t= 4533.660502 a=(  1.164, -0.876,  9.730) m/s2 |a|= 9.838 w=(   0.549,  -0.427,  -1.037) dps T= 34.08 C
t= 4533.761331 a=(  1.159, -0.867,  9.740) m/s2 |a|= 9.847 w=(   0.549,  -0.488,  -1.098) dps T= 34.08 C
t= 4533.862191 a=(  1.178, -0.871,  9.720) m/s2 |a|= 9.830 w=(   0.549,  -0.427,  -1.037) dps T= 34.09 C
t= 4533.963028 a=(  1.149, -0.886,  9.701) m/s2 |a|= 9.809 w=(   0.549,  -0.488,  -0.976) dps T= 34.07 C
t= 4534.063850 a=(  1.159, -0.881,  9.725) m/s2 |a|= 9.834 w=(   0.610,  -0.488,  -1.037) dps T= 34.07 C
t= 4534.164690 a=(  1.173, -0.876,  9.740) m/s2 |a|= 9.849 w=(   0.488,  -0.427,  -1.098) dps T= 34.08 C
t= 4534.265530 a=(  1.154, -0.876,  9.711) m/s2 |a|= 9.818 w=(   0.549,  -0.427,  -1.098) dps T= 34.06 C
t= 4534.366371 a=(  1.149, -0.871,  9.716) m/s2 |a|= 9.822 w=(   0.549,  -0.488,  -1.098) dps T= 34.06 C
t= 4534.467239 a=(  1.168, -0.871,  9.730) m/s2 |a|= 9.839 w=(   0.610,  -0.488,  -0.976) dps T= 34.10 C
t= 4534.568126 a=(  1.168, -0.871,  9.730) m/s2 |a|= 9.839 w=(   0.610,  -0.488,  -1.037) dps T= 34.09 C
t= 4534.668998 a=(  1.168, -0.867,  9.720) m/s2 |a|= 9.829 w=(   0.610,  -0.427,  -1.037) dps T= 34.09 C
t= 4534.769872 a=(  1.178, -0.891,  9.735) m/s2 |a|= 9.846 w=(   0.793,  -0.427,  -1.037) dps T= 34.08 C
t= 4534.870770 a=(  1.135, -0.857,  9.562) m/s2 |a|= 9.668 w=(   0.671,  -0.244,  -1.159) dps T= 34.09 C
t= 4534.971610 a=(  1.164, -0.867,  9.716) m/s2 |a|= 9.823 w=(   0.488,  -0.427,  -1.098) dps T= 34.07 C
t= 4535.072504 a=(  1.159, -0.881,  9.730) m/s2 |a|= 9.838 w=(   0.549,  -0.427,  -0.976) dps T= 34.09 C
t= 4535.173355 a=(  1.154, -0.886,  9.720) m/s2 |a|= 9.829 w=(   0.549,  -0.488,  -1.037) dps T= 34.08 C
t= 4535.274234 a=(  1.159, -0.862,  9.716) m/s2 |a|= 9.822 w=(   0.610,  -0.366,  -1.037) dps T= 34.07 C
t= 4535.375076 a=(  1.149, -0.886,  9.720) m/s2 |a|= 9.828 w=(   0.610,  -0.366,  -1.037) dps T= 34.07 C
t= 4535.475924 a=(  1.164, -0.886,  9.735) m/s2 |a|= 9.844 w=(   0.610,  -0.427,  -1.037) dps T= 34.09 C
t= 4535.576771 a=(  1.154, -0.886,  9.706) m/s2 |a|= 9.815 w=(   0.549,  -0.427,  -1.098) dps T= 34.10 C
t= 4535.677651 a=(  1.173, -0.891,  9.697) m/s2 |a|= 9.808 w=(   0.610,  -0.427,  -1.098) dps T= 34.09 C
t= 4535.778562 a=(  1.154, -0.867,  9.725) m/s2 |a|= 9.832 w=(   0.610,  -0.488,  -1.098) dps T= 34.11 C
t= 4535.879429 a=(  1.164, -0.886,  9.697) m/s2 |a|= 9.806 w=(   0.610,  -0.427,  -0.976) dps T= 34.09 C
t= 4535.980355 a=(  1.173, -0.881,  9.711) m/s2 |a|= 9.821 w=(   0.610,  -0.488,  -1.037) dps T= 34.09 C
t= 4536.081191 a=(  1.149, -0.886,  9.730) m/s2 |a|= 9.838 w=(   0.488,  -0.427,  -1.098) dps T= 34.09 C
t= 4536.182047 a=(  1.159, -0.900,  9.697) m/s2 |a|= 9.807 w=(   0.549,  -0.427,  -1.037) dps T= 34.11 C
t= 4536.282902 a=(  1.140, -0.876,  9.701) m/s2 |a|= 9.807 w=(   0.549,  -0.427,  -1.098) dps T= 34.11 C
t= 4536.383739 a=(  1.168, -0.891,  9.730) m/s2 |a|= 9.840 w=(   0.549,  -0.427,  -1.037) dps T= 34.09 C
t= 4536.484600 a=(  1.168, -0.881,  9.697) m/s2 |a|= 9.806 w=(   0.549,  -0.488,  -1.037) dps T= 34.09 C
t= 4536.585432 a=(  1.149, -0.891,  9.720) m/s2 |a|= 9.829 w=(   0.549,  -0.427,  -1.098) dps T= 34.09 C
t= 4536.686277 a=(  1.159, -0.867,  9.730) m/s2 |a|= 9.837 w=(   0.488,  -0.427,  -1.037) dps T= 34.09 C
t= 4536.787130 a=(  1.168, -0.881,  9.716) m/s2 |a|= 9.825 w=(   0.549,  -0.427,  -1.098) dps T= 34.09 C
t= 4536.887989 a=(  1.168, -0.895,  9.706) m/s2 |a|= 9.817 w=(   0.488,  -0.488,  -1.098) dps T= 34.09 C
t= 4536.988880 a=(  1.159, -0.852,  9.740) m/s2 |a|= 9.845 w=(   0.610,  -0.366,  -1.159) dps T= 34.09 C
t= 4537.089736 a=(  1.159, -0.862,  9.744) m/s2 |a|= 9.851 w=(   0.488,  -0.427,  -1.037) dps T= 34.08 C
t= 4537.190719 a=(  1.173, -0.895,  9.740) m/s2 |a|= 9.851 w=(   0.427,  -0.488,  -1.098) dps T= 34.08 C
t= 4537.291559 a=(  1.154, -0.867,  9.716) m/s2 |a|= 9.822 w=(   0.549,  -0.427,  -1.098) dps T= 34.09 C
t= 4537.392400 a=(  1.159, -0.867,  9.687) m/s2 |a|= 9.794 w=(   0.488,  -0.488,  -1.098) dps T= 34.11 C
t= 4537.493259 a=(  1.164, -0.871,  9.701) m/s2 |a|= 9.810 w=(   0.610,  -0.427,  -1.037) dps T= 34.10 C
t= 4537.594082 a=(  1.144, -0.881,  9.720) m/s2 |a|= 9.827 w=(   0.610,  -0.427,  -1.098) dps T= 34.09 C
t= 4537.694931 a=(  1.149, -0.886,  9.730) m/s2 |a|= 9.838 w=(   0.427,  -0.488,  -1.098) dps T= 34.09 C
t= 4537.795779 a=(  1.159, -0.891,  9.773) m/s2 |a|= 9.882 w=(   0.366,  -0.549,  -1.159) dps T= 34.10 C
t= 4537.896625 a=(  1.159, -0.891,  9.720) m/s2 |a|= 9.830 w=(   0.366,  -0.488,  -1.098) dps T= 34.10 C
t= 4537.997502 a=(  1.164, -0.871,  9.692) m/s2 |a|= 9.800 w=(   0.488,  -0.488,  -1.037) dps T= 34.10 C
t= 4538.098392 a=(  1.168, -0.871,  9.711) m/s2 |a|= 9.820 w=(   0.549,  -0.427,  -1.037) dps T= 34.08 C
t= 4538.199280 a=(  1.154, -0.857,  9.711) m/s2 |a|= 9.817 w=(   0.549,  -0.488,  -1.098) dps T= 34.08 C
t= 4538.300159 a=(  1.164, -0.891,  9.725) m/s2 |a|= 9.835 w=(   0.549,  -0.427,  -1.098) dps T= 34.09 C
t= 4538.401049 a=(  1.140, -0.862,  9.730) m/s2 |a|= 9.834 w=(   0.549,  -0.488,  -1.037) dps T= 34.08 C
t= 4538.501908 a=(  1.140, -0.867,  9.730) m/s2 |a|= 9.835 w=(   0.671,  -0.427,  -1.098) dps T= 34.10 C
t= 4538.602735 a=(  1.173, -0.867,  9.740) m/s2 |a|= 9.848 w=(   0.671,  -0.305,  -1.098) dps T= 34.09 C
t= 4538.703576 a=(  1.140, -0.891,  9.749) m/s2 |a|= 9.856 w=(   0.671,  -0.366,  -1.037) dps T= 34.10 C
t= 4538.804445 a=(  1.164, -0.876,  9.716) m/s2 |a|= 9.824 w=(   0.549,  -0.427,  -1.098) dps T= 34.09 C
t= 4538.905274 a=(  1.144, -0.862,  9.716) m/s2 |a|= 9.821 w=(   0.610,  -0.488,  -1.037) dps T= 34.09 C
t= 4539.006174 a=(  1.144, -0.876,  9.706) m/s2 |a|= 9.813 w=(   0.549,  -0.427,  -1.098) dps T= 34.09 C
t= 4539.107019 a=(  1.125, -0.838,  9.735) m/s2 |a|= 9.835 w=(   0.915,  -0.305,  -1.037) dps T= 34.10 C
t= 4539.207908 a=(  1.159, -0.852,  9.764) m/s2 |a|= 9.869 w=(   0.549,  -0.488,  -1.037) dps T= 34.08 C
t= 4539.308797 a=(  1.154, -0.871,  9.759) m/s2 |a|= 9.865 w=(   0.549,  -0.427,  -1.098) dps T= 34.11 C
t= 4539.409717 a=(  1.164, -0.843,  9.725) m/s2 |a|= 9.831 w=(   0.610,  -0.488,  -1.037) dps T= 34.07 C
t= 4539.510656 a=(  1.144, -0.891,  9.735) m/s2 |a|= 9.842 w=(   0.671,  -0.427,  -1.098) dps T= 34.10 C
t= 4539.611501 a=(  1.140, -0.871,  9.730) m/s2 |a|= 9.835 w=(   0.488,  -0.549,  -1.098) dps T= 34.11 C
t= 4539.712350 a=(  1.164, -0.900,  9.682) m/s2 |a|= 9.793 w=(   0.610,  -0.488,  -1.098) dps T= 34.11 C
t= 4539.813186 a=(  1.130, -0.891,  9.567) m/s2 |a|= 9.675 w=(   0.244,  -0.610,  -1.037) dps T= 34.11 C
t= 4539.914031 a=(  1.188, -0.924,  9.634) m/s2 |a|= 9.751 w=(   0.732,  -0.427,  -0.976) dps T= 34.10 C
t= 4540.014877 a=(  1.183, -0.958,  9.653) m/s2 |a|= 9.773 w=(   0.244,  -0.610,  -0.976) dps T= 34.10 C
t= 4540.115697 a=(  1.202, -0.962,  9.682) m/s2 |a|= 9.804 w=(   0.671,  -0.488,  -1.037) dps T= 34.08 C
t= 4540.216549 a=(  1.154, -0.881,  9.682) m/s2 |a|= 9.790 w=(   0.671,  -0.427,  -1.037) dps T= 34.08 C
t= 4540.317379 a=(  1.149, -0.881,  9.697) m/s2 |a|= 9.804 w=(   0.549,  -0.427,  -0.976) dps T= 34.11 C
t= 4540.418245 a=(  1.140, -0.828, 10.013) m/s2 |a|=10.111 w=(   0.854,  -0.244,  -1.220) dps T= 34.09 C
t= 4540.519125 a=(  1.140, -0.771,  9.773) m/s2 |a|= 9.870 w=(   0.549,  -0.427,  -1.159) dps T= 34.09 C
t= 4540.620063 a=(  1.149, -0.867,  9.725) m/s2 |a|= 9.831 w=(   0.366,  -0.488,  -1.037) dps T= 34.10 C
t= 4540.720917 a=(  1.168, -0.891,  9.716) m/s2 |a|= 9.826 w=(   0.488,  -0.488,  -1.098) dps T= 34.09 C
t= 4540.821765 a=(  1.164, -0.891,  9.706) m/s2 |a|= 9.816 w=(   0.549,  -0.427,  -1.098) dps T= 34.09 C
t= 4540.922592 a=(  1.159, -0.881,  9.692) m/s2 |a|= 9.800 w=(   0.610,  -0.427,  -1.037) dps T= 34.10 C
t= 4541.023431 a=(  1.149, -0.862,  9.711) m/s2 |a|= 9.817 w=(   0.671,  -0.427,  -1.037) dps T= 34.09 C
t= 4541.124272 a=(  1.168, -0.862,  9.706) m/s2 |a|= 9.814 w=(   0.549,  -0.427,  -1.037) dps T= 34.11 C
t= 4541.225111 a=(  1.154, -0.871,  9.711) m/s2 |a|= 9.818 w=(   0.549,  -0.488,  -1.037) dps T= 34.10 C
t= 4541.326034 a=(  1.149, -0.881,  9.711) m/s2 |a|= 9.818 w=(   0.488,  -0.488,  -1.037) dps T= 34.07 C
t= 4541.426918 a=(  1.154, -0.871,  9.706) m/s2 |a|= 9.813 w=(   0.549,  -0.427,  -1.098) dps T= 34.10 C
t= 4541.527779 a=(  1.168, -0.871,  9.711) m/s2 |a|= 9.820 w=(   0.549,  -0.427,  -1.037) dps T= 34.08 C
t= 4541.628666 a=(  1.164, -0.871,  9.711) m/s2 |a|= 9.819 w=(   0.549,  -0.427,  -1.037) dps T= 34.09 C
t= 4541.729655 a=(  1.154, -0.881,  9.716) m/s2 |a|= 9.824 w=(   0.610,  -0.427,  -1.098) dps T= 34.12 C
t= 4541.830710 a=(  1.149, -0.881,  9.716) m/s2 |a|= 9.823 w=(   0.549,  -0.427,  -1.037) dps T= 34.10 C
t= 4541.931584 a=(  1.144, -0.881,  9.716) m/s2 |a|= 9.822 w=(   0.549,  -0.427,  -1.098) dps T= 34.10 C
t= 4542.032430 a=(  1.144, -0.876,  9.706) m/s2 |a|= 9.813 w=(   0.549,  -0.427,  -1.037) dps T= 34.09 C
t= 4542.133262 a=(  1.159, -0.886,  9.730) m/s2 |a|= 9.839 w=(   0.549,  -0.427,  -1.098) dps T= 34.10 C
t= 4542.234133 a=(  1.159, -0.867,  9.711) m/s2 |a|= 9.818 w=(   0.549,  -0.427,  -1.037) dps T= 34.12 C
t= 4542.334959 a=(  1.159, -0.881,  9.716) m/s2 |a|= 9.824 w=(   0.610,  -0.427,  -1.037) dps T= 34.09 C
t= 4542.435786 a=(  1.154, -0.867,  9.706) m/s2 |a|= 9.813 w=(   0.549,  -0.488,  -1.037) dps T= 34.10 C
t= 4542.536619 a=(  1.164, -0.867,  9.706) m/s2 |a|= 9.814 w=(   0.549,  -0.488,  -1.037) dps T= 34.09 C
t= 4542.637454 a=(  1.159, -0.867,  9.701) m/s2 |a|= 9.809 w=(   0.610,  -0.427,  -1.037) dps T= 34.11 C
t= 4542.738290 a=(  1.159, -0.876,  9.697) m/s2 |a|= 9.805 w=(   0.549,  -0.427,  -1.037) dps T= 34.12 C
t= 4542.839148 a=(  1.144, -0.871,  9.706) m/s2 |a|= 9.812 w=(   0.549,  -0.427,  -1.037) dps T= 34.10 C
t= 4542.940086 a=(  1.164, -0.867,  9.720) m/s2 |a|= 9.828 w=(   0.488,  -0.488,  -1.037) dps T= 34.12 C
t= 4543.040986 a=(  1.173, -0.876,  9.711) m/s2 |a|= 9.821 w=(   0.549,  -0.427,  -1.037) dps T= 34.10 C
t= 4543.141841 a=(  1.154, -0.862,  9.720) m/s2 |a|= 9.827 w=(   0.610,  -0.488,  -1.037) dps T= 34.11 C
t= 4543.242719 a=(  1.154, -0.867,  9.706) m/s2 |a|= 9.813 w=(   0.549,  -0.427,  -1.037) dps T= 34.11 C
t= 4543.343556 a=(  1.149, -0.881,  9.706) m/s2 |a|= 9.814 w=(   0.610,  -0.427,  -1.098) dps T= 34.11 C
t= 4543.444389 a=(  1.159, -0.871,  9.701) m/s2 |a|= 9.809 w=(   0.549,  -0.427,  -1.037) dps T= 34.12 C
t= 4543.545266 a=(  1.159, -0.881,  9.697) m/s2 |a|= 9.805 w=(   0.610,  -0.488,  -1.037) dps T= 34.11 C
t= 4543.646096 a=(  1.164, -0.876,  9.706) m/s2 |a|= 9.815 w=(   0.549,  -0.427,  -1.037) dps T= 34.10 C
t= 4543.746929 a=(  1.164, -0.876,  9.716) m/s2 |a|= 9.824 w=(   0.549,  -0.427,  -1.037) dps T= 34.11 C
t= 4543.847754 a=(  1.159, -0.867,  9.720) m/s2 |a|= 9.828 w=(   0.549,  -0.427,  -0.976) dps T= 34.09 C
t= 4543.948594 a=(  1.168, -0.871,  9.706) m/s2 |a|= 9.815 w=(   0.610,  -0.427,  -1.037) dps T= 34.11 C
t= 4544.049480 a=(  1.144, -0.871,  9.706) m/s2 |a|= 9.812 w=(   0.549,  -0.427,  -1.098) dps T= 34.09 C
t= 4544.150455 a=(  1.168, -0.876,  9.711) m/s2 |a|= 9.820 w=(   0.610,  -0.427,  -1.037) dps T= 34.10 C
t= 4544.251383 a=(  1.159, -0.862,  9.697) m/s2 |a|= 9.803 w=(   0.610,  -0.427,  -1.037) dps T= 34.09 C
t= 4544.352237 a=(  1.154, -0.867,  9.716) m/s2 |a|= 9.822 w=(   0.610,  -0.488,  -1.037) dps T= 34.12 C
t= 4544.453076 a=(  1.149, -0.867,  9.711) m/s2 |a|= 9.817 w=(   0.549,  -0.427,  -1.098) dps T= 34.10 C
t= 4544.553910 a=(  1.154, -0.871,  9.716) m/s2 |a|= 9.823 w=(   0.488,  -0.427,  -1.037) dps T= 34.10 C
t= 4544.654765 a=(  1.168, -0.871,  9.720) m/s2 |a|= 9.829 w=(   0.488,  -0.488,  -1.037) dps T= 34.10 C
t= 4544.755604 a=(  1.140, -0.871,  9.697) m/s2 |a|= 9.802 w=(   0.549,  -0.488,  -1.037) dps T= 34.11 C
t= 4544.856466 a=(  1.159, -0.881,  9.711) m/s2 |a|= 9.819 w=(   0.610,  -0.427,  -1.037) dps T= 34.11 C
t= 4544.957296 a=(  1.173, -0.881,  9.711) m/s2 |a|= 9.821 w=(   0.549,  -0.427,  -1.037) dps T= 34.11 C
t= 4545.058137 a=(  1.154, -0.876,  9.711) m/s2 |a|= 9.818 w=(   0.610,  -0.427,  -1.037) dps T= 34.10 C
t= 4545.158965 a=(  1.164, -0.871,  9.701) m/s2 |a|= 9.810 w=(   0.610,  -0.427,  -1.098) dps T= 34.11 C
t= 4545.259854 a=(  1.173, -0.876,  9.706) m/s2 |a|= 9.816 w=(   0.549,  -0.427,  -1.098) dps T= 34.11 C
t= 4545.360825 a=(  1.154, -0.876,  9.720) m/s2 |a|= 9.828 w=(   0.549,  -0.488,  -1.037) dps T= 34.12 C
t= 4545.461679 a=(  1.154, -0.881,  9.711) m/s2 |a|= 9.819 w=(   0.549,  -0.427,  -1.037) dps T= 34.12 C
t= 4545.562549 a=(  1.173, -0.881,  9.716) m/s2 |a|= 9.826 w=(   0.488,  -0.427,  -1.098) dps T= 34.10 C
t= 4545.663408 a=(  1.154, -0.871,  9.711) m/s2 |a|= 9.818 w=(   0.610,  -0.427,  -1.037) dps T= 34.10 C
t= 4545.764251 a=(  1.164, -0.876,  9.716) m/s2 |a|= 9.824 w=(   0.610,  -0.366,  -1.037) dps T= 34.10 C
t= 4545.865091 a=(  1.154, -0.895,  9.720) m/s2 |a|= 9.830 w=(   0.488,  -0.488,  -1.037) dps T= 34.10 C
t= 4545.965919 a=(  1.154, -0.871,  9.711) m/s2 |a|= 9.818 w=(   0.610,  -0.427,  -1.037) dps T= 34.12 C
t= 4546.066772 a=(  1.159, -0.876,  9.711) m/s2 |a|= 9.819 w=(   0.549,  -0.488,  -1.037) dps T= 34.11 C
t= 4546.167612 a=(  1.149, -0.871,  9.711) m/s2 |a|= 9.817 w=(   0.549,  -0.427,  -1.037) dps T= 34.10 C
t= 4546.268479 a=(  1.168, -0.876,  9.716) m/s2 |a|= 9.825 w=(   0.549,  -0.427,  -1.037) dps T= 34.09 C
t= 4546.369350 a=(  1.164, -0.876,  9.711) m/s2 |a|= 9.820 w=(   0.610,  -0.427,  -0.976) dps T= 34.12 C
t= 4546.470334 a=(  1.164, -0.876,  9.706) m/s2 |a|= 9.815 w=(   0.549,  -0.427,  -1.037) dps T= 34.12 C
t= 4546.571224 a=(  1.159, -0.871,  9.692) m/s2 |a|= 9.800 w=(   0.610,  -0.488,  -0.976) dps T= 34.11 C
t= 4546.672071 a=(  1.173, -0.871,  9.720) m/s2 |a|= 9.830 w=(   0.549,  -0.427,  -1.098) dps T= 34.09 C
t= 4546.772945 a=(  1.168, -0.871,  9.706) m/s2 |a|= 9.815 w=(   0.549,  -0.427,  -1.037) dps T= 34.12 C
t= 4546.873857 a=(  1.149, -0.876,  9.706) m/s2 |a|= 9.813 w=(   0.610,  -0.427,  -1.037) dps T= 34.10 C
t= 4546.974726 a=(  1.164, -0.871,  9.716) m/s2 |a|= 9.824 w=(   0.610,  -0.427,  -1.098) dps T= 34.12 C
t= 4547.075741 a=(  1.144, -0.876,  9.716) m/s2 |a|= 9.822 w=(   0.549,  -0.427,  -1.037) dps T= 34.10 C
t= 4547.176673 a=(  1.159, -0.876,  9.725) m/s2 |a|= 9.833 w=(   0.549,  -0.427,  -1.037) dps T= 34.10 C
t= 4547.277563 a=(  1.159, -0.876,  9.716) m/s2 |a|= 9.824 w=(   0.549,  -0.427,  -1.098) dps T= 34.12 C
t= 4547.378422 a=(  1.154, -0.857,  9.711) m/s2 |a|= 9.817 w=(   0.549,  -0.488,  -1.037) dps T= 34.11 C
t= 4547.479265 a=(  1.164, -0.862,  9.706) m/s2 |a|= 9.814 w=(   0.610,  -0.427,  -1.037) dps T= 34.09 C
t= 4547.580103 a=(  1.159, -0.871,  9.720) m/s2 |a|= 9.828 w=(   0.549,  -0.427,  -0.976) dps T= 34.12 C
t= 4547.681045 a=(  1.154, -0.857,  9.692) m/s2 |a|= 9.798 w=(   0.610,  -0.427,  -1.037) dps T= 34.11 C
t= 4547.781980 a=(  1.164, -0.876,  9.697) m/s2 |a|= 9.805 w=(   0.549,  -0.427,  -1.037) dps T= 34.12 C
t= 4547.882839 a=(  1.159, -0.876,  9.716) m/s2 |a|= 9.824 w=(   0.610,  -0.488,  -1.037) dps T= 34.12 C
t= 4547.983729 a=(  1.164, -0.871,  9.711) m/s2 |a|= 9.819 w=(   0.549,  -0.488,  -1.037) dps T= 34.11 C
t= 4548.084582 a=(  1.144, -0.862,  9.701) m/s2 |a|= 9.807 w=(   0.549,  -0.427,  -0.976) dps T= 34.10 C
t= 4548.185482 a=(  1.159, -0.886,  9.716) m/s2 |a|= 9.825 w=(   0.610,  -0.488,  -0.976) dps T= 34.11 C
t= 4548.286326 a=(  1.149, -0.871,  9.711) m/s2 |a|= 9.817 w=(   0.610,  -0.427,  -1.037) dps T= 34.11 C
t= 4548.387159 a=(  1.164, -0.862,  9.720) m/s2 |a|= 9.828 w=(   0.549,  -0.427,  -1.037) dps T= 34.12 C
t= 4548.488022 a=(  1.149, -0.876,  9.706) m/s2 |a|= 9.813 w=(   0.610,  -0.488,  -1.037) dps T= 34.10 C
t= 4548.588849 a=(  1.159, -0.876,  9.720) m/s2 |a|= 9.828 w=(   0.549,  -0.427,  -0.976) dps T= 34.12 C
t= 4548.689680 a=(  1.168, -0.876,  9.711) m/s2 |a|= 9.820 w=(   0.549,  -0.427,  -1.037) dps T= 34.12 C
t= 4548.790641 a=(  1.164, -0.876,  9.706) m/s2 |a|= 9.815 w=(   0.549,  -0.488,  -1.037) dps T= 34.12 C
t= 4548.891549 a=(  1.159, -0.867,  9.697) m/s2 |a|= 9.804 w=(   0.610,  -0.488,  -1.037) dps T= 34.13 C
t= 4548.992427 a=(  1.168, -0.857,  9.711) m/s2 |a|= 9.818 w=(   0.610,  -0.488,  -1.037) dps T= 34.12 C
t= 4549.093269 a=(  1.149, -0.881,  9.706) m/s2 |a|= 9.814 w=(   0.610,  -0.427,  -1.037) dps T= 34.11 C
t= 4549.194112 a=(  1.164, -0.876,  9.711) m/s2 |a|= 9.820 w=(   0.610,  -0.427,  -1.098) dps T= 34.12 C
t= 4549.294959 a=(  1.154, -0.876,  9.711) m/s2 |a|= 9.818 w=(   0.549,  -0.427,  -1.037) dps T= 34.12 C
t= 4549.395794 a=(  1.173, -0.886,  9.716) m/s2 |a|= 9.826 w=(   0.610,  -0.427,  -1.037) dps T= 34.12 C
t= 4549.496707 a=(  1.159, -0.867,  9.711) m/s2 |a|= 9.818 w=(   0.610,  -0.427,  -1.037) dps T= 34.11 C
t= 4549.597566 a=(  1.159, -0.876,  9.716) m/s2 |a|= 9.824 w=(   0.549,  -0.427,  -1.037) dps T= 34.12 C
t= 4549.698409 a=(  1.173, -0.881,  9.711) m/s2 |a|= 9.821 w=(   0.549,  -0.427,  -1.037) dps T= 34.11 C
t= 4549.799249 a=(  1.154, -0.886,  9.701) m/s2 |a|= 9.810 w=(   0.610,  -0.427,  -1.037) dps T= 34.11 C
t= 4549.900096 a=(  1.149, -0.871,  9.706) m/s2 |a|= 9.813 w=(   0.549,  -0.427,  -1.098) dps T= 34.11 C
t= 4550.000945 a=(  1.164, -0.876,  9.725) m/s2 |a|= 9.834 w=(   0.549,  -0.427,  -1.037) dps T= 34.13 C
t= 4550.101855 a=(  1.154, -0.886,  9.706) m/s2 |a|= 9.815 w=(   0.549,  -0.488,  -1.037) dps T= 34.10 C
t= 4550.202739 a=(  1.149, -0.886,  9.711) m/s2 |a|= 9.819 w=(   0.549,  -0.427,  -1.037) dps T= 34.09 C
t= 4550.303624 a=(  1.164, -0.862,  9.706) m/s2 |a|= 9.814 w=(   0.549,  -0.488,  -1.098) dps T= 34.13 C
t= 4550.404473 a=(  1.154, -0.876,  9.711) m/s2 |a|= 9.818 w=(   0.549,  -0.427,  -1.098) dps T= 34.12 C
t= 4550.505325 a=(  1.159, -0.871,  9.711) m/s2 |a|= 9.819 w=(   0.549,  -0.427,  -1.098) dps T= 34.13 C
t= 4550.606167 a=(  1.159, -0.891,  9.706) m/s2 |a|= 9.816 w=(   0.610,  -0.488,  -1.037) dps T= 34.11 C
t= 4550.707005 a=(  1.159, -0.886,  9.701) m/s2 |a|= 9.810 w=(   0.610,  -0.427,  -1.098) dps T= 34.12 C
t= 4550.807924 a=(  1.159, -0.881,  9.697) m/s2 |a|= 9.805 w=(   0.610,  -0.427,  -1.037) dps T= 34.12 C
t= 4550.908776 a=(  1.164, -0.871,  9.716) m/s2 |a|= 9.824 w=(   0.549,  -0.427,  -1.037) dps T= 34.12 C
t= 4551.009620 a=(  1.159, -0.876,  9.701) m/s2 |a|= 9.809 w=(   0.549,  -0.488,  -1.037) dps T= 34.11 C
t= 4551.110531 a=(  1.154, -0.876,  9.687) m/s2 |a|= 9.795 w=(   0.549,  -0.488,  -1.098) dps T= 34.11 C
t= 4551.211373 a=(  1.164, -0.881,  9.687) m/s2 |a|= 9.796 w=(   0.549,  -0.488,  -1.037) dps T= 34.14 C
t= 4551.312292 a=(  1.154, -0.876,  9.711) m/s2 |a|= 9.818 w=(   0.610,  -0.427,  -1.037) dps T= 34.12 C
t= 4551.413183 a=(  1.149, -0.867,  9.716) m/s2 |a|= 9.822 w=(   0.610,  -0.427,  -1.037) dps T= 34.10 C
t= 4551.514107 a=(  1.159, -0.876,  9.711) m/s2 |a|= 9.819 w=(   0.549,  -0.427,  -1.037) dps T= 34.11 C
t= 4551.614963 a=(  1.140, -0.881,  9.706) m/s2 |a|= 9.812 w=(   0.610,  -0.427,  -1.037) dps T= 34.11 C
t= 4551.715808 a=(  1.168, -0.867,  9.716) m/s2 |a|= 9.824 w=(   0.549,  -0.488,  -1.037) dps T= 34.11 C
t= 4551.816647 a=(  1.149, -0.881,  9.716) m/s2 |a|= 9.823 w=(   0.549,  -0.427,  -1.098) dps T= 34.12 C
t= 4551.917476 a=(  1.164, -0.871,  9.720) m/s2 |a|= 9.829 w=(   0.549,  -0.427,  -1.037) dps T= 34.13 C
t= 4552.018311 a=(  1.149, -0.867,  9.725) m/s2 |a|= 9.831 w=(   0.549,  -0.488,  -1.037) dps T= 34.12 C
t= 4552.119141 a=(  1.164, -0.871,  9.720) m/s2 |a|= 9.829 w=(   0.610,  -0.427,  -1.037) dps T= 34.14 C
t= 4552.219961 a=(  1.144, -0.876,  9.711) m/s2 |a|= 9.817 w=(   0.610,  -0.427,  -1.037) dps T= 34.12 C
t= 4552.320874 a=(  1.159, -0.857,  9.697) m/s2 |a|= 9.803 w=(   0.549,  -0.366,  -1.037) dps T= 34.12 C
t= 4552.421717 a=(  1.159, -0.862,  9.716) m/s2 |a|= 9.822 w=(   0.610,  -0.366,  -1.098) dps T= 34.11 C
t= 4552.522609 a=(  1.164, -0.871,  9.720) m/s2 |a|= 9.829 w=(   0.549,  -0.427,  -1.037) dps T= 34.12 C
t= 4552.623501 a=(  1.159, -0.876,  9.720) m/s2 |a|= 9.828 w=(   0.549,  -0.427,  -1.037) dps T= 34.11 C
t= 4552.724364 a=(  1.149, -0.886,  9.711) m/s2 |a|= 9.819 w=(   0.549,  -0.427,  -1.098) dps T= 34.11 C
t= 4552.825212 a=(  1.149, -0.867,  9.720) m/s2 |a|= 9.826 w=(   0.549,  -0.488,  -1.037) dps T= 34.13 C
t= 4552.926052 a=(  1.154, -0.871,  9.716) m/s2 |a|= 9.823 w=(   0.549,  -0.488,  -1.037) dps T= 34.12 C
t= 4553.026921 a=(  1.149, -0.891,  9.711) m/s2 |a|= 9.819 w=(   0.549,  -0.427,  -1.037) dps T= 34.11 C
t= 4553.127771 a=(  1.164, -0.867,  9.697) m/s2 |a|= 9.804 w=(   0.610,  -0.488,  -1.037) dps T= 34.11 C
t= 4553.228624 a=(  1.164, -0.881,  9.706) m/s2 |a|= 9.815 w=(   0.610,  -0.427,  -1.037) dps T= 34.12 C
t= 4553.329500 a=(  1.168, -0.871,  9.716) m/s2 |a|= 9.824 w=(   0.549,  -0.427,  -1.037) dps T= 34.12 C
t= 4553.430499 a=(  1.159, -0.881,  9.711) m/s2 |a|= 9.819 w=(   0.610,  -0.488,  -1.037) dps T= 34.13 C
t= 4553.531343 a=(  1.159, -0.871,  9.706) m/s2 |a|= 9.814 w=(   0.610,  -0.427,  -1.037) dps T= 34.14 C
t= 4553.632195 a=(  1.149, -0.867,  9.720) m/s2 |a|= 9.826 w=(   0.610,  -0.366,  -1.098) dps T= 34.12 C
t= 4553.733130 a=(  1.149, -0.886,  9.692) m/s2 |a|= 9.800 w=(   0.549,  -0.427,  -1.098) dps T= 34.12 C
t= 4553.833995 a=(  1.159, -0.876,  9.711) m/s2 |a|= 9.819 w=(   0.549,  -0.488,  -1.037) dps T= 34.12 C
t= 4553.934827 a=(  1.154, -0.891,  9.711) m/s2 |a|= 9.820 w=(   0.610,  -0.427,  -1.037) dps T= 34.13 C
t= 4554.035701 a=(  1.168, -0.871,  9.716) m/s2 |a|= 9.824 w=(   0.610,  -0.427,  -1.037) dps T= 34.12 C
t= 4554.136531 a=(  1.164, -0.876,  9.716) m/s2 |a|= 9.824 w=(   0.549,  -0.427,  -1.098) dps T= 34.12 C
t= 4554.237356 a=(  1.164, -0.881,  9.706) m/s2 |a|= 9.815 w=(   0.549,  -0.488,  -1.037) dps T= 34.12 C
t= 4554.338208 a=(  1.164, -0.862,  9.706) m/s2 |a|= 9.814 w=(   0.549,  -0.427,  -1.037) dps T= 34.13 C
t= 4554.439034 a=(  1.159, -0.862,  9.706) m/s2 |a|= 9.813 w=(   0.610,  -0.427,  -1.037) dps T= 34.13 C
t= 4554.539870 a=(  1.159, -0.876,  9.711) m/s2 |a|= 9.819 w=(   0.610,  -0.427,  -1.037) dps T= 34.13 C
t= 4554.640757 a=(  1.154, -0.871,  9.725) m/s2 |a|= 9.832 w=(   0.549,  -0.427,  -1.037) dps T= 34.14 C
t= 4554.741643 a=(  1.159, -0.876,  9.706) m/s2 |a|= 9.814 w=(   0.549,  -0.427,  -1.037) dps T= 34.11 C
t= 4554.842519 a=(  1.154, -0.867,  9.701) m/s2 |a|= 9.808 w=(   0.549,  -0.427,  -1.037) dps T= 34.12 C
t= 4554.943396 a=(  1.144, -0.881,  9.725) m/s2 |a|= 9.832 w=(   0.549,  -0.488,  -1.098) dps T= 34.12 C
t= 4555.044268 a=(  1.159, -0.871,  9.697) m/s2 |a|= 9.804 w=(   0.610,  -0.488,  -1.037) dps T= 34.13 C
t= 4555.145107 a=(  1.154, -0.871,  9.716) m/s2 |a|= 9.823 w=(   0.610,  -0.427,  -1.098) dps T= 34.13 C
t= 4555.245945 a=(  1.149, -0.867,  9.697) m/s2 |a|= 9.803 w=(   0.488,  -0.488,  -1.098) dps T= 34.12 C
t= 4555.346821 a=(  1.154, -0.886,  9.711) m/s2 |a|= 9.819 w=(   0.549,  -0.427,  -1.037) dps T= 34.12 C
t= 4555.447666 a=(  1.149, -0.871,  9.701) m/s2 |a|= 9.808 w=(   0.549,  -0.488,  -1.037) dps T= 34.12 C
t= 4555.548508 a=(  1.154, -0.876,  9.716) m/s2 |a|= 9.823 w=(   0.549,  -0.427,  -1.037) dps T= 34.12 C
t= 4555.649429 a=(  1.159, -0.871,  9.697) m/s2 |a|= 9.804 w=(   0.610,  -0.427,  -1.037) dps T= 34.12 C
t= 4555.750375 a=(  1.164, -0.881,  9.701) m/s2 |a|= 9.810 w=(   0.549,  -0.427,  -1.037) dps T= 34.13 C
t= 4555.851217 a=(  1.159, -0.876,  9.720) m/s2 |a|= 9.828 w=(   0.549,  -0.427,  -1.037) dps T= 34.12 C
t= 4555.952052 a=(  1.159, -0.871,  9.711) m/s2 |a|= 9.819 w=(   0.610,  -0.427,  -1.098) dps T= 34.12 C
t= 4556.052946 a=(  1.173, -0.871,  9.716) m/s2 |a|= 9.825 w=(   0.549,  -0.488,  -1.037) dps T= 34.12 C
t= 4556.153832 a=(  1.149, -0.871,  9.701) m/s2 |a|= 9.808 w=(   0.610,  -0.427,  -1.037) dps T= 34.12 C
t= 4556.254700 a=(  1.144, -0.871,  9.720) m/s2 |a|= 9.826 w=(   0.671,  -0.427,  -1.037) dps T= 34.12 C
t= 4556.355557 a=(  1.168, -0.871,  9.711) m/s2 |a|= 9.820 w=(   0.549,  -0.488,  -0.976) dps T= 34.15 C
t= 4556.456418 a=(  1.159, -0.881,  9.706) m/s2 |a|= 9.815 w=(   0.610,  -0.427,  -1.037) dps T= 34.12 C
t= 4556.557256 a=(  1.164, -0.871,  9.716) m/s2 |a|= 9.824 w=(   0.610,  -0.427,  -1.037) dps T= 34.13 C
t= 4556.658077 a=(  1.149, -0.862,  9.711) m/s2 |a|= 9.817 w=(   0.488,  -0.427,  -1.098) dps T= 34.13 C
t= 4556.758898 a=(  1.144, -0.867,  9.716) m/s2 |a|= 9.821 w=(   0.610,  -0.427,  -1.037) dps T= 34.13 C
t= 4556.859735 a=(  1.159, -0.871,  9.706) m/s2 |a|= 9.814 w=(   0.610,  -0.427,  -1.098) dps T= 34.13 C
t= 4556.960645 a=(  1.168, -0.867,  9.706) m/s2 |a|= 9.815 w=(   0.549,  -0.427,  -1.037) dps T= 34.12 C
t= 4557.061482 a=(  1.149, -0.876,  9.706) m/s2 |a|= 9.813 w=(   0.549,  -0.427,  -1.037) dps T= 34.12 C
t= 4557.162323 a=(  1.164, -0.871,  9.706) m/s2 |a|= 9.814 w=(   0.610,  -0.488,  -1.098) dps T= 34.14 C
t= 4557.263173 a=(  1.178, -0.867,  9.720) m/s2 |a|= 9.830 w=(   0.549,  -0.488,  -1.098) dps T= 34.14 C
t= 4557.364050 a=(  1.164, -0.871,  9.711) m/s2 |a|= 9.819 w=(   0.549,  -0.366,  -1.037) dps T= 34.12 C
t= 4557.464937 a=(  1.159, -0.881,  9.701) m/s2 |a|= 9.810 w=(   0.610,  -0.427,  -1.037) dps T= 34.12 C
t= 4557.565791 a=(  1.154, -0.876,  9.720) m/s2 |a|= 9.828 w=(   0.549,  -0.427,  -1.037) dps T= 34.13 C
t= 4557.666657 a=(  1.154, -0.876,  9.711) m/s2 |a|= 9.818 w=(   0.610,  -0.488,  -1.098) dps T= 34.13 C
t= 4557.767492 a=(  1.164, -0.871,  9.720) m/s2 |a|= 9.829 w=(   0.549,  -0.427,  -1.098) dps T= 34.14 C
t= 4557.868326 a=(  1.154, -0.876,  9.706) m/s2 |a|= 9.814 w=(   0.549,  -0.488,  -1.098) dps T= 34.13 C
t= 4557.969156 a=(  1.168, -0.886,  9.716) m/s2 |a|= 9.826 w=(   0.549,  -0.488,  -1.037) dps T= 34.12 C
t= 4558.069982 a=(  1.149, -0.871,  9.706) m/s2 |a|= 9.813 w=(   0.549,  -0.366,  -1.037) dps T= 34.14 C
t= 4558.170976 a=(  1.144, -0.871,  9.706) m/s2 |a|= 9.812 w=(   0.549,  -0.488,  -1.037) dps T= 34.13 C
t= 4558.271810 a=(  1.159, -0.871,  9.706) m/s2 |a|= 9.814 w=(   0.549,  -0.427,  -1.037) dps T= 34.14 C
t= 4558.372659 a=(  1.149, -0.876,  9.725) m/s2 |a|= 9.832 w=(   0.549,  -0.427,  -0.976) dps T= 34.13 C
t= 4558.473520 a=(  1.168, -0.876,  9.711) m/s2 |a|= 9.820 w=(   0.549,  -0.427,  -1.098) dps T= 34.13 C
t= 4558.574431 a=(  1.164, -0.876,  9.711) m/s2 |a|= 9.820 w=(   0.549,  -0.427,  -1.037) dps T= 34.14 C
t= 4558.675373 a=(  1.154, -0.871,  9.716) m/s2 |a|= 9.823 w=(   0.610,  -0.427,  -1.098) dps T= 34.13 C
t= 4558.776227 a=(  1.149, -0.876,  9.716) m/s2 |a|= 9.823 w=(   0.549,  -0.427,  -1.037) dps T= 34.13 C
t= 4558.877100 a=(  1.149, -0.867,  9.711) m/s2 |a|= 9.817 w=(   0.549,  -0.427,  -1.037) dps T= 34.15 C
t= 4558.977926 a=(  1.168, -0.876,  9.701) m/s2 |a|= 9.811 w=(   0.549,  -0.427,  -1.037) dps T= 34.15 C
t= 4559.078779 a=(  1.164, -0.867,  9.711) m/s2 |a|= 9.819 w=(   0.610,  -0.427,  -1.037) dps T= 34.13 C
t= 4559.179618 a=(  1.164, -0.876,  9.716) m/s2 |a|= 9.824 w=(   0.488,  -0.427,  -1.037) dps T= 34.11 C
t= 4559.280593 a=(  1.154, -0.867,  9.711) m/s2 |a|= 9.818 w=(   0.549,  -0.427,  -1.037) dps T= 34.14 C
t= 4559.381485 a=(  1.154, -0.881,  9.725) m/s2 |a|= 9.833 w=(   0.549,  -0.488,  -1.037) dps T= 34.16 C
t= 4559.482317 a=(  1.173, -0.867,  9.716) m/s2 |a|= 9.825 w=(   0.610,  -0.427,  -1.037) dps T= 34.15 C
t= 4559.583163 a=(  1.164, -0.881,  9.716) m/s2 |a|= 9.825 w=(   0.549,  -0.427,  -1.037) dps T= 34.14 C
t= 4559.684031 a=(  1.159, -0.876,  9.701) m/s2 |a|= 9.809 w=(   0.549,  -0.427,  -1.098) dps T= 34.13 C
t= 4559.784927 a=(  1.168, -0.857,  9.697) m/s2 |a|= 9.804 w=(   0.549,  -0.427,  -1.037) dps T= 34.12 C
t= 4559.885798 a=(  1.149, -0.862,  9.711) m/s2 |a|= 9.817 w=(   0.610,  -0.427,  -1.098) dps T= 34.13 C
t= 4559.986683 a=(  1.159, -0.867,  9.716) m/s2 |a|= 9.823 w=(   0.549,  -0.427,  -1.098) dps T= 34.13 C
t= 4560.087531 a=(  1.149, -0.867,  9.711) m/s2 |a|= 9.817 w=(   0.549,  -0.427,  -1.037) dps T= 34.13 C
t= 4560.188370 a=(  1.159, -0.862,  9.706) m/s2 |a|= 9.813 w=(   0.610,  -0.427,  -1.037) dps T= 34.14 C
t= 4560.289224 a=(  1.154, -0.867,  9.706) m/s2 |a|= 9.813 w=(   0.549,  -0.488,  -1.098) dps T= 34.15 C
t= 4560.390115 a=(  1.144, -0.862,  9.706) m/s2 |a|= 9.811 w=(   0.610,  -0.427,  -0.976) dps T= 34.15 C
t= 4560.490946 a=(  1.154, -0.871,  9.720) m/s2 |a|= 9.827 w=(   0.610,  -0.427,  -1.037) dps T= 34.13 C
t= 4560.591780 a=(  1.173, -0.871,  9.701) m/s2 |a|= 9.811 w=(   0.549,  -0.427,  -1.098) dps T= 34.14 C
t= 4560.692629 a=(  1.159, -0.876,  9.706) m/s2 |a|= 9.814 w=(   0.549,  -0.427,  -1.037) dps T= 34.13 C
t= 4560.793465 a=(  1.168, -0.876,  9.730) m/s2 |a|= 9.839 w=(   0.610,  -0.488,  -1.037) dps T= 34.13 C
t= 4560.894393 a=(  1.149, -0.857,  9.716) m/s2 |a|= 9.821 w=(   0.610,  -0.427,  -1.037) dps T= 34.14 C
t= 4560.995271 a=(  1.164, -0.876,  9.701) m/s2 |a|= 9.810 w=(   0.549,  -0.488,  -1.098) dps T= 34.13 C
t= 4561.096145 a=(  1.164, -0.871,  9.711) m/s2 |a|= 9.819 w=(   0.549,  -0.427,  -1.037) dps T= 34.15 C
t= 4561.196997 a=(  1.159, -0.871,  9.711) m/s2 |a|= 9.819 w=(   0.549,  -0.427,  -1.037) dps T= 34.13 C
t= 4561.297841 a=(  1.159, -0.871,  9.711) m/s2 |a|= 9.819 w=(   0.549,  -0.427,  -1.098) dps T= 34.14 C
t= 4561.398687 a=(  1.168, -0.862,  9.706) m/s2 |a|= 9.814 w=(   0.610,  -0.427,  -1.037) dps T= 34.13 C
t= 4561.499516 a=(  1.168, -0.876,  9.720) m/s2 |a|= 9.830 w=(   0.549,  -0.427,  -1.037) dps T= 34.15 C
t= 4561.600432 a=(  1.149, -0.867,  9.716) m/s2 |a|= 9.822 w=(   0.549,  -0.427,  -1.037) dps T= 34.15 C
t= 4561.701275 a=(  1.164, -0.871,  9.706) m/s2 |a|= 9.814 w=(   0.549,  -0.488,  -1.037) dps T= 34.16 C
t= 4561.802098 a=(  1.159, -0.867,  9.720) m/s2 |a|= 9.828 w=(   0.610,  -0.488,  -1.037) dps T= 34.12 C
t= 4561.902925 a=(  1.168, -0.871,  9.711) m/s2 |a|= 9.820 w=(   0.549,  -0.427,  -1.037) dps T= 34.14 C
t= 4562.003773 a=(  1.154, -0.876,  9.697) m/s2 |a|= 9.804 w=(   0.610,  -0.427,  -0.976) dps T= 34.14 C
t= 4562.104634 a=(  1.164, -0.862,  9.711) m/s2 |a|= 9.818 w=(   0.610,  -0.488,  -1.037) dps T= 34.13 C
t= 4562.205519 a=(  1.149, -0.876,  9.701) m/s2 |a|= 9.808 w=(   0.610,  -0.488,  -1.037) dps T= 34.12 C
t= 4562.306392 a=(  1.159, -0.886,  9.720) m/s2 |a|= 9.829 w=(   0.549,  -0.427,  -1.037) dps T= 34.13 C
t= 4562.407252 a=(  1.159, -0.867,  9.697) m/s2 |a|= 9.804 w=(   0.549,  -0.427,  -1.037) dps T= 34.12 C
t= 4562.508107 a=(  1.173, -0.867,  9.711) m/s2 |a|= 9.820 w=(   0.549,  -0.427,  -1.098) dps T= 34.16 C
t= 4562.608989 a=(  1.154, -0.881,  9.716) m/s2 |a|= 9.824 w=(   0.610,  -0.427,  -1.098) dps T= 34.12 C
t= 4562.709858 a=(  1.168, -0.862,  9.701) m/s2 |a|= 9.809 w=(   0.549,  -0.427,  -1.037) dps T= 34.14 C
t= 4562.810762 a=(  1.164, -0.876,  9.706) m/s2 |a|= 9.815 w=(   0.549,  -0.427,  -1.037) dps T= 34.14 C
t= 4562.911602 a=(  1.154, -0.881,  9.706) m/s2 |a|= 9.814 w=(   0.488,  -0.488,  -1.037) dps T= 34.15 C
t= 4563.012435 a=(  1.164, -0.881,  9.706) m/s2 |a|= 9.815 w=(   0.488,  -0.427,  -1.037) dps T= 34.12 C
t= 4563.113285 a=(  1.154, -0.867,  9.697) m/s2 |a|= 9.803 w=(   0.610,  -0.488,  -1.037) dps T= 34.14 C
t= 4563.214192 a=(  1.154, -0.886,  9.711) m/s2 |a|= 9.819 w=(   0.549,  -0.427,  -1.037) dps T= 34.13 C
t= 4563.315071 a=(  1.168, -0.881,  9.711) m/s2 |a|= 9.821 w=(   0.610,  -0.427,  -1.037) dps T= 34.14 C
t= 4563.415949 a=(  1.159, -0.876,  9.706) m/s2 |a|= 9.814 w=(   0.610,  -0.427,  -1.037) dps T= 34.13 C
t= 4563.516817 a=(  1.164, -0.876,  9.711) m/s2 |a|= 9.820 w=(   0.610,  -0.488,  -0.976) dps T= 34.14 C
t= 4563.617699 a=(  1.154, -0.881,  9.716) m/s2 |a|= 9.824 w=(   0.610,  -0.427,  -1.037) dps T= 34.14 C
t= 4563.718586 a=(  1.178, -0.881,  9.711) m/s2 |a|= 9.822 w=(   0.549,  -0.427,  -1.037) dps T= 34.14 C
t= 4563.819437 a=(  1.159, -0.867,  9.716) m/s2 |a|= 9.823 w=(   0.610,  -0.427,  -1.037) dps T= 34.13 C
t= 4563.920360 a=(  1.154, -0.862,  9.711) m/s2 |a|= 9.817 w=(   0.488,  -0.427,  -1.037) dps T= 34.14 C
t= 4564.021234 a=(  1.164, -0.862,  9.720) m/s2 |a|= 9.828 w=(   0.671,  -0.488,  -1.037) dps T= 34.16 C
t= 4564.122070 a=(  1.149, -0.876,  9.711) m/s2 |a|= 9.818 w=(   0.549,  -0.427,  -1.037) dps T= 34.13 C
t= 4564.222919 a=(  1.154, -0.881,  9.706) m/s2 |a|= 9.814 w=(   0.610,  -0.427,  -1.098) dps T= 34.16 C
t= 4564.323745 a=(  1.154, -0.852,  9.725) m/s2 |a|= 9.830 w=(   0.610,  -0.366,  -1.037) dps T= 34.14 C
t= 4564.424593 a=(  1.159, -0.848,  9.716) m/s2 |a|= 9.821 w=(   0.549,  -0.427,  -1.037) dps T= 34.13 C
t= 4564.525592 a=(  1.159, -0.876,  9.687) m/s2 |a|= 9.795 w=(   0.549,  -0.488,  -1.037) dps T= 34.15 C
t= 4564.626481 a=(  1.149, -0.862,  9.701) m/s2 |a|= 9.807 w=(   0.488,  -0.427,  -1.037) dps T= 34.14 C
t= 4564.727342 a=(  1.159, -0.871,  9.725) m/s2 |a|= 9.833 w=(   0.610,  -0.427,  -1.098) dps T= 34.16 C
t= 4564.828198 a=(  1.164, -0.871,  9.697) m/s2 |a|= 9.805 w=(   0.610,  -0.488,  -1.037) dps T= 34.14 C
t= 4564.929046 a=(  1.164, -0.857,  9.706) m/s2 |a|= 9.813 w=(   0.549,  -0.488,  -1.037) dps T= 34.13 C
t= 4565.029880 a=(  1.159, -0.871,  9.706) m/s2 |a|= 9.814 w=(   0.549,  -0.427,  -0.976) dps T= 34.14 C
t= 4565.130768 a=(  1.168, -0.881,  9.711) m/s2 |a|= 9.821 w=(   0.610,  -0.488,  -1.037) dps T= 34.13 C
t= 4565.231629 a=(  1.168, -0.867,  9.716) m/s2 |a|= 9.824 w=(   0.549,  -0.427,  -1.037) dps T= 34.13 C
t= 4565.332486 a=(  1.140, -0.876,  9.711) m/s2 |a|= 9.817 w=(   0.549,  -0.427,  -1.098) dps T= 34.15 C
t= 4565.433329 a=(  1.164, -0.871,  9.706) m/s2 |a|= 9.814 w=(   0.610,  -0.427,  -1.037) dps T= 34.14 C
t= 4565.534161 a=(  1.154, -0.871,  9.716) m/s2 |a|= 9.823 w=(   0.610,  -0.488,  -1.037) dps T= 34.16 C
t= 4565.635014 a=(  1.164, -0.867,  9.720) m/s2 |a|= 9.828 w=(   0.610,  -0.427,  -1.098) dps T= 34.14 C
t= 4565.735930 a=(  1.164, -0.876,  9.706) m/s2 |a|= 9.815 w=(   0.610,  -0.488,  -1.098) dps T= 34.16 C
t= 4565.836803 a=(  1.159, -0.862,  9.720) m/s2 |a|= 9.827 w=(   0.610,  -0.488,  -1.098) dps T= 34.14 C
t= 4565.937659 a=(  1.154, -0.871,  9.711) m/s2 |a|= 9.818 w=(   0.549,  -0.488,  -1.037) dps T= 34.16 C
t= 4566.038499 a=(  1.144, -0.867,  9.711) m/s2 |a|= 9.816 w=(   0.549,  -0.427,  -1.037) dps T= 34.14 C
t= 4566.139324 a=(  1.164, -0.881,  9.711) m/s2 |a|= 9.820 w=(   0.610,  -0.427,  -1.037) dps T= 34.15 C
t= 4566.240163 a=(  1.178, -0.871,  9.725) m/s2 |a|= 9.835 w=(   0.549,  -0.427,  -1.037) dps T= 34.16 C
t= 4566.341032 a=(  1.144, -0.871,  9.716) m/s2 |a|= 9.822 w=(   0.549,  -0.427,  -1.037) dps T= 34.17 C
t= 4566.441871 a=(  1.168, -0.867,  9.701) m/s2 |a|= 9.810 w=(   0.549,  -0.427,  -1.037) dps T= 34.16 C
t= 4566.542754 a=(  1.168, -0.876,  9.716) m/s2 |a|= 9.825 w=(   0.549,  -0.488,  -1.037) dps T= 34.15 C
t= 4566.643588 a=(  1.159, -0.867,  9.716) m/s2 |a|= 9.823 w=(   0.549,  -0.427,  -1.098) dps T= 34.14 C
t= 4566.744440 a=(  1.173, -0.876,  9.716) m/s2 |a|= 9.825 w=(   0.610,  -0.488,  -1.037) dps T= 34.16 C
t= 4566.845339 a=(  1.164, -0.871,  9.706) m/s2 |a|= 9.814 w=(   0.549,  -0.427,  -1.098) dps T= 34.15 C
t= 4566.946223 a=(  1.168, -0.848,  9.716) m/s2 |a|= 9.822 w=(   0.549,  -0.427,  -1.037) dps T= 34.16 C
t= 4567.047109 a=(  1.164, -0.876,  9.711) m/s2 |a|= 9.820 w=(   0.610,  -0.427,  -1.037) dps T= 34.16 C
t= 4567.147958 a=(  1.168, -0.881,  9.706) m/s2 |a|= 9.816 w=(   0.488,  -0.427,  -1.037) dps T= 34.15 C
t= 4567.248796 a=(  1.154, -0.881,  9.701) m/s2 |a|= 9.809 w=(   0.549,  -0.427,  -1.037) dps T= 34.15 C
t= 4567.349657 a=(  1.154, -0.867,  9.706) m/s2 |a|= 9.813 w=(   0.610,  -0.427,  -1.098) dps T= 34.15 C
t= 4567.450675 a=(  1.149, -0.862,  9.711) m/s2 |a|= 9.817 w=(   0.549,  -0.488,  -1.037) dps T= 34.15 C
t= 4567.551514 a=(  1.164, -0.867,  9.720) m/s2 |a|= 9.828 w=(   0.549,  -0.488,  -1.037) dps T= 34.15 C
t= 4567.652336 a=(  1.149, -0.876,  9.711) m/s2 |a|= 9.818 w=(   0.610,  -0.488,  -1.037) dps T= 34.14 C
t= 4567.753163 a=(  1.168, -0.871,  9.706) m/s2 |a|= 9.815 w=(   0.549,  -0.427,  -1.037) dps T= 34.15 C
t= 4567.853980 a=(  1.164, -0.867,  9.711) m/s2 |a|= 9.819 w=(   0.549,  -0.427,  -1.037) dps T= 34.16 C
t= 4567.954804 a=(  1.168, -0.862,  9.716) m/s2 |a|= 9.824 w=(   0.610,  -0.427,  -1.037) dps T= 34.14 C
t= 4568.055753 a=(  1.164, -0.871,  9.711) m/s2 |a|= 9.819 w=(   0.610,  -0.427,  -1.037) dps T= 34.15 C
t= 4568.156629 a=(  1.164, -0.862,  9.706) m/s2 |a|= 9.814 w=(   0.549,  -0.427,  -1.037) dps T= 34.16 C
t= 4568.257517 a=(  1.159, -0.862,  9.701) m/s2 |a|= 9.808 w=(   0.549,  -0.427,  -1.037) dps T= 34.15 C
t= 4568.358376 a=(  1.159, -0.867,  9.720) m/s2 |a|= 9.828 w=(   0.549,  -0.427,  -1.037) dps T= 34.16 C
t= 4568.459244 a=(  1.149, -0.867,  9.706) m/s2 |a|= 9.812 w=(   0.610,  -0.427,  -1.037) dps T= 34.16 C
t= 4568.560094 a=(  1.154, -0.867,  9.716) m/s2 |a|= 9.822 w=(   0.549,  -0.427,  -0.976) dps T= 34.13 C
t= 4568.660924 a=(  1.154, -0.871,  9.701) m/s2 |a|= 9.808 w=(   0.610,  -0.488,  -1.037) dps T= 34.16 C
t= 4568.761752 a=(  1.159, -0.852,  9.720) m/s2 |a|= 9.826 w=(   0.549,  -0.427,  -1.037) dps T= 34.15 C
t= 4568.862604 a=(  1.159, -0.871,  9.701) m/s2 |a|= 9.809 w=(   0.549,  -0.427,  -1.037) dps T= 34.14 C
t= 4568.963433 a=(  1.168, -0.871,  9.692) m/s2 |a|= 9.801 w=(   0.610,  -0.427,  -1.098) dps T= 34.15 C
t= 4569.064272 a=(  1.168, -0.862,  9.701) m/s2 |a|= 9.809 w=(   0.549,  -0.427,  -1.037) dps T= 34.16 C
t= 4569.165107 a=(  1.159, -0.867,  9.711) m/s2 |a|= 9.818 w=(   0.549,  -0.427,  -1.037) dps T= 34.15 C
t= 4569.265988 a=(  1.154, -0.871,  9.720) m/s2 |a|= 9.827 w=(   0.610,  -0.427,  -1.037) dps T= 34.16 C
t= 4569.366863 a=(  1.173, -0.871,  9.706) m/s2 |a|= 9.816 w=(   0.549,  -0.488,  -1.037) dps T= 34.15 C
t= 4569.467745 a=(  1.168, -0.857,  9.720) m/s2 |a|= 9.828 w=(   0.610,  -0.427,  -0.976) dps T= 34.15 C
t= 4569.568643 a=(  1.164, -0.862,  9.711) m/s2 |a|= 9.818 w=(   0.549,  -0.427,  -1.037) dps T= 34.17 C
t= 4569.669483 a=(  1.168, -0.857,  9.706) m/s2 |a|= 9.814 w=(   0.488,  -0.427,  -1.037) dps T= 34.16 C
t= 4569.770487 a=(  1.159, -0.871,  9.711) m/s2 |a|= 9.819 w=(   0.610,  -0.427,  -1.037) dps T= 34.16 C
t= 4569.871324 a=(  1.159, -0.876,  9.697) m/s2 |a|= 9.805 w=(   0.549,  -0.427,  -1.037) dps T= 34.16 C
t= 4569.972152 a=(  1.168, -0.867,  9.720) m/s2 |a|= 9.829 w=(   0.549,  -0.488,  -1.098) dps T= 34.17 C
t= 4570.072982 a=(  1.159, -0.876,  9.711) m/s2 |a|= 9.819 w=(   0.610,  -0.427,  -1.098) dps T= 34.14 C
t= 4570.173798 a=(  1.159, -0.862,  9.701) m/s2 |a|= 9.808 w=(   0.610,  -0.488,  -1.037) dps T= 34.17 C
t= 4570.274640 a=(  1.149, -0.881,  9.716) m/s2 |a|= 9.823 w=(   0.610,  -0.488,  -1.037) dps T= 34.17 C
t= 4570.375490 a=(  1.168, -0.871,  9.754) m/s2 |a|= 9.862 w=(   0.610,  -0.427,  -1.037) dps T= 34.16 C
t= 4570.476474 a=(  1.183, -0.862,  9.773) m/s2 |a|= 9.882 w=(   0.183,  -0.427,  -1.037) dps T= 34.17 C
t= 4570.577385 a=(  1.173, -0.867,  9.749) m/s2 |a|= 9.858 w=(   0.366,  -0.427,  -1.098) dps T= 34.16 C
t= 4570.678297 a=(  1.077, -0.881,  9.826) m/s2 |a|= 9.924 w=(   0.610,  -0.427,  -0.549) dps T= 34.17 C
t= 4570.779257 a=(  1.216, -0.742,  9.993) m/s2 |a|=10.094 w=(   0.183,  -1.037,  31.524) dps T= 34.16 C
t= 4570.880086 a=(  1.178, -0.824,  9.749) m/s2 |a|= 9.855 w=(   0.549,  -3.110,  22.744) dps T= 34.15 C
t= 4570.980966 a=(  1.159, -0.943,  9.692) m/s2 |a|= 9.806 w=(   0.305,  -2.439,  27.988) dps T= 34.15 C
t= 4571.081818 a=(  1.197, -0.986,  9.735) m/s2 |a|= 9.858 w=(   1.037,  -2.012,  12.195) dps T= 34.13 C
t= 4571.182640 a=(  1.365, -0.982,  9.639) m/s2 |a|= 9.785 w=(   0.549,  -0.793,   0.732) dps T= 34.16 C
t= 4571.283539 a=(  1.159, -1.053,  9.677) m/s2 |a|= 9.803 w=(   0.610,  -0.366,  -1.037) dps T= 34.16 C
t= 4571.384383 a=(  1.159, -1.063,  9.692) m/s2 |a|= 9.818 w=(   0.610,  -0.427,  -1.098) dps T= 34.16 C
t= 4571.485240 a=(  1.159, -1.058,  9.668) m/s2 |a|= 9.794 w=(   0.549,  -0.488,  -1.098) dps T= 34.16 C
t= 4571.586075 a=(  1.168, -1.053,  9.687) m/s2 |a|= 9.814 w=(   0.549,  -0.488,  -1.037) dps T= 34.16 C
t= 4571.686945 a=(  1.164, -1.049,  9.687) m/s2 |a|= 9.813 w=(   0.549,  -0.427,  -1.037) dps T= 34.17 C
t= 4571.787961 a=(  1.149, -1.049,  9.711) m/s2 |a|= 9.835 w=(   0.549,  -0.488,  -1.037) dps T= 34.15 C
t= 4571.888819 a=(  1.159, -1.025,  9.697) m/s2 |a|= 9.819 w=(   0.671,  -0.488,  -1.037) dps T= 34.14 C
t= 4571.989669 a=(  1.164, -1.034,  9.716) m/s2 |a|= 9.840 w=(   0.610,  -0.427,  -1.037) dps T= 34.16 C
t= 4572.090707 a=(  1.168, -1.034,  9.682) m/s2 |a|= 9.807 w=(   0.610,  -0.427,  -1.037) dps T= 34.16 C
t= 4572.191579 a=(  1.178, -1.039,  9.692) m/s2 |a|= 9.818 w=(   0.610,  -0.427,  -1.037) dps T= 34.16 C
t= 4572.292421 a=(  1.164, -1.044,  9.692) m/s2 |a|= 9.817 w=(   0.549,  -0.427,  -1.037) dps T= 34.17 C
t= 4572.393249 a=(  1.159, -1.044,  9.697) m/s2 |a|= 9.821 w=(   0.488,  -0.488,  -1.098) dps T= 34.16 C
t= 4572.494113 a=(  1.154, -1.039,  9.711) m/s2 |a|= 9.834 w=(   0.610,  -0.427,  -1.037) dps T= 34.15 C
t= 4572.594935 a=(  1.168, -1.044,  9.692) m/s2 |a|= 9.818 w=(   0.549,  -0.427,  -1.037) dps T= 34.16 C
t= 4572.695801 a=(  1.168, -1.039,  9.687) m/s2 |a|= 9.812 w=(   0.610,  -0.427,  -1.037) dps T= 34.15 C
t= 4572.796642 a=(  1.164, -1.044,  9.697) m/s2 |a|= 9.822 w=(   0.549,  -0.427,  -1.037) dps T= 34.16 C
t= 4572.897540 a=(  1.159, -1.058,  9.706) m/s2 |a|= 9.832 w=(   0.488,  -0.427,  -1.037) dps T= 34.16 C
t= 4572.998417 a=(  1.168, -1.044,  9.701) m/s2 |a|= 9.827 w=(   0.549,  -0.427,  -1.037) dps T= 34.16 C
t= 4573.099275 a=(  1.164, -1.044,  9.692) m/s2 |a|= 9.817 w=(   0.549,  -0.488,  -1.037) dps T= 34.16 C
t= 4573.200137 a=(  1.164, -1.044,  9.692) m/s2 |a|= 9.817 w=(   0.610,  -0.427,  -1.098) dps T= 34.17 C
t= 4573.300994 a=(  1.173, -1.030,  9.706) m/s2 |a|= 9.831 w=(   0.610,  -0.427,  -1.098) dps T= 34.16 C
t= 4573.401842 a=(  1.164, -1.034,  9.682) m/s2 |a|= 9.807 w=(   0.549,  -0.427,  -1.037) dps T= 34.18 C
t= 4573.502685 a=(  1.168, -1.034,  9.687) m/s2 |a|= 9.812 w=(   0.610,  -0.427,  -1.098) dps T= 34.17 C
t= 4573.603517 a=(  1.164, -1.058,  9.682) m/s2 |a|= 9.809 w=(   0.549,  -0.427,  -1.098) dps T= 34.18 C
t= 4573.704353 a=(  1.173, -1.044,  9.706) m/s2 |a|= 9.832 w=(   0.549,  -0.427,  -0.976) dps T= 34.16 C
t= 4573.805192 a=(  1.144, -1.049,  9.701) m/s2 |a|= 9.825 w=(   0.610,  -0.427,  -1.037) dps T= 34.17 C
t= 4573.906026 a=(  1.159, -1.049,  9.682) m/s2 |a|= 9.807 w=(   0.549,  -0.427,  -1.037) dps T= 34.16 C
t= 4574.006853 a=(  1.154, -1.053,  9.687) m/s2 |a|= 9.812 w=(   0.610,  -0.427,  -1.098) dps T= 34.17 C
t= 4574.107746 a=(  1.168, -1.053,  9.697) m/s2 |a|= 9.823 w=(   0.549,  -0.427,  -1.098) dps T= 34.16 C
t= 4574.208647 a=(  1.168, -1.058,  9.687) m/s2 |a|= 9.814 w=(   0.549,  -0.488,  -1.098) dps T= 34.14 C
t= 4574.309584 a=(  1.154, -1.044,  9.697) m/s2 |a|= 9.821 w=(   0.549,  -0.427,  -1.098) dps T= 34.17 C
t= 4574.410653 a=(  1.164, -1.039,  9.701) m/s2 |a|= 9.826 w=(   0.671,  -0.427,  -1.098) dps T= 34.15 C
t= 4574.511542 a=(  1.168, -1.049,  9.716) m/s2 |a|= 9.842 w=(   0.549,  -0.427,  -1.037) dps T= 34.16 C
t= 4574.612384 a=(  1.178, -1.044,  9.697) m/s2 |a|= 9.823 w=(   0.549,  -0.427,  -1.098) dps T= 34.16 C
t= 4574.713217 a=(  1.178, -1.053,  9.677) m/s2 |a|= 9.806 w=(   0.488,  -0.488,  -1.037) dps T= 34.16 C
t= 4574.814069 a=(  1.164, -1.049,  9.692) m/s2 |a|= 9.817 w=(   0.549,  -0.427,  -1.037) dps T= 34.15 C
t= 4574.914893 a=(  1.149, -1.034,  9.692) m/s2 |a|= 9.814 w=(   0.610,  -0.427,  -1.037) dps T= 34.15 C
t= 4575.015753 a=(  1.178, -1.044,  9.692) m/s2 |a|= 9.819 w=(   0.610,  -0.427,  -1.037) dps T= 34.16 C
t= 4575.116576 a=(  1.168, -1.058,  9.687) m/s2 |a|= 9.814 w=(   0.549,  -0.427,  -1.037) dps T= 34.16 C
t= 4575.217445 a=(  1.173, -1.049,  9.682) m/s2 |a|= 9.809 w=(   0.610,  -0.488,  -1.037) dps T= 34.17 C
t= 4575.318337 a=(  1.168, -1.058,  9.677) m/s2 |a|= 9.805 w=(   0.549,  -0.488,  -1.037) dps T= 34.15 C
t= 4575.419215 a=(  1.159, -1.053,  9.697) m/s2 |a|= 9.822 w=(   0.549,  -0.488,  -1.037) dps T= 34.18 C
t= 4575.520071 a=(  1.168, -1.039,  9.711) m/s2 |a|= 9.836 w=(   0.549,  -0.427,  -0.976) dps T= 34.16 C
t= 4575.620928 a=(  1.154, -1.044,  9.697) m/s2 |a|= 9.821 w=(   0.610,  -0.427,  -1.037) dps T= 34.16 C
t= 4575.721760 a=(  1.173, -1.049,  9.706) m/s2 |a|= 9.833 w=(   0.610,  -0.488,  -1.037) dps T= 34.16 C
t= 4575.822608 a=(  1.178, -1.049,  9.692) m/s2 |a|= 9.819 w=(   0.549,  -0.427,  -1.098) dps T= 34.16 C
t= 4575.923446 a=(  1.154, -1.053,  9.701) m/s2 |a|= 9.826 w=(   0.549,  -0.427,  -1.037) dps T= 34.18 C
t= 4576.024306 a=(  1.154, -1.044,  9.701) m/s2 |a|= 9.825 w=(   0.549,  -0.427,  -1.037) dps T= 34.17 C
t= 4576.125148 a=(  1.168, -1.058,  9.692) m/s2 |a|= 9.819 w=(   0.549,  -0.488,  -1.037) dps T= 34.16 C
t= 4576.225979 a=(  1.159, -1.049,  9.692) m/s2 |a|= 9.817 w=(   0.549,  -0.427,  -0.976) dps T= 34.16 C
t= 4576.326830 a=(  1.168, -1.058,  9.706) m/s2 |a|= 9.833 w=(   0.610,  -0.427,  -1.037) dps T= 34.15 C
t= 4576.427669 a=(  1.168, -1.058,  9.692) m/s2 |a|= 9.819 w=(   0.610,  -0.427,  -1.098) dps T= 34.16 C
t= 4576.528554 a=(  1.164, -1.053,  9.677) m/s2 |a|= 9.804 w=(   0.549,  -0.427,  -1.037) dps T= 34.16 C
t= 4576.629435 a=(  1.173, -1.049,  9.682) m/s2 |a|= 9.809 w=(   0.610,  -0.488,  -1.037) dps T= 34.15 C
t= 4576.730454 a=(  1.178, -1.063,  9.673) m/s2 |a|= 9.802 w=(   0.549,  -0.427,  -1.098) dps T= 34.17 C
t= 4576.831339 a=(  1.154, -1.053,  9.687) m/s2 |a|= 9.812 w=(   0.671,  -0.427,  -1.037) dps T= 34.16 C
t= 4576.932169 a=(  1.168, -1.049,  9.687) m/s2 |a|= 9.813 w=(   0.671,  -0.427,  -0.976) dps T= 34.17 C
t= 4577.033006 a=(  1.168, -1.049,  9.677) m/s2 |a|= 9.804 w=(   0.610,  -0.427,  -1.037) dps T= 34.17 C
t= 4577.133866 a=(  1.183, -1.053,  9.706) m/s2 |a|= 9.834 w=(   0.732,  -0.366,  -1.098) dps T= 34.16 C
t= 4577.234733 a=(  1.164, -1.039,  9.706) m/s2 |a|= 9.831 w=(   0.732,  -0.488,  -1.037) dps T= 34.16 C
t= 4577.335607 a=(  1.164, -1.039,  9.701) m/s2 |a|= 9.826 w=(   0.549,  -0.427,  -1.037) dps T= 34.14 C
t= 4577.436437 a=(  1.164, -1.044,  9.701) m/s2 |a|= 9.826 w=(   0.549,  -0.427,  -1.037) dps T= 34.17 C
t= 4577.537275 a=(  1.168, -1.039,  9.697) m/s2 |a|= 9.822 w=(   0.488,  -0.488,  -1.037) dps T= 34.16 C
t= 4577.638135 a=(  1.168, -1.039,  9.687) m/s2 |a|= 9.812 w=(   0.671,  -0.366,  -1.037) dps T= 34.17 C
t= 4577.739084 a=(  1.164, -1.039,  9.701) m/s2 |a|= 9.826 w=(   0.732,  -0.488,  -1.037) dps T= 34.16 C
t= 4577.839993 a=(  1.188, -1.058,  9.701) m/s2 |a|= 9.831 w=(   0.610,  -0.427,  -1.037) dps T= 34.17 C
t= 4577.940895 a=(  1.164, -1.015,  9.706) m/s2 |a|= 9.828 w=(   0.549,  -0.366,  -1.098) dps T= 34.16 C
t= 4578.041750 a=(  1.164, -1.039,  9.701) m/s2 |a|= 9.826 w=(   0.549,  -0.427,  -1.098) dps T= 34.16 C
t= 4578.142601 a=(  1.159, -1.039,  9.701) m/s2 |a|= 9.825 w=(   0.549,  -0.427,  -1.037) dps T= 34.17 C
t= 4578.243436 a=(  1.159, -1.034,  9.682) m/s2 |a|= 9.806 w=(   0.549,  -0.427,  -1.098) dps T= 34.15 C
t= 4578.344335 a=(  1.164, -1.030,  9.687) m/s2 |a|= 9.811 w=(   0.488,  -0.427,  -0.976) dps T= 34.17 C
t= 4578.445198 a=(  1.168, -1.039,  9.701) m/s2 |a|= 9.827 w=(   0.549,  -0.427,  -1.098) dps T= 34.16 C
t= 4578.546043 a=(  1.173, -1.058,  9.682) m/s2 |a|= 9.810 w=(   0.549,  -0.427,  -1.037) dps T= 34.17 C
t= 4578.646902 a=(  1.168, -1.044,  9.701) m/s2 |a|= 9.827 w=(   0.549,  -0.427,  -1.098) dps T= 34.16 C
t= 4578.747734 a=(  1.168, -1.053,  9.706) m/s2 |a|= 9.833 w=(   0.549,  -0.427,  -1.037) dps T= 34.17 C
t= 4578.848712 a=(  1.173, -1.049,  9.697) m/s2 |a|= 9.823 w=(   0.549,  -0.427,  -1.037) dps T= 34.16 C
t= 4578.949598 a=(  1.173, -1.053,  9.687) m/s2 |a|= 9.814 w=(   0.549,  -0.427,  -1.098) dps T= 34.17 C
t= 4579.050643 a=(  1.154, -1.039,  9.697) m/s2 |a|= 9.820 w=(   0.549,  -0.427,  -1.037) dps T= 34.17 C
t= 4579.151521 a=(  1.164, -1.044,  9.701) m/s2 |a|= 9.826 w=(   0.549,  -0.427,  -1.037) dps T= 34.17 C
t= 4579.252369 a=(  1.173, -1.049,  9.692) m/s2 |a|= 9.819 w=(   0.549,  -0.427,  -1.098) dps T= 34.18 C
t= 4579.353217 a=(  1.154, -1.044,  9.697) m/s2 |a|= 9.821 w=(   0.488,  -0.488,  -1.098) dps T= 34.16 C
t= 4579.454049 a=(  1.168, -1.044,  9.687) m/s2 |a|= 9.813 w=(   0.549,  -0.366,  -1.098) dps T= 34.17 C
t= 4579.554889 a=(  1.164, -1.058,  9.682) m/s2 |a|= 9.809 w=(   0.549,  -0.427,  -1.037) dps T= 34.16 C
t= 4579.655722 a=(  1.159, -1.049,  9.692) m/s2 |a|= 9.817 w=(   0.549,  -0.427,  -1.037) dps T= 34.16 C
t= 4579.756562 a=(  1.168, -1.053,  9.682) m/s2 |a|= 9.809 w=(   0.488,  -0.427,  -1.037) dps T= 34.17 C
t= 4579.857401 a=(  1.159, -1.049,  9.692) m/s2 |a|= 9.817 w=(   0.549,  -0.427,  -1.037) dps T= 34.16 C
t= 4579.958227 a=(  1.178, -1.053,  9.692) m/s2 |a|= 9.820 w=(   0.610,  -0.427,  -1.098) dps T= 34.16 C
t= 4580.059130 a=(  1.159, -1.053,  9.716) m/s2 |a|= 9.841 w=(   0.610,  -0.427,  -1.037) dps T= 34.15 C
t= 4580.160099 a=(  1.159, -1.044,  9.677) m/s2 |a|= 9.802 w=(   0.610,  -0.427,  -1.037) dps T= 34.15 C
t= 4580.261032 a=(  1.149, -1.030,  9.697) m/s2 |a|= 9.819 w=(   0.549,  -0.488,  -1.037) dps T= 34.16 C
t= 4580.361904 a=(  1.159, -1.049,  9.697) m/s2 |a|= 9.822 w=(   0.610,  -0.427,  -1.037) dps T= 34.16 C
t= 4580.462786 a=(  1.159, -1.058,  9.692) m/s2 |a|= 9.818 w=(   0.610,  -0.488,  -1.037) dps T= 34.16 C
t= 4580.563639 a=(  1.168, -1.049,  9.682) m/s2 |a|= 9.809 w=(   0.671,  -0.488,  -1.098) dps T= 34.17 C
t= 4580.664498 a=(  1.164, -1.053,  9.697) m/s2 |a|= 9.823 w=(   0.610,  -0.427,  -1.037) dps T= 34.16 C
t= 4580.765350 a=(  1.164, -1.049,  9.706) m/s2 |a|= 9.832 w=(   0.488,  -0.427,  -1.037) dps T= 34.15 C
t= 4580.866178 a=(  1.168, -1.044,  9.697) m/s2 |a|= 9.822 w=(   0.549,  -0.427,  -1.037) dps T= 34.16 C
t= 4580.967010 a=(  1.178, -1.063,  9.697) m/s2 |a|= 9.825 w=(   0.549,  -0.427,  -1.098) dps T= 34.16 C
t= 4581.067920 a=(  1.173, -1.049,  9.701) m/s2 |a|= 9.828 w=(   0.549,  -0.427,  -1.037) dps T= 34.17 C
t= 4581.168773 a=(  1.159, -1.044,  9.692) m/s2 |a|= 9.816 w=(   0.549,  -0.427,  -0.976) dps T= 34.16 C
t= 4581.269645 a=(  1.164, -1.039,  9.697) m/s2 |a|= 9.821 w=(   0.549,  -0.488,  -1.037) dps T= 34.18 C
t= 4581.370738 a=(  1.168, -1.049,  9.692) m/s2 |a|= 9.818 w=(   0.549,  -0.427,  -1.037) dps T= 34.16 C
t= 4581.471660 a=(  1.168, -1.053,  9.687) m/s2 |a|= 9.814 w=(   0.549,  -0.427,  -1.098) dps T= 34.17 C
t= 4581.572518 a=(  1.159, -1.049,  9.697) m/s2 |a|= 9.822 w=(   0.549,  -0.427,  -1.037) dps T= 34.18 C
t= 4581.673355 a=(  1.164, -1.044,  9.711) m/s2 |a|= 9.836 w=(   0.549,  -0.427,  -1.098) dps T= 34.15 C
t= 4581.774223 a=(  1.164, -1.044,  9.682) m/s2 |a|= 9.808 w=(   0.549,  -0.488,  -0.976) dps T= 34.15 C
t= 4581.875054 a=(  1.173, -1.053,  9.692) m/s2 |a|= 9.819 w=(   0.488,  -0.427,  -1.037) dps T= 34.18 C
t= 4581.975926 a=(  1.164, -1.044,  9.701) m/s2 |a|= 9.826 w=(   0.549,  -0.427,  -1.037) dps T= 34.18 C
t= 4582.076753 a=(  1.159, -1.053,  9.687) m/s2 |a|= 9.813 w=(   0.549,  -0.427,  -1.037) dps T= 34.18 C
t= 4582.177578 a=(  1.164, -1.049,  9.687) m/s2 |a|= 9.813 w=(   0.549,  -0.427,  -1.037) dps T= 34.15 C
t= 4582.278506 a=(  1.164, -1.044,  9.706) m/s2 |a|= 9.831 w=(   0.610,  -0.427,  -1.037) dps T= 34.18 C
t= 4582.379368 a=(  1.178, -1.044,  9.697) m/s2 |a|= 9.823 w=(   0.610,  -0.488,  -1.037) dps T= 34.18 C
t= 4582.480409 a=(  1.154, -1.039,  9.697) m/s2 |a|= 9.820 w=(   0.610,  -0.427,  -1.037) dps T= 34.16 C
t= 4582.581321 a=(  1.149, -1.044,  9.692) m/s2 |a|= 9.815 w=(   0.549,  -0.488,  -1.037) dps T= 34.19 C
t= 4582.682206 a=(  1.149, -1.053,  9.697) m/s2 |a|= 9.821 w=(   0.549,  -0.427,  -1.098) dps T= 34.19 C
t= 4582.783044 a=(  1.159, -1.058,  9.677) m/s2 |a|= 9.804 w=(   0.549,  -0.366,  -1.098) dps T= 34.19 C
t= 4582.883878 a=(  1.164, -1.049,  9.692) m/s2 |a|= 9.817 w=(   0.549,  -0.427,  -1.037) dps T= 34.18 C
t= 4582.984736 a=(  1.159, -1.049,  9.682) m/s2 |a|= 9.807 w=(   0.549,  -0.427,  -1.037) dps T= 34.16 C
t= 4583.085558 a=(  1.159, -1.044,  9.697) m/s2 |a|= 9.821 w=(   0.549,  -0.488,  -1.037) dps T= 34.16 C
t= 4583.186408 a=(  1.149, -1.053,  9.692) m/s2 |a|= 9.816 w=(   0.549,  -0.427,  -1.098) dps T= 34.20 C
t= 4583.287300 a=(  1.168, -1.063,  9.697) m/s2 |a|= 9.824 w=(   0.610,  -0.488,  -1.098) dps T= 34.18 C
t= 4583.388137 a=(  1.159, -1.044,  9.687) m/s2 |a|= 9.812 w=(   0.549,  -0.427,  -0.976) dps T= 34.16 C
t= 4583.489037 a=(  1.173, -1.053,  9.692) m/s2 |a|= 9.819 w=(   0.610,  -0.427,  -1.037) dps T= 34.18 C
t= 4583.589877 a=(  1.178, -1.058,  9.697) m/s2 |a|= 9.825 w=(   0.610,  -0.488,  -1.037) dps T= 34.16 C
t= 4583.690929 a=(  1.173, -1.053,  9.706) m/s2 |a|= 9.833 w=(   0.549,  -0.488,  -1.037) dps T= 34.17 C
t= 4583.791823 a=(  1.168, -1.044,  9.706) m/s2 |a|= 9.832 w=(   0.549,  -0.427,  -1.098) dps T= 34.18 C
t= 4583.892706 a=(  1.173, -1.053,  9.692) m/s2 |a|= 9.819 w=(   0.549,  -0.488,  -1.037) dps T= 34.18 C
t= 4583.993550 a=(  1.168, -1.039,  9.711) m/s2 |a|= 9.836 w=(   0.549,  -0.427,  -1.037) dps T= 34.17 C
t= 4584.094402 a=(  1.159, -1.039,  9.711) m/s2 |a|= 9.835 w=(   0.488,  -0.427,  -1.037) dps T= 34.19 C
t= 4584.195245 a=(  1.149, -1.049,  9.692) m/s2 |a|= 9.816 w=(   0.549,  -0.427,  -1.037) dps T= 34.18 C
t= 4584.296087 a=(  1.173, -1.058,  9.701) m/s2 |a|= 9.829 w=(   0.549,  -0.427,  -1.098) dps T= 34.19 C
t= 4584.396921 a=(  1.159, -1.049,  9.692) m/s2 |a|= 9.817 w=(   0.549,  -0.427,  -1.098) dps T= 34.19 C
t= 4584.497760 a=(  1.164, -1.049,  9.706) m/s2 |a|= 9.832 w=(   0.549,  -0.427,  -1.037) dps T= 34.18 C
t= 4584.598598 a=(  1.149, -1.058,  9.706) m/s2 |a|= 9.831 w=(   0.488,  -0.427,  -1.037) dps T= 34.16 C
t= 4584.699436 a=(  1.173, -1.058,  9.697) m/s2 |a|= 9.824 w=(   0.610,  -0.427,  -1.098) dps T= 34.17 C
t= 4584.800382 a=(  1.164, -1.049,  9.701) m/s2 |a|= 9.827 w=(   0.549,  -0.427,  -1.037) dps T= 34.17 C
t= 4584.901253 a=(  1.164, -1.053,  9.711) m/s2 |a|= 9.837 w=(   0.549,  -0.427,  -1.098) dps T= 34.14 C
t= 4585.002159 a=(  1.154, -1.063,  9.697) m/s2 |a|= 9.823 w=(   0.549,  -0.488,  -1.037) dps T= 34.19 C
t= 4585.103005 a=(  1.168, -1.058,  9.692) m/s2 |a|= 9.819 w=(   0.549,  -0.488,  -1.037) dps T= 34.18 C
t= 4585.203855 a=(  1.164, -1.053,  9.701) m/s2 |a|= 9.827 w=(   0.610,  -0.488,  -1.037) dps T= 34.17 C
t= 4585.304679 a=(  1.173, -1.058,  9.687) m/s2 |a|= 9.815 w=(   0.549,  -0.427,  -1.098) dps T= 34.17 C
t= 4585.405506 a=(  1.173, -1.044,  9.697) m/s2 |a|= 9.823 w=(   0.549,  -0.427,  -1.098) dps T= 34.17 C
t= 4585.506336 a=(  1.168, -1.044,  9.687) m/s2 |a|= 9.813 w=(   0.549,  -0.366,  -1.037) dps T= 34.19 C
t= 4585.607179 a=(  1.164, -1.049,  9.697) m/s2 |a|= 9.822 w=(   0.610,  -0.427,  -1.037) dps T= 34.17 C
t= 4585.708009 a=(  1.159, -1.044,  9.687) m/s2 |a|= 9.812 w=(   0.488,  -0.488,  -1.037) dps T= 34.16 C
t= 4585.808843 a=(  1.154, -1.063,  9.673) m/s2 |a|= 9.799 w=(   0.610,  -0.488,  -1.098) dps T= 34.18 C
t= 4585.909655 a=(  1.159, -1.058,  9.692) m/s2 |a|= 9.818 w=(   0.549,  -0.488,  -1.037) dps T= 34.17 C
t= 4586.010579 a=(  1.173, -1.049,  9.639) m/s2 |a|= 9.767 w=(   0.671,  -0.427,  -1.037) dps T= 34.16 C
t= 4586.111480 a=(  1.164, -1.053,  9.668) m/s2 |a|= 9.794 w=(   0.549,  -0.488,  -1.037) dps T= 34.17 C
t= 4586.212420 a=(  1.173, -1.049,  9.682) m/s2 |a|= 9.809 w=(   0.549,  -0.488,  -1.037) dps T= 34.17 C
t= 4586.313301 a=(  1.154, -1.049,  9.682) m/s2 |a|= 9.807 w=(   0.549,  -0.427,  -1.098) dps T= 34.17 C
t= 4586.414170 a=(  1.154, -1.049,  9.692) m/s2 |a|= 9.816 w=(   0.610,  -0.488,  -1.037) dps T= 34.18 C
t= 4586.515011 a=(  1.164, -1.044,  9.697) m/s2 |a|= 9.822 w=(   0.549,  -0.488,  -1.037) dps T= 34.17 C
t= 4586.615850 a=(  1.168, -1.053,  9.697) m/s2 |a|= 9.823 w=(   0.549,  -0.488,  -1.037) dps T= 34.17 C
t= 4586.716683 a=(  1.159, -1.053,  9.711) m/s2 |a|= 9.836 w=(   0.549,  -0.488,  -0.976) dps T= 34.17 C
t= 4586.817523 a=(  1.168, -1.044,  9.697) m/s2 |a|= 9.822 w=(   0.549,  -0.488,  -1.037) dps T= 34.18 C
t= 4586.918335 a=(  1.164, -1.053,  9.697) m/s2 |a|= 9.823 w=(   0.610,  -0.366,  -1.037) dps T= 34.17 C
t= 4587.019170 a=(  1.149, -1.053,  9.701) m/s2 |a|= 9.826 w=(   0.610,  -0.488,  -1.037) dps T= 34.16 C
t= 4587.120138 a=(  1.149, -1.053,  9.701) m/s2 |a|= 9.826 w=(   0.549,  -0.427,  -1.037) dps T= 34.16 C
t= 4587.221022 a=(  1.159, -1.044,  9.692) m/s2 |a|= 9.816 w=(   0.549,  -0.427,  -1.037) dps T= 34.18 C
t= 4587.321899 a=(  1.164, -1.049,  9.692) m/s2 |a|= 9.817 w=(   0.610,  -0.427,  -1.037) dps T= 34.18 C
t= 4587.422800 a=(  1.168, -1.053,  9.682) m/s2 |a|= 9.809 w=(   0.549,  -0.488,  -1.098) dps T= 34.17 C
t= 4587.523662 a=(  1.173, -1.063,  9.687) m/s2 |a|= 9.815 w=(   0.610,  -0.427,  -1.037) dps T= 34.18 C
t= 4587.624502 a=(  1.168, -1.044,  9.682) m/s2 |a|= 9.808 w=(   0.610,  -0.427,  -1.037) dps T= 34.17 C
t= 4587.725342 a=(  1.154, -1.058,  9.682) m/s2 |a|= 9.808 w=(   0.610,  -0.427,  -1.098) dps T= 34.18 C
t= 4587.826197 a=(  1.168, -1.058,  9.697) m/s2 |a|= 9.824 w=(   0.549,  -0.488,  -1.037) dps T= 34.17 C
t= 4587.927015 a=(  1.164, -1.049,  9.706) m/s2 |a|= 9.832 w=(   0.610,  -0.427,  -0.976) dps T= 34.19 C
t= 4588.027844 a=(  1.168, -1.063,  9.701) m/s2 |a|= 9.829 w=(   0.549,  -0.488,  -1.037) dps T= 34.16 C
t= 4588.128687 a=(  1.168, -1.044,  9.701) m/s2 |a|= 9.827 w=(   0.610,  -0.427,  -1.098) dps T= 34.16 C
t= 4588.229531 a=(  1.168, -1.044,  9.697) m/s2 |a|= 9.822 w=(   0.549,  -0.427,  -1.037) dps T= 34.16 C
t= 4588.330525 a=(  1.173, -1.068,  9.687) m/s2 |a|= 9.816 w=(   0.549,  -0.427,  -1.037) dps T= 34.18 C
t= 4588.431415 a=(  1.173, -1.058,  9.682) m/s2 |a|= 9.810 w=(   0.549,  -0.427,  -1.098) dps T= 34.16 C
t= 4588.532306 a=(  1.164, -1.049,  9.701) m/s2 |a|= 9.827 w=(   0.549,  -0.488,  -1.037) dps T= 34.16 C
t= 4588.633186 a=(  1.164, -1.039,  9.692) m/s2 |a|= 9.816 w=(   0.610,  -0.488,  -1.098) dps T= 34.18 C
t= 4588.734074 a=(  1.173, -1.053,  9.692) m/s2 |a|= 9.819 w=(   0.610,  -0.488,  -1.037) dps T= 34.18 C
t= 4588.834926 a=(  1.173, -1.063,  9.697) m/s2 |a|= 9.825 w=(   0.549,  -0.488,  -1.037) dps T= 34.16 C
t= 4588.935745 a=(  1.164, -1.058,  9.692) m/s2 |a|= 9.819 w=(   0.549,  -0.427,  -1.037) dps T= 34.17 C
t= 4589.036609 a=(  1.164, -1.044,  9.697) m/s2 |a|= 9.822 w=(   0.488,  -0.427,  -1.037) dps T= 34.16 C
t= 4589.137435 a=(  1.168, -1.058,  9.687) m/s2 |a|= 9.814 w=(   0.549,  -0.427,  -1.098) dps T= 34.17 C
t= 4589.238263 a=(  1.173, -1.049,  9.692) m/s2 |a|= 9.819 w=(   0.549,  -0.427,  -1.037) dps T= 34.16 C
t= 4589.339127 a=(  1.173, -1.049,  9.687) m/s2 |a|= 9.814 w=(   0.549,  -0.427,  -1.037) dps T= 34.17 C
t= 4589.439975 a=(  1.173, -1.053,  9.692) m/s2 |a|= 9.819 w=(   0.549,  -0.427,  -1.098) dps T= 34.18 C
t= 4589.540947 a=(  1.164, -1.049,  9.697) m/s2 |a|= 9.822 w=(   0.488,  -0.488,  -1.098) dps T= 34.18 C
t= 4589.641839 a=(  1.183, -1.049,  9.682) m/s2 |a|= 9.810 w=(   0.549,  -0.427,  -1.037) dps T= 34.18 C
t= 4589.742730 a=(  1.188, -1.049,  9.687) m/s2 |a|= 9.816 w=(   0.549,  -0.488,  -1.037) dps T= 34.18 C
t= 4589.843602 a=(  1.159, -1.049,  9.697) m/s2 |a|= 9.822 w=(   0.610,  -0.427,  -1.037) dps T= 34.17 C
t= 4589.944447 a=(  1.149, -1.063,  9.687) m/s2 |a|= 9.813 w=(   0.610,  -0.427,  -1.037) dps T= 34.17 C
t= 4590.045295 a=(  1.168, -1.044,  9.701) m/s2 |a|= 9.827 w=(   0.549,  -0.427,  -1.037) dps T= 34.19 C
t= 4590.146196 a=(  1.173, -1.044,  9.697) m/s2 |a|= 9.823 w=(   0.549,  -0.488,  -1.037) dps T= 34.17 C
t= 4590.247193 a=(  1.178, -1.058,  9.706) m/s2 |a|= 9.834 w=(   0.549,  -0.427,  -1.037) dps T= 34.18 C
t= 4590.348074 a=(  1.173, -1.049,  9.697) m/s2 |a|= 9.823 w=(   0.549,  -0.488,  -0.976) dps T= 34.16 C
t= 4590.448927 a=(  1.154, -1.049,  9.697) m/s2 |a|= 9.821 w=(   0.549,  -0.427,  -1.037) dps T= 34.20 C
t= 4590.549774 a=(  1.168, -1.049,  9.697) m/s2 |a|= 9.823 w=(   0.549,  -0.488,  -1.037) dps T= 34.18 C
t= 4590.650666 a=(  1.159, -1.049,  9.687) m/s2 |a|= 9.812 w=(   0.549,  -0.427,  -1.037) dps T= 34.16 C
t= 4590.751533 a=(  1.168, -1.049,  9.692) m/s2 |a|= 9.818 w=(   0.610,  -0.427,  -1.037) dps T= 34.16 C
t= 4590.852584 a=(  1.159, -1.049,  9.697) m/s2 |a|= 9.822 w=(   0.610,  -0.427,  -1.037) dps T= 34.16 C
t= 4590.953486 a=(  1.173, -1.058,  9.692) m/s2 |a|= 9.820 w=(   0.610,  -0.488,  -1.037) dps T= 34.17 C
t= 4591.054364 a=(  1.164, -1.058,  9.701) m/s2 |a|= 9.828 w=(   0.610,  -0.427,  -1.098) dps T= 34.17 C
t= 4591.155232 a=(  1.168, -1.053,  9.711) m/s2 |a|= 9.837 w=(   0.610,  -0.488,  -1.037) dps T= 34.17 C
t= 4591.256081 a=(  1.168, -1.053,  9.697) m/s2 |a|= 9.823 w=(   0.549,  -0.488,  -1.037) dps T= 34.16 C
t= 4591.356907 a=(  1.173, -1.044,  9.692) m/s2 |a|= 9.818 w=(   0.549,  -0.488,  -1.037) dps T= 34.16 C
t= 4591.457781 a=(  1.154, -1.049,  9.677) m/s2 |a|= 9.802 w=(   0.549,  -0.427,  -0.976) dps T= 34.17 C
t= 4591.558611 a=(  1.149, -1.034,  9.687) m/s2 |a|= 9.810 w=(   0.549,  -0.488,  -1.098) dps T= 34.18 C
t= 4591.659444 a=(  1.164, -1.039,  9.697) m/s2 |a|= 9.821 w=(   0.549,  -0.427,  -1.037) dps T= 34.18 C
t= 4591.760418 a=(  1.164, -1.049,  9.711) m/s2 |a|= 9.836 w=(   0.488,  -0.427,  -1.037) dps T= 34.17 C
t= 4591.861282 a=(  1.164, -1.049,  9.701) m/s2 |a|= 9.827 w=(   0.671,  -0.488,  -1.098) dps T= 34.17 C
t= 4591.962140 a=(  1.159, -1.049,  9.687) m/s2 |a|= 9.812 w=(   0.549,  -0.488,  -1.037) dps T= 34.18 C
t= 4592.063013 a=(  1.173, -1.053,  9.706) m/s2 |a|= 9.833 w=(   0.610,  -0.488,  -1.098) dps T= 34.18 C
t= 4592.163887 a=(  1.164, -1.053,  9.701) m/s2 |a|= 9.827 w=(   0.610,  -0.427,  -1.098) dps T= 34.18 C
t= 4592.264804 a=(  1.173, -1.044,  9.687) m/s2 |a|= 9.813 w=(   0.366,  -0.488,  -1.037) dps T= 34.16 C
t= 4592.365691 a=(  1.159, -1.039,  9.677) m/s2 |a|= 9.802 w=(   0.488,  -0.549,  -1.037) dps T= 34.18 C
t= 4592.466544 a=(  1.159, -1.049,  9.716) m/s2 |a|= 9.841 w=(   0.305,  -0.427,  -1.098) dps T= 34.17 C
t= 4592.567368 a=(  1.173, -1.034,  9.759) m/s2 |a|= 9.883 w=(   0.610,  -0.427,  -1.037) dps T= 34.18 C
t= 4592.668226 a=(  1.178, -1.063,  9.730) m/s2 |a|= 9.859 w=(   0.244,  -0.549,  -1.098) dps T= 34.18 C
t= 4592.769060 a=(  1.192, -1.073,  9.687) m/s2 |a|= 9.819 w=(   0.427,  -0.488,  -1.037) dps T= 34.16 C
t= 4592.869887 a=(  1.173, -1.068,  9.692) m/s2 |a|= 9.821 w=(   0.488,  -0.427,  -1.098) dps T= 34.17 C
t= 4592.970866 a=(  1.178, -1.082,  9.658) m/s2 |a|= 9.790 w=(   0.427,  -0.488,  -1.037) dps T= 34.19 C
t= 4593.071703 a=(  1.164, -1.063,  9.687) m/s2 |a|= 9.814 w=(   0.610,  -0.427,  -1.098) dps T= 34.17 C
t= 4593.172558 a=(  1.178, -1.073,  9.692) m/s2 |a|= 9.822 w=(   0.610,  -0.427,  -0.976) dps T= 34.16 C
t= 4593.273430 a=(  1.173, -1.073,  9.687) m/s2 |a|= 9.816 w=(   0.549,  -0.488,  -1.037) dps T= 34.19 C
t= 4593.374307 a=(  1.173, -1.068,  9.697) m/s2 |a|= 9.825 w=(   0.488,  -0.488,  -1.037) dps T= 34.19 C
t= 4593.475177 a=(  1.173, -1.063,  9.687) m/s2 |a|= 9.815 w=(   0.549,  -0.427,  -1.037) dps T= 34.18 C
t= 4593.576052 a=(  1.168, -1.073,  9.711) m/s2 |a|= 9.840 w=(   0.549,  -0.488,  -1.037) dps T= 34.17 C
t= 4593.676902 a=(  1.173, -1.077,  9.701) m/s2 |a|= 9.831 w=(   0.610,  -0.427,  -1.037) dps T= 34.18 C
t= 4593.777749 a=(  1.168, -1.068,  9.692) m/s2 |a|= 9.820 w=(   0.549,  -0.488,  -1.098) dps T= 34.17 C
t= 4593.878601 a=(  1.168, -1.063,  9.687) m/s2 |a|= 9.815 w=(   0.610,  -0.427,  -1.037) dps T= 34.17 C
t= 4593.979448 a=(  1.168, -1.063,  9.687) m/s2 |a|= 9.815 w=(   0.610,  -0.427,  -0.976) dps T= 34.18 C
t= 4594.080393 a=(  1.168, -1.068,  9.673) m/s2 |a|= 9.801 w=(   0.610,  -0.488,  -1.037) dps T= 34.17 C
t= 4594.181304 a=(  1.178, -1.073,  9.677) m/s2 |a|= 9.808 w=(   0.549,  -0.488,  -1.037) dps T= 34.17 C
t= 4594.282157 a=(  1.168, -1.063,  9.682) m/s2 |a|= 9.810 w=(   0.549,  -0.488,  -1.037) dps T= 34.19 C
t= 4594.382993 a=(  1.168, -1.068,  9.692) m/s2 |a|= 9.820 w=(   0.549,  -0.488,  -1.037) dps T= 34.17 C
t= 4594.483911 a=(  1.178, -1.068,  9.673) m/s2 |a|= 9.802 w=(   0.610,  -0.488,  -1.098) dps T= 34.16 C
t= 4594.584768 a=(  1.178, -1.073,  9.701) m/s2 |a|= 9.831 w=(   0.488,  -0.427,  -1.037) dps T= 34.16 C
t= 4594.685629 a=(  1.188, -1.077,  9.692) m/s2 |a|= 9.823 w=(   0.671,  -0.488,  -1.037) dps T= 34.17 C
t= 4594.786471 a=(  1.173, -1.073,  9.687) m/s2 |a|= 9.816 w=(   0.610,  -0.488,  -1.037) dps T= 34.17 C
t= 4594.887322 a=(  1.183, -1.073,  9.682) m/s2 |a|= 9.813 w=(   0.488,  -0.427,  -1.037) dps T= 34.18 C
t= 4594.988183 a=(  1.168, -1.077,  9.687) m/s2 |a|= 9.816 w=(   0.549,  -0.427,  -1.037) dps T= 34.20 C
t= 4595.089026 a=(  1.173, -1.077,  9.692) m/s2 |a|= 9.822 w=(   0.610,  -0.427,  -1.098) dps T= 34.18 C
t= 4595.189879 a=(  1.178, -1.077,  9.687) m/s2 |a|= 9.818 w=(   0.549,  -0.427,  -1.098) dps T= 34.17 C
t= 4595.290861 a=(  1.140, -1.044,  9.692) m/s2 |a|= 9.814 w=(   0.549,  -0.366,  -1.037) dps T= 34.16 C
t= 4595.391714 a=(  1.159, -1.073,  9.692) m/s2 |a|= 9.820 w=(   0.549,  -0.427,  -1.037) dps T= 34.18 C
t= 4595.492596 a=(  1.178, -1.077,  9.673) m/s2 |a|= 9.803 w=(   0.549,  -0.427,  -1.037) dps T= 34.18 C
t= 4595.593433 a=(  1.173, -1.077,  9.711) m/s2 |a|= 9.841 w=(   0.549,  -0.488,  -1.037) dps T= 34.17 C
t= 4595.694406 a=(  1.178, -1.082,  9.687) m/s2 |a|= 9.818 w=(   0.610,  -0.427,  -1.037) dps T= 34.17 C
t= 4595.795271 a=(  1.168, -1.063,  9.682) m/s2 |a|= 9.810 w=(   0.671,  -0.427,  -1.037) dps T= 34.17 C
t= 4595.896119 a=(  1.168, -1.092,  9.692) m/s2 |a|= 9.823 w=(   0.549,  -0.427,  -1.037) dps T= 34.18 C
t= 4595.996979 a=(  1.178, -1.068,  9.677) m/s2 |a|= 9.807 w=(   0.610,  -0.427,  -1.098) dps T= 34.19 C
t= 4596.097810 a=(  1.178, -1.073,  9.697) m/s2 |a|= 9.827 w=(   0.549,  -0.427,  -1.037) dps T= 34.16 C
t= 4596.198658 a=(  1.173, -1.063,  9.706) m/s2 |a|= 9.834 w=(   0.549,  -0.427,  -1.037) dps T= 34.17 C
t= 4596.299488 a=(  1.168, -1.058,  9.677) m/s2 |a|= 9.805 w=(   0.610,  -0.488,  -1.037) dps T= 34.19 C
t= 4596.400501 a=(  1.159, -1.077,  9.687) m/s2 |a|= 9.815 w=(   0.610,  -0.488,  -1.037) dps T= 34.19 C
t= 4596.501369 a=(  1.154, -1.073,  9.692) m/s2 |a|= 9.819 w=(   0.549,  -0.488,  -1.037) dps T= 34.17 C
t= 4596.602195 a=(  1.168, -1.063,  9.701) m/s2 |a|= 9.829 w=(   0.549,  -0.427,  -1.037) dps T= 34.17 C
t= 4596.703032 a=(  1.192, -1.068,  9.677) m/s2 |a|= 9.809 w=(   0.488,  -0.427,  -1.098) dps T= 34.17 C
t= 4596.803858 a=(  1.168, -1.077,  9.682) m/s2 |a|= 9.812 w=(   0.610,  -0.427,  -1.037) dps T= 34.18 C
t= 4596.904731 a=(  1.164, -1.063,  9.697) m/s2 |a|= 9.824 w=(   0.671,  -0.427,  -1.098) dps T= 34.18 C
t= 4597.005606 a=(  1.173, -1.063,  9.701) m/s2 |a|= 9.830 w=(   0.671,  -0.427,  -1.037) dps T= 34.17 C
t= 4597.106464 a=(  1.149, -1.063,  9.687) m/s2 |a|= 9.813 w=(   0.549,  -0.427,  -1.098) dps T= 34.16 C
t= 4597.207333 a=(  1.173, -1.049,  9.687) m/s2 |a|= 9.814 w=(   0.549,  -0.427,  -1.037) dps T= 34.18 C
t= 4597.308170 a=(  1.173, -1.058,  9.673) m/s2 |a|= 9.801 w=(   0.549,  -0.427,  -1.037) dps T= 34.18 C
t= 4597.408986 a=(  1.159, -1.073,  9.701) m/s2 |a|= 9.829 w=(   0.549,  -0.427,  -1.098) dps T= 34.18 C
t= 4597.509857 a=(  1.183, -1.063,  9.692) m/s2 |a|= 9.821 w=(   0.549,  -0.488,  -1.098) dps T= 34.19 C
t= 4597.610749 a=(  1.164, -1.063,  9.697) m/s2 |a|= 9.824 w=(   0.549,  -0.427,  -1.037) dps T= 34.18 C
t= 4597.711594 a=(  1.178, -1.073,  9.697) m/s2 |a|= 9.827 w=(   0.549,  -0.488,  -1.098) dps T= 34.17 C
t= 4597.812425 a=(  1.164, -1.073,  9.692) m/s2 |a|= 9.820 w=(   0.610,  -0.488,  -1.037) dps T= 34.18 C
t= 4597.913242 a=(  1.173, -1.058,  9.687) m/s2 |a|= 9.815 w=(   0.610,  -0.427,  -1.037) dps T= 34.18 C
t= 4598.014122 a=(  1.173, -1.049,  9.663) m/s2 |a|= 9.790 w=(   0.549,  -0.488,  -1.037) dps T= 34.16 C
t= 4598.115126 a=(  1.178, -1.053,  9.697) m/s2 |a|= 9.824 w=(   0.793,  -0.427,  -1.037) dps T= 34.16 C
t= 4598.216077 a=(  1.211, -1.058,  9.668) m/s2 |a|= 9.801 w=(   0.793,  -0.305,  -1.098) dps T= 34.17 C
t= 4598.316961 a=(  1.116, -1.044,  9.697) m/s2 |a|= 9.816 w=(   0.671,  -0.488,  -1.098) dps T= 34.16 C
t= 4598.417817 a=(  1.149, -1.049,  9.697) m/s2 |a|= 9.821 w=(   0.549,  -0.427,  -1.098) dps T= 34.18 C
t= 4598.518690 a=(  1.216, -1.063,  9.682) m/s2 |a|= 9.816 w=(   0.610,  -0.427,  -1.037) dps T= 34.17 C
t= 4598.619520 a=(  1.168, -1.053,  9.687) m/s2 |a|= 9.814 w=(   0.610,  -0.488,  -1.098) dps T= 34.18 C
t= 4598.720546 a=(  1.168, -1.063,  9.673) m/s2 |a|= 9.801 w=(   0.610,  -0.427,  -1.098) dps T= 34.19 C
t= 4598.821420 a=(  1.173, -1.077,  9.692) m/s2 |a|= 9.822 w=(   0.549,  -0.366,  -1.037) dps T= 34.17 C
t= 4598.922262 a=(  1.168, -1.058,  9.677) m/s2 |a|= 9.805 w=(   0.549,  -0.488,  -1.037) dps T= 34.18 C
t= 4599.023080 a=(  1.168, -1.058,  9.692) m/s2 |a|= 9.819 w=(   0.549,  -0.488,  -1.037) dps T= 34.17 C
t= 4599.123924 a=(  1.164, -1.058,  9.697) m/s2 |a|= 9.823 w=(   0.610,  -0.427,  -1.098) dps T= 34.16 C
t= 4599.224780 a=(  1.144, -1.053,  9.697) m/s2 |a|= 9.820 w=(   0.549,  -0.427,  -1.037) dps T= 34.19 C
t= 4599.325680 a=(  1.168, -1.049,  9.687) m/s2 |a|= 9.813 w=(   0.610,  -0.427,  -1.098) dps T= 34.17 C
t= 4599.426546 a=(  1.159, -1.049,  9.701) m/s2 |a|= 9.826 w=(   0.488,  -0.427,  -1.098) dps T= 34.18 C
t= 4599.527394 a=(  1.168, -1.039,  9.682) m/s2 |a|= 9.808 w=(   0.549,  -0.427,  -1.037) dps T= 34.16 C
t= 4599.628229 a=(  1.168, -1.058,  9.668) m/s2 |a|= 9.795 w=(   0.488,  -0.427,  -1.037) dps T= 34.16 C
t= 4599.729068 a=(  1.168, -1.063,  9.697) m/s2 |a|= 9.824 w=(   0.610,  -0.427,  -1.037) dps T= 34.16 C
t= 4599.829884 a=(  1.164, -1.049,  9.711) m/s2 |a|= 9.836 w=(   0.610,  -0.427,  -1.098) dps T= 34.17 C
t= 4599.930787 a=(  1.178, -1.053,  9.697) m/s2 |a|= 9.824 w=(   0.671,  -0.427,  -1.037) dps T= 34.18 C
t= 4600.031641 a=(  1.183, -1.053,  9.692) m/s2 |a|= 9.820 w=(   0.549,  -0.427,  -1.037) dps T= 34.18 C
t= 4600.132483 a=(  1.168, -1.058,  9.697) m/s2 |a|= 9.824 w=(   0.549,  -0.427,  -1.037) dps T= 34.18 C
t= 4600.233322 a=(  1.154, -1.068,  9.682) m/s2 |a|= 9.809 w=(   0.488,  -0.427,  -1.098) dps T= 34.17 C
t= 4600.334155 a=(  1.164, -1.063,  9.687) m/s2 |a|= 9.814 w=(   0.671,  -0.427,  -1.037) dps T= 34.18 C
t= 4600.434988 a=(  1.164, -1.053,  9.687) m/s2 |a|= 9.813 w=(   0.610,  -0.427,  -1.037) dps T= 34.18 C
t= 4600.535909 a=(  1.164, -1.044,  9.706) m/s2 |a|= 9.831 w=(   0.488,  -0.427,  -1.037) dps T= 34.20 C
t= 4600.636797 a=(  1.159, -1.044,  9.687) m/s2 |a|= 9.812 w=(   0.549,  -0.488,  -1.037) dps T= 34.19 C
t= 4600.737656 a=(  1.173, -1.044,  9.682) m/s2 |a|= 9.809 w=(   0.488,  -0.427,  -1.098) dps T= 34.18 C
t= 4600.838492 a=(  1.164, -1.058,  9.701) m/s2 |a|= 9.828 w=(   0.488,  -0.488,  -1.037) dps T= 34.18 C
t= 4600.939339 a=(  1.159, -1.053,  9.682) m/s2 |a|= 9.808 w=(   0.549,  -0.427,  -1.098) dps T= 34.17 C
t= 4601.040232 a=(  1.164, -1.058,  9.687) m/s2 |a|= 9.814 w=(   0.488,  -0.427,  -1.037) dps T= 34.17 C
t= 4601.141065 a=(  1.154, -1.063,  9.692) m/s2 |a|= 9.818 w=(   0.549,  -0.488,  -1.037) dps T= 34.18 C
t= 4601.241934 a=(  1.168, -1.058,  9.701) m/s2 |a|= 9.829 w=(   0.549,  -0.488,  -1.037) dps T= 34.18 C
t= 4601.342785 a=(  1.173, -1.053,  9.697) m/s2 |a|= 9.824 w=(   0.549,  -0.488,  -0.976) dps T= 34.16 C
t= 4601.443618 a=(  1.168, -1.039,  9.692) m/s2 |a|= 9.817 w=(   0.549,  -0.366,  -1.037) dps T= 34.18 C
t= 4601.544467 a=(  1.159, -1.063,  9.706) m/s2 |a|= 9.833 w=(   0.549,  -0.427,  -1.037) dps T= 34.18 C
t= 4601.645323 a=(  1.168, -1.063,  9.692) m/s2 |a|= 9.820 w=(   0.610,  -0.427,  -1.037) dps T= 34.18 C
t= 4601.746203 a=(  1.183, -1.068,  9.687) m/s2 |a|= 9.817 w=(   0.610,  -0.427,  -1.037) dps T= 34.18 C
t= 4601.847059 a=(  1.164, -1.073,  9.692) m/s2 |a|= 9.820 w=(   0.549,  -0.488,  -0.976) dps T= 34.17 C
t= 4601.947916 a=(  1.154, -1.049,  9.692) m/s2 |a|= 9.816 w=(   0.610,  -0.488,  -1.037) dps T= 34.19 C
t= 4602.048802 a=(  1.154, -1.063,  9.682) m/s2 |a|= 9.808 w=(   0.610,  -0.488,  -1.098) dps T= 34.19 C
t= 4602.149651 a=(  1.159, -1.053,  9.677) m/s2 |a|= 9.803 w=(   0.549,  -0.427,  -0.976) dps T= 34.18 C
t= 4602.250575 a=(  1.168, -1.053,  9.677) m/s2 |a|= 9.804 w=(   0.549,  -0.427,  -0.976) dps T= 34.18 C
t= 4602.351456 a=(  1.154, -1.063,  9.677) m/s2 |a|= 9.804 w=(   0.366,  -0.549,  -1.037) dps T= 34.20 C
t= 4602.452296 a=(  1.183, -1.053,  9.735) m/s2 |a|= 9.863 w=(   0.488,  -0.488,  -1.098) dps T= 34.16 C
t= 4602.553152 a=(  1.173, -1.068,  9.692) m/s2 |a|= 9.821 w=(   0.427,  -0.549,  -1.037) dps T= 34.16 C
t= 4602.654011 a=(  1.173, -1.053,  9.668) m/s2 |a|= 9.796 w=(   0.610,  -0.427,  -1.037) dps T= 34.18 C
t= 4602.754847 a=(  1.168, -1.058,  9.677) m/s2 |a|= 9.805 w=(   0.488,  -0.549,  -1.037) dps T= 34.19 C
t= 4602.855761 a=(  1.159, -1.063,  9.673) m/s2 |a|= 9.800 w=(   0.549,  -0.427,  -1.037) dps T= 34.19 C
t= 4602.956638 a=(  1.164, -1.068,  9.677) m/s2 |a|= 9.805 w=(   0.549,  -0.488,  -1.037) dps T= 34.17 C
t= 4603.057519 a=(  1.178, -1.058,  9.692) m/s2 |a|= 9.820 w=(   0.549,  -0.488,  -1.098) dps T= 34.18 C
t= 4603.158380 a=(  1.164, -1.053,  9.687) m/s2 |a|= 9.813 w=(   0.549,  -0.427,  -1.098) dps T= 34.17 C
t= 4603.259228 a=(  1.164, -1.077,  9.701) m/s2 |a|= 9.830 w=(   0.549,  -0.488,  -1.037) dps T= 34.18 C
t= 4603.360085 a=(  1.173, -1.063,  9.687) m/s2 |a|= 9.815 w=(   0.488,  -0.488,  -1.037) dps T= 34.18 C
t= 4603.460910 a=(  1.168, -1.058,  9.673) m/s2 |a|= 9.800 w=(   0.549,  -0.488,  -1.037) dps T= 34.18 C
t= 4603.561743 a=(  1.168, -1.068,  9.682) m/s2 |a|= 9.811 w=(   0.488,  -0.427,  -0.976) dps T= 34.17 C
t= 4603.662564 a=(  1.168, -1.068,  9.687) m/s2 |a|= 9.815 w=(   0.549,  -0.488,  -1.037) dps T= 34.16 C
t= 4603.763418 a=(  1.178, -1.068,  9.692) m/s2 |a|= 9.821 w=(   0.549,  -0.488,  -1.037) dps T= 34.17 C
t= 4603.864279 a=(  1.164, -1.063,  9.687) m/s2 |a|= 9.814 w=(   0.549,  -0.427,  -1.037) dps T= 34.18 C
t= 4603.965120 a=(  1.159, -1.063,  9.701) m/s2 |a|= 9.828 w=(   0.732,  -0.427,  -1.037) dps T= 34.17 C
t= 4604.065986 a=(  1.164, -1.077,  9.687) m/s2 |a|= 9.816 w=(   0.549,  -0.427,  -1.037) dps T= 34.20 C
t= 4604.166857 a=(  1.178, -1.049,  9.687) m/s2 |a|= 9.814 w=(   0.549,  -0.488,  -1.037) dps T= 34.17 C
t= 4604.267744 a=(  1.178, -1.068,  9.692) m/s2 |a|= 9.821 w=(   0.549,  -0.427,  -1.037) dps T= 34.16 C
t= 4604.368633 a=(  1.154, -1.058,  9.692) m/s2 |a|= 9.817 w=(   0.610,  -0.427,  -1.098) dps T= 34.18 C
t= 4604.469460 a=(  1.164, -1.058,  9.687) m/s2 |a|= 9.814 w=(   0.610,  -0.427,  -1.037) dps T= 34.16 C
t= 4604.570366 a=(  1.168, -1.077,  9.682) m/s2 |a|= 9.812 w=(   0.549,  -0.488,  -0.976) dps T= 34.17 C
t= 4604.671198 a=(  1.164, -1.073,  9.697) m/s2 |a|= 9.825 w=(   0.610,  -0.427,  -1.037) dps T= 34.17 C
t= 4604.772055 a=(  1.178, -1.063,  9.706) m/s2 |a|= 9.835 w=(   0.549,  -0.427,  -1.037) dps T= 34.17 C
t= 4604.872895 a=(  1.159, -1.063,  9.720) m/s2 |a|= 9.847 w=(   0.549,  -0.427,  -1.098) dps T= 34.20 C
t= 4604.973722 a=(  1.178, -1.053,  9.697) m/s2 |a|= 9.824 w=(   0.610,  -0.427,  -1.098) dps T= 34.19 C
t= 4605.074588 a=(  1.164, -1.053,  9.711) m/s2 |a|= 9.837 w=(   0.488,  -0.427,  -1.037) dps T= 34.18 C
t= 4605.175437 a=(  1.149, -1.073,  9.687) m/s2 |a|= 9.814 w=(   0.549,  -0.427,  -1.037) dps T= 34.17 C
t= 4605.276293 a=(  1.159, -1.058,  9.687) m/s2 |a|= 9.813 w=(   0.549,  -0.488,  -1.037) dps T= 34.17 C
t= 4605.377181 a=(  1.173, -1.073,  9.687) m/s2 |a|= 9.816 w=(   0.549,  -0.488,  -1.037) dps T= 34.17 C
t= 4605.478082 a=(  1.164, -1.073,  9.692) m/s2 |a|= 9.820 w=(   0.549,  -0.427,  -1.037) dps T= 34.19 C
t= 4605.578932 a=(  1.168, -1.058,  9.677) m/s2 |a|= 9.805 w=(   0.488,  -0.427,  -1.037) dps T= 34.17 C
t= 4605.679778 a=(  1.178, -1.058,  9.692) m/s2 |a|= 9.820 w=(   0.488,  -0.427,  -1.098) dps T= 34.15 C
t= 4605.780858 a=(  1.154, -1.058,  9.692) m/s2 |a|= 9.817 w=(   0.488,  -0.427,  -1.098) dps T= 34.17 C
t= 4605.881713 a=(  1.178, -1.058,  9.687) m/s2 |a|= 9.816 w=(   0.671,  -0.488,  -1.098) dps T= 34.18 C
t= 4605.982597 a=(  1.183, -1.058,  9.687) m/s2 |a|= 9.816 w=(   0.732,  -0.427,  -1.037) dps T= 34.18 C
t= 4606.083497 a=(  1.159, -1.049,  9.682) m/s2 |a|= 9.807 w=(   0.671,  -0.427,  -1.037) dps T= 34.17 C
t= 4606.184346 a=(  1.164, -1.068,  9.697) m/s2 |a|= 9.824 w=(   0.610,  -0.427,  -1.037) dps T= 34.17 C
t= 4606.285223 a=(  1.168, -1.063,  9.687) m/s2 |a|= 9.815 w=(   0.610,  -0.427,  -1.037) dps T= 34.19 C
t= 4606.386099 a=(  1.159, -1.058,  9.682) m/s2 |a|= 9.809 w=(   0.610,  -0.427,  -1.037) dps T= 34.18 C
t= 4606.487077 a=(  1.178, -1.063,  9.692) m/s2 |a|= 9.821 w=(   0.488,  -0.427,  -1.037) dps T= 34.18 C
t= 4606.588001 a=(  1.159, -1.058,  9.682) m/s2 |a|= 9.809 w=(   0.549,  -0.427,  -1.098) dps T= 34.19 C
t= 4606.688879 a=(  1.168, -1.044,  9.701) m/s2 |a|= 9.827 w=(   0.549,  -0.427,  -1.098) dps T= 34.19 C
t= 4606.789738 a=(  1.173, -1.063,  9.687) m/s2 |a|= 9.815 w=(   0.610,  -0.427,  -1.098) dps T= 34.19 C
t= 4606.890725 a=(  1.173, -1.058,  9.697) m/s2 |a|= 9.824 w=(   0.610,  -0.427,  -0.976) dps T= 34.19 C
t= 4606.991629 a=(  1.168, -1.068,  9.687) m/s2 |a|= 9.815 w=(   0.671,  -0.427,  -1.037) dps T= 34.17 C
t= 4607.092477 a=(  1.154, -1.053,  9.692) m/s2 |a|= 9.817 w=(   0.610,  -0.488,  -1.037) dps T= 34.20 C
t= 4607.193319 a=(  1.159, -1.049,  9.687) m/s2 |a|= 9.812 w=(   0.549,  -0.427,  -1.098) dps T= 34.17 C
t= 4607.294257 a=(  1.164, -1.058,  9.687) m/s2 |a|= 9.814 w=(   0.549,  -0.427,  -1.037) dps T= 34.18 C
t= 4607.395132 a=(  1.159, -1.044,  9.711) m/s2 |a|= 9.835 w=(   0.549,  -0.549,  -1.098) dps T= 34.17 C
t= 4607.496014 a=(  1.159, -1.063,  9.697) m/s2 |a|= 9.823 w=(   0.610,  -0.427,  -1.037) dps T= 34.18 C
t= 4607.596866 a=(  1.183, -1.058,  9.682) m/s2 |a|= 9.811 w=(   0.610,  -0.427,  -1.037) dps T= 34.19 C
t= 4607.697815 a=(  1.164, -1.058,  9.701) m/s2 |a|= 9.828 w=(   0.610,  -0.488,  -1.037) dps T= 34.18 C
t= 4607.798696 a=(  1.168, -1.053,  9.697) m/s2 |a|= 9.823 w=(   0.549,  -0.427,  -1.037) dps T= 34.21 C
t= 4607.899536 a=(  1.173, -1.053,  9.682) m/s2 |a|= 9.810 w=(   0.549,  -0.366,  -1.037) dps T= 34.17 C
t= 4608.000475 a=(  1.164, -1.053,  9.701) m/s2 |a|= 9.827 w=(   0.549,  -0.427,  -1.037) dps T= 34.17 C
t= 4608.101336 a=(  1.164, -1.063,  9.697) m/s2 |a|= 9.824 w=(   0.549,  -0.488,  -1.037) dps T= 34.19 C
t= 4608.202187 a=(  1.168, -1.063,  9.687) m/s2 |a|= 9.815 w=(   0.549,  -0.488,  -1.037) dps T= 34.18 C
t= 4608.303020 a=(  1.173, -1.063,  9.697) m/s2 |a|= 9.825 w=(   0.549,  -0.488,  -1.098) dps T= 34.18 C
t= 4608.403861 a=(  1.173, -1.058,  9.697) m/s2 |a|= 9.824 w=(   0.488,  -0.427,  -1.098) dps T= 34.20 C
t= 4608.504720 a=(  1.168, -1.058,  9.687) m/s2 |a|= 9.814 w=(   0.549,  -0.427,  -1.098) dps T= 34.19 C
t= 4608.605569 a=(  1.173, -1.053,  9.706) m/s2 |a|= 9.833 w=(   0.549,  -0.488,  -1.037) dps T= 34.18 C
t= 4608.706401 a=(  1.164, -1.049,  9.687) m/s2 |a|= 9.813 w=(   0.549,  -0.427,  -1.037) dps T= 34.17 C
t= 4608.807250 a=(  1.154, -1.058,  9.692) m/s2 |a|= 9.817 w=(   0.549,  -0.427,  -1.037) dps T= 34.19 C
t= 4608.908140 a=(  1.178, -1.053,  9.692) m/s2 |a|= 9.820 w=(   0.549,  -0.488,  -1.037) dps T= 34.18 C
t= 4609.009021 a=(  1.159, -1.049,  9.697) m/s2 |a|= 9.822 w=(   0.549,  -0.488,  -1.098) dps T= 34.19 C
t= 4609.109891 a=(  1.173, -1.053,  9.687) m/s2 |a|= 9.814 w=(   0.610,  -0.488,  -0.976) dps T= 34.17 C
t= 4609.210836 a=(  1.168, -1.068,  9.687) m/s2 |a|= 9.815 w=(   0.549,  -0.427,  -1.037) dps T= 34.17 C
t= 4609.311673 a=(  1.159, -1.058,  9.682) m/s2 |a|= 9.809 w=(   0.610,  -0.427,  -1.037) dps T= 34.18 C
t= 4609.412499 a=(  1.149, -1.044,  9.697) m/s2 |a|= 9.820 w=(   0.549,  -0.488,  -1.098) dps T= 34.18 C
t= 4609.513351 a=(  1.164, -1.068,  9.687) m/s2 |a|= 9.815 w=(   0.610,  -0.427,  -1.098) dps T= 34.17 C
t= 4609.614201 a=(  1.173, -1.049,  9.692) m/s2 |a|= 9.819 w=(   0.549,  -0.427,  -1.098) dps T= 34.19 C
t= 4609.715038 a=(  1.178, -1.044,  9.682) m/s2 |a|= 9.809 w=(   0.549,  -0.427,  -1.037) dps T= 34.20 C
t= 4609.815904 a=(  1.168, -1.053,  9.687) m/s2 |a|= 9.814 w=(   0.549,  -0.427,  -1.098) dps T= 34.18 C
t= 4609.916781 a=(  1.159, -1.053,  9.687) m/s2 |a|= 9.813 w=(   0.610,  -0.427,  -1.037) dps T= 34.18 C
t= 4610.017678 a=(  1.168, -1.044,  9.706) m/s2 |a|= 9.832 w=(   0.549,  -0.427,  -1.037) dps T= 34.17 C
t= 4610.118553 a=(  1.168, -1.063,  9.697) m/s2 |a|= 9.824 w=(   0.610,  -0.427,  -1.098) dps T= 34.19 C
t= 4610.219443 a=(  1.164, -1.049,  9.697) m/s2 |a|= 9.822 w=(   0.549,  -0.427,  -1.037) dps T= 34.18 C
t= 4610.320456 a=(  1.168, -1.049,  9.697) m/s2 |a|= 9.823 w=(   0.549,  -0.427,  -1.098) dps T= 34.19 C
t= 4610.421315 a=(  1.168, -1.063,  9.706) m/s2 |a|= 9.834 w=(   0.549,  -0.427,  -1.037) dps T= 34.20 C
t= 4610.522172 a=(  1.154, -1.058,  9.697) m/s2 |a|= 9.822 w=(   0.549,  -0.488,  -1.037) dps T= 34.17 C
t= 4610.623024 a=(  1.164, -1.044,  9.687) m/s2 |a|= 9.812 w=(   0.488,  -0.488,  -1.098) dps T= 34.18 C
t= 4610.723864 a=(  1.178, -1.058,  9.697) m/s2 |a|= 9.825 w=(   0.488,  -0.488,  -1.037) dps T= 34.18 C
t= 4610.824717 a=(  1.168, -1.063,  9.687) m/s2 |a|= 9.815 w=(   0.610,  -0.427,  -1.037) dps T= 34.20 C
t= 4610.925538 a=(  1.164, -1.049,  9.682) m/s2 |a|= 9.808 w=(   0.488,  -0.488,  -1.037) dps T= 34.19 C
t= 4611.026398 a=(  1.168, -1.053,  9.692) m/s2 |a|= 9.819 w=(   0.549,  -0.427,  -1.098) dps T= 34.21 C
t= 4611.127229 a=(  1.164, -1.058,  9.692) m/s2 |a|= 9.819 w=(   0.610,  -0.488,  -0.976) dps T= 34.18 C
t= 4611.228093 a=(  1.154, -1.049,  9.687) m/s2 |a|= 9.812 w=(   0.610,  -0.366,  -1.098) dps T= 34.21 C
t= 4611.329055 a=(  1.159, -1.058,  9.682) m/s2 |a|= 9.809 w=(   0.549,  -0.488,  -0.976) dps T= 34.20 C
t= 4611.430064 a=(  1.159, -1.053,  9.697) m/s2 |a|= 9.822 w=(   0.549,  -0.488,  -1.037) dps T= 34.17 C
t= 4611.530947 a=(  1.164, -1.049,  9.697) m/s2 |a|= 9.822 w=(   0.549,  -0.427,  -0.976) dps T= 34.20 C
t= 4611.631808 a=(  1.178, -1.058,  9.692) m/s2 |a|= 9.820 w=(   0.549,  -0.488,  -1.037) dps T= 34.20 C
t= 4611.732659 a=(  1.149, -1.058,  9.697) m/s2 |a|= 9.822 w=(   0.549,  -0.427,  -1.037) dps T= 34.17 C
t= 4611.833497 a=(  1.164, -1.063,  9.697) m/s2 |a|= 9.824 w=(   0.549,  -0.427,  -1.098) dps T= 34.19 C
t= 4611.934352 a=(  1.168, -1.058,  9.687) m/s2 |a|= 9.814 w=(   0.549,  -0.427,  -1.037) dps T= 34.19 C
t= 4612.035195 a=(  1.178, -1.063,  9.701) m/s2 |a|= 9.830 w=(   0.549,  -0.488,  -1.037) dps T= 34.18 C
t= 4612.136015 a=(  1.168, -1.063,  9.701) m/s2 |a|= 9.829 w=(   0.549,  -0.427,  -1.037) dps T= 34.18 C
t= 4612.236877 a=(  1.178, -1.063,  9.697) m/s2 |a|= 9.825 w=(   0.488,  -0.488,  -0.976) dps T= 34.19 C
t= 4612.337703 a=(  1.164, -1.063,  9.701) m/s2 |a|= 9.828 w=(   0.427,  -0.488,  -1.098) dps T= 34.19 C
t= 4612.438556 a=(  1.183, -1.063,  9.692) m/s2 |a|= 9.821 w=(   0.549,  -0.488,  -1.037) dps T= 34.17 C
t= 4612.539544 a=(  1.168, -1.063,  9.677) m/s2 |a|= 9.805 w=(   0.610,  -0.488,  -1.037) dps T= 34.16 C
t= 4612.640526 a=(  1.168, -1.077,  9.692) m/s2 |a|= 9.821 w=(   0.610,  -0.427,  -1.037) dps T= 34.20 C
t= 4612.741402 a=(  1.168, -1.058,  9.697) m/s2 |a|= 9.824 w=(   0.610,  -0.427,  -1.037) dps T= 34.19 C
t= 4612.842236 a=(  1.164, -1.053,  9.692) m/s2 |a|= 9.818 w=(   0.610,  -0.427,  -1.037) dps T= 34.19 C
t= 4612.943103 a=(  1.178, -1.077,  9.682) m/s2 |a|= 9.813 w=(   0.549,  -0.427,  -1.037) dps T= 34.19 C
t= 4613.043937 a=(  1.178, -1.049,  9.682) m/s2 |a|= 9.810 w=(   0.610,  -0.427,  -1.098) dps T= 34.20 C
t= 4613.144783 a=(  1.168, -1.063,  9.692) m/s2 |a|= 9.820 w=(   0.610,  -0.427,  -0.976) dps T= 34.19 C
t= 4613.245678 a=(  1.159, -1.058,  9.677) m/s2 |a|= 9.804 w=(   0.549,  -0.427,  -1.098) dps T= 34.18 C
t= 4613.346517 a=(  1.168, -1.049,  9.692) m/s2 |a|= 9.818 w=(   0.488,  -0.427,  -1.037) dps T= 34.18 C
t= 4613.447378 a=(  1.168, -1.063,  9.682) m/s2 |a|= 9.810 w=(   0.488,  -0.427,  -1.037) dps T= 34.18 C
t= 4613.548209 a=(  1.164, -1.063,  9.682) m/s2 |a|= 9.810 w=(   0.549,  -0.488,  -1.037) dps T= 34.18 C
t= 4613.649082 a=(  1.188, -1.044,  9.687) m/s2 |a|= 9.815 w=(   0.610,  -0.427,  -1.037) dps T= 34.20 C
t= 4613.749963 a=(  1.188, -1.039,  9.682) m/s2 |a|= 9.810 w=(   0.549,  -0.427,  -1.098) dps T= 34.17 C
t= 4613.850933 a=(  1.168, -1.049,  9.692) m/s2 |a|= 9.818 w=(   0.610,  -0.427,  -1.037) dps T= 34.17 C
t= 4613.951812 a=(  1.164, -1.068,  9.692) m/s2 |a|= 9.820 w=(   0.549,  -0.488,  -1.098) dps T= 34.19 C
t= 4614.052653 a=(  1.168, -1.053,  9.692) m/s2 |a|= 9.819 w=(   0.549,  -0.488,  -1.098) dps T= 34.20 C
t= 4614.153488 a=(  1.178, -1.063,  9.697) m/s2 |a|= 9.825 w=(   0.549,  -0.427,  -1.037) dps T= 34.19 C
t= 4614.254327 a=(  1.168, -1.058,  9.697) m/s2 |a|= 9.824 w=(   0.549,  -0.427,  -1.098) dps T= 34.18 C
t= 4614.355156 a=(  1.183, -1.063,  9.701) m/s2 |a|= 9.831 w=(   0.610,  -0.488,  -1.098) dps T= 34.18 C
t= 4614.455989 a=(  1.159, -1.058,  9.692) m/s2 |a|= 9.818 w=(   0.610,  -0.488,  -1.037) dps T= 34.18 C
t= 4614.556832 a=(  1.173, -1.053,  9.682) m/s2 |a|= 9.810 w=(   0.488,  -0.427,  -1.037) dps T= 34.18 C
t= 4614.657675 a=(  1.168, -1.049,  9.692) m/s2 |a|= 9.818 w=(   0.610,  -0.488,  -1.037) dps T= 34.19 C
t= 4614.758529 a=(  1.164, -1.063,  9.692) m/s2 |a|= 9.819 w=(   0.549,  -0.427,  -1.098) dps T= 34.18 C
t= 4614.859403 a=(  1.168, -1.068,  9.701) m/s2 |a|= 9.830 w=(   0.610,  -0.427,  -1.098) dps T= 34.19 C
t= 4614.960360 a=(  1.159, -1.053,  9.697) m/s2 |a|= 9.822 w=(   0.549,  -0.427,  -1.037) dps T= 34.19 C
t= 4615.061215 a=(  1.164, -1.053,  9.687) m/s2 |a|= 9.813 w=(   0.549,  -0.488,  -1.037) dps T= 34.18 C
t= 4615.162076 a=(  1.168, -1.058,  9.682) m/s2 |a|= 9.810 w=(   0.610,  -0.488,  -1.037) dps T= 34.19 C
t= 4615.262918 a=(  1.168, -1.058,  9.682) m/s2 |a|= 9.810 w=(   0.549,  -0.488,  -1.098) dps T= 34.19 C
t= 4615.363755 a=(  1.173, -1.044,  9.682) m/s2 |a|= 9.809 w=(   0.549,  -0.427,  -1.098) dps T= 34.19 C
t= 4615.464605 a=(  1.164, -1.077,  9.692) m/s2 |a|= 9.821 w=(   0.549,  -0.488,  -1.037) dps T= 34.19 C
t= 4615.565439 a=(  1.168, -1.044,  9.687) m/s2 |a|= 9.813 w=(   0.549,  -0.488,  -1.037) dps T= 34.20 C
t= 4615.666252 a=(  1.164, -1.063,  9.677) m/s2 |a|= 9.805 w=(   0.610,  -0.427,  -1.037) dps T= 34.19 C
t= 4615.767091 a=(  1.164, -1.058,  9.701) m/s2 |a|= 9.828 w=(   0.549,  -0.427,  -1.037) dps T= 34.16 C
t= 4615.867934 a=(  1.168, -1.053,  9.701) m/s2 |a|= 9.828 w=(   0.610,  -0.427,  -1.037) dps T= 34.19 C
t= 4615.968756 a=(  1.164, -1.063,  9.677) m/s2 |a|= 9.805 w=(   0.549,  -0.488,  -1.037) dps T= 34.19 C
t= 4616.069625 a=(  1.173, -1.063,  9.677) m/s2 |a|= 9.806 w=(   0.549,  -0.427,  -1.037) dps T= 34.18 C
t= 4616.170589 a=(  1.168, -1.053,  9.687) m/s2 |a|= 9.814 w=(   0.549,  -0.427,  -1.037) dps T= 34.17 C
t= 4616.271478 a=(  1.178, -1.044,  9.701) m/s2 |a|= 9.828 w=(   0.549,  -0.427,  -1.037) dps T= 34.20 C
t= 4616.372360 a=(  1.183, -1.058,  9.687) m/s2 |a|= 9.816 w=(   0.610,  -0.427,  -1.037) dps T= 34.19 C
t= 4616.473199 a=(  1.178, -1.034,  9.692) m/s2 |a|= 9.818 w=(   0.549,  -0.427,  -1.037) dps T= 34.20 C
t= 4616.574041 a=(  1.168, -1.058,  9.701) m/s2 |a|= 9.829 w=(   0.549,  -0.488,  -1.037) dps T= 34.16 C
t= 4616.674875 a=(  1.164, -1.063,  9.697) m/s2 |a|= 9.824 w=(   0.549,  -0.488,  -1.037) dps T= 34.19 C
t= 4616.775753 a=(  1.168, -1.073,  9.711) m/s2 |a|= 9.840 w=(   0.549,  -0.427,  -1.037) dps T= 34.20 C
t= 4616.876605 a=(  1.173, -1.063,  9.697) m/s2 |a|= 9.825 w=(   0.610,  -0.427,  -1.037) dps T= 34.18 C
t= 4616.977433 a=(  1.168, -1.063,  9.687) m/s2 |a|= 9.815 w=(   0.549,  -0.427,  -1.037) dps T= 34.20 C
t= 4617.078275 a=(  1.178, -1.073,  9.697) m/s2 |a|= 9.827 w=(   0.610,  -0.427,  -1.037) dps T= 34.18 C
t= 4617.179110 a=(  1.164, -1.068,  9.697) m/s2 |a|= 9.824 w=(   0.549,  -0.427,  -1.037) dps T= 34.20 C
t= 4617.279970 a=(  1.164, -1.053,  9.682) m/s2 |a|= 9.809 w=(   0.671,  -0.427,  -1.098) dps T= 34.18 C
t= 4617.380920 a=(  1.159, -1.073,  9.682) m/s2 |a|= 9.810 w=(   0.549,  -0.427,  -1.037) dps T= 34.18 C
t= 4617.481767 a=(  1.173, -1.068,  9.687) m/s2 |a|= 9.816 w=(   0.549,  -0.427,  -0.976) dps T= 34.19 C
t= 4617.582613 a=(  1.164, -1.058,  9.677) m/s2 |a|= 9.804 w=(   0.549,  -0.427,  -1.098) dps T= 34.20 C
t= 4617.683444 a=(  1.168, -1.063,  9.692) m/s2 |a|= 9.820 w=(   0.488,  -0.488,  -1.037) dps T= 34.20 C
t= 4617.784341 a=(  1.178, -1.068,  9.687) m/s2 |a|= 9.817 w=(   0.488,  -0.488,  -1.037) dps T= 34.19 C
t= 4617.885203 a=(  1.164, -1.068,  9.692) m/s2 |a|= 9.820 w=(   0.488,  -0.488,  -0.976) dps T= 34.20 C
t= 4617.986026 a=(  1.173, -1.063,  9.697) m/s2 |a|= 9.825 w=(   0.549,  -0.488,  -1.037) dps T= 34.20 C
t= 4618.086855 a=(  1.178, -1.058,  9.697) m/s2 |a|= 9.825 w=(   0.549,  -0.488,  -1.037) dps T= 34.19 C
t= 4618.187731 a=(  1.164, -1.058,  9.692) m/s2 |a|= 9.819 w=(   0.549,  -0.488,  -1.037) dps T= 34.19 C
t= 4618.288556 a=(  1.173, -1.073,  9.697) m/s2 |a|= 9.826 w=(   0.549,  -0.427,  -1.037) dps T= 34.20 C
t= 4618.389389 a=(  1.173, -1.068,  9.687) m/s2 |a|= 9.816 w=(   0.549,  -0.488,  -1.037) dps T= 34.17 C
t= 4618.490400 a=(  1.173, -1.068,  9.692) m/s2 |a|= 9.821 w=(   0.549,  -0.427,  -1.037) dps T= 34.19 C
t= 4618.591283 a=(  1.168, -1.058,  9.677) m/s2 |a|= 9.805 w=(   0.610,  -0.427,  -1.098) dps T= 34.18 C
t= 4618.692126 a=(  1.173, -1.053,  9.687) m/s2 |a|= 9.814 w=(   0.610,  -0.488,  -0.976) dps T= 34.18 C
t= 4618.792967 a=(  1.178, -1.063,  9.697) m/s2 |a|= 9.825 w=(   0.549,  -0.488,  -1.037) dps T= 34.20 C
t= 4618.893813 a=(  1.178, -1.068,  9.682) m/s2 |a|= 9.812 w=(   0.610,  -0.488,  -1.037) dps T= 34.20 C
t= 4618.994684 a=(  1.144, -1.077,  9.687) m/s2 |a|= 9.814 w=(   0.549,  -0.427,  -1.098) dps T= 34.19 C
t= 4619.095527 a=(  1.197, -1.058,  9.720) m/s2 |a|= 9.851 w=(   0.549,  -0.427,  -1.037) dps T= 34.20 C
t= 4619.196362 a=(  1.149, -1.053,  9.677) m/s2 |a|= 9.802 w=(   0.610,  -0.488,  -1.098) dps T= 34.19 C
t= 4619.297229 a=(  1.164, -1.068,  9.697) m/s2 |a|= 9.824 w=(   0.549,  -0.488,  -1.037) dps T= 34.19 C
t= 4619.398093 a=(  1.154, -1.058,  9.663) m/s2 |a|= 9.789 w=(   0.610,  -0.366,  -1.098) dps T= 34.16 C
t= 4619.498956 a=(  1.173, -1.068,  9.682) m/s2 |a|= 9.811 w=(   0.610,  -0.488,  -1.098) dps T= 34.19 C
t= 4619.599794 a=(  1.183, -1.068,  9.682) m/s2 |a|= 9.812 w=(   0.549,  -0.427,  -1.037) dps T= 34.18 C
t= 4619.700795 a=(  1.188, -1.063,  9.682) m/s2 |a|= 9.812 w=(   0.488,  -0.488,  -1.037) dps T= 34.17 C
t= 4619.801664 a=(  1.154, -1.068,  9.673) m/s2 |a|= 9.800 w=(   0.549,  -0.427,  -1.037) dps T= 34.18 C
t= 4619.902529 a=(  1.178, -1.063,  9.706) m/s2 |a|= 9.835 w=(   0.549,  -0.488,  -1.098) dps T= 34.18 C
t= 4620.003385 a=(  1.168, -1.082,  9.682) m/s2 |a|= 9.812 w=(   0.366,  -0.549,  -1.098) dps T= 34.19 C
t= 4620.104227 a=(  1.173, -1.073,  9.692) m/s2 |a|= 9.821 w=(   0.427,  -0.549,  -1.037) dps T= 34.18 C
t= 4620.205059 a=(  1.154, -1.068,  9.711) m/s2 |a|= 9.837 w=(   0.488,  -0.488,  -1.037) dps T= 34.20 C
t= 4620.305885 a=(  1.178, -1.063,  9.687) m/s2 |a|= 9.816 w=(   0.549,  -0.549,  -1.098) dps T= 34.19 C
t= 4620.406722 a=(  1.178, -1.073,  9.682) m/s2 |a|= 9.812 w=(   0.488,  -0.427,  -1.037) dps T= 34.19 C
t= 4620.507548 a=(  1.178, -1.097,  9.682) m/s2 |a|= 9.815 w=(   0.549,  -0.488,  -1.037) dps T= 34.18 C
t= 4620.608386 a=(  1.168, -1.068,  9.692) m/s2 |a|= 9.820 w=(   0.549,  -0.427,  -1.037) dps T= 34.20 C
t= 4620.709221 a=(  1.168, -1.077,  9.701) m/s2 |a|= 9.831 w=(   0.488,  -0.427,  -1.098) dps T= 34.19 C
t= 4620.810077 a=(  1.164, -1.073,  9.692) m/s2 |a|= 9.820 w=(   0.549,  -0.427,  -1.037) dps T= 34.21 C
t= 4620.910975 a=(  1.168, -1.073,  9.697) m/s2 |a|= 9.825 w=(   0.610,  -0.427,  -1.037) dps T= 34.19 C
t= 4621.011845 a=(  1.168, -1.073,  9.701) m/s2 |a|= 9.830 w=(   0.610,  -0.427,  -1.037) dps T= 34.20 C
t= 4621.112697 a=(  1.164, -1.063,  9.697) m/s2 |a|= 9.824 w=(   0.549,  -0.427,  -1.098) dps T= 34.21 C
t= 4621.213575 a=(  1.173, -1.082,  9.701) m/s2 |a|= 9.832 w=(   0.610,  -0.488,  -1.037) dps T= 34.16 C
t= 4621.314412 a=(  1.159, -1.063,  9.706) m/s2 |a|= 9.833 w=(   0.549,  -0.427,  -1.098) dps T= 34.19 C
t= 4621.415293 a=(  1.168, -1.087,  9.687) m/s2 |a|= 9.818 w=(   0.549,  -0.488,  -1.037) dps T= 34.19 C
t= 4621.516149 a=(  1.173, -1.073,  9.673) m/s2 |a|= 9.802 w=(   0.549,  -0.427,  -1.037) dps T= 34.19 C
t= 4621.616983 a=(  1.168, -1.073,  9.687) m/s2 |a|= 9.816 w=(   0.549,  -0.427,  -1.098) dps T= 34.21 C
t= 4621.717875 a=(  1.159, -1.082,  9.677) m/s2 |a|= 9.806 w=(   0.610,  -0.427,  -1.037) dps T= 34.19 C
t= 4621.818718 a=(  1.168, -1.063,  9.701) m/s2 |a|= 9.829 w=(   0.610,  -0.488,  -1.098) dps T= 34.18 C
t= 4621.919554 a=(  1.178, -1.073,  9.692) m/s2 |a|= 9.822 w=(   0.610,  -0.427,  -0.976) dps T= 34.18 C
t= 4622.020543 a=(  1.173, -1.073,  9.687) m/s2 |a|= 9.816 w=(   0.549,  -0.427,  -1.037) dps T= 34.20 C
t= 4622.121425 a=(  1.168, -1.063,  9.682) m/s2 |a|= 9.810 w=(   0.610,  -0.488,  -1.037) dps T= 34.21 C
t= 4622.222332 a=(  1.168, -1.068,  9.668) m/s2 |a|= 9.796 w=(   0.610,  -0.427,  -1.098) dps T= 34.20 C
t= 4622.323201 a=(  1.178, -1.068,  9.697) m/s2 |a|= 9.826 w=(   0.488,  -0.427,  -1.098) dps T= 34.17 C
t= 4622.424053 a=(  1.168, -1.073,  9.697) m/s2 |a|= 9.825 w=(   0.610,  -0.427,  -1.037) dps T= 34.20 C
t= 4622.524917 a=(  1.188, -1.063,  9.706) m/s2 |a|= 9.836 w=(   0.549,  -0.427,  -1.098) dps T= 34.20 C
t= 4622.625749 a=(  1.178, -1.058,  9.687) m/s2 |a|= 9.816 w=(   0.610,  -0.427,  -1.098) dps T= 34.20 C
t= 4622.726594 a=(  1.173, -1.058,  9.711) m/s2 |a|= 9.839 w=(   0.549,  -0.427,  -1.098) dps T= 34.18 C
t= 4622.827437 a=(  1.183, -1.068,  9.682) m/s2 |a|= 9.812 w=(   0.610,  -0.427,  -1.098) dps T= 34.19 C
t= 4622.928273 a=(  1.159, -1.077,  9.677) m/s2 |a|= 9.806 w=(   0.549,  -0.488,  -1.037) dps T= 34.20 C
t= 4623.029123 a=(  1.159, -1.063,  9.687) m/s2 |a|= 9.814 w=(   0.610,  -0.427,  -0.976) dps T= 34.20 C
t= 4623.129952 a=(  1.178, -1.053,  9.697) m/s2 |a|= 9.824 w=(   0.671,  -0.488,  -1.037) dps T= 34.20 C
t= 4623.230877 a=(  1.168, -1.073,  9.687) m/s2 |a|= 9.816 w=(   0.610,  -0.427,  -1.037) dps T= 34.21 C
t= 4623.331759 a=(  1.164, -1.068,  9.697) m/s2 |a|= 9.824 w=(   0.549,  -0.488,  -1.098) dps T= 34.19 C
t= 4623.432654 a=(  1.164, -1.082,  9.697) m/s2 |a|= 9.826 w=(   0.488,  -0.427,  -1.098) dps T= 34.19 C
t= 4623.533504 a=(  1.178, -1.077,  9.677) m/s2 |a|= 9.808 w=(   0.549,  -0.427,  -1.098) dps T= 34.17 C
t= 4623.634331 a=(  1.168, -1.068,  9.706) m/s2 |a|= 9.834 w=(   0.549,  -0.427,  -1.098) dps T= 34.18 C
t= 4623.735171 a=(  1.183, -1.068,  9.692) m/s2 |a|= 9.822 w=(   0.610,  -0.427,  -1.037) dps T= 34.18 C
t= 4623.836004 a=(  1.159, -1.077,  9.682) m/s2 |a|= 9.811 w=(   0.549,  -0.488,  -1.037) dps T= 34.19 C
t= 4623.936832 a=(  1.173, -1.063,  9.692) m/s2 |a|= 9.820 w=(   0.671,  -0.427,  -1.037) dps T= 34.20 C
t= 4624.037687 a=(  1.173, -1.077,  9.668) m/s2 |a|= 9.798 w=(   0.549,  -0.427,  -1.098) dps T= 34.20 C
t= 4624.138519 a=(  1.178, -1.063,  9.692) m/s2 |a|= 9.821 w=(   0.549,  -0.488,  -1.098) dps T= 34.18 C
t= 4624.239348 a=(  1.173, -1.082,  9.682) m/s2 |a|= 9.813 w=(   0.610,  -0.427,  -1.098) dps T= 34.19 C
t= 4624.340327 a=(  1.164, -1.082,  9.692) m/s2 |a|= 9.821 w=(   0.549,  -0.427,  -1.098) dps T= 34.19 C
t= 4624.441177 a=(  1.173, -1.077,  9.692) m/s2 |a|= 9.822 w=(   0.610,  -0.488,  -1.037) dps T= 34.19 C
t= 4624.542058 a=(  1.168, -1.077,  9.697) m/s2 |a|= 9.826 w=(   0.549,  -0.488,  -1.037) dps T= 34.19 C
t= 4624.642910 a=(  1.168, -1.082,  9.692) m/s2 |a|= 9.822 w=(   0.488,  -0.427,  -1.037) dps T= 34.20 C
t= 4624.743755 a=(  1.164, -1.068,  9.697) m/s2 |a|= 9.824 w=(   0.610,  -0.488,  -1.037) dps T= 34.20 C
t= 4624.844611 a=(  1.183, -1.073,  9.687) m/s2 |a|= 9.818 w=(   0.610,  -0.488,  -0.976) dps T= 34.20 C
t= 4624.945438 a=(  1.168, -1.073,  9.697) m/s2 |a|= 9.825 w=(   0.549,  -0.427,  -1.098) dps T= 34.18 C
t= 4625.046298 a=(  1.183, -1.077,  9.677) m/s2 |a|= 9.809 w=(   0.610,  -0.427,  -1.098) dps T= 34.19 C
t= 4625.147142 a=(  1.168, -1.082,  9.687) m/s2 |a|= 9.817 w=(   0.610,  -0.427,  -1.098) dps T= 34.19 C
t= 4625.248029 a=(  1.178, -1.073,  9.682) m/s2 |a|= 9.812 w=(   0.549,  -0.427,  -1.037) dps T= 34.20 C
t= 4625.348888 a=(  1.173, -1.077,  9.706) m/s2 |a|= 9.836 w=(   0.610,  -0.427,  -1.037) dps T= 34.20 C
t= 4625.449702 a=(  1.173, -1.073,  9.692) m/s2 |a|= 9.821 w=(   0.671,  -0.488,  -1.037) dps T= 34.20 C
t= 4625.550652 a=(  1.173, -1.092,  9.687) m/s2 |a|= 9.819 w=(   0.610,  -0.427,  -1.037) dps T= 34.19 C
t= 4625.651681 a=(  1.183, -1.077,  9.711) m/s2 |a|= 9.842 w=(   0.610,  -0.427,  -1.037) dps T= 34.21 C
t= 4625.752593 a=(  1.164, -1.068,  9.711) m/s2 |a|= 9.838 w=(   0.610,  -0.427,  -0.976) dps T= 34.19 C
t= 4625.853453 a=(  1.183, -1.073,  9.692) m/s2 |a|= 9.822 w=(   0.549,  -0.427,  -1.037) dps T= 34.19 C
t= 4625.954337 a=(  1.173, -1.073,  9.706) m/s2 |a|= 9.835 w=(   0.549,  -0.488,  -1.037) dps T= 34.20 C
t= 4626.055174 a=(  1.168, -1.082,  9.697) m/s2 |a|= 9.826 w=(   0.549,  -0.427,  -1.037) dps T= 34.20 C
t= 4626.156020 a=(  1.164, -1.053,  9.687) m/s2 |a|= 9.813 w=(   0.610,  -0.427,  -1.037) dps T= 34.19 C
t= 4626.256871 a=(  1.178, -1.063,  9.706) m/s2 |a|= 9.835 w=(   0.610,  -0.427,  -1.037) dps T= 34.19 C
t= 4626.357705 a=(  1.178, -1.063,  9.697) m/s2 |a|= 9.825 w=(   0.549,  -0.427,  -1.098) dps T= 34.18 C
t= 4626.458534 a=(  1.173, -1.077,  9.687) m/s2 |a|= 9.817 w=(   0.549,  -0.427,  -1.037) dps T= 34.19 C
t= 4626.559387 a=(  1.183, -1.077,  9.687) m/s2 |a|= 9.818 w=(   0.610,  -0.488,  -1.037) dps T= 34.21 C
t= 4626.660296 a=(  1.168, -1.077,  9.687) m/s2 |a|= 9.816 w=(   0.549,  -0.427,  -1.037) dps T= 34.21 C
t= 4626.761138 a=(  1.159, -1.082,  9.682) m/s2 |a|= 9.811 w=(   0.549,  -0.427,  -1.037) dps T= 34.20 C
t= 4626.862000 a=(  1.173, -1.077,  9.692) m/s2 |a|= 9.822 w=(   0.488,  -0.488,  -1.037) dps T= 34.20 C
t= 4626.962868 a=(  1.168, -1.087,  9.682) m/s2 |a|= 9.813 w=(   0.488,  -0.488,  -1.098) dps T= 34.19 C
t= 4627.063744 a=(  1.173, -1.073,  9.677) m/s2 |a|= 9.807 w=(   0.610,  -0.488,  -1.098) dps T= 34.20 C
t= 4627.164598 a=(  1.168, -1.082,  9.692) m/s2 |a|= 9.822 w=(   0.549,  -0.488,  -1.037) dps T= 34.19 C
t= 4627.265439 a=(  1.164, -1.073,  9.677) m/s2 |a|= 9.806 w=(   0.610,  -0.427,  -1.037) dps T= 34.19 C
t= 4627.366280 a=(  1.168, -1.068,  9.697) m/s2 |a|= 9.825 w=(   0.549,  -0.427,  -1.098) dps T= 34.17 C
t= 4627.467169 a=(  1.168, -1.087,  9.706) m/s2 |a|= 9.836 w=(   0.549,  -0.488,  -1.098) dps T= 34.18 C
t= 4627.568022 a=(  1.168, -1.087,  9.687) m/s2 |a|= 9.818 w=(   0.610,  -0.488,  -1.098) dps T= 34.19 C
t= 4627.668841 a=(  1.183, -1.073,  9.687) m/s2 |a|= 9.818 w=(   0.549,  -0.488,  -1.098) dps T= 34.22 C
t= 4627.769690 a=(  1.178, -1.092,  9.677) m/s2 |a|= 9.810 w=(   0.549,  -0.488,  -1.037) dps T= 34.18 C
t= 4627.870595 a=(  1.178, -1.073,  9.697) m/s2 |a|= 9.827 w=(   0.488,  -0.427,  -1.159) dps T= 34.20 C
t= 4627.971457 a=(  1.178, -1.073,  9.682) m/s2 |a|= 9.812 w=(   0.610,  -0.427,  -1.037) dps T= 34.19 C
t= 4628.072432 a=(  1.173, -1.058,  9.677) m/s2 |a|= 9.805 w=(   0.610,  -0.427,  -1.037) dps T= 34.17 C
t= 4628.173396 a=(  1.173, -1.073,  9.677) m/s2 |a|= 9.807 w=(   0.427,  -0.488,  -1.037) dps T= 34.19 C
t= 4628.274308 a=(  1.164, -1.087,  9.697) m/s2 |a|= 9.826 w=(   0.549,  -0.427,  -1.037) dps T= 34.19 C
t= 4628.375159 a=(  1.168, -1.073,  9.682) m/s2 |a|= 9.811 w=(   0.549,  -0.488,  -1.037) dps T= 34.20 C
t= 4628.475999 a=(  1.178, -1.068,  9.663) m/s2 |a|= 9.793 w=(   0.549,  -0.427,  -1.037) dps T= 34.20 C
t= 4628.576874 a=(  1.173, -1.063,  9.682) m/s2 |a|= 9.811 w=(   0.549,  -0.488,  -1.037) dps T= 34.20 C
t= 4628.677705 a=(  1.178, -1.073,  9.701) m/s2 |a|= 9.831 w=(   0.610,  -0.427,  -1.037) dps T= 34.21 C
t= 4628.778547 a=(  1.164, -1.058,  9.687) m/s2 |a|= 9.814 w=(   0.549,  -0.488,  -0.976) dps T= 34.20 C
t= 4628.879362 a=(  1.168, -1.073,  9.682) m/s2 |a|= 9.811 w=(   0.549,  -0.488,  -1.037) dps T= 34.19 C
t= 4628.980346 a=(  1.178, -1.063,  9.687) m/s2 |a|= 9.816 w=(   0.549,  -0.488,  -1.098) dps T= 34.20 C
t= 4629.081214 a=(  1.178, -1.073,  9.687) m/s2 |a|= 9.817 w=(   0.671,  -0.488,  -1.037) dps T= 34.18 C
t= 4629.182068 a=(  1.173, -1.073,  9.682) m/s2 |a|= 9.812 w=(   0.549,  -0.366,  -1.037) dps T= 34.16 C
t= 4629.282951 a=(  1.173, -1.073,  9.687) m/s2 |a|= 9.816 w=(   0.549,  -0.488,  -1.037) dps T= 34.20 C
t= 4629.383826 a=(  1.183, -1.068,  9.677) m/s2 |a|= 9.808 w=(   0.610,  -0.488,  -1.098) dps T= 34.19 C
t= 4629.484688 a=(  1.183, -1.082,  9.692) m/s2 |a|= 9.823 w=(   0.549,  -0.488,  -1.037) dps T= 34.18 C
t= 4629.585580 a=(  1.168, -1.073,  9.692) m/s2 |a|= 9.821 w=(   0.366,  -0.488,  -1.037) dps T= 34.21 C
t= 4629.686431 a=(  1.173, -1.082,  9.697) m/s2 |a|= 9.827 w=(   0.549,  -0.427,  -1.037) dps T= 34.19 C
t= 4629.787280 a=(  1.173, -1.063,  9.697) m/s2 |a|= 9.825 w=(   0.488,  -0.427,  -1.098) dps T= 34.19 C
t= 4629.888095 a=(  1.164, -1.068,  9.692) m/s2 |a|= 9.820 w=(   0.549,  -0.488,  -1.037) dps T= 34.20 C
t= 4629.988929 a=(  1.188, -1.058,  9.673) m/s2 |a|= 9.802 w=(   0.549,  -0.488,  -1.098) dps T= 34.20 C
t= 4630.089761 a=(  1.173, -1.073,  9.687) m/s2 |a|= 9.816 w=(   0.549,  -0.488,  -1.098) dps T= 34.20 C
t= 4630.190685 a=(  1.159, -1.063,  9.692) m/s2 |a|= 9.818 w=(   0.610,  -0.427,  -1.037) dps T= 34.20 C
t= 4630.291534 a=(  1.168, -1.053,  9.682) m/s2 |a|= 9.809 w=(   0.610,  -0.427,  -1.098) dps T= 34.20 C
t= 4630.392387 a=(  1.164, -1.063,  9.687) m/s2 |a|= 9.814 w=(   0.610,  -0.488,  -1.037) dps T= 34.20 C
t= 4630.493298 a=(  1.178, -1.082,  9.677) m/s2 |a|= 9.809 w=(   0.549,  -0.488,  -1.037) dps T= 34.18 C
t= 4630.594174 a=(  1.159, -1.063,  9.673) m/s2 |a|= 9.800 w=(   0.488,  -0.427,  -1.098) dps T= 34.19 C
t= 4630.695020 a=(  1.168, -1.063,  9.697) m/s2 |a|= 9.824 w=(   0.549,  -0.488,  -0.976) dps T= 34.20 C
t= 4630.795864 a=(  1.159, -1.073,  9.692) m/s2 |a|= 9.820 w=(   0.549,  -0.488,  -1.037) dps T= 34.20 C
t= 4630.896699 a=(  1.168, -1.068,  9.711) m/s2 |a|= 9.839 w=(   0.549,  -0.427,  -1.098) dps T= 34.19 C
t= 4630.997561 a=(  1.164, -1.073,  9.673) m/s2 |a|= 9.801 w=(   0.549,  -0.427,  -1.037) dps T= 34.18 C
t= 4631.098400 a=(  1.168, -1.068,  9.682) m/s2 |a|= 9.811 w=(   0.549,  -0.427,  -1.037) dps T= 34.20 C
t= 4631.199229 a=(  1.164, -1.068,  9.687) m/s2 |a|= 9.815 w=(   0.610,  -0.488,  -1.037) dps T= 34.20 C
t= 4631.300101 a=(  1.168, -1.058,  9.673) m/s2 |a|= 9.800 w=(   0.549,  -0.488,  -1.037) dps T= 34.21 C
t= 4631.400973 a=(  1.159, -1.063,  9.701) m/s2 |a|= 9.828 w=(   0.610,  -0.366,  -1.098) dps T= 34.18 C
t= 4631.501805 a=(  1.178, -1.068,  9.697) m/s2 |a|= 9.826 w=(   0.488,  -0.488,  -1.037) dps T= 34.20 C
t= 4631.602650 a=(  1.164, -1.058,  9.701) m/s2 |a|= 9.828 w=(   0.549,  -0.427,  -1.037) dps T= 34.20 C
t= 4631.703519 a=(  1.168, -1.068,  9.697) m/s2 |a|= 9.825 w=(   0.549,  -0.488,  -1.037) dps T= 34.19 C
t= 4631.804389 a=(  1.178, -1.068,  9.677) m/s2 |a|= 9.807 w=(   0.427,  -0.488,  -1.037) dps T= 34.20 C
t= 4631.905233 a=(  1.173, -1.082,  9.697) m/s2 |a|= 9.827 w=(   0.488,  -0.427,  -1.037) dps T= 34.20 C
t= 4632.006083 a=(  1.168, -1.068,  9.682) m/s2 |a|= 9.811 w=(   0.610,  -0.488,  -0.976) dps T= 34.20 C
t= 4632.106923 a=(  1.173, -1.082,  9.663) m/s2 |a|= 9.794 w=(   0.549,  -0.427,  -1.037) dps T= 34.19 C
t= 4632.207754 a=(  1.178, -1.058,  9.687) m/s2 |a|= 9.816 w=(   0.488,  -0.549,  -0.976) dps T= 34.18 C
t= 4632.308601 a=(  1.173, -1.077,  9.692) m/s2 |a|= 9.822 w=(   0.610,  -0.488,  -1.037) dps T= 34.19 C
t= 4632.409452 a=(  1.183, -1.058,  9.701) m/s2 |a|= 9.830 w=(   0.488,  -0.427,  -1.037) dps T= 34.19 C
t= 4632.510404 a=(  1.178, -1.068,  9.697) m/s2 |a|= 9.826 w=(   0.610,  -0.427,  -1.098) dps T= 34.21 C
t= 4632.611286 a=(  1.168, -1.058,  9.687) m/s2 |a|= 9.814 w=(   0.610,  -0.427,  -1.037) dps T= 34.20 C
t= 4632.712123 a=(  1.173, -1.063,  9.682) m/s2 |a|= 9.811 w=(   0.610,  -0.488,  -1.098) dps T= 34.20 C
t= 4632.813003 a=(  1.178, -1.073,  9.692) m/s2 |a|= 9.822 w=(   0.549,  -0.427,  -1.037) dps T= 34.21 C
t= 4632.913880 a=(  1.168, -1.049,  9.692) m/s2 |a|= 9.818 w=(   0.549,  -0.488,  -1.037) dps T= 34.20 C
t= 4633.014788 a=(  1.173, -1.068,  9.697) m/s2 |a|= 9.825 w=(   0.610,  -0.488,  -1.037) dps T= 34.19 C
t= 4633.115659 a=(  1.154, -1.073,  9.701) m/s2 |a|= 9.828 w=(   0.549,  -0.488,  -1.037) dps T= 34.19 C
t= 4633.216512 a=(  1.164, -1.073,  9.682) m/s2 |a|= 9.811 w=(   0.549,  -0.488,  -1.037) dps T= 34.22 C
t= 4633.317369 a=(  1.168, -1.063,  9.692) m/s2 |a|= 9.820 w=(   0.549,  -0.427,  -1.037) dps T= 34.20 C
t= 4633.418228 a=(  1.159, -1.063,  9.706) m/s2 |a|= 9.833 w=(   0.610,  -0.427,  -1.037) dps T= 34.20 C
t= 4633.519145 a=(  1.183, -1.073,  9.677) m/s2 |a|= 9.808 w=(   0.549,  -0.427,  -1.037) dps T= 34.19 C
t= 4633.620051 a=(  1.178, -1.068,  9.692) m/s2 |a|= 9.821 w=(   0.549,  -0.488,  -1.037) dps T= 34.18 C
t= 4633.720935 a=(  1.168, -1.068,  9.673) m/s2 |a|= 9.801 w=(   0.610,  -0.488,  -1.037) dps T= 34.18 C
t= 4633.821803 a=(  1.159, -1.053,  9.692) m/s2 |a|= 9.817 w=(   0.549,  -0.488,  -1.037) dps T= 34.17 C
t= 4633.922638 a=(  1.173, -1.087,  9.687) m/s2 |a|= 9.818 w=(   0.488,  -0.427,  -1.037) dps T= 34.20 C
t= 4634.023492 a=(  1.183, -1.073,  9.692) m/s2 |a|= 9.822 w=(   0.549,  -0.488,  -1.037) dps T= 34.21 C
t= 4634.124361 a=(  1.178, -1.068,  9.697) m/s2 |a|= 9.826 w=(   0.549,  -0.488,  -1.098) dps T= 34.20 C
t= 4634.225224 a=(  1.173, -1.073,  9.692) m/s2 |a|= 9.821 w=(   0.488,  -0.488,  -1.037) dps T= 34.21 C
t= 4634.326092 a=(  1.168, -1.068,  9.682) m/s2 |a|= 9.811 w=(   0.549,  -0.488,  -1.037) dps T= 34.20 C
t= 4634.426947 a=(  1.173, -1.063,  9.692) m/s2 |a|= 9.820 w=(   0.549,  -0.427,  -1.037) dps T= 34.20 C
t= 4634.527774 a=(  1.164, -1.068,  9.697) m/s2 |a|= 9.824 w=(   0.549,  -0.488,  -1.098) dps T= 34.20 C
t= 4634.628613 a=(  1.178, -1.068,  9.687) m/s2 |a|= 9.817 w=(   0.549,  -0.427,  -1.037) dps T= 34.19 C
t= 4634.729428 a=(  1.164, -1.068,  9.687) m/s2 |a|= 9.815 w=(   0.610,  -0.488,  -1.098) dps T= 34.19 C
t= 4634.830402 a=(  1.183, -1.073,  9.697) m/s2 |a|= 9.827 w=(   0.610,  -0.427,  -1.037) dps T= 34.21 C
t= 4634.931247 a=(  1.178, -1.077,  9.697) m/s2 |a|= 9.827 w=(   0.549,  -0.488,  -1.037) dps T= 34.19 C
t= 4635.032080 a=(  1.159, -1.063,  9.673) m/s2 |a|= 9.800 w=(   0.549,  -0.488,  -1.037) dps T= 34.20 C
t= 4635.132921 a=(  1.168, -1.068,  9.692) m/s2 |a|= 9.820 w=(   0.610,  -0.427,  -1.037) dps T= 34.21 C
t= 4635.233909 a=(  1.178, -1.058,  9.687) m/s2 |a|= 9.816 w=(   0.549,  -0.427,  -1.037) dps T= 34.20 C
t= 4635.334825 a=(  1.178, -1.063,  9.677) m/s2 |a|= 9.807 w=(   0.549,  -0.488,  -1.098) dps T= 34.20 C
t= 4635.435730 a=(  1.154, -1.063,  9.701) m/s2 |a|= 9.827 w=(   0.549,  -0.427,  -1.037) dps T= 34.19 C
t= 4635.536624 a=(  1.173, -1.063,  9.711) m/s2 |a|= 9.839 w=(   0.549,  -0.427,  -1.098) dps T= 34.18 C
t= 4635.637469 a=(  1.173, -1.077,  9.677) m/s2 |a|= 9.808 w=(   0.549,  -0.427,  -1.037) dps T= 34.20 C
t= 4635.738296 a=(  1.173, -1.082,  9.687) m/s2 |a|= 9.818 w=(   0.549,  -0.488,  -1.037) dps T= 34.19 C
t= 4635.839135 a=(  1.173, -1.073,  9.701) m/s2 |a|= 9.831 w=(   0.610,  -0.427,  -1.037) dps T= 34.20 C
t= 4635.939971 a=(  1.168, -1.049,  9.682) m/s2 |a|= 9.809 w=(   0.549,  -0.488,  -1.037) dps T= 34.19 C
t= 4636.040858 a=(  1.173, -1.063,  9.677) m/s2 |a|= 9.806 w=(   0.549,  -0.488,  -1.037) dps T= 34.17 C
t= 4636.141693 a=(  1.173, -1.077,  9.697) m/s2 |a|= 9.826 w=(   0.610,  -0.488,  -0.976) dps T= 34.20 C
t= 4636.242507 a=(  1.183, -1.068,  9.682) m/s2 |a|= 9.812 w=(   0.488,  -0.427,  -1.037) dps T= 34.20 C
t= 4636.343336 a=(  1.168, -1.077,  9.701) m/s2 |a|= 9.831 w=(   0.549,  -0.427,  -1.037) dps T= 34.20 C
t= 4636.444201 a=(  1.173, -1.068,  9.706) m/s2 |a|= 9.835 w=(   0.549,  -0.488,  -1.037) dps T= 34.19 C
t= 4636.545067 a=(  1.173, -1.058,  9.697) m/s2 |a|= 9.824 w=(   0.549,  -0.488,  -1.037) dps T= 34.19 C
t= 4636.645947 a=(  1.159, -1.063,  9.692) m/s2 |a|= 9.818 w=(   0.549,  -0.427,  -1.037) dps T= 34.20 C
t= 4636.746786 a=(  1.164, -1.063,  9.697) m/s2 |a|= 9.824 w=(   0.549,  -0.427,  -1.037) dps T= 34.19 C
t= 4636.847614 a=(  1.178, -1.053,  9.687) m/s2 |a|= 9.815 w=(   0.549,  -0.427,  -0.976) dps T= 34.20 C
t= 4636.948450 a=(  1.168, -1.053,  9.677) m/s2 |a|= 9.804 w=(   0.549,  -0.427,  -1.037) dps T= 34.19 C
t= 4637.049266 a=(  1.164, -1.063,  9.687) m/s2 |a|= 9.814 w=(   0.549,  -0.488,  -1.037) dps T= 34.20 C
t= 4637.150106 a=(  1.164, -1.068,  9.682) m/s2 |a|= 9.810 w=(   0.427,  -0.488,  -1.098) dps T= 34.20 C
t= 4637.250966 a=(  1.173, -1.068,  9.677) m/s2 |a|= 9.807 w=(   0.488,  -0.488,  -1.037) dps T= 34.20 C
t= 4637.351819 a=(  1.164, -1.068,  9.687) m/s2 |a|= 9.815 w=(   0.549,  -0.488,  -1.037) dps T= 34.20 C
t= 4637.452724 a=(  1.168, -1.077,  9.692) m/s2 |a|= 9.821 w=(   0.549,  -0.366,  -1.098) dps T= 34.21 C
t= 4637.553575 a=(  1.168, -1.068,  9.687) m/s2 |a|= 9.815 w=(   0.549,  -0.488,  -0.976) dps T= 34.21 C
t= 4637.654503 a=(  1.168, -1.082,  9.692) m/s2 |a|= 9.822 w=(   0.549,  -0.427,  -0.976) dps T= 34.21 C
t= 4637.755490 a=(  1.178, -1.068,  9.687) m/s2 |a|= 9.817 w=(   0.549,  -0.427,  -1.098) dps T= 34.20 C
t= 4637.856364 a=(  1.183, -1.063,  9.692) m/s2 |a|= 9.821 w=(   0.488,  -0.488,  -1.037) dps T= 34.21 C
t= 4637.957230 a=(  1.173, -1.073,  9.701) m/s2 |a|= 9.831 w=(   0.549,  -0.427,  -1.037) dps T= 34.20 C
t= 4638.058070 a=(  1.164, -1.082,  9.687) m/s2 |a|= 9.816 w=(   0.488,  -0.427,  -0.976) dps T= 34.22 C
t= 4638.158929 a=(  1.164, -1.073,  9.701) m/s2 |a|= 9.830 w=(   0.671,  -0.427,  -1.037) dps T= 34.20 C
t= 4638.259772 a=(  1.168, -1.073,  9.706) m/s2 |a|= 9.835 w=(   0.610,  -0.427,  -1.098) dps T= 34.20 C
t= 4638.360676 a=(  1.173, -1.058,  9.687) m/s2 |a|= 9.815 w=(   0.610,  -0.427,  -1.098) dps T= 34.20 C
t= 4638.461513 a=(  1.178, -1.068,  9.692) m/s2 |a|= 9.821 w=(   0.549,  -0.427,  -1.098) dps T= 34.20 C
t= 4638.562359 a=(  1.168, -1.063,  9.697) m/s2 |a|= 9.824 w=(   0.549,  -0.427,  -1.037) dps T= 34.19 C
t= 4638.663204 a=(  1.178, -1.053,  9.692) m/s2 |a|= 9.820 w=(   0.610,  -0.427,  -1.098) dps T= 34.20 C
t= 4638.764040 a=(  1.183, -1.073,  9.677) m/s2 |a|= 9.808 w=(   0.671,  -0.427,  -1.037) dps T= 34.18 C
t= 4638.864938 a=(  1.168, -1.073,  9.701) m/s2 |a|= 9.830 w=(   0.671,  -0.427,  -1.098) dps T= 34.19 C
t= 4638.965817 a=(  1.173, -1.073,  9.687) m/s2 |a|= 9.816 w=(   0.610,  -0.427,  -1.037) dps T= 34.21 C
t= 4639.066672 a=(  1.173, -1.058,  9.682) m/s2 |a|= 9.810 w=(   0.610,  -0.427,  -1.037) dps T= 34.20 C
t= 4639.167551 a=(  1.173, -1.063,  9.701) m/s2 |a|= 9.830 w=(   0.732,  -0.366,  -1.037) dps T= 34.21 C
t= 4639.268385 a=(  1.178, -1.077,  9.682) m/s2 |a|= 9.813 w=(   0.488,  -0.488,  -1.037) dps T= 34.20 C
t= 4639.369231 a=(  1.188, -1.058,  9.701) m/s2 |a|= 9.831 w=(   0.427,  -0.488,  -1.098) dps T= 34.18 C
t= 4639.470078 a=(  1.164, -1.073,  9.658) m/s2 |a|= 9.787 w=(   0.488,  -0.427,  -1.037) dps T= 34.18 C
t= 4639.570906 a=(  1.168, -1.039,  9.697) m/s2 |a|= 9.822 w=(   0.610,  -0.427,  -1.037) dps T= 34.20 C
t= 4639.671757 a=(  1.183, -1.077,  9.677) m/s2 |a|= 9.809 w=(   0.671,  -0.427,  -1.098) dps T= 34.22 C
t= 4639.772623 a=(  1.168, -1.058,  9.716) m/s2 |a|= 9.843 w=(   0.488,  -0.488,  -1.098) dps T= 34.20 C
t= 4639.873448 a=(  1.183, -1.077,  9.697) m/s2 |a|= 9.828 w=(   0.671,  -0.427,  -1.037) dps T= 34.19 C
t= 4639.974289 a=(  1.183, -1.063,  9.701) m/s2 |a|= 9.831 w=(   0.366,  -0.549,  -1.037) dps T= 34.19 C
t= 4640.075166 a=(  1.173, -1.068,  9.692) m/s2 |a|= 9.821 w=(   0.549,  -0.427,  -1.098) dps T= 34.20 C
t= 4640.176054 a=(  1.173, -1.073,  9.701) m/s2 |a|= 9.831 w=(   0.610,  -0.427,  -1.037) dps T= 34.20 C
t= 4640.277043 a=(  1.178, -1.063,  9.701) m/s2 |a|= 9.830 w=(   0.610,  -0.427,  -1.037) dps T= 34.22 C
t= 4640.377950 a=(  1.188, -1.063,  9.673) m/s2 |a|= 9.803 w=(   0.549,  -0.427,  -1.098) dps T= 34.20 C
t= 4640.478822 a=(  1.173, -1.063,  9.687) m/s2 |a|= 9.815 w=(   0.549,  -0.488,  -1.098) dps T= 34.19 C
t= 4640.579684 a=(  1.173, -1.082,  9.697) m/s2 |a|= 9.827 w=(   0.427,  -0.549,  -1.037) dps T= 34.19 C
t= 4640.680642 a=(  1.159, -1.063,  9.692) m/s2 |a|= 9.818 w=(   0.488,  -0.488,  -0.976) dps T= 34.21 C
t= 4640.781477 a=(  1.173, -1.068,  9.687) m/s2 |a|= 9.816 w=(   0.488,  -0.427,  -1.037) dps T= 34.19 C
t= 4640.882312 a=(  1.178, -1.073,  9.697) m/s2 |a|= 9.827 w=(   0.610,  -0.488,  -1.037) dps T= 34.20 C
t= 4640.983153 a=(  1.188, -1.068,  9.677) m/s2 |a|= 9.808 w=(   0.610,  -0.427,  -1.037) dps T= 34.20 C
t= 4641.083975 a=(  1.168, -1.073,  9.701) m/s2 |a|= 9.830 w=(   0.488,  -0.427,  -1.098) dps T= 34.22 C
t= 4641.184820 a=(  1.178, -1.082,  9.682) m/s2 |a|= 9.813 w=(   0.549,  -0.488,  -1.037) dps T= 34.19 C
t= 4641.285802 a=(  1.159, -1.077,  9.697) m/s2 |a|= 9.825 w=(   0.488,  -0.488,  -0.976) dps T= 34.20 C
t= 4641.386784 a=(  1.173, -1.068,  9.692) m/s2 |a|= 9.821 w=(   0.610,  -0.427,  -1.037) dps T= 34.19 C
t= 4641.487663 a=(  1.173, -1.063,  9.697) m/s2 |a|= 9.825 w=(   0.610,  -0.488,  -1.098) dps T= 34.20 C
t= 4641.588510 a=(  1.159, -1.058,  9.692) m/s2 |a|= 9.818 w=(   0.610,  -0.427,  -1.098) dps T= 34.20 C
t= 4641.689361 a=(  1.183, -1.077,  9.677) m/s2 |a|= 9.809 w=(   0.610,  -0.427,  -1.037) dps T= 34.20 C
t= 4641.790298 a=(  1.173, -1.077,  9.682) m/s2 |a|= 9.812 w=(   0.549,  -0.488,  -1.098) dps T= 34.20 C
t= 4641.891160 a=(  1.164, -1.077,  9.706) m/s2 |a|= 9.835 w=(   0.488,  -0.427,  -1.098) dps T= 34.18 C
t= 4641.991993 a=(  1.173, -1.073,  9.697) m/s2 |a|= 9.826 w=(   0.671,  -0.427,  -1.037) dps T= 34.20 C
t= 4642.092809 a=(  1.173, -1.068,  9.682) m/s2 |a|= 9.811 w=(   0.549,  -0.488,  -1.098) dps T= 34.20 C
t= 4642.193643 a=(  1.168, -1.053,  9.692) m/s2 |a|= 9.819 w=(   0.671,  -0.427,  -1.037) dps T= 34.20 C
t= 4642.294493 a=(  1.173, -1.082,  9.687) m/s2 |a|= 9.818 w=(   0.488,  -0.427,  -1.037) dps T= 34.19 C
t= 4642.395331 a=(  1.173, -1.106,  9.692) m/s2 |a|= 9.825 w=(   0.305,  -0.488,  -1.098) dps T= 34.20 C
t= 4642.496249 a=(  1.183, -1.053,  9.701) m/s2 |a|= 9.830 w=(   0.610,  -0.488,  -1.037) dps T= 34.20 C
t= 4642.597102 a=(  1.183, -1.068,  9.682) m/s2 |a|= 9.812 w=(   0.549,  -0.488,  -1.037) dps T= 34.20 C
t= 4642.697956 a=(  1.192, -1.073,  9.687) m/s2 |a|= 9.819 w=(   0.610,  -0.488,  -1.037) dps T= 34.21 C
t= 4642.798809 a=(  1.178, -1.058,  9.682) m/s2 |a|= 9.811 w=(   0.549,  -0.488,  -1.037) dps T= 34.22 C
t= 4642.899681 a=(  1.173, -1.082,  9.677) m/s2 |a|= 9.808 w=(   0.488,  -0.427,  -1.098) dps T= 34.20 C
t= 4643.000586 a=(  1.173, -1.077,  9.701) m/s2 |a|= 9.831 w=(   0.549,  -0.427,  -1.037) dps T= 34.22 C
t= 4643.101430 a=(  1.164, -1.073,  9.687) m/s2 |a|= 9.815 w=(   0.549,  -0.427,  -1.037) dps T= 34.19 C
t= 4643.202290 a=(  1.173, -1.073,  9.687) m/s2 |a|= 9.816 w=(   0.610,  -0.488,  -1.037) dps T= 34.20 C
t= 4643.303158 a=(  1.159, -1.063,  9.687) m/s2 |a|= 9.814 w=(   0.610,  -0.427,  -1.098) dps T= 34.19 C
t= 4643.403999 a=(  1.164, -1.077,  9.692) m/s2 |a|= 9.821 w=(   0.549,  -0.488,  -1.098) dps T= 34.19 C
t= 4643.504844 a=(  1.168, -1.053,  9.677) m/s2 |a|= 9.804 w=(   0.549,  -0.427,  -1.037) dps T= 34.21 C
t= 4643.605670 a=(  1.164, -1.063,  9.682) m/s2 |a|= 9.810 w=(   0.549,  -0.427,  -1.037) dps T= 34.20 C
t= 4643.706562 a=(  1.168, -1.058,  9.673) m/s2 |a|= 9.800 w=(   0.610,  -0.427,  -1.037) dps T= 34.21 C
t= 4643.807472 a=(  1.178, -1.073,  9.706) m/s2 |a|= 9.836 w=(   0.549,  -0.488,  -1.098) dps T= 34.19 C
t= 4643.908325 a=(  1.168, -1.073,  9.677) m/s2 |a|= 9.806 w=(   0.549,  -0.427,  -1.037) dps T= 34.20 C
t= 4644.009167 a=(  1.178, -1.068,  9.697) m/s2 |a|= 9.826 w=(   0.610,  -0.488,  -1.037) dps T= 34.20 C
t= 4644.110078 a=(  1.173, -1.058,  9.711) m/s2 |a|= 9.839 w=(   0.732,  -0.427,  -1.037) dps T= 34.22 C
t= 4644.210953 a=(  1.211, -1.068,  9.701) m/s2 |a|= 9.835 w=(   0.793,  -0.366,  -1.098) dps T= 34.20 C
t= 4644.311789 a=(  1.154, -1.044,  9.692) m/s2 |a|= 9.816 w=(   0.732,  -0.366,  -1.037) dps T= 34.23 C
t= 4644.412638 a=(  1.097, -1.049,  9.673) m/s2 |a|= 9.791 w=(   0.549,  -0.427,  -1.037) dps T= 34.20 C
t= 4644.513478 a=(  1.202, -1.068,  9.697) m/s2 |a|= 9.829 w=(   0.610,  -0.427,  -0.976) dps T= 34.22 C
t= 4644.614297 a=(  1.188, -1.068,  9.673) m/s2 |a|= 9.804 w=(   0.610,  -0.427,  -1.037) dps T= 34.22 C
t= 4644.715119 a=(  1.144, -1.058,  9.682) m/s2 |a|= 9.807 w=(   0.549,  -0.488,  -1.037) dps T= 34.21 C
t= 4644.815975 a=(  1.173, -1.068,  9.687) m/s2 |a|= 9.816 w=(   0.488,  -0.488,  -1.037) dps T= 34.20 C
t= 4644.916851 a=(  1.164, -1.058,  9.701) m/s2 |a|= 9.828 w=(   0.549,  -0.427,  -1.037) dps T= 34.20 C
t= 4645.017751 a=(  1.168, -1.058,  9.692) m/s2 |a|= 9.819 w=(   0.549,  -0.427,  -1.037) dps T= 34.18 C
t= 4645.118601 a=(  1.168, -1.058,  9.687) m/s2 |a|= 9.814 w=(   0.549,  -0.427,  -1.037) dps T= 34.20 C
t= 4645.219440 a=(  1.154, -1.058,  9.692) m/s2 |a|= 9.817 w=(   0.549,  -0.427,  -1.037) dps T= 34.21 C
t= 4645.320469 a=(  1.168, -1.077,  9.687) m/s2 |a|= 9.816 w=(   0.549,  -0.427,  -1.098) dps T= 34.21 C
t= 4645.421365 a=(  1.168, -1.058,  9.701) m/s2 |a|= 9.829 w=(   0.549,  -0.488,  -1.098) dps T= 34.20 C
t= 4645.522242 a=(  1.178, -1.063,  9.692) m/s2 |a|= 9.821 w=(   0.610,  -0.427,  -1.098) dps T= 34.20 C
t= 4645.623107 a=(  1.178, -1.049,  9.682) m/s2 |a|= 9.810 w=(   0.549,  -0.488,  -1.037) dps T= 34.21 C
t= 4645.723952 a=(  1.164, -1.063,  9.692) m/s2 |a|= 9.819 w=(   0.549,  -0.549,  -1.037) dps T= 34.20 C
t= 4645.824779 a=(  1.164, -1.058,  9.687) m/s2 |a|= 9.814 w=(   0.549,  -0.427,  -1.037) dps T= 34.23 C
t= 4645.925623 a=(  1.159, -1.063,  9.697) m/s2 |a|= 9.823 w=(   0.549,  -0.488,  -1.037) dps T= 34.20 C
t= 4646.026476 a=(  1.168, -1.063,  9.687) m/s2 |a|= 9.815 w=(   0.549,  -0.488,  -1.098) dps T= 34.20 C
t= 4646.127353 a=(  1.168, -1.058,  9.682) m/s2 |a|= 9.810 w=(   0.549,  -0.488,  -1.037) dps T= 34.21 C
t= 4646.228225 a=(  1.192, -1.049,  9.711) m/s2 |a|= 9.840 w=(   0.549,  -0.427,  -1.098) dps T= 34.22 C
t= 4646.329100 a=(  1.173, -1.053,  9.697) m/s2 |a|= 9.824 w=(   0.549,  -0.427,  -1.037) dps T= 34.21 C
t= 4646.429949 a=(  1.168, -1.068,  9.687) m/s2 |a|= 9.815 w=(   0.610,  -0.488,  -0.976) dps T= 34.20 C
t= 4646.530927 a=(  1.168, -1.058,  9.682) m/s2 |a|= 9.810 w=(   0.610,  -0.427,  -1.098) dps T= 34.22 C
t= 4646.631761 a=(  1.144, -1.058,  9.677) m/s2 |a|= 9.802 w=(   0.610,  -0.488,  -1.037) dps T= 34.22 C
t= 4646.732592 a=(  1.168, -1.049,  9.706) m/s2 |a|= 9.832 w=(   0.671,  -0.427,  -1.037) dps T= 34.20 C
t= 4646.833425 a=(  1.188, -1.058,  9.697) m/s2 |a|= 9.826 w=(   0.549,  -0.488,  -1.098) dps T= 34.21 C
t= 4646.934289 a=(  1.164, -1.044,  9.706) m/s2 |a|= 9.831 w=(   0.610,  -0.427,  -1.037) dps T= 34.21 C
t= 4647.035128 a=(  1.144, -1.063,  9.697) m/s2 |a|= 9.822 w=(   0.671,  -0.427,  -1.098) dps T= 34.21 C
t= 4647.135949 a=(  1.183, -1.077,  9.706) m/s2 |a|= 9.837 w=(   0.549,  -0.427,  -1.037) dps T= 34.19 C
t= 4647.236801 a=(  1.192, -1.053,  9.735) m/s2 |a|= 9.864 w=(   0.549,  -0.427,  -1.098) dps T= 34.20 C
t= 4647.337782 a=(  1.183, -1.077,  9.644) m/s2 |a|= 9.776 w=(   0.549,  -0.488,  -1.037) dps T= 34.20 C
t= 4647.438679 a=(  1.178, -1.063,  9.716) m/s2 |a|= 9.844 w=(   0.427,  -0.488,  -1.098) dps T= 34.20 C
t= 4647.539539 a=(  1.125, -1.053,  9.692) m/s2 |a|= 9.814 w=(   0.610,  -0.488,  -1.037) dps T= 34.18 C
t= 4647.640454 a=(  1.197, -1.073,  9.682) m/s2 |a|= 9.815 w=(   0.549,  -0.427,  -1.037) dps T= 34.21 C
t= 4647.741328 a=(  1.188, -1.063,  9.677) m/s2 |a|= 9.808 w=(   0.427,  -0.488,  -1.098) dps T= 34.22 C
t= 4647.842149 a=(  1.140, -1.058,  9.701) m/s2 |a|= 9.825 w=(   0.427,  -0.427,  -1.037) dps T= 34.19 C
t= 4647.943019 a=(  1.173, -1.058,  9.701) m/s2 |a|= 9.829 w=(   0.610,  -0.488,  -1.037) dps T= 34.21 C
t= 4648.043858 a=(  1.173, -1.068,  9.673) m/s2 |a|= 9.802 w=(   0.610,  -0.427,  -1.037) dps T= 34.20 C
t= 4648.144710 a=(  1.183, -1.068,  9.701) m/s2 |a|= 9.831 w=(   0.549,  -0.488,  -1.037) dps T= 34.21 C
t= 4648.245545 a=(  1.173, -1.063,  9.687) m/s2 |a|= 9.815 w=(   0.488,  -0.427,  -1.098) dps T= 34.20 C
t= 4648.346383 a=(  1.164, -1.058,  9.677) m/s2 |a|= 9.804 w=(   0.549,  -0.488,  -1.037) dps T= 34.20 C
t= 4648.447299 a=(  1.149, -1.073,  9.692) m/s2 |a|= 9.818 w=(   0.549,  -0.427,  -1.037) dps T= 34.21 C
t= 4648.548187 a=(  1.164, -1.068,  9.663) m/s2 |a|= 9.791 w=(   0.610,  -0.488,  -1.037) dps T= 34.20 C
t= 4648.649044 a=(  1.159, -1.058,  9.673) m/s2 |a|= 9.799 w=(   0.549,  -0.427,  -1.098) dps T= 34.21 C
t= 4648.749907 a=(  1.159, -1.058,  9.682) m/s2 |a|= 9.809 w=(   0.610,  -0.488,  -1.098) dps T= 34.20 C
t= 4648.850862 a=(  1.188, -1.073,  9.701) m/s2 |a|= 9.832 w=(   0.549,  -0.427,  -1.098) dps T= 34.20 C
t= 4648.951706 a=(  1.164, -1.063,  9.697) m/s2 |a|= 9.824 w=(   0.549,  -0.427,  -1.037) dps T= 34.22 C
t= 4649.052545 a=(  1.173, -1.082,  9.687) m/s2 |a|= 9.818 w=(   0.488,  -0.427,  -1.037) dps T= 34.20 C
t= 4649.153369 a=(  1.164, -1.053,  9.687) m/s2 |a|= 9.813 w=(   0.488,  -0.488,  -1.098) dps T= 34.20 C
t= 4649.254307 a=(  1.164, -1.049,  9.697) m/s2 |a|= 9.822 w=(   0.610,  -0.427,  -1.098) dps T= 34.23 C
t= 4649.355172 a=(  1.168, -1.053,  9.673) m/s2 |a|= 9.800 w=(   0.610,  -0.488,  -1.098) dps T= 34.19 C
t= 4649.456013 a=(  1.183, -1.063,  9.682) m/s2 |a|= 9.812 w=(   0.610,  -0.488,  -1.037) dps T= 34.22 C
t= 4649.556851 a=(  1.164, -1.063,  9.634) m/s2 |a|= 9.762 w=(   0.244,  -0.610,  -1.037) dps T= 34.22 C
t= 4649.657892 a=(  1.164, -1.053,  9.644) m/s2 |a|= 9.771 w=(   0.000,  -0.549,  -1.098) dps T= 34.22 C
t= 4649.758784 a=(  1.168, -1.049,  9.677) m/s2 |a|= 9.804 w=(   0.549,  -0.427,  -1.037) dps T= 34.20 C
t= 4649.859639 a=(  1.183, -1.077,  9.711) m/s2 |a|= 9.842 w=(   0.549,  -0.427,  -1.098) dps T= 34.23 C
t= 4649.960560 a=(  1.183, -1.063,  9.697) m/s2 |a|= 9.826 w=(   0.488,  -0.488,  -1.098) dps T= 34.19 C
t= 4650.061442 a=(  1.164, -1.063,  9.697) m/s2 |a|= 9.824 w=(   0.549,  -0.488,  -1.037) dps T= 34.21 C
t= 4650.162314 a=(  1.168, -1.073,  9.687) m/s2 |a|= 9.816 w=(   0.549,  -0.427,  -1.037) dps T= 34.20 C
t= 4650.263346 a=(  1.168, -1.058,  9.697) m/s2 |a|= 9.824 w=(   0.610,  -0.427,  -1.098) dps T= 34.23 C
t= 4650.364236 a=(  1.178, -1.053,  9.701) m/s2 |a|= 9.829 w=(   0.610,  -0.427,  -1.037) dps T= 34.22 C
t= 4650.465121 a=(  1.168, -1.049,  9.687) m/s2 |a|= 9.813 w=(   0.732,  -0.427,  -1.037) dps T= 34.21 C
t= 4650.565957 a=(  1.164, -1.058,  9.701) m/s2 |a|= 9.828 w=(   0.732,  -0.366,  -1.037) dps T= 34.22 C
t= 4650.666811 a=(  1.178, -1.068,  9.697) m/s2 |a|= 9.826 w=(   0.610,  -0.427,  -1.098) dps T= 34.22 C
t= 4650.767648 a=(  1.168, -1.063,  9.682) m/s2 |a|= 9.810 w=(   0.549,  -0.427,  -1.037) dps T= 34.22 C
t= 4650.868516 a=(  1.178, -1.058,  9.692) m/s2 |a|= 9.820 w=(   0.610,  -0.488,  -0.976) dps T= 34.20 C
t= 4650.969483 a=(  1.164, -1.053,  9.697) m/s2 |a|= 9.823 w=(   0.610,  -0.427,  -1.098) dps T= 34.21 C
t= 4651.070458 a=(  1.154, -1.063,  9.697) m/s2 |a|= 9.823 w=(   0.610,  -0.488,  -1.037) dps T= 34.20 C
t= 4651.171335 a=(  1.173, -1.053,  9.682) m/s2 |a|= 9.810 w=(   0.610,  -0.488,  -1.037) dps T= 34.24 C
t= 4651.272169 a=(  1.164, -1.063,  9.682) m/s2 |a|= 9.810 w=(   0.549,  -0.488,  -1.037) dps T= 34.20 C
t= 4651.373028 a=(  1.168, -1.049,  9.687) m/s2 |a|= 9.813 w=(   0.549,  -0.488,  -1.037) dps T= 34.21 C
t= 4651.473860 a=(  1.168, -1.058,  9.687) m/s2 |a|= 9.814 w=(   0.549,  -0.488,  -1.037) dps T= 34.20 C
t= 4651.574671 a=(  1.173, -1.068,  9.677) m/s2 |a|= 9.807 w=(   0.549,  -0.427,  -1.037) dps T= 34.21 C
t= 4651.675508 a=(  1.173, -1.044,  9.677) m/s2 |a|= 9.804 w=(   0.610,  -0.427,  -1.098) dps T= 34.20 C
t= 4651.776323 a=(  1.178, -1.073,  9.692) m/s2 |a|= 9.822 w=(   0.549,  -0.427,  -1.037) dps T= 34.22 C
t= 4651.877181 a=(  1.178, -1.063,  9.673) m/s2 |a|= 9.802 w=(   0.488,  -0.488,  -1.037) dps T= 34.20 C
t= 4651.978029 a=(  1.159, -1.058,  9.692) m/s2 |a|= 9.818 w=(   0.549,  -0.488,  -1.037) dps T= 34.21 C
t= 4652.078894 a=(  1.168, -1.063,  9.701) m/s2 |a|= 9.829 w=(   0.549,  -0.488,  -1.037) dps T= 34.20 C
t= 4652.179791 a=(  1.168, -1.053,  9.692) m/s2 |a|= 9.819 w=(   0.610,  -0.427,  -1.037) dps T= 34.23 C
t= 4652.280729 a=(  1.173, -1.049,  9.687) m/s2 |a|= 9.814 w=(   0.610,  -0.427,  -1.098) dps T= 34.21 C
t= 4652.381575 a=(  1.178, -1.073,  9.692) m/s2 |a|= 9.822 w=(   0.488,  -0.488,  -1.098) dps T= 34.20 C
t= 4652.482420 a=(  1.173, -1.063,  9.692) m/s2 |a|= 9.820 w=(   0.488,  -0.488,  -1.098) dps T= 34.20 C
t= 4652.583272 a=(  1.159, -1.063,  9.682) m/s2 |a|= 9.809 w=(   0.549,  -0.488,  -1.037) dps T= 34.20 C
t= 4652.684124 a=(  1.178, -1.068,  9.677) m/s2 |a|= 9.807 w=(   0.610,  -0.488,  -1.037) dps T= 34.18 C
t= 4652.784982 a=(  1.168, -1.068,  9.697) m/s2 |a|= 9.825 w=(   0.549,  -0.427,  -1.037) dps T= 34.21 C
t= 4652.885814 a=(  1.168, -1.058,  9.692) m/s2 |a|= 9.819 w=(   0.549,  -0.488,  -1.037) dps T= 34.20 C
t= 4652.986676 a=(  1.173, -1.063,  9.687) m/s2 |a|= 9.815 w=(   0.549,  -0.488,  -1.037) dps T= 34.20 C
t= 4653.087495 a=(  1.173, -1.068,  9.697) m/s2 |a|= 9.825 w=(   0.549,  -0.488,  -1.098) dps T= 34.20 C
t= 4653.188452 a=(  1.178, -1.077,  9.701) m/s2 |a|= 9.832 w=(   0.549,  -0.488,  -1.037) dps T= 34.20 C
t= 4653.289451 a=(  1.183, -1.063,  9.673) m/s2 |a|= 9.802 w=(   0.610,  -0.488,  -1.037) dps T= 34.21 C
t= 4653.390544 a=(  1.168, -1.077,  9.692) m/s2 |a|= 9.821 w=(   0.610,  -0.427,  -1.037) dps T= 34.21 C
t= 4653.491399 a=(  1.164, -1.063,  9.697) m/s2 |a|= 9.824 w=(   0.549,  -0.427,  -1.098) dps T= 34.22 C
t= 4653.592245 a=(  1.173, -1.063,  9.692) m/s2 |a|= 9.820 w=(   0.549,  -0.488,  -1.037) dps T= 34.19 C
t= 4653.693085 a=(  1.168, -1.063,  9.692) m/s2 |a|= 9.820 w=(   0.610,  -0.488,  -1.098) dps T= 34.20 C
t= 4653.793910 a=(  1.168, -1.063,  9.692) m/s2 |a|= 9.820 w=(   0.549,  -0.488,  -1.037) dps T= 34.20 C
t= 4653.894748 a=(  1.164, -1.063,  9.697) m/s2 |a|= 9.824 w=(   0.610,  -0.427,  -1.037) dps T= 34.20 C
t= 4653.995584 a=(  1.173, -1.063,  9.697) m/s2 |a|= 9.825 w=(   0.610,  -0.427,  -1.037) dps T= 34.22 C
t= 4654.096421 a=(  1.168, -1.077,  9.677) m/s2 |a|= 9.807 w=(   0.610,  -0.427,  -1.037) dps T= 34.20 C
t= 4654.197262 a=(  1.159, -1.073,  9.677) m/s2 |a|= 9.805 w=(   0.488,  -0.488,  -0.976) dps T= 34.21 C
t= 4654.298087 a=(  1.149, -1.077,  9.682) m/s2 |a|= 9.809 w=(   0.549,  -0.488,  -1.037) dps T= 34.20 C
t= 4654.398938 a=(  1.192, -1.077,  9.673) m/s2 |a|= 9.805 w=(   0.427,  -0.427,  -1.037) dps T= 34.21 C
t= 4654.499810 a=(  1.173, -1.077,  9.677) m/s2 |a|= 9.808 w=(   0.427,  -0.427,  -1.037) dps T= 34.19 C
t= 4654.600738 a=(  1.159, -1.058,  9.692) m/s2 |a|= 9.818 w=(   0.488,  -0.488,  -1.037) dps T= 34.20 C
t= 4654.701599 a=(  1.178, -1.044,  9.682) m/s2 |a|= 9.809 w=(   0.610,  -0.488,  -1.037) dps T= 34.21 C
t= 4654.802434 a=(  1.168, -1.068,  9.673) m/s2 |a|= 9.801 w=(   0.610,  -0.427,  -1.037) dps T= 34.21 C
t= 4654.903299 a=(  1.173, -1.068,  9.687) m/s2 |a|= 9.816 w=(   0.610,  -0.427,  -1.098) dps T= 34.21 C
t= 4655.004137 a=(  1.173, -1.063,  9.692) m/s2 |a|= 9.820 w=(   0.549,  -0.427,  -1.037) dps T= 34.22 C
t= 4655.104964 a=(  1.188, -1.077,  9.682) m/s2 |a|= 9.814 w=(   0.549,  -0.427,  -1.037) dps T= 34.21 C
t= 4655.205796 a=(  1.164, -1.077,  9.692) m/s2 |a|= 9.821 w=(   0.549,  -0.427,  -1.037) dps T= 34.20 C
t= 4655.306673 a=(  1.173, -1.068,  9.687) m/s2 |a|= 9.816 w=(   0.549,  -0.488,  -1.098) dps T= 34.20 C
t= 4655.407550 a=(  1.173, -1.063,  9.701) m/s2 |a|= 9.830 w=(   0.610,  -0.488,  -1.037) dps T= 34.20 C
t= 4655.508390 a=(  1.168, -1.058,  9.677) m/s2 |a|= 9.805 w=(   0.610,  -0.427,  -1.037) dps T= 34.21 C
t= 4655.609262 a=(  1.178, -1.049,  9.692) m/s2 |a|= 9.819 w=(   0.671,  -0.488,  -1.037) dps T= 34.20 C
t= 4655.710175 a=(  1.164, -1.068,  9.692) m/s2 |a|= 9.820 w=(   0.610,  -0.427,  -1.098) dps T= 34.23 C
t= 4655.811074 a=(  1.178, -1.053,  9.687) m/s2 |a|= 9.815 w=(   0.610,  -0.488,  -1.037) dps T= 34.21 C
t= 4655.911938 a=(  1.159, -1.068,  9.677) m/s2 |a|= 9.805 w=(   0.671,  -0.427,  -0.976) dps T= 34.21 C
t= 4656.012781 a=(  1.159, -1.058,  9.697) m/s2 |a|= 9.823 w=(   0.610,  -0.427,  -1.037) dps T= 34.17 C
t= 4656.113664 a=(  1.173, -1.058,  9.697) m/s2 |a|= 9.824 w=(   0.549,  -0.549,  -1.037) dps T= 34.22 C
t= 4656.214501 a=(  1.164, -1.068,  9.687) m/s2 |a|= 9.815 w=(   0.549,  -0.488,  -1.098) dps T= 34.20 C
t= 4656.315370 a=(  1.173, -1.053,  9.687) m/s2 |a|= 9.814 w=(   0.549,  -0.427,  -1.037) dps T= 34.21 C
t= 4656.416213 a=(  1.173, -1.049,  9.692) m/s2 |a|= 9.819 w=(   0.488,  -0.427,  -1.098) dps T= 34.20 C
t= 4656.517048 a=(  1.168, -1.058,  9.692) m/s2 |a|= 9.819 w=(   0.549,  -0.488,  -1.037) dps T= 34.22 C
t= 4656.617890 a=(  1.173, -1.058,  9.687) m/s2 |a|= 9.815 w=(   0.610,  -0.488,  -0.976) dps T= 34.20 C
t= 4656.718725 a=(  1.178, -1.049,  9.687) m/s2 |a|= 9.814 w=(   0.549,  -0.427,  -1.037) dps T= 34.21 C
t= 4656.819578 a=(  1.173, -1.063,  9.692) m/s2 |a|= 9.820 w=(   0.549,  -0.488,  -1.037) dps T= 34.22 C
t= 4656.920531 a=(  1.164, -1.049,  9.687) m/s2 |a|= 9.813 w=(   0.549,  -0.488,  -1.037) dps T= 34.20 C
t= 4657.021430 a=(  1.168, -1.068,  9.682) m/s2 |a|= 9.811 w=(   0.488,  -0.427,  -1.037) dps T= 34.20 C
t= 4657.122343 a=(  1.168, -1.053,  9.682) m/s2 |a|= 9.809 w=(   0.549,  -0.488,  -1.098) dps T= 34.21 C
t= 4657.223213 a=(  1.178, -1.077,  9.692) m/s2 |a|= 9.822 w=(   0.549,  -0.427,  -1.098) dps T= 34.20 C
t= 4657.324063 a=(  1.168, -1.058,  9.697) m/s2 |a|= 9.824 w=(   0.549,  -0.488,  -1.098) dps T= 34.21 C
t= 4657.424936 a=(  1.168, -1.053,  9.697) m/s2 |a|= 9.823 w=(   0.488,  -0.488,  -1.098) dps T= 34.22 C
t= 4657.525776 a=(  1.164, -1.068,  9.687) m/s2 |a|= 9.815 w=(   0.549,  -0.427,  -1.037) dps T= 34.22 C
t= 4657.626596 a=(  1.168, -1.063,  9.687) m/s2 |a|= 9.815 w=(   0.610,  -0.427,  -1.037) dps T= 34.21 C
t= 4657.727432 a=(  1.173, -1.063,  9.687) m/s2 |a|= 9.815 w=(   0.549,  -0.488,  -1.037) dps T= 34.22 C
t= 4657.828263 a=(  1.154, -1.063,  9.701) m/s2 |a|= 9.827 w=(   0.610,  -0.427,  -1.037) dps T= 34.20 C
t= 4657.929090 a=(  1.173, -1.063,  9.692) m/s2 |a|= 9.820 w=(   0.610,  -0.427,  -1.037) dps T= 34.20 C
t= 4658.029939 a=(  1.164, -1.068,  9.682) m/s2 |a|= 9.810 w=(   0.610,  -0.488,  -1.037) dps T= 34.21 C
t= 4658.130949 a=(  1.168, -1.073,  9.673) m/s2 |a|= 9.802 w=(   0.610,  -0.488,  -1.037) dps T= 34.19 C
t= 4658.231833 a=(  1.168, -1.053,  9.687) m/s2 |a|= 9.814 w=(   0.549,  -0.427,  -1.098) dps T= 34.20 C
t= 4658.332698 a=(  1.168, -1.063,  9.682) m/s2 |a|= 9.810 w=(   0.549,  -0.488,  -1.037) dps T= 34.22 C
t= 4658.433556 a=(  1.164, -1.068,  9.692) m/s2 |a|= 9.820 w=(   0.549,  -0.427,  -1.159) dps T= 34.18 C
t= 4658.534396 a=(  1.154, -1.044,  9.682) m/s2 |a|= 9.806 w=(   0.610,  -0.488,  -1.098) dps T= 34.20 C
t= 4658.635222 a=(  1.173, -1.053,  9.682) m/s2 |a|= 9.810 w=(   0.610,  -0.427,  -1.037) dps T= 34.23 C
t= 4658.736065 a=(  1.159, -1.053,  9.687) m/s2 |a|= 9.813 w=(   0.610,  -0.488,  -1.037) dps T= 34.20 C
t= 4658.836895 a=(  1.178, -1.058,  9.697) m/s2 |a|= 9.825 w=(   0.549,  -0.427,  -1.098) dps T= 34.21 C
t= 4658.937713 a=(  1.178, -1.063,  9.687) m/s2 |a|= 9.816 w=(   0.610,  -0.488,  -1.098) dps T= 34.23 C
t= 4659.038548 a=(  1.183, -1.068,  9.687) m/s2 |a|= 9.817 w=(   0.488,  -0.488,  -1.037) dps T= 34.20 C
t= 4659.139379 a=(  1.168, -1.058,  9.682) m/s2 |a|= 9.810 w=(   0.549,  -0.366,  -1.037) dps T= 34.19 C
t= 4659.240380 a=(  1.168, -1.049,  9.687) m/s2 |a|= 9.813 w=(   0.610,  -0.427,  -1.037) dps T= 34.21 C
t= 4659.341267 a=(  1.164, -1.049,  9.682) m/s2 |a|= 9.808 w=(   0.549,  -0.488,  -1.098) dps T= 34.21 C
t= 4659.442164 a=(  1.164, -1.039,  9.692) m/s2 |a|= 9.816 w=(   0.488,  -0.488,  -1.098) dps T= 34.21 C
t= 4659.543034 a=(  1.159, -1.063,  9.677) m/s2 |a|= 9.804 w=(   0.549,  -0.427,  -1.098) dps T= 34.21 C
t= 4659.643870 a=(  1.164, -1.068,  9.687) m/s2 |a|= 9.815 w=(   0.549,  -0.427,  -1.037) dps T= 34.20 C
t= 4659.744715 a=(  1.168, -1.053,  9.677) m/s2 |a|= 9.804 w=(   0.549,  -0.488,  -1.037) dps T= 34.19 C
t= 4659.845547 a=(  1.164, -1.073,  9.682) m/s2 |a|= 9.811 w=(   0.610,  -0.488,  -1.037) dps T= 34.21 C
t= 4659.946373 a=(  1.164, -1.058,  9.692) m/s2 |a|= 9.819 w=(   0.610,  -0.488,  -1.098) dps T= 34.20 C
t= 4660.047216 a=(  1.164, -1.063,  9.692) m/s2 |a|= 9.819 w=(   0.549,  -0.427,  -1.037) dps T= 34.18 C
t= 4660.148046 a=(  1.168, -1.063,  9.687) m/s2 |a|= 9.815 w=(   0.610,  -0.427,  -1.037) dps T= 34.20 C
t= 4660.248876 a=(  1.168, -1.063,  9.701) m/s2 |a|= 9.829 w=(   0.610,  -0.427,  -1.098) dps T= 34.21 C
t= 4660.349709 a=(  1.183, -1.068,  9.682) m/s2 |a|= 9.812 w=(   0.549,  -0.488,  -0.976) dps T= 34.21 C
t= 4660.450657 a=(  1.164, -1.053,  9.687) m/s2 |a|= 9.813 w=(   0.549,  -0.488,  -1.098) dps T= 34.20 C
t= 4660.551656 a=(  1.188, -1.058,  9.687) m/s2 |a|= 9.817 w=(   0.610,  -0.427,  -0.976) dps T= 34.22 C
t= 4660.652547 a=(  1.168, -1.058,  9.697) m/s2 |a|= 9.824 w=(   0.549,  -0.427,  -1.037) dps T= 34.21 C
t= 4660.753397 a=(  1.173, -1.058,  9.701) m/s2 |a|= 9.829 w=(   0.549,  -0.488,  -1.037) dps T= 34.21 C
t= 4660.854237 a=(  1.188, -1.068,  9.687) m/s2 |a|= 9.818 w=(   0.549,  -0.427,  -1.037) dps T= 34.21 C
t= 4660.955066 a=(  1.164, -1.068,  9.697) m/s2 |a|= 9.824 w=(   0.549,  -0.488,  -1.037) dps T= 34.21 C
t= 4661.055944 a=(  1.159, -1.068,  9.697) m/s2 |a|= 9.824 w=(   0.549,  -0.488,  -1.037) dps T= 34.20 C
t= 4661.156783 a=(  1.178, -1.058,  9.687) m/s2 |a|= 9.816 w=(   0.549,  -0.488,  -1.037) dps T= 34.21 C
t= 4661.257643 a=(  1.178, -1.053,  9.697) m/s2 |a|= 9.824 w=(   0.610,  -0.427,  -1.037) dps T= 34.20 C
t= 4661.358493 a=(  1.178, -1.053,  9.692) m/s2 |a|= 9.820 w=(   0.549,  -0.488,  -1.037) dps T= 34.19 C
t= 4661.459312 a=(  1.192, -1.053,  9.701) m/s2 |a|= 9.831 w=(   0.610,  -0.427,  -1.037) dps T= 34.20 C
t= 4661.560247 a=(  1.159, -1.058,  9.692) m/s2 |a|= 9.818 w=(   0.549,  -0.427,  -1.037) dps T= 34.21 C
t= 4661.661122 a=(  1.173, -1.073,  9.687) m/s2 |a|= 9.816 w=(   0.488,  -0.488,  -1.098) dps T= 34.22 C
t= 4661.761997 a=(  1.207, -1.077,  9.682) m/s2 |a|= 9.816 w=(   0.427,  -0.488,  -1.098) dps T= 34.20 C
t= 4661.862861 a=(  1.125, -1.063,  9.701) m/s2 |a|= 9.824 w=(   0.549,  -0.488,  -1.037) dps T= 34.21 C
t= 4661.963699 a=(  1.183, -1.053,  9.701) m/s2 |a|= 9.830 w=(   0.549,  -0.488,  -1.037) dps T= 34.20 C
t= 4662.064584 a=(  1.188, -1.073,  9.692) m/s2 |a|= 9.823 w=(   0.549,  -0.427,  -1.037) dps T= 34.21 C
t= 4662.165422 a=(  1.149, -1.063,  9.687) m/s2 |a|= 9.813 w=(   0.549,  -0.427,  -1.037) dps T= 34.20 C
t= 4662.266260 a=(  1.188, -1.068,  9.692) m/s2 |a|= 9.822 w=(   0.549,  -0.488,  -1.098) dps T= 34.21 C
t= 4662.367147 a=(  1.178, -1.063,  9.687) m/s2 |a|= 9.816 w=(   0.671,  -0.488,  -1.098) dps T= 34.21 C
t= 4662.467985 a=(  1.168, -1.077,  9.663) m/s2 |a|= 9.793 w=(   0.549,  -0.427,  -1.037) dps T= 34.21 C
t= 4662.568840 a=(  1.173, -1.068,  9.673) m/s2 |a|= 9.802 w=(   0.549,  -0.488,  -1.037) dps T= 34.22 C
t= 4662.669707 a=(  1.173, -1.068,  9.692) m/s2 |a|= 9.821 w=(   0.549,  -0.427,  -1.037) dps T= 34.23 C
t= 4662.770661 a=(  1.159, -1.063,  9.677) m/s2 |a|= 9.804 w=(   0.549,  -0.488,  -1.098) dps T= 34.23 C
t= 4662.871647 a=(  1.159, -1.039,  9.697) m/s2 |a|= 9.821 w=(   0.671,  -0.366,  -1.037) dps T= 34.21 C
t= 4662.972532 a=(  1.168, -1.058,  9.711) m/s2 |a|= 9.838 w=(   0.732,  -0.366,  -1.037) dps T= 34.21 C
t= 4663.073426 a=(  1.216, -1.058,  9.673) m/s2 |a|= 9.806 w=(   0.488,  -0.488,  -1.037) dps T= 34.20 C
t= 4663.174277 a=(  1.164, -1.034,  9.740) m/s2 |a|= 9.863 w=(   1.037,  -0.366,  -1.098) dps T= 34.21 C
t= 4663.275146 a=(  1.120, -1.039,  9.668) m/s2 |a|= 9.788 w=(   0.549,  -0.488,  -1.037) dps T= 34.20 C
t= 4663.375990 a=(  1.245, -1.082,  9.720) m/s2 |a|= 9.859 w=(   0.366,  -0.488,  -1.037) dps T= 34.21 C
t= 4663.476844 a=(  1.202, -1.058,  9.687) m/s2 |a|= 9.818 w=(   0.427,  -0.427,  -1.037) dps T= 34.21 C
t= 4663.577693 a=(  1.168, -1.053,  9.697) m/s2 |a|= 9.823 w=(   0.549,  -0.427,  -1.037) dps T= 34.22 C
t= 4663.678514 a=(  1.164, -1.049,  9.663) m/s2 |a|= 9.789 w=(   0.549,  -0.427,  -1.098) dps T= 34.19 C
t= 4663.779364 a=(  1.178, -1.049,  9.677) m/s2 |a|= 9.805 w=(   0.549,  -0.488,  -1.037) dps T= 34.20 C
t= 4663.880339 a=(  1.173, -1.044,  9.692) m/s2 |a|= 9.818 w=(   0.549,  -0.427,  -1.037) dps T= 34.20 C
t= 4663.981179 a=(  1.178, -1.053,  9.673) m/s2 |a|= 9.801 w=(   0.549,  -0.427,  -1.037) dps T= 34.20 C
t= 4664.082043 a=(  1.173, -1.058,  9.706) m/s2 |a|= 9.834 w=(   0.549,  -0.488,  -1.037) dps T= 34.21 C
t= 4664.182961 a=(  1.178, -1.058,  9.692) m/s2 |a|= 9.820 w=(   0.549,  -0.488,  -0.976) dps T= 34.21 C
t= 4664.283853 a=(  1.154, -1.073,  9.687) m/s2 |a|= 9.814 w=(   0.610,  -0.488,  -1.098) dps T= 34.20 C
t= 4664.384695 a=(  1.164, -1.044,  9.697) m/s2 |a|= 9.822 w=(   0.610,  -0.427,  -1.037) dps T= 34.20 C
t= 4664.485545 a=(  1.173, -1.068,  9.677) m/s2 |a|= 9.807 w=(   0.549,  -0.427,  -1.037) dps T= 34.20 C
t= 4664.586427 a=(  1.168, -1.049,  9.701) m/s2 |a|= 9.828 w=(   0.488,  -0.427,  -1.037) dps T= 34.18 C
t= 4664.687272 a=(  1.173, -1.058,  9.697) m/s2 |a|= 9.824 w=(   0.549,  -0.488,  -1.037) dps T= 34.22 C
t= 4664.788114 a=(  1.159, -1.063,  9.706) m/s2 |a|= 9.833 w=(   0.610,  -0.488,  -1.037) dps T= 34.22 C
t= 4664.888947 a=(  1.159, -1.063,  9.692) m/s2 |a|= 9.818 w=(   0.549,  -0.488,  -1.037) dps T= 34.23 C
t= 4664.989849 a=(  1.178, -1.049,  9.697) m/s2 |a|= 9.824 w=(   0.549,  -0.488,  -1.037) dps T= 34.21 C
t= 4665.090786 a=(  1.159, -1.049,  9.673) m/s2 |a|= 9.798 w=(   0.488,  -0.427,  -1.037) dps T= 34.21 C
t= 4665.191623 a=(  1.183, -1.058,  9.692) m/s2 |a|= 9.821 w=(   0.549,  -0.427,  -1.037) dps T= 34.20 C
t= 4665.292547 a=(  1.168, -1.053,  9.697) m/s2 |a|= 9.823 w=(   0.610,  -0.427,  -1.037) dps T= 34.20 C
t= 4665.393422 a=(  1.159, -1.053,  9.682) m/s2 |a|= 9.808 w=(   0.610,  -0.427,  -1.037) dps T= 34.22 C
t= 4665.494277 a=(  1.168, -1.053,  9.687) m/s2 |a|= 9.814 w=(   0.549,  -0.488,  -1.037) dps T= 34.19 C
t= 4665.595114 a=(  1.159, -1.049,  9.682) m/s2 |a|= 9.807 w=(   0.549,  -0.488,  -1.037) dps T= 34.21 C
t= 4665.695952 a=(  1.178, -1.044,  9.692) m/s2 |a|= 9.819 w=(   0.549,  -0.488,  -1.098) dps T= 34.22 C
t= 4665.796789 a=(  1.183, -1.053,  9.697) m/s2 |a|= 9.825 w=(   0.549,  -0.427,  -1.098) dps T= 34.21 C
t= 4665.897628 a=(  1.168, -1.053,  9.692) m/s2 |a|= 9.819 w=(   0.549,  -0.366,  -1.098) dps T= 34.21 C
t= 4665.998446 a=(  1.164, -1.044,  9.682) m/s2 |a|= 9.808 w=(   0.610,  -0.427,  -1.037) dps T= 34.21 C
t= 4666.099284 a=(  1.159, -1.073,  9.682) m/s2 |a|= 9.810 w=(   0.549,  -0.427,  -1.098) dps T= 34.21 C
t= 4666.200137 a=(  1.173, -1.044,  9.697) m/s2 |a|= 9.823 w=(   0.610,  -0.427,  -1.037) dps T= 34.21 C
t= 4666.301019 a=(  1.173, -1.063,  9.687) m/s2 |a|= 9.815 w=(   0.549,  -0.488,  -1.098) dps T= 34.21 C
t= 4666.401867 a=(  1.149, -1.053,  9.701) m/s2 |a|= 9.826 w=(   0.549,  -0.427,  -1.037) dps T= 34.19 C
t= 4666.502777 a=(  1.173, -1.053,  9.692) m/s2 |a|= 9.819 w=(   0.488,  -0.427,  -1.037) dps T= 34.21 C
t= 4666.603660 a=(  1.168, -1.053,  9.687) m/s2 |a|= 9.814 w=(   0.549,  -0.488,  -1.037) dps T= 34.20 C
t= 4666.704519 a=(  1.173, -1.049,  9.682) m/s2 |a|= 9.809 w=(   0.549,  -0.427,  -1.098) dps T= 34.22 C
t= 4666.805389 a=(  1.173, -1.058,  9.682) m/s2 |a|= 9.810 w=(   0.549,  -0.427,  -1.037) dps T= 34.20 C
t= 4666.906227 a=(  1.164, -1.049,  9.692) m/s2 |a|= 9.817 w=(   0.549,  -0.488,  -1.037) dps T= 34.22 C
t= 4667.007050 a=(  1.164, -1.053,  9.701) m/s2 |a|= 9.827 w=(   0.549,  -0.488,  -1.037) dps T= 34.22 C
t= 4667.107890 a=(  1.168, -1.049,  9.701) m/s2 |a|= 9.828 w=(   0.610,  -0.427,  -1.098) dps T= 34.19 C
t= 4667.208733 a=(  1.178, -1.049,  9.687) m/s2 |a|= 9.814 w=(   0.610,  -0.488,  -1.098) dps T= 34.20 C
t= 4667.309596 a=(  1.178, -1.068,  9.687) m/s2 |a|= 9.817 w=(   0.732,  -0.427,  -1.037) dps T= 34.22 C
t= 4667.410566 a=(  1.154, -1.049,  9.706) m/s2 |a|= 9.831 w=(   0.732,  -0.366,  -1.037) dps T= 34.20 C
t= 4667.511400 a=(  1.192, -1.077,  9.768) m/s2 |a|= 9.900 w=(   0.732,  -0.366,  -1.098) dps T= 34.21 C
t= 4667.612238 a=(  1.183, -1.058,  9.677) m/s2 |a|= 9.807 w=(   0.732,  -0.427,  -1.037) dps T= 34.21 C
t= 4667.713099 a=(  1.140, -1.044,  9.682) m/s2 |a|= 9.805 w=(   0.549,  -0.488,  -1.098) dps T= 34.20 C
t= 4667.813979 a=(  1.168, -1.034,  9.706) m/s2 |a|= 9.831 w=(   0.610,  -0.427,  -1.098) dps T= 34.20 C
t= 4667.914856 a=(  1.154, -1.053,  9.701) m/s2 |a|= 9.826 w=(   0.610,  -0.427,  -0.976) dps T= 34.20 C
t= 4668.015691 a=(  1.154, -1.053,  9.701) m/s2 |a|= 9.826 w=(   0.549,  -0.427,  -1.037) dps T= 34.20 C
t= 4668.116569 a=(  1.159, -1.058,  9.701) m/s2 |a|= 9.827 w=(   0.549,  -0.488,  -1.037) dps T= 34.22 C
t= 4668.217398 a=(  1.168, -1.049,  9.682) m/s2 |a|= 9.809 w=(   0.549,  -0.488,  -1.037) dps T= 34.22 C
t= 4668.318213 a=(  1.173, -1.053,  9.697) m/s2 |a|= 9.824 w=(   0.488,  -0.427,  -1.037) dps T= 34.21 C
t= 4668.419054 a=(  1.183, -1.039,  9.692) m/s2 |a|= 9.819 w=(   0.610,  -0.427,  -1.098) dps T= 34.21 C
t= 4668.519881 a=(  1.159, -1.053,  9.687) m/s2 |a|= 9.813 w=(   0.671,  -0.427,  -1.037) dps T= 34.21 C
t= 4668.620829 a=(  1.159, -1.049,  9.687) m/s2 |a|= 9.812 w=(   0.610,  -0.427,  -1.037) dps T= 34.20 C
t= 4668.721669 a=(  1.173, -1.053,  9.677) m/s2 |a|= 9.805 w=(   0.610,  -0.427,  -1.098) dps T= 34.19 C
t= 4668.822522 a=(  1.164, -1.063,  9.687) m/s2 |a|= 9.814 w=(   0.610,  -0.488,  -1.098) dps T= 34.22 C
t= 4668.923454 a=(  1.168, -1.053,  9.692) m/s2 |a|= 9.819 w=(   0.549,  -0.488,  -1.037) dps T= 34.21 C
t= 4669.024343 a=(  1.168, -1.049,  9.687) m/s2 |a|= 9.813 w=(   0.671,  -0.427,  -1.037) dps T= 34.20 C
t= 4669.125213 a=(  1.173, -1.044,  9.673) m/s2 |a|= 9.799 w=(   0.549,  -0.488,  -1.037) dps T= 34.20 C
t= 4669.226060 a=(  1.168, -1.044,  9.687) m/s2 |a|= 9.813 w=(   0.610,  -0.427,  -1.037) dps T= 34.21 C
t= 4669.326921 a=(  1.164, -1.058,  9.673) m/s2 |a|= 9.800 w=(   0.549,  -0.427,  -1.037) dps T= 34.23 C
t= 4669.427769 a=(  1.168, -1.049,  9.682) m/s2 |a|= 9.809 w=(   0.549,  -0.427,  -1.037) dps T= 34.23 C
t= 4669.528589 a=(  1.173, -1.049,  9.692) m/s2 |a|= 9.819 w=(   0.549,  -0.427,  -1.037) dps T= 34.22 C
t= 4669.629414 a=(  1.173, -1.073,  9.677) m/s2 |a|= 9.807 w=(   0.610,  -0.488,  -1.037) dps T= 34.21 C
t= 4669.730342 a=(  1.168, -1.058,  9.687) m/s2 |a|= 9.814 w=(   0.549,  -0.427,  -1.098) dps T= 34.22 C
t= 4669.831202 a=(  1.168, -1.044,  9.673) m/s2 |a|= 9.799 w=(   0.549,  -0.427,  -1.037) dps T= 34.21 C
t= 4669.932048 a=(  1.164, -1.044,  9.673) m/s2 |a|= 9.798 w=(   0.610,  -0.488,  -1.037) dps T= 34.21 C
t= 4670.032900 a=(  1.168, -1.053,  9.692) m/s2 |a|= 9.819 w=(   0.549,  -0.427,  -1.098) dps T= 34.21 C
t= 4670.133808 a=(  1.173, -1.053,  9.673) m/s2 |a|= 9.800 w=(   0.549,  -0.488,  -1.037) dps T= 34.21 C
t= 4670.234676 a=(  1.159, -1.053,  9.682) m/s2 |a|= 9.808 w=(   0.549,  -0.366,  -1.098) dps T= 34.21 C
t= 4670.335546 a=(  1.164, -1.053,  9.677) m/s2 |a|= 9.804 w=(   0.488,  -0.488,  -1.037) dps T= 34.20 C
t= 4670.436410 a=(  1.159, -1.049,  9.677) m/s2 |a|= 9.803 w=(   0.610,  -0.427,  -1.098) dps T= 34.23 C
t= 4670.537240 a=(  1.168, -1.053,  9.687) m/s2 |a|= 9.814 w=(   0.610,  -0.427,  -1.098) dps T= 34.21 C
t= 4670.638069 a=(  1.149, -1.044,  9.697) m/s2 |a|= 9.820 w=(   0.549,  -0.488,  -0.976) dps T= 34.20 C
t= 4670.738901 a=(  1.173, -1.053,  9.692) m/s2 |a|= 9.819 w=(   0.610,  -0.488,  -1.037) dps T= 34.20 C
t= 4670.839733 a=(  1.164, -1.044,  9.706) m/s2 |a|= 9.831 w=(   0.488,  -0.427,  -1.037) dps T= 34.20 C
t= 4670.940687 a=(  1.154, -1.044,  9.711) m/s2 |a|= 9.835 w=(   0.488,  -0.427,  -1.037) dps T= 34.20 C
t= 4671.041532 a=(  1.168, -1.049,  9.682) m/s2 |a|= 9.809 w=(   0.549,  -0.488,  -1.037) dps T= 34.22 C
t= 4671.142388 a=(  1.159, -1.034,  9.692) m/s2 |a|= 9.815 w=(   0.549,  -0.427,  -1.098) dps T= 34.22 C
t= 4671.243250 a=(  1.168, -1.053,  9.692) m/s2 |a|= 9.819 w=(   0.549,  -0.488,  -1.037) dps T= 34.23 C
t= 4671.344124 a=(  1.168, -1.034,  9.697) m/s2 |a|= 9.821 w=(   0.549,  -0.427,  -1.037) dps T= 34.21 C
t= 4671.445040 a=(  1.154, -1.044,  9.697) m/s2 |a|= 9.821 w=(   0.610,  -0.427,  -1.037) dps T= 34.21 C
t= 4671.545893 a=(  1.164, -1.049,  9.692) m/s2 |a|= 9.817 w=(   0.549,  -0.488,  -1.037) dps T= 34.21 C
t= 4671.646737 a=(  1.149, -1.053,  9.687) m/s2 |a|= 9.812 w=(   0.549,  -0.488,  -1.037) dps T= 34.20 C
t= 4671.747601 a=(  1.173, -1.039,  9.673) m/s2 |a|= 9.799 w=(   0.610,  -0.488,  -1.037) dps T= 34.21 C
t= 4671.848421 a=(  1.173, -1.053,  9.716) m/s2 |a|= 9.843 w=(   0.549,  -0.427,  -0.976) dps T= 34.22 C
t= 4671.949260 a=(  1.173, -1.053,  9.682) m/s2 |a|= 9.810 w=(   0.488,  -0.427,  -1.037) dps T= 34.21 C
t= 4672.050103 a=(  1.164, -1.053,  9.692) m/s2 |a|= 9.818 w=(   0.549,  -0.427,  -1.037) dps T= 34.21 C
t= 4672.150925 a=(  1.159, -1.039,  9.692) m/s2 |a|= 9.816 w=(   0.549,  -0.488,  -1.037) dps T= 34.22 C
t= 4672.251779 a=(  1.159, -1.044,  9.687) m/s2 |a|= 9.812 w=(   0.549,  -0.488,  -1.037) dps T= 34.20 C
t= 4672.352614 a=(  1.168, -1.039,  9.692) m/s2 |a|= 9.817 w=(   0.610,  -0.427,  -1.037) dps T= 34.23 C
t= 4672.453505 a=(  1.168, -1.049,  9.692) m/s2 |a|= 9.818 w=(   0.549,  -0.427,  -1.037) dps T= 34.20 C
t= 4672.554373 a=(  1.164, -1.039,  9.697) m/s2 |a|= 9.821 w=(   0.610,  -0.427,  -1.037) dps T= 34.20 C
t= 4672.655251 a=(  1.168, -1.044,  9.697) m/s2 |a|= 9.822 w=(   0.549,  -0.427,  -1.037) dps T= 34.22 C
t= 4672.756120 a=(  1.164, -1.044,  9.682) m/s2 |a|= 9.808 w=(   0.610,  -0.427,  -1.037) dps T= 34.22 C
t= 4672.857034 a=(  1.173, -1.044,  9.692) m/s2 |a|= 9.818 w=(   0.610,  -0.427,  -1.037) dps T= 34.21 C
t= 4672.957900 a=(  1.178, -1.034,  9.687) m/s2 |a|= 9.813 w=(   0.610,  -0.427,  -1.098) dps T= 34.20 C
t= 4673.058738 a=(  1.164, -1.044,  9.701) m/s2 |a|= 9.826 w=(   0.549,  -0.427,  -1.037) dps T= 34.21 C
t= 4673.159596 a=(  1.173, -1.049,  9.682) m/s2 |a|= 9.809 w=(   0.549,  -0.427,  -1.037) dps T= 34.23 C
t= 4673.260607 a=(  1.159, -1.053,  9.687) m/s2 |a|= 9.813 w=(   0.488,  -0.427,  -1.037) dps T= 34.19 C
t= 4673.361484 a=(  1.178, -1.039,  9.706) m/s2 |a|= 9.832 w=(   0.610,  -0.427,  -1.037) dps T= 34.21 C
t= 4673.462367 a=(  1.173, -1.053,  9.697) m/s2 |a|= 9.824 w=(   0.549,  -0.488,  -1.098) dps T= 34.21 C
t= 4673.563217 a=(  1.168, -1.044,  9.692) m/s2 |a|= 9.818 w=(   0.610,  -0.427,  -1.037) dps T= 34.21 C
t= 4673.664095 a=(  1.154, -1.058,  9.677) m/s2 |a|= 9.803 w=(   0.488,  -0.488,  -0.976) dps T= 34.21 C
t= 4673.764965 a=(  1.178, -1.058,  9.692) m/s2 |a|= 9.820 w=(   0.610,  -0.427,  -1.037) dps T= 34.23 C
t= 4673.865856 a=(  1.164, -1.039,  9.701) m/s2 |a|= 9.826 w=(   0.549,  -0.427,  -1.098) dps T= 34.20 C
t= 4673.966724 a=(  1.164, -1.039,  9.692) m/s2 |a|= 9.816 w=(   0.549,  -0.488,  -1.037) dps T= 34.21 C
t= 4674.067554 a=(  1.173, -1.049,  9.697) m/s2 |a|= 9.823 w=(   0.549,  -0.427,  -1.037) dps T= 34.19 C
t= 4674.168385 a=(  1.154, -1.053,  9.687) m/s2 |a|= 9.812 w=(   0.549,  -0.488,  -1.037) dps T= 34.22 C
t= 4674.269227 a=(  1.168, -1.053,  9.692) m/s2 |a|= 9.819 w=(   0.549,  -0.427,  -1.098) dps T= 34.21 C
t= 4674.370109 a=(  1.173, -1.039,  9.697) m/s2 |a|= 9.822 w=(   0.610,  -0.488,  -1.037) dps T= 34.21 C
t= 4674.470970 a=(  1.164, -1.049,  9.687) m/s2 |a|= 9.813 w=(   0.549,  -0.488,  -1.037) dps T= 34.21 C
t= 4674.571796 a=(  1.173, -1.053,  9.697) m/s2 |a|= 9.824 w=(   0.610,  -0.427,  -1.098) dps T= 34.21 C
t= 4674.672610 a=(  1.159, -1.039,  9.687) m/s2 |a|= 9.811 w=(   0.610,  -0.427,  -1.037) dps T= 34.21 C
t= 4674.773458 a=(  1.168, -1.049,  9.677) m/s2 |a|= 9.804 w=(   0.610,  -0.488,  -1.037) dps T= 34.21 C
t= 4674.874317 a=(  1.164, -1.053,  9.697) m/s2 |a|= 9.823 w=(   0.610,  -0.427,  -1.037) dps T= 34.21 C
t= 4674.975194 a=(  1.168, -1.034,  9.687) m/s2 |a|= 9.812 w=(   0.549,  -0.488,  -1.037) dps T= 34.21 C
t= 4675.076063 a=(  1.159, -1.044,  9.687) m/s2 |a|= 9.812 w=(   0.610,  -0.488,  -1.098) dps T= 34.21 C
t= 4675.176930 a=(  1.159, -1.058,  9.687) m/s2 |a|= 9.813 w=(   0.549,  -0.427,  -1.037) dps T= 34.21 C
t= 4675.277775 a=(  1.164, -1.034,  9.701) m/s2 |a|= 9.825 w=(   0.549,  -0.488,  -1.037) dps T= 34.22 C
t= 4675.378605 a=(  1.178, -1.044,  9.697) m/s2 |a|= 9.823 w=(   0.610,  -0.488,  -1.037) dps T= 34.19 C
t= 4675.479448 a=(  1.154, -1.044,  9.692) m/s2 |a|= 9.816 w=(   0.549,  -0.488,  -1.037) dps T= 34.20 C
t= 4675.580355 a=(  1.159, -1.044,  9.687) m/s2 |a|= 9.812 w=(   0.549,  -0.366,  -1.098) dps T= 34.22 C
t= 4675.681183 a=(  1.159, -1.049,  9.692) m/s2 |a|= 9.817 w=(   0.671,  -0.427,  -1.037) dps T= 34.21 C
t= 4675.782124 a=(  1.164, -1.034,  9.692) m/s2 |a|= 9.816 w=(   0.610,  -0.427,  -1.098) dps T= 34.23 C
t= 4675.882974 a=(  1.159, -1.049,  9.701) m/s2 |a|= 9.826 w=(   0.549,  -0.488,  -1.037) dps T= 34.23 C
t= 4675.983819 a=(  1.178, -1.044,  9.692) m/s2 |a|= 9.819 w=(   0.549,  -0.488,  -1.037) dps T= 34.20 C
t= 4676.084734 a=(  1.178, -1.063,  9.677) m/s2 |a|= 9.807 w=(   0.488,  -0.488,  -1.037) dps T= 34.21 C
t= 4676.185776 a=(  1.164, -1.039,  9.711) m/s2 |a|= 9.835 w=(   0.549,  -0.488,  -1.037) dps T= 34.20 C
t= 4676.286713 a=(  1.173, -1.039,  9.697) m/s2 |a|= 9.822 w=(   0.549,  -0.488,  -1.037) dps T= 34.22 C
t= 4676.387607 a=(  1.164, -1.049,  9.673) m/s2 |a|= 9.799 w=(   0.549,  -0.427,  -1.037) dps T= 34.21 C
t= 4676.488463 a=(  1.173, -1.053,  9.682) m/s2 |a|= 9.810 w=(   0.549,  -0.427,  -1.037) dps T= 34.21 C
t= 4676.589284 a=(  1.168, -1.049,  9.697) m/s2 |a|= 9.823 w=(   0.549,  -0.488,  -1.037) dps T= 34.20 C
t= 4676.690123 a=(  1.168, -1.053,  9.687) m/s2 |a|= 9.814 w=(   0.549,  -0.488,  -1.037) dps T= 34.21 C
t= 4676.791009 a=(  1.173, -1.044,  9.682) m/s2 |a|= 9.809 w=(   0.549,  -0.427,  -0.976) dps T= 34.20 C
t= 4676.891848 a=(  1.149, -1.049,  9.677) m/s2 |a|= 9.802 w=(   0.549,  -0.427,  -1.037) dps T= 34.21 C
t= 4676.992692 a=(  1.164, -1.044,  9.697) m/s2 |a|= 9.822 w=(   0.488,  -0.488,  -0.976) dps T= 34.21 C
t= 4677.093521 a=(  1.168, -1.044,  9.701) m/s2 |a|= 9.827 w=(   0.549,  -0.427,  -1.098) dps T= 34.20 C
t= 4677.194377 a=(  1.159, -1.039,  9.692) m/s2 |a|= 9.816 w=(   0.549,  -0.427,  -1.037) dps T= 34.21 C
t= 4677.295351 a=(  1.159, -1.034,  9.697) m/s2 |a|= 9.820 w=(   0.549,  -0.427,  -1.098) dps T= 34.20 C
t= 4677.396240 a=(  1.168, -1.044,  9.687) m/s2 |a|= 9.813 w=(   0.610,  -0.427,  -1.098) dps T= 34.21 C
t= 4677.497103 a=(  1.168, -1.039,  9.711) m/s2 |a|= 9.836 w=(   0.610,  -0.488,  -1.037) dps T= 34.20 C
t= 4677.597959 a=(  1.164, -1.044,  9.701) m/s2 |a|= 9.826 w=(   0.549,  -0.427,  -1.098) dps T= 34.20 C
t= 4677.698873 a=(  1.168, -1.049,  9.692) m/s2 |a|= 9.818 w=(   0.549,  -0.427,  -1.037) dps T= 34.21 C
t= 4677.799765 a=(  1.164, -1.053,  9.692) m/s2 |a|= 9.818 w=(   0.549,  -0.427,  -1.098) dps T= 34.19 C
t= 4677.900671 a=(  1.178, -1.053,  9.692) m/s2 |a|= 9.820 w=(   0.549,  -0.427,  -1.037) dps T= 34.21 C
t= 4678.001509 a=(  1.173, -1.039,  9.682) m/s2 |a|= 9.808 w=(   0.610,  -0.488,  -1.098) dps T= 34.21 C
t= 4678.102388 a=(  1.154, -1.058,  9.682) m/s2 |a|= 9.808 w=(   0.549,  -0.427,  -1.037) dps T= 34.22 C
t= 4678.203250 a=(  1.164, -1.053,  9.687) m/s2 |a|= 9.813 w=(   0.610,  -0.488,  -0.976) dps T= 34.21 C
t= 4678.304083 a=(  1.159, -1.053,  9.692) m/s2 |a|= 9.817 w=(   0.549,  -0.488,  -1.098) dps T= 34.20 C
t= 4678.405010 a=(  1.164, -1.044,  9.706) m/s2 |a|= 9.831 w=(   0.610,  -0.488,  -1.037) dps T= 34.23 C
t= 4678.505888 a=(  1.178, -1.049,  9.692) m/s2 |a|= 9.819 w=(   0.488,  -0.427,  -1.037) dps T= 34.21 C
t= 4678.606803 a=(  1.159, -1.049,  9.701) m/s2 |a|= 9.826 w=(   0.549,  -0.427,  -1.098) dps T= 34.20 C
t= 4678.707661 a=(  1.164, -1.053,  9.673) m/s2 |a|= 9.799 w=(   0.549,  -0.427,  -1.037) dps T= 34.22 C
t= 4678.808497 a=(  1.154, -1.049,  9.682) m/s2 |a|= 9.807 w=(   0.549,  -0.366,  -1.037) dps T= 34.22 C
t= 4678.909337 a=(  1.173, -1.030,  9.701) m/s2 |a|= 9.826 w=(   0.549,  -0.427,  -1.037) dps T= 34.19 C
t= 4679.010211 a=(  1.154, -1.039,  9.701) m/s2 |a|= 9.825 w=(   0.549,  -0.427,  -1.098) dps T= 34.21 C
t= 4679.111033 a=(  1.159, -1.053,  9.687) m/s2 |a|= 9.813 w=(   0.610,  -0.488,  -1.037) dps T= 34.21 C
t= 4679.211886 a=(  1.168, -1.025,  9.697) m/s2 |a|= 9.820 w=(   0.488,  -0.427,  -1.037) dps T= 34.22 C
t= 4679.312734 a=(  1.173, -1.049,  9.668) m/s2 |a|= 9.795 w=(   0.610,  -0.488,  -1.037) dps T= 34.22 C
t= 4679.413583 a=(  1.154, -1.039,  9.673) m/s2 |a|= 9.796 w=(   0.549,  -0.427,  -1.037) dps T= 34.21 C
t= 4679.514441 a=(  1.159, -1.063,  9.692) m/s2 |a|= 9.818 w=(   0.549,  -0.427,  -1.098) dps T= 34.21 C
t= 4679.615284 a=(  1.159, -1.044,  9.701) m/s2 |a|= 9.826 w=(   0.549,  -0.488,  -1.098) dps T= 34.23 C
t= 4679.716159 a=(  1.159, -1.044,  9.697) m/s2 |a|= 9.821 w=(   0.549,  -0.488,  -1.037) dps T= 34.21 C
t= 4679.817056 a=(  1.154, -1.034,  9.682) m/s2 |a|= 9.805 w=(   0.610,  -0.427,  -1.037) dps T= 34.21 C
t= 4679.917906 a=(  1.173, -1.053,  9.687) m/s2 |a|= 9.814 w=(   0.610,  -0.488,  -1.037) dps T= 34.21 C
t= 4680.018763 a=(  1.164, -1.034,  9.682) m/s2 |a|= 9.807 w=(   0.549,  -0.427,  -1.037) dps T= 34.23 C
t= 4680.119651 a=(  1.173, -1.049,  9.692) m/s2 |a|= 9.819 w=(   0.549,  -0.427,  -1.037) dps T= 34.20 C
t= 4680.220649 a=(  1.178, -1.039,  9.697) m/s2 |a|= 9.823 w=(   0.610,  -0.427,  -1.098) dps T= 34.20 C
t= 4680.321498 a=(  1.188, -1.053,  9.706) m/s2 |a|= 9.835 w=(   0.549,  -0.488,  -1.037) dps T= 34.20 C
t= 4680.422343 a=(  1.164, -1.053,  9.687) m/s2 |a|= 9.813 w=(   0.549,  -0.488,  -1.098) dps T= 34.20 C
t= 4680.523185 a=(  1.159, -1.053,  9.701) m/s2 |a|= 9.827 w=(   0.610,  -0.488,  -1.098) dps T= 34.20 C
t= 4680.624015 a=(  1.173, -1.039,  9.687) m/s2 |a|= 9.813 w=(   0.610,  -0.427,  -1.037) dps T= 34.20 C
t= 4680.724919 a=(  1.168, -1.049,  9.697) m/s2 |a|= 9.823 w=(   0.549,  -0.427,  -1.037) dps T= 34.20 C
t= 4680.825811 a=(  1.159, -1.034,  9.697) m/s2 |a|= 9.820 w=(   0.549,  -0.488,  -1.098) dps T= 34.20 C
t= 4680.926688 a=(  1.173, -1.049,  9.682) m/s2 |a|= 9.809 w=(   0.610,  -0.488,  -1.098) dps T= 34.20 C
t= 4681.027587 a=(  1.168, -1.063,  9.697) m/s2 |a|= 9.824 w=(   0.549,  -0.488,  -1.098) dps T= 34.23 C
t= 4681.128430 a=(  1.183, -1.053,  9.697) m/s2 |a|= 9.825 w=(   0.610,  -0.427,  -1.098) dps T= 34.21 C
t= 4681.229295 a=(  1.164, -1.049,  9.692) m/s2 |a|= 9.817 w=(   0.610,  -0.427,  -1.037) dps T= 34.20 C
t= 4681.330132 a=(  1.178, -1.039,  9.706) m/s2 |a|= 9.832 w=(   0.610,  -0.427,  -1.037) dps T= 34.21 C
t= 4681.430964 a=(  1.178, -1.053,  9.701) m/s2 |a|= 9.829 w=(   0.610,  -0.488,  -1.098) dps T= 34.20 C
t= 4681.531795 a=(  1.168, -1.058,  9.697) m/s2 |a|= 9.824 w=(   0.549,  -0.488,  -1.037) dps T= 34.20 C
t= 4681.632613 a=(  1.178, -1.063,  9.687) m/s2 |a|= 9.816 w=(   0.610,  -0.366,  -1.037) dps T= 34.22 C
t= 4681.733439 a=(  1.164, -1.049,  9.701) m/s2 |a|= 9.827 w=(   0.610,  -0.488,  -1.037) dps T= 34.20 C
t= 4681.834286 a=(  1.168, -1.034,  9.692) m/s2 |a|= 9.817 w=(   0.549,  -0.427,  -1.098) dps T= 34.21 C
t= 4681.935112 a=(  1.168, -1.039,  9.677) m/s2 |a|= 9.803 w=(   0.549,  -0.427,  -1.037) dps T= 34.21 C
t= 4682.035976 a=(  1.154, -1.053,  9.692) m/s2 |a|= 9.817 w=(   0.610,  -0.488,  -1.098) dps T= 34.21 C
t= 4682.136909 a=(  1.149, -1.053,  9.697) m/s2 |a|= 9.821 w=(   0.549,  -0.427,  -1.037) dps T= 34.20 C
t= 4682.237781 a=(  1.173, -1.053,  9.697) m/s2 |a|= 9.824 w=(   0.549,  -0.488,  -1.037) dps T= 34.21 C
t= 4682.338651 a=(  1.164, -1.053,  9.687) m/s2 |a|= 9.813 w=(   0.610,  -0.488,  -1.037) dps T= 34.22 C
t= 4682.439508 a=(  1.164, -1.044,  9.697) m/s2 |a|= 9.822 w=(   0.549,  -0.427,  -1.037) dps T= 34.21 C
t= 4682.540508 a=(  1.164, -1.049,  9.687) m/s2 |a|= 9.813 w=(   0.549,  -0.427,  -1.037) dps T= 34.22 C
t= 4682.641338 a=(  1.168, -1.058,  9.687) m/s2 |a|= 9.814 w=(   0.610,  -0.488,  -1.037) dps T= 34.20 C
t= 4682.742172 a=(  1.183, -1.053,  9.687) m/s2 |a|= 9.816 w=(   0.549,  -0.488,  -1.098) dps T= 34.22 C
t= 4682.843019 a=(  1.154, -1.044,  9.692) m/s2 |a|= 9.816 w=(   0.549,  -0.488,  -1.037) dps T= 34.19 C
t= 4682.943874 a=(  1.168, -1.044,  9.673) m/s2 |a|= 9.799 w=(   0.549,  -0.427,  -1.037) dps T= 34.21 C
t= 4683.044722 a=(  1.164, -1.049,  9.701) m/s2 |a|= 9.827 w=(   0.610,  -0.427,  -1.037) dps T= 34.22 C
t= 4683.145567 a=(  1.173, -1.058,  9.692) m/s2 |a|= 9.820 w=(   0.610,  -0.488,  -1.037) dps T= 34.20 C
t= 4683.246471 a=(  1.173, -1.058,  9.697) m/s2 |a|= 9.824 w=(   0.549,  -0.488,  -1.098) dps T= 34.22 C
t= 4683.347354 a=(  1.164, -1.039,  9.706) m/s2 |a|= 9.831 w=(   0.549,  -0.549,  -1.098) dps T= 34.21 C
t= 4683.448234 a=(  1.159, -1.058,  9.692) m/s2 |a|= 9.818 w=(   0.610,  -0.488,  -1.037) dps T= 34.23 C
t= 4683.549106 a=(  1.168, -1.053,  9.697) m/s2 |a|= 9.823 w=(   0.549,  -0.427,  -1.037) dps T= 34.23 C
t= 4683.649968 a=(  1.168, -1.049,  9.697) m/s2 |a|= 9.823 w=(   0.549,  -0.427,  -1.037) dps T= 34.23 C
t= 4683.750895 a=(  1.168, -1.049,  9.697) m/s2 |a|= 9.823 w=(   0.549,  -0.427,  -1.037) dps T= 34.20 C
t= 4683.851727 a=(  1.164, -1.034,  9.701) m/s2 |a|= 9.825 w=(   0.549,  -0.427,  -1.037) dps T= 34.22 C
t= 4683.952548 a=(  1.168, -1.044,  9.692) m/s2 |a|= 9.818 w=(   0.549,  -0.488,  -1.037) dps T= 34.21 C
t= 4684.053383 a=(  1.168, -1.058,  9.692) m/s2 |a|= 9.819 w=(   0.549,  -0.488,  -1.037) dps T= 34.22 C
t= 4684.154193 a=(  1.173, -1.049,  9.682) m/s2 |a|= 9.809 w=(   0.549,  -0.488,  -0.976) dps T= 34.21 C
t= 4684.255023 a=(  1.183, -1.044,  9.706) m/s2 |a|= 9.833 w=(   0.549,  -0.427,  -1.037) dps T= 34.20 C
t= 4684.355861 a=(  1.159, -1.049,  9.677) m/s2 |a|= 9.803 w=(   0.549,  -0.488,  -1.098) dps T= 34.19 C
t= 4684.456889 a=(  1.168, -1.034,  9.692) m/s2 |a|= 9.817 w=(   0.610,  -0.427,  -1.098) dps T= 34.22 C
t= 4684.557777 a=(  1.168, -1.039,  9.687) m/s2 |a|= 9.812 w=(   0.610,  -0.488,  -1.098) dps T= 34.22 C
t= 4684.658708 a=(  1.168, -1.030,  9.697) m/s2 |a|= 9.821 w=(   0.549,  -0.488,  -1.037) dps T= 34.21 C
t= 4684.759591 a=(  1.173, -1.058,  9.692) m/s2 |a|= 9.820 w=(   0.549,  -0.488,  -1.098) dps T= 34.22 C
t= 4684.860718 a=(  1.168, -1.049,  9.692) m/s2 |a|= 9.818 w=(   0.549,  -0.488,  -1.037) dps T= 34.21 C
t= 4684.961634 a=(  1.164, -1.044,  9.677) m/s2 |a|= 9.803 w=(   0.549,  -0.366,  -1.098) dps T= 34.21 C
t= 4685.062506 a=(  1.159, -1.049,  9.673) m/s2 |a|= 9.798 w=(   0.610,  -0.427,  -0.976) dps T= 34.22 C
t= 4685.163358 a=(  1.183, -1.044,  9.692) m/s2 |a|= 9.819 w=(   0.549,  -0.427,  -1.037) dps T= 34.22 C
t= 4685.264222 a=(  1.168, -1.058,  9.687) m/s2 |a|= 9.814 w=(   0.549,  -0.427,  -1.037) dps T= 34.21 C
t= 4685.365059 a=(  1.159, -1.039,  9.687) m/s2 |a|= 9.811 w=(   0.671,  -0.427,  -0.976) dps T= 34.23 C
t= 4685.465943 a=(  1.178, -1.044,  9.687) m/s2 |a|= 9.814 w=(   0.610,  -0.427,  -1.037) dps T= 34.22 C
t= 4685.566785 a=(  1.173, -1.049,  9.692) m/s2 |a|= 9.819 w=(   0.610,  -0.427,  -1.098) dps T= 34.21 C
t= 4685.667661 a=(  1.159, -1.044,  9.673) m/s2 |a|= 9.798 w=(   0.427,  -0.488,  -1.098) dps T= 34.21 C
t= 4685.768530 a=(  1.159, -1.044,  9.682) m/s2 |a|= 9.807 w=(   0.427,  -0.488,  -1.037) dps T= 34.21 C
t= 4685.869386 a=(  1.164, -1.053,  9.687) m/s2 |a|= 9.813 w=(   0.549,  -0.488,  -1.037) dps T= 34.22 C
t= 4685.970337 a=(  1.168, -1.034,  9.682) m/s2 |a|= 9.807 w=(   0.610,  -0.427,  -1.037) dps T= 34.22 C
t= 4686.071172 a=(  1.154, -1.063,  9.701) m/s2 |a|= 9.827 w=(   0.610,  -0.366,  -1.098) dps T= 34.20 C
t= 4686.172004 a=(  1.173, -1.039,  9.692) m/s2 |a|= 9.818 w=(   0.549,  -0.427,  -1.037) dps T= 34.21 C
t= 4686.272832 a=(  1.149, -1.039,  9.668) m/s2 |a|= 9.791 w=(   0.488,  -0.488,  -1.098) dps T= 34.21 C
t= 4686.373650 a=(  1.159, -1.058,  9.673) m/s2 |a|= 9.799 w=(   0.549,  -0.488,  -1.037) dps T= 34.23 C
t= 4686.474495 a=(  1.173, -1.068,  9.682) m/s2 |a|= 9.811 w=(   0.488,  -0.427,  -1.037) dps T= 34.21 C
t= 4686.575324 a=(  1.183, -1.058,  9.591) m/s2 |a|= 9.722 w=(   0.732,  -0.366,  -1.037) dps T= 34.20 C
t= 4686.676148 a=(  1.192, -1.025,  9.692) m/s2 |a|= 9.818 w=(   0.549,  -0.488,  -1.098) dps T= 34.23 C
t= 4686.776984 a=(  1.164, -1.039,  9.692) m/s2 |a|= 9.816 w=(   0.488,  -0.366,  -1.098) dps T= 34.23 C
t= 4686.877849 a=(  1.164, -1.063,  9.682) m/s2 |a|= 9.810 w=(   0.610,  -0.427,  -1.037) dps T= 34.22 C
t= 4686.978735 a=(  1.164, -1.039,  9.687) m/s2 |a|= 9.812 w=(   0.610,  -0.488,  -0.976) dps T= 34.23 C
t= 4687.079596 a=(  1.173, -1.034,  9.692) m/s2 |a|= 9.817 w=(   0.610,  -0.488,  -1.037) dps T= 34.20 C
t= 4687.180589 a=(  1.168, -1.053,  9.701) m/s2 |a|= 9.828 w=(   0.488,  -0.549,  -1.098) dps T= 34.22 C
t= 4687.281454 a=(  0.982, -1.097,  9.701) m/s2 |a|= 9.812 w=(   1.463,  -1.585,   5.793) dps T= 34.21 C
t= 4687.382280 a=(  1.192, -1.030,  9.730) m/s2 |a|= 9.857 w=(   0.976,  -1.585,  10.793) dps T= 34.21 C
t= 4687.483135 a=(  1.097, -1.025,  9.668) m/s2 |a|= 9.784 w=(   0.732,  -0.854,   1.829) dps T= 34.20 C
t= 4687.583965 a=(  1.302, -1.015,  9.658) m/s2 |a|= 9.798 w=(   1.524,  -2.195,   6.280) dps T= 34.21 C
t= 4687.684791 a=(  1.188, -1.077,  9.701) m/s2 |a|= 9.833 w=(   0.549,  -0.488,  -0.976) dps T= 34.20 C
t= 4687.785631 a=(  1.226, -1.063,  9.677) m/s2 |a|= 9.812 w=(   0.488,  -0.549,  -0.915) dps T= 34.22 C
t= 4687.886482 a=(  1.192, -1.073,  9.687) m/s2 |a|= 9.819 w=(   0.549,  -0.488,  -1.037) dps T= 34.21 C
t= 4687.987315 a=(  1.178, -1.058,  9.673) m/s2 |a|= 9.801 w=(   0.549,  -0.488,  -1.098) dps T= 34.22 C
t= 4688.088187 a=(  1.173, -1.053,  9.673) m/s2 |a|= 9.800 w=(   0.549,  -0.488,  -0.976) dps T= 34.20 C
t= 4688.189067 a=(  1.178, -1.077,  9.682) m/s2 |a|= 9.813 w=(   0.549,  -0.427,  -1.037) dps T= 34.24 C
t= 4688.289970 a=(  1.173, -1.053,  9.668) m/s2 |a|= 9.796 w=(   0.610,  -0.488,  -1.098) dps T= 34.23 C
t= 4688.390974 a=(  1.188, -1.058,  9.673) m/s2 |a|= 9.802 w=(   0.488,  -0.488,  -1.037) dps T= 34.21 C
t= 4688.491837 a=(  1.183, -1.068,  9.682) m/s2 |a|= 9.812 w=(   0.610,  -0.427,  -1.098) dps T= 34.22 C
t= 4688.592759 a=(  1.178, -1.068,  9.682) m/s2 |a|= 9.812 w=(   0.488,  -0.488,  -1.037) dps T= 34.23 C
t= 4688.693621 a=(  1.188, -1.077,  9.682) m/s2 |a|= 9.814 w=(   0.549,  -0.488,  -1.098) dps T= 34.22 C
t= 4688.794455 a=(  1.192, -1.082,  9.682) m/s2 |a|= 9.815 w=(   0.549,  -0.488,  -1.037) dps T= 34.21 C
t= 4688.895277 a=(  1.173, -1.068,  9.692) m/s2 |a|= 9.821 w=(   0.610,  -0.427,  -1.037) dps T= 34.23 C
t= 4688.996123 a=(  1.192, -1.068,  9.682) m/s2 |a|= 9.814 w=(   0.549,  -0.488,  -1.037) dps T= 34.21 C
t= 4689.096946 a=(  1.178, -1.053,  9.673) m/s2 |a|= 9.801 w=(   0.549,  -0.488,  -1.037) dps T= 34.23 C
t= 4689.197770 a=(  1.192, -1.077,  9.673) m/s2 |a|= 9.805 w=(   0.549,  -0.427,  -1.037) dps T= 34.22 C
t= 4689.298644 a=(  1.192, -1.063,  9.697) m/s2 |a|= 9.827 w=(   0.488,  -0.488,  -1.037) dps T= 34.21 C
t= 4689.399503 a=(  1.183, -1.068,  9.682) m/s2 |a|= 9.812 w=(   0.549,  -0.427,  -1.037) dps T= 34.22 C
t= 4689.500442 a=(  1.192, -1.073,  9.687) m/s2 |a|= 9.819 w=(   0.610,  -0.488,  -1.037) dps T= 34.23 C
t= 4689.601294 a=(  1.188, -1.063,  9.687) m/s2 |a|= 9.817 w=(   0.610,  -0.488,  -0.976) dps T= 34.22 C
t= 4689.702165 a=(  1.178, -1.068,  9.682) m/s2 |a|= 9.812 w=(   0.549,  -0.488,  -1.037) dps T= 34.22 C
t= 4689.803026 a=(  1.192, -1.068,  9.692) m/s2 |a|= 9.823 w=(   0.610,  -0.488,  -1.037) dps T= 34.24 C
t= 4689.903855 a=(  1.173, -1.063,  9.682) m/s2 |a|= 9.811 w=(   0.549,  -0.366,  -1.037) dps T= 34.24 C
t= 4690.004681 a=(  1.178, -1.058,  9.692) m/s2 |a|= 9.820 w=(   0.549,  -0.488,  -1.037) dps T= 34.23 C
t= 4690.105517 a=(  1.192, -1.073,  9.682) m/s2 |a|= 9.814 w=(   0.549,  -0.488,  -1.037) dps T= 34.23 C
t= 4690.206372 a=(  1.197, -1.073,  9.682) m/s2 |a|= 9.815 w=(   0.610,  -0.427,  -1.037) dps T= 34.21 C
t= 4690.307201 a=(  1.192, -1.082,  9.682) m/s2 |a|= 9.815 w=(   0.610,  -0.549,  -1.037) dps T= 34.23 C
t= 4690.408035 a=(  1.202, -1.063,  9.701) m/s2 |a|= 9.833 w=(   0.549,  -0.427,  -1.037) dps T= 34.21 C
t= 4690.508916 a=(  1.173, -1.068,  9.687) m/s2 |a|= 9.816 w=(   0.549,  -0.549,  -1.037) dps T= 34.22 C
t= 4690.609801 a=(  1.188, -1.073,  9.682) m/s2 |a|= 9.813 w=(   0.549,  -0.427,  -1.098) dps T= 34.22 C
t= 4690.710872 a=(  1.183, -1.073,  9.697) m/s2 |a|= 9.827 w=(   0.610,  -0.488,  -1.037) dps T= 34.21 C
t= 4690.811733 a=(  1.173, -1.077,  9.697) m/s2 |a|= 9.826 w=(   0.610,  -0.427,  -1.037) dps T= 34.22 C
t= 4690.912569 a=(  1.192, -1.082,  9.673) m/s2 |a|= 9.806 w=(   0.549,  -0.488,  -1.037) dps T= 34.22 C
t= 4691.013432 a=(  1.178, -1.073,  9.673) m/s2 |a|= 9.803 w=(   0.549,  -0.488,  -0.976) dps T= 34.22 C
t= 4691.114268 a=(  1.178, -1.068,  9.682) m/s2 |a|= 9.812 w=(   0.549,  -0.427,  -1.037) dps T= 34.22 C
t= 4691.215096 a=(  1.188, -1.077,  9.687) m/s2 |a|= 9.819 w=(   0.610,  -0.488,  -1.098) dps T= 34.22 C
t= 4691.315987 a=(  1.178, -1.053,  9.687) m/s2 |a|= 9.815 w=(   0.549,  -0.427,  -1.098) dps T= 34.20 C
t= 4691.416822 a=(  1.188, -1.077,  9.682) m/s2 |a|= 9.814 w=(   0.549,  -0.488,  -1.037) dps T= 34.21 C
t= 4691.517654 a=(  1.192, -1.068,  9.697) m/s2 |a|= 9.828 w=(   0.610,  -0.488,  -1.098) dps T= 34.22 C
t= 4691.618487 a=(  1.178, -1.077,  9.687) m/s2 |a|= 9.818 w=(   0.549,  -0.488,  -1.098) dps T= 34.22 C
t= 4691.719373 a=(  1.197, -1.077,  9.692) m/s2 |a|= 9.825 w=(   0.549,  -0.427,  -1.037) dps T= 34.20 C
t= 4691.820323 a=(  1.188, -1.068,  9.692) m/s2 |a|= 9.822 w=(   0.549,  -0.488,  -1.098) dps T= 34.19 C
t= 4691.921170 a=(  1.178, -1.053,  9.687) m/s2 |a|= 9.815 w=(   0.549,  -0.427,  -1.098) dps T= 34.22 C
t= 4692.022035 a=(  1.188, -1.073,  9.677) m/s2 |a|= 9.809 w=(   0.549,  -0.427,  -1.037) dps T= 34.23 C
t= 4692.122890 a=(  1.178, -1.073,  9.687) m/s2 |a|= 9.817 w=(   0.610,  -0.427,  -1.098) dps T= 34.21 C
t= 4692.223748 a=(  1.168, -1.068,  9.687) m/s2 |a|= 9.815 w=(   0.610,  -0.427,  -1.037) dps T= 34.22 C
t= 4692.324606 a=(  1.183, -1.073,  9.673) m/s2 |a|= 9.803 w=(   0.549,  -0.427,  -1.037) dps T= 34.23 C
t= 4692.425472 a=(  1.178, -1.068,  9.682) m/s2 |a|= 9.812 w=(   0.610,  -0.488,  -1.098) dps T= 34.22 C
t= 4692.526368 a=(  1.188, -1.073,  9.673) m/s2 |a|= 9.804 w=(   0.549,  -0.427,  -1.037) dps T= 34.23 C
t= 4692.627215 a=(  1.197, -1.087,  9.687) m/s2 |a|= 9.821 w=(   0.549,  -0.488,  -1.037) dps T= 34.21 C
t= 4692.728049 a=(  1.188, -1.058,  9.687) m/s2 |a|= 9.817 w=(   0.549,  -0.488,  -1.037) dps T= 34.21 C
t= 4692.828901 a=(  1.255, -1.125, 10.022) m/s2 |a|=10.163 w=(   0.610,  -0.427,  -1.098) dps T= 34.22 C
t= 4692.929889 a=(  1.183, -1.106,  9.653) m/s2 |a|= 9.788 w=(  -0.183,  -0.488,  -1.220) dps T= 34.21 C
t= 4693.030878 a=(  1.192, -1.120,  9.625) m/s2 |a|= 9.763 w=(   0.671,  -0.427,  -1.098) dps T= 34.21 C
t= 4693.131742 a=(  1.192, -1.092,  9.677) m/s2 |a|= 9.811 w=(   0.610,  -0.427,  -1.037) dps T= 34.24 C
t= 4693.232609 a=(  1.192, -1.063,  9.697) m/s2 |a|= 9.827 w=(   0.549,  -0.488,  -1.098) dps T= 34.23 C
t= 4693.333521 a=(  1.188, -1.058,  9.677) m/s2 |a|= 9.807 w=(   0.549,  -0.427,  -1.037) dps T= 34.21 C
t= 4693.434365 a=(  1.192, -1.068,  9.682) m/s2 |a|= 9.814 w=(   0.488,  -0.427,  -1.098) dps T= 34.22 C
t= 4693.535252 a=(  1.202, -1.087,  9.697) m/s2 |a|= 9.831 w=(   0.549,  -0.488,  -1.037) dps T= 34.21 C
t= 4693.636077 a=(  1.202, -1.082,  9.682) m/s2 |a|= 9.816 w=(   0.549,  -0.488,  -1.098) dps T= 34.22 C
t= 4693.736934 a=(  1.173, -1.087,  9.692) m/s2 |a|= 9.823 w=(   0.610,  -0.549,  -1.037) dps T= 34.21 C
t= 4693.837801 a=(  1.183, -1.082,  9.692) m/s2 |a|= 9.823 w=(   0.549,  -0.488,  -1.098) dps T= 34.22 C
t= 4693.938630 a=(  1.188, -1.058,  9.682) m/s2 |a|= 9.812 w=(   0.488,  -0.488,  -1.098) dps T= 34.21 C
t= 4694.039493 a=(  1.183, -1.077,  9.677) m/s2 |a|= 9.809 w=(   0.610,  -0.427,  -1.037) dps T= 34.21 C
t= 4694.140456 a=(  1.173, -1.058,  9.682) m/s2 |a|= 9.810 w=(   0.671,  -0.488,  -1.037) dps T= 34.22 C
t= 4694.241330 a=(  1.178, -1.077,  9.697) m/s2 |a|= 9.827 w=(   0.610,  -0.427,  -1.037) dps T= 34.20 C
t= 4694.342192 a=(  1.183, -1.077,  9.673) m/s2 |a|= 9.804 w=(   0.549,  -0.488,  -1.037) dps T= 34.22 C
t= 4694.443036 a=(  1.173, -1.068,  9.682) m/s2 |a|= 9.811 w=(   0.610,  -0.488,  -1.098) dps T= 34.20 C
t= 4694.543891 a=(  1.188, -1.063,  9.673) m/s2 |a|= 9.803 w=(   0.549,  -0.488,  -1.037) dps T= 34.22 C
t= 4694.644716 a=(  1.188, -1.073,  9.692) m/s2 |a|= 9.823 w=(   0.549,  -0.427,  -1.037) dps T= 34.23 C
t= 4694.745559 a=(  1.192, -1.068,  9.692) m/s2 |a|= 9.823 w=(   0.549,  -0.427,  -1.037) dps T= 34.20 C
t= 4694.846415 a=(  1.197, -1.073,  9.682) m/s2 |a|= 9.815 w=(   0.549,  -0.427,  -1.037) dps T= 34.21 C
t= 4694.947248 a=(  1.188, -1.068,  9.701) m/s2 |a|= 9.832 w=(   0.549,  -0.549,  -1.037) dps T= 34.21 C
t= 4695.048074 a=(  1.183, -1.077,  9.692) m/s2 |a|= 9.823 w=(   0.549,  -0.427,  -1.098) dps T= 34.21 C
t= 4695.148903 a=(  1.202, -1.068,  9.673) m/s2 |a|= 9.805 w=(   0.549,  -0.488,  -1.098) dps T= 34.21 C
t= 4695.249784 a=(  1.188, -1.068,  9.701) m/s2 |a|= 9.832 w=(   0.549,  -0.427,  -1.037) dps T= 34.23 C
t= 4695.350881 a=(  1.183, -1.082,  9.692) m/s2 |a|= 9.823 w=(   0.610,  -0.488,  -1.098) dps T= 34.21 C
t= 4695.451774 a=(  1.183, -1.077,  9.682) m/s2 |a|= 9.813 w=(   0.549,  -0.488,  -1.037) dps T= 34.23 C
t= 4695.552630 a=(  1.192, -1.077,  9.687) m/s2 |a|= 9.819 w=(   0.488,  -0.488,  -1.037) dps T= 34.22 C
t= 4695.653450 a=(  1.202, -1.073,  9.687) m/s2 |a|= 9.820 w=(   0.610,  -0.488,  -1.098) dps T= 34.24 C
t= 4695.754277 a=(  1.183, -1.073,  9.668) m/s2 |a|= 9.799 w=(   0.671,  -0.427,  -1.098) dps T= 34.22 C
t= 4695.855116 a=(  1.183, -1.068,  9.697) m/s2 |a|= 9.827 w=(   0.488,  -0.488,  -1.037) dps T= 34.22 C
t= 4695.955938 a=(  1.183, -1.077,  9.716) m/s2 |a|= 9.847 w=(   0.549,  -0.488,  -1.098) dps T= 34.23 C
t= 4696.056770 a=(  1.183, -1.073,  9.682) m/s2 |a|= 9.813 w=(   0.488,  -0.488,  -1.037) dps T= 34.23 C
t= 4696.157634 a=(  1.188, -1.077,  9.697) m/s2 |a|= 9.828 w=(   0.488,  -0.488,  -1.098) dps T= 34.21 C
t= 4696.258456 a=(  1.183, -1.092,  9.687) m/s2 |a|= 9.820 w=(   0.549,  -0.427,  -1.098) dps T= 34.22 C
t= 4696.359291 a=(  1.173, -1.068,  9.692) m/s2 |a|= 9.821 w=(   0.549,  -0.427,  -1.098) dps T= 34.22 C
t= 4696.460283 a=(  1.188, -1.073,  9.687) m/s2 |a|= 9.818 w=(   0.610,  -0.427,  -1.037) dps T= 34.20 C
t= 4696.561182 a=(  1.192, -1.092,  9.697) m/s2 |a|= 9.830 w=(   0.610,  -0.427,  -1.098) dps T= 34.20 C
t= 4696.662068 a=(  1.178, -1.073,  9.697) m/s2 |a|= 9.827 w=(   0.671,  -0.427,  -1.098) dps T= 34.23 C
t= 4696.762923 a=(  1.188, -1.073,  9.697) m/s2 |a|= 9.828 w=(   0.549,  -0.488,  -1.037) dps T= 34.21 C
t= 4696.863801 a=(  1.168, -1.068,  9.682) m/s2 |a|= 9.811 w=(   0.610,  -0.427,  -1.037) dps T= 34.22 C
t= 4696.964636 a=(  1.178, -1.073,  9.687) m/s2 |a|= 9.817 w=(   0.610,  -0.427,  -1.037) dps T= 34.21 C
t= 4697.065498 a=(  1.197, -1.082,  9.697) m/s2 |a|= 9.830 w=(   0.488,  -0.427,  -1.037) dps T= 34.21 C
t= 4697.166332 a=(  1.188, -1.087,  9.692) m/s2 |a|= 9.825 w=(   0.610,  -0.427,  -1.037) dps T= 34.22 C
t= 4697.267183 a=(  1.188, -1.073,  9.687) m/s2 |a|= 9.818 w=(   0.549,  -0.488,  -1.098) dps T= 34.21 C
t= 4697.368064 a=(  1.192, -1.077,  9.692) m/s2 |a|= 9.824 w=(   0.610,  -0.427,  -1.098) dps T= 34.22 C
t= 4697.468901 a=(  1.188, -1.082,  9.673) m/s2 |a|= 9.805 w=(   0.610,  -0.427,  -1.037) dps T= 34.21 C
t= 4697.569785 a=(  1.183, -1.082,  9.663) m/s2 |a|= 9.795 w=(   0.610,  -0.366,  -1.037) dps T= 34.22 C
t= 4697.670876 a=(  1.183, -1.063,  9.692) m/s2 |a|= 9.821 w=(   0.610,  -0.488,  -1.037) dps T= 34.21 C
t= 4697.771865 a=(  1.188, -1.082,  9.673) m/s2 |a|= 9.805 w=(   0.549,  -0.488,  -1.037) dps T= 34.20 C
t= 4697.872751 a=(  1.183, -1.092,  9.687) m/s2 |a|= 9.820 w=(   0.549,  -0.488,  -1.037) dps T= 34.21 C
t= 4697.973608 a=(  1.183, -1.073,  9.687) m/s2 |a|= 9.818 w=(   0.549,  -0.427,  -1.037) dps T= 34.20 C
t= 4698.074440 a=(  1.188, -1.077,  9.682) m/s2 |a|= 9.814 w=(   0.549,  -0.427,  -1.037) dps T= 34.22 C
t= 4698.175279 a=(  1.183, -1.087,  9.682) m/s2 |a|= 9.815 w=(   0.610,  -0.427,  -1.037) dps T= 34.21 C
t= 4698.276145 a=(  1.168, -1.073,  9.682) m/s2 |a|= 9.811 w=(   0.549,  -0.488,  -1.037) dps T= 34.22 C
t= 4698.376966 a=(  1.183, -1.077,  9.682) m/s2 |a|= 9.813 w=(   0.549,  -0.427,  -1.037) dps T= 34.21 C
t= 4698.477791 a=(  1.173, -1.087,  9.687) m/s2 |a|= 9.818 w=(   0.549,  -0.488,  -1.037) dps T= 34.21 C
t= 4698.578656 a=(  1.188, -1.087,  9.687) m/s2 |a|= 9.820 w=(   0.610,  -0.488,  -1.037) dps T= 34.21 C
t= 4698.679485 a=(  1.202, -1.092,  9.701) m/s2 |a|= 9.836 w=(   0.671,  -0.366,  -1.037) dps T= 34.21 C
t= 4698.780438 a=(  1.188, -1.068,  9.682) m/s2 |a|= 9.813 w=(   0.610,  -0.427,  -1.098) dps T= 34.23 C
t= 4698.881294 a=(  1.192, -1.082,  9.687) m/s2 |a|= 9.820 w=(   0.549,  -0.427,  -1.037) dps T= 34.19 C
t= 4698.982180 a=(  1.197, -1.077,  9.687) m/s2 |a|= 9.820 w=(   0.610,  -0.488,  -1.098) dps T= 34.21 C
t= 4699.083045 a=(  1.183, -1.082,  9.687) m/s2 |a|= 9.819 w=(   0.610,  -0.488,  -1.098) dps T= 34.23 C
t= 4699.183884 a=(  1.188, -1.073,  9.701) m/s2 |a|= 9.832 w=(   0.549,  -0.488,  -1.037) dps T= 34.21 C
t= 4699.284726 a=(  1.188, -1.073,  9.687) m/s2 |a|= 9.818 w=(   0.610,  -0.488,  -1.037) dps T= 34.22 C
t= 4699.385557 a=(  1.188, -1.077,  9.697) m/s2 |a|= 9.828 w=(   0.549,  -0.488,  -1.037) dps T= 34.23 C
t= 4699.486391 a=(  1.202, -1.058,  9.668) m/s2 |a|= 9.800 w=(   0.610,  -0.488,  -1.037) dps T= 34.24 C
t= 4699.587261 a=(  1.183, -1.087,  9.701) m/s2 |a|= 9.833 w=(   0.610,  -0.488,  -1.037) dps T= 34.21 C
t= 4699.688089 a=(  1.178, -1.087,  9.701) m/s2 |a|= 9.833 w=(   0.610,  -0.427,  -1.098) dps T= 34.24 C
t= 4699.788923 a=(  1.202, -1.077,  9.701) m/s2 |a|= 9.835 w=(   0.488,  -0.488,  -1.098) dps T= 34.20 C
t= 4699.889817 a=(  1.188, -1.073,  9.682) m/s2 |a|= 9.813 w=(   0.549,  -0.427,  -1.037) dps T= 34.23 C
t= 4699.990748 a=(  1.183, -1.077,  9.697) m/s2 |a|= 9.828 w=(   0.610,  -0.488,  -1.037) dps T= 34.21 C
t= 4700.091741 a=(  1.183, -1.082,  9.697) m/s2 |a|= 9.828 w=(   0.488,  -0.488,  -1.037) dps T= 34.21 C
t= 4700.192614 a=(  1.183, -1.063,  9.697) m/s2 |a|= 9.826 w=(   0.549,  -0.427,  -1.037) dps T= 34.21 C
t= 4700.293492 a=(  1.188, -1.073,  9.697) m/s2 |a|= 9.828 w=(   0.549,  -0.427,  -1.037) dps T= 34.22 C
t= 4700.394385 a=(  1.192, -1.068,  9.692) m/s2 |a|= 9.823 w=(   0.549,  -0.488,  -1.037) dps T= 34.24 C
t= 4700.495242 a=(  1.188, -1.073,  9.677) m/s2 |a|= 9.809 w=(   0.549,  -0.427,  -1.037) dps T= 34.24 C
t= 4700.596078 a=(  1.173, -1.063,  9.682) m/s2 |a|= 9.811 w=(   0.610,  -0.427,  -1.037) dps T= 34.22 C
t= 4700.696901 a=(  1.183, -1.068,  9.673) m/s2 |a|= 9.803 w=(   0.610,  -0.427,  -1.037) dps T= 34.21 C
t= 4700.797728 a=(  1.178, -1.068,  9.687) m/s2 |a|= 9.817 w=(   0.549,  -0.488,  -1.037) dps T= 34.22 C
t= 4700.898555 a=(  1.188, -1.082,  9.682) m/s2 |a|= 9.815 w=(   0.549,  -0.427,  -1.098) dps T= 34.21 C
t= 4700.999384 a=(  1.188, -1.077,  9.682) m/s2 |a|= 9.814 w=(   0.549,  -0.549,  -1.037) dps T= 34.20 C
t= 4701.100300 a=(  1.188, -1.082,  9.687) m/s2 |a|= 9.819 w=(   0.549,  -0.427,  -1.098) dps T= 34.21 C
t= 4701.201148 a=(  1.192, -1.068,  9.677) m/s2 |a|= 9.809 w=(   0.549,  -0.427,  -1.037) dps T= 34.21 C
t= 4701.302026 a=(  1.202, -1.077,  9.673) m/s2 |a|= 9.806 w=(   0.549,  -0.488,  -1.098) dps T= 34.23 C
t= 4701.402938 a=(  1.202, -1.020,  9.740) m/s2 |a|= 9.866 w=(   0.427,  -0.488,  -1.037) dps T= 34.22 C
t= 4701.503796 a=(  1.211, -1.063,  9.663) m/s2 |a|= 9.796 w=(   0.488,  -0.488,  -1.037) dps T= 34.19 C
t= 4701.604652 a=(  1.207, -1.044,  9.701) m/s2 |a|= 9.832 w=(   0.610,  -0.427,  -1.037) dps T= 34.21 C
t= 4701.705559 a=(  1.183, -1.082,  9.682) m/s2 |a|= 9.814 w=(   0.549,  -0.427,  -1.037) dps T= 34.20 C
t= 4701.806425 a=(  1.197, -1.082,  9.677) m/s2 |a|= 9.811 w=(   0.488,  -0.427,  -1.037) dps T= 34.21 C
t= 4701.907282 a=(  1.192, -1.068,  9.692) m/s2 |a|= 9.823 w=(   0.610,  -0.427,  -1.037) dps T= 34.22 C
t= 4702.008127 a=(  1.202, -1.073,  9.711) m/s2 |a|= 9.844 w=(   0.549,  -0.488,  -1.037) dps T= 34.22 C
t= 4702.109009 a=(  1.173, -1.111,  9.668) m/s2 |a|= 9.802 w=(   0.915,  -0.427,  -1.098) dps T= 34.21 C
t= 4702.209852 a=(  1.192, -1.082,  9.701) m/s2 |a|= 9.834 w=(   0.671,  -0.488,  -1.037) dps T= 34.20 C
t= 4702.310779 a=(  1.178, -1.058,  9.682) m/s2 |a|= 9.811 w=(   0.488,  -0.488,  -0.976) dps T= 34.22 C
t= 4702.411626 a=(  1.188, -1.058,  9.677) m/s2 |a|= 9.807 w=(   0.610,  -0.427,  -1.098) dps T= 34.21 C
t= 4702.512496 a=(  1.183, -1.063,  9.682) m/s2 |a|= 9.812 w=(   0.610,  -0.427,  -1.037) dps T= 34.21 C
t= 4702.613402 a=(  1.197, -1.073,  9.673) m/s2 |a|= 9.805 w=(   0.610,  -0.427,  -1.098) dps T= 34.22 C
t= 4702.714244 a=(  1.183, -1.073,  9.682) m/s2 |a|= 9.813 w=(   0.610,  -0.427,  -1.037) dps T= 34.21 C
t= 4702.815098 a=(  1.183, -1.082,  9.692) m/s2 |a|= 9.823 w=(   0.549,  -0.488,  -1.037) dps T= 34.20 C
t= 4702.915955 a=(  1.183, -1.063,  9.682) m/s2 |a|= 9.812 w=(   0.549,  -0.488,  -1.037) dps T= 34.21 C
t= 4703.016782 a=(  1.192, -1.068,  9.682) m/s2 |a|= 9.814 w=(   0.610,  -0.488,  -1.037) dps T= 34.22 C
t= 4703.117628 a=(  1.202, -1.077,  9.677) m/s2 |a|= 9.811 w=(   0.610,  -0.488,  -1.037) dps T= 34.22 C
t= 4703.218472 a=(  1.173, -1.077,  9.692) m/s2 |a|= 9.822 w=(   0.549,  -0.488,  -1.037) dps T= 34.22 C
t= 4703.319355 a=(  1.192, -1.068,  9.692) m/s2 |a|= 9.823 w=(   0.549,  -0.427,  -1.098) dps T= 34.22 C
t= 4703.420276 a=(  1.207, -1.082,  9.677) m/s2 |a|= 9.812 w=(   0.610,  -0.427,  -1.037) dps T= 34.20 C
t= 4703.521128 a=(  1.168, -1.073,  9.697) m/s2 |a|= 9.825 w=(   0.610,  -0.427,  -1.037) dps T= 34.23 C
t= 4703.622035 a=(  1.207, -1.068,  9.692) m/s2 |a|= 9.825 w=(   0.549,  -0.488,  -1.037) dps T= 34.22 C
t= 4703.722910 a=(  1.188, -1.068,  9.687) m/s2 |a|= 9.818 w=(   0.610,  -0.427,  -1.037) dps T= 34.23 C
t= 4703.823786 a=(  1.178, -1.087,  9.701) m/s2 |a|= 9.833 w=(   0.610,  -0.427,  -0.976) dps T= 34.21 C
t= 4703.924654 a=(  1.178, -1.053,  9.697) m/s2 |a|= 9.824 w=(   0.549,  -0.427,  -1.037) dps T= 34.21 C
t= 4704.025489 a=(  1.197, -1.082,  9.697) m/s2 |a|= 9.830 w=(   0.549,  -0.427,  -1.037) dps T= 34.22 C
t= 4704.126368 a=(  1.178, -1.073,  9.682) m/s2 |a|= 9.812 w=(   0.549,  -0.427,  -1.037) dps T= 34.22 C
t= 4704.227204 a=(  1.188, -1.082,  9.687) m/s2 |a|= 9.819 w=(   0.549,  -0.427,  -1.037) dps T= 34.21 C
t= 4704.328092 a=(  1.202, -1.077,  9.692) m/s2 |a|= 9.825 w=(   0.549,  -0.427,  -1.098) dps T= 34.23 C
t= 4704.428938 a=(  1.197, -1.063,  9.701) m/s2 |a|= 9.833 w=(   0.549,  -0.488,  -0.976) dps T= 34.21 C
t= 4704.529765 a=(  1.197, -1.073,  9.692) m/s2 |a|= 9.824 w=(   0.610,  -0.488,  -1.037) dps T= 34.23 C
t= 4704.630722 a=(  1.178, -1.077,  9.663) m/s2 |a|= 9.794 w=(   0.549,  -0.427,  -1.037) dps T= 34.23 C
t= 4704.731562 a=(  1.197, -1.082,  9.658) m/s2 |a|= 9.792 w=(   0.549,  -0.427,  -1.037) dps T= 34.19 C
t= 4704.832426 a=(  1.173, -1.082,  9.673) m/s2 |a|= 9.803 w=(   0.549,  -0.488,  -0.976) dps T= 34.22 C
t= 4704.933324 a=(  1.188, -1.077,  9.668) m/s2 |a|= 9.800 w=(   0.549,  -0.427,  -1.037) dps T= 34.22 C
t= 4705.034220 a=(  1.183, -1.068,  9.687) m/s2 |a|= 9.817 w=(   0.549,  -0.427,  -1.037) dps T= 34.21 C
t= 4705.135072 a=(  1.173, -1.063,  9.677) m/s2 |a|= 9.806 w=(   0.549,  -0.488,  -1.098) dps T= 34.21 C
t= 4705.235929 a=(  1.188, -1.068,  9.701) m/s2 |a|= 9.832 w=(   0.610,  -0.427,  -1.037) dps T= 34.22 C
t= 4705.336766 a=(  1.183, -1.063,  9.692) m/s2 |a|= 9.821 w=(   0.549,  -0.488,  -1.098) dps T= 34.23 C
t= 4705.437583 a=(  1.192, -1.082,  9.701) m/s2 |a|= 9.834 w=(   0.549,  -0.488,  -1.037) dps T= 34.22 C
t= 4705.538411 a=(  1.178, -1.073,  9.697) m/s2 |a|= 9.827 w=(   0.549,  -0.427,  -1.098) dps T= 34.21 C
t= 4705.639242 a=(  1.183, -1.063,  9.687) m/s2 |a|= 9.817 w=(   0.549,  -0.488,  -1.037) dps T= 34.22 C
t= 4705.740064 a=(  1.178, -1.073,  9.682) m/s2 |a|= 9.812 w=(   0.549,  -0.488,  -1.037) dps T= 34.22 C
t= 4705.840886 a=(  1.183, -1.068,  9.687) m/s2 |a|= 9.817 w=(   0.549,  -0.427,  -1.098) dps T= 34.22 C
t= 4705.941723 a=(  1.188, -1.063,  9.687) m/s2 |a|= 9.817 w=(   0.549,  -0.488,  -1.098) dps T= 34.22 C
t= 4706.042601 a=(  1.173, -1.063,  9.692) m/s2 |a|= 9.820 w=(   0.549,  -0.488,  -1.037) dps T= 34.20 C
t= 4706.143485 a=(  1.192, -1.063,  9.701) m/s2 |a|= 9.832 w=(   0.549,  -0.427,  -1.037) dps T= 34.22 C
t= 4706.244439 a=(  1.183, -1.058,  9.682) m/s2 |a|= 9.811 w=(   0.549,  -0.488,  -1.037) dps T= 34.20 C
t= 4706.345360 a=(  1.197, -1.082,  9.687) m/s2 |a|= 9.820 w=(   0.610,  -0.488,  -1.037) dps T= 34.23 C
t= 4706.446222 a=(  1.183, -1.068,  9.682) m/s2 |a|= 9.812 w=(   0.549,  -0.549,  -1.037) dps T= 34.23 C
t= 4706.547066 a=(  1.178, -1.082,  9.701) m/s2 |a|= 9.832 w=(   0.549,  -0.488,  -1.037) dps T= 34.22 C
t= 4706.647904 a=(  1.192, -1.063,  9.677) m/s2 |a|= 9.808 w=(   0.610,  -0.427,  -1.098) dps T= 34.22 C
t= 4706.748737 a=(  1.188, -1.073,  9.692) m/s2 |a|= 9.823 w=(   0.549,  -0.427,  -1.098) dps T= 34.22 C
t= 4706.849562 a=(  1.183, -1.068,  9.692) m/s2 |a|= 9.822 w=(   0.549,  -0.427,  -1.037) dps T= 34.21 C
t= 4706.950478 a=(  1.188, -1.068,  9.687) m/s2 |a|= 9.818 w=(   0.610,  -0.427,  -1.037) dps T= 34.19 C
t= 4707.051302 a=(  1.192, -1.068,  9.692) m/s2 |a|= 9.823 w=(   0.671,  -0.488,  -1.037) dps T= 34.21 C
t= 4707.152134 a=(  1.178, -1.073,  9.677) m/s2 |a|= 9.808 w=(   0.549,  -0.488,  -1.037) dps T= 34.20 C
t= 4707.253026 a=(  1.207, -1.063,  9.682) m/s2 |a|= 9.815 w=(   0.549,  -0.488,  -1.037) dps T= 34.21 C
t= 4707.353904 a=(  1.192, -1.068,  9.692) m/s2 |a|= 9.823 w=(   0.549,  -0.488,  -1.037) dps T= 34.23 C
t= 4707.454760 a=(  1.178, -1.068,  9.677) m/s2 |a|= 9.807 w=(   0.549,  -0.427,  -1.037) dps T= 34.20 C
t= 4707.555595 a=(  1.188, -1.068,  9.673) m/s2 |a|= 9.804 w=(   0.488,  -0.488,  -1.037) dps T= 34.22 C
t= 4707.656437 a=(  1.188, -1.063,  9.692) m/s2 |a|= 9.822 w=(   0.488,  -0.427,  -1.037) dps T= 34.20 C
t= 4707.757284 a=(  1.188, -1.053,  9.697) m/s2 |a|= 9.826 w=(   0.549,  -0.488,  -1.037) dps T= 34.22 C
t= 4707.858110 a=(  1.192, -1.063,  9.687) m/s2 |a|= 9.818 w=(   0.610,  -0.488,  -1.037) dps T= 34.18 C
t= 4707.958967 a=(  1.178, -1.077,  9.687) m/s2 |a|= 9.818 w=(   0.549,  -0.488,  -1.098) dps T= 34.21 C
t= 4708.059795 a=(  1.188, -1.068,  9.687) m/s2 |a|= 9.818 w=(   0.610,  -0.488,  -1.098) dps T= 34.21 C
t= 4708.160739 a=(  1.173, -1.058,  9.701) m/s2 |a|= 9.829 w=(   0.549,  -0.488,  -1.098) dps T= 34.22 C
t= 4708.261692 a=(  1.188, -1.073,  9.687) m/s2 |a|= 9.818 w=(   0.549,  -0.488,  -1.037) dps T= 34.20 C
t= 4708.362561 a=(  1.188, -1.068,  9.687) m/s2 |a|= 9.818 w=(   0.549,  -0.427,  -1.037) dps T= 34.20 C
t= 4708.463478 a=(  1.178, -1.082,  9.692) m/s2 |a|= 9.823 w=(   0.549,  -0.488,  -1.037) dps T= 34.22 C
t= 4708.564347 a=(  1.178, -1.073,  9.692) m/s2 |a|= 9.822 w=(   0.549,  -0.488,  -1.037) dps T= 34.20 C
t= 4708.665242 a=(  1.188, -1.058,  9.687) m/s2 |a|= 9.817 w=(   0.549,  -0.427,  -1.037) dps T= 34.21 C
t= 4708.766120 a=(  1.188, -1.077,  9.682) m/s2 |a|= 9.814 w=(   0.549,  -0.488,  -1.098) dps T= 34.21 C
t= 4708.866998 a=(  1.173, -1.077,  9.687) m/s2 |a|= 9.817 w=(   0.549,  -0.488,  -1.037) dps T= 34.23 C
t= 4708.967837 a=(  1.183, -1.073,  9.706) m/s2 |a|= 9.837 w=(   0.549,  -0.427,  -1.098) dps T= 34.20 C
t= 4709.068681 a=(  1.183, -1.073,  9.682) m/s2 |a|= 9.813 w=(   0.610,  -0.488,  -1.037) dps T= 34.21 C
t= 4709.169537 a=(  1.183, -1.073,  9.692) m/s2 |a|= 9.822 w=(   0.610,  -0.427,  -0.976) dps T= 34.20 C
t= 4709.270549 a=(  1.188, -1.077,  9.682) m/s2 |a|= 9.814 w=(   0.671,  -0.488,  -1.037) dps T= 34.21 C
t= 4709.371410 a=(  1.197, -1.063,  9.673) m/s2 |a|= 9.804 w=(   0.610,  -0.427,  -1.037) dps T= 34.22 C
t= 4709.472243 a=(  1.188, -1.077,  9.697) m/s2 |a|= 9.828 w=(   0.610,  -0.549,  -1.098) dps T= 34.22 C
t= 4709.573067 a=(  1.188, -1.073,  9.692) m/s2 |a|= 9.823 w=(   0.549,  -0.366,  -1.037) dps T= 34.20 C
t= 4709.673950 a=(  1.188, -1.073,  9.697) m/s2 |a|= 9.828 w=(   0.549,  -0.427,  -1.037) dps T= 34.23 C
t= 4709.774813 a=(  1.178, -1.073,  9.692) m/s2 |a|= 9.822 w=(   0.549,  -0.488,  -1.098) dps T= 34.21 C
t= 4709.875680 a=(  1.188, -1.073,  9.677) m/s2 |a|= 9.809 w=(   0.488,  -0.488,  -1.037) dps T= 34.22 C
t= 4709.976610 a=(  1.183, -1.077,  9.687) m/s2 |a|= 9.818 w=(   0.549,  -0.488,  -1.098) dps T= 34.22 C
t= 4710.077479 a=(  1.178, -1.063,  9.687) m/s2 |a|= 9.816 w=(   0.549,  -0.488,  -1.037) dps T= 34.20 C
t= 4710.178346 a=(  1.192, -1.053,  9.701) m/s2 |a|= 9.831 w=(   0.549,  -0.488,  -1.037) dps T= 34.21 C
t= 4710.279384 a=(  1.188, -1.077,  9.697) m/s2 |a|= 9.828 w=(   0.549,  -0.488,  -1.037) dps T= 34.21 C
t= 4710.380359 a=(  1.183, -1.058,  9.697) m/s2 |a|= 9.826 w=(   0.549,  -0.427,  -1.037) dps T= 34.22 C
t= 4710.481215 a=(  1.188, -1.068,  9.687) m/s2 |a|= 9.818 w=(   0.610,  -0.427,  -1.098) dps T= 34.20 C
t= 4710.582087 a=(  1.183, -1.077,  9.687) m/s2 |a|= 9.818 w=(   0.549,  -0.488,  -1.098) dps T= 34.21 C
t= 4710.682913 a=(  1.192, -1.087,  9.692) m/s2 |a|= 9.825 w=(   0.549,  -0.427,  -1.037) dps T= 34.23 C
t= 4710.783742 a=(  1.188, -1.073,  9.673) m/s2 |a|= 9.804 w=(   0.549,  -0.427,  -1.037) dps T= 34.20 C
t= 4710.884634 a=(  1.178, -1.073,  9.692) m/s2 |a|= 9.822 w=(   0.610,  -0.488,  -1.098) dps T= 34.22 C
t= 4710.985545 a=(  1.188, -1.077,  9.687) m/s2 |a|= 9.819 w=(   0.549,  -0.488,  -1.037) dps T= 34.20 C
t= 4711.086411 a=(  1.183, -1.068,  9.706) m/s2 |a|= 9.836 w=(   0.549,  -0.488,  -1.037) dps T= 34.21 C
t= 4711.187247 a=(  1.192, -1.058,  9.682) m/s2 |a|= 9.813 w=(   0.549,  -0.488,  -1.037) dps T= 34.22 C
t= 4711.288122 a=(  1.178, -1.073,  9.673) m/s2 |a|= 9.803 w=(   0.610,  -0.366,  -1.098) dps T= 34.20 C
t= 4711.388970 a=(  1.202, -1.077,  9.697) m/s2 |a|= 9.830 w=(   0.549,  -0.488,  -1.098) dps T= 34.21 C
t= 4711.489799 a=(  1.183, -1.082,  9.682) m/s2 |a|= 9.814 w=(   0.549,  -0.488,  -1.037) dps T= 34.20 C
t= 4711.590764 a=(  1.183, -1.058,  9.701) m/s2 |a|= 9.830 w=(   0.610,  -0.427,  -1.037) dps T= 34.23 C
t= 4711.691602 a=(  1.183, -1.058,  9.682) m/s2 |a|= 9.811 w=(   0.610,  -0.427,  -1.037) dps T= 34.21 C
t= 4711.792460 a=(  1.183, -1.087,  9.687) m/s2 |a|= 9.819 w=(   0.610,  -0.549,  -1.098) dps T= 34.20 C
t= 4711.893292 a=(  1.173, -1.063,  9.682) m/s2 |a|= 9.811 w=(   0.610,  -0.427,  -1.098) dps T= 34.19 C
t= 4711.994126 a=(  1.188, -1.077,  9.692) m/s2 |a|= 9.823 w=(   0.488,  -0.488,  -1.098) dps T= 34.22 C
t= 4712.095042 a=(  1.168, -1.073,  9.687) m/s2 |a|= 9.816 w=(   0.549,  -0.488,  -1.037) dps T= 34.22 C
t= 4712.196001 a=(  1.192, -1.068,  9.692) m/s2 |a|= 9.823 w=(   0.610,  -0.488,  -1.098) dps T= 34.22 C
t= 4712.296895 a=(  1.192, -1.068,  9.677) m/s2 |a|= 9.809 w=(   0.549,  -0.488,  -1.098) dps T= 34.22 C
t= 4712.397749 a=(  1.183, -1.068,  9.677) m/s2 |a|= 9.808 w=(   0.610,  -0.427,  -1.098) dps T= 34.22 C
t= 4712.498605 a=(  1.197, -1.073,  9.697) m/s2 |a|= 9.829 w=(   0.610,  -0.488,  -1.098) dps T= 34.24 C
t= 4712.599459 a=(  1.178, -1.073,  9.687) m/s2 |a|= 9.817 w=(   0.549,  -0.427,  -1.098) dps T= 34.20 C
t= 4712.700371 a=(  1.188, -1.073,  9.687) m/s2 |a|= 9.818 w=(   0.549,  -0.427,  -1.037) dps T= 34.22 C
t= 4712.801214 a=(  1.178, -1.073,  9.682) m/s2 |a|= 9.812 w=(   0.610,  -0.427,  -1.037) dps T= 34.21 C
t= 4712.902037 a=(  1.202, -1.073,  9.682) m/s2 |a|= 9.815 w=(   0.549,  -0.488,  -1.037) dps T= 34.20 C
t= 4713.002856 a=(  1.188, -1.068,  9.706) m/s2 |a|= 9.837 w=(   0.549,  -0.427,  -1.037) dps T= 34.21 C
t= 4713.103696 a=(  1.178, -1.077,  9.692) m/s2 |a|= 9.822 w=(   0.549,  -0.488,  -1.037) dps T= 34.23 C
t= 4713.204535 a=(  1.173, -1.068,  9.673) m/s2 |a|= 9.802 w=(   0.549,  -0.488,  -1.098) dps T= 34.22 C
t= 4713.305417 a=(  1.188, -1.068,  9.687) m/s2 |a|= 9.818 w=(   0.488,  -0.427,  -1.037) dps T= 34.22 C
t= 4713.406317 a=(  1.183, -1.063,  9.692) m/s2 |a|= 9.821 w=(   0.549,  -0.427,  -1.037) dps T= 34.24 C
t= 4713.507174 a=(  1.188, -1.073,  9.677) m/s2 |a|= 9.809 w=(   0.549,  -0.488,  -1.037) dps T= 34.21 C
t= 4713.608082 a=(  1.183, -1.077,  9.687) m/s2 |a|= 9.818 w=(   0.488,  -0.488,  -1.037) dps T= 34.24 C
t= 4713.708922 a=(  1.183, -1.073,  9.682) m/s2 |a|= 9.813 w=(   0.610,  -0.427,  -1.037) dps T= 34.22 C
t= 4713.809757 a=(  1.183, -1.073,  9.682) m/s2 |a|= 9.813 w=(   0.427,  -0.488,  -1.037) dps T= 34.21 C
t= 4713.910688 a=(  1.168, -1.058,  9.697) m/s2 |a|= 9.824 w=(   0.488,  -0.427,  -1.037) dps T= 34.20 C
t= 4714.011529 a=(  1.183, -1.063,  9.687) m/s2 |a|= 9.817 w=(   0.549,  -0.427,  -1.037) dps T= 34.20 C
t= 4714.112380 a=(  1.188, -1.077,  9.687) m/s2 |a|= 9.819 w=(   0.610,  -0.488,  -1.037) dps T= 34.23 C
t= 4714.213236 a=(  1.183, -1.073,  9.687) m/s2 |a|= 9.818 w=(   0.488,  -0.488,  -1.098) dps T= 34.23 C
t= 4714.314071 a=(  1.178, -1.053,  9.677) m/s2 |a|= 9.806 w=(   0.610,  -0.488,  -1.037) dps T= 34.22 C
t= 4714.414912 a=(  1.188, -1.068,  9.706) m/s2 |a|= 9.837 w=(   0.549,  -0.427,  -1.098) dps T= 34.21 C
t= 4714.515822 a=(  1.183, -1.077,  9.687) m/s2 |a|= 9.818 w=(   0.549,  -0.427,  -1.037) dps T= 34.24 C
t= 4714.616716 a=(  1.192, -1.077,  9.682) m/s2 |a|= 9.815 w=(   0.549,  -0.488,  -1.037) dps T= 34.20 C
t= 4714.717566 a=(  1.183, -1.068,  9.697) m/s2 |a|= 9.827 w=(   0.549,  -0.427,  -0.976) dps T= 34.20 C
t= 4714.818407 a=(  1.188, -1.068,  9.687) m/s2 |a|= 9.818 w=(   0.610,  -0.427,  -1.098) dps T= 34.20 C
t= 4714.919249 a=(  1.178, -1.073,  9.692) m/s2 |a|= 9.822 w=(   0.610,  -0.427,  -1.098) dps T= 34.22 C
t= 4715.020094 a=(  1.188, -1.063,  9.692) m/s2 |a|= 9.822 w=(   0.549,  -0.488,  -1.098) dps T= 34.20 C
t= 4715.120957 a=(  1.178, -1.077,  9.697) m/s2 |a|= 9.827 w=(   0.549,  -0.488,  -1.037) dps T= 34.21 C
t= 4715.221798 a=(  1.183, -1.068,  9.697) m/s2 |a|= 9.827 w=(   0.610,  -0.427,  -1.098) dps T= 34.22 C
t= 4715.322676 a=(  1.192, -1.077,  9.701) m/s2 |a|= 9.833 w=(   0.549,  -0.427,  -1.037) dps T= 34.23 C
t= 4715.423525 a=(  1.192, -1.077,  9.692) m/s2 |a|= 9.824 w=(   0.549,  -0.488,  -1.098) dps T= 34.22 C
t= 4715.524362 a=(  1.173, -1.073,  9.677) m/s2 |a|= 9.807 w=(   0.549,  -0.427,  -1.098) dps T= 34.21 C
t= 4715.625218 a=(  1.192, -1.077,  9.697) m/s2 |a|= 9.829 w=(   0.549,  -0.427,  -1.098) dps T= 34.21 C
t= 4715.726146 a=(  1.197, -1.068,  9.677) m/s2 |a|= 9.809 w=(   0.549,  -0.488,  -1.037) dps T= 34.23 C
t= 4715.827013 a=(  1.178, -1.068,  9.687) m/s2 |a|= 9.817 w=(   0.549,  -0.488,  -0.976) dps T= 34.20 C
t= 4715.927906 a=(  1.202, -1.068,  9.697) m/s2 |a|= 9.829 w=(   0.610,  -0.427,  -1.037) dps T= 34.22 C
t= 4716.028736 a=(  1.178, -1.068,  9.697) m/s2 |a|= 9.826 w=(   0.549,  -0.488,  -1.037) dps T= 34.20 C
t= 4716.129653 a=(  1.192, -1.087,  9.692) m/s2 |a|= 9.825 w=(   0.610,  -0.427,  -1.037) dps T= 34.21 C
t= 4716.230630 a=(  1.188, -1.073,  9.677) m/s2 |a|= 9.809 w=(   0.549,  -0.427,  -1.098) dps T= 34.21 C
t= 4716.331482 a=(  1.183, -1.077,  9.692) m/s2 |a|= 9.823 w=(   0.610,  -0.427,  -1.037) dps T= 34.21 C
t= 4716.432369 a=(  1.188, -1.068,  9.697) m/s2 |a|= 9.827 w=(   0.610,  -0.427,  -1.037) dps T= 34.22 C
t= 4716.533206 a=(  1.202, -1.077,  9.687) m/s2 |a|= 9.820 w=(   0.549,  -0.427,  -1.037) dps T= 34.22 C
t= 4716.634084 a=(  1.178, -1.087,  9.682) m/s2 |a|= 9.814 w=(   0.610,  -0.427,  -1.037) dps T= 34.20 C
t= 4716.734916 a=(  1.183, -1.077,  9.692) m/s2 |a|= 9.823 w=(   0.610,  -0.427,  -1.037) dps T= 34.22 C
t= 4716.835763 a=(  1.202, -1.073,  9.687) m/s2 |a|= 9.820 w=(   0.549,  -0.488,  -1.098) dps T= 34.22 C
t= 4716.936680 a=(  1.188, -1.063,  9.668) m/s2 |a|= 9.798 w=(   0.610,  -0.427,  -1.037) dps T= 34.21 C
t= 4717.037536 a=(  1.188, -1.053,  9.701) m/s2 |a|= 9.830 w=(   0.610,  -0.427,  -1.037) dps T= 34.23 C
t= 4717.138404 a=(  1.192, -1.063,  9.701) m/s2 |a|= 9.832 w=(   0.549,  -0.488,  -1.037) dps T= 34.20 C
t= 4717.239239 a=(  1.197, -1.058,  9.677) m/s2 |a|= 9.808 w=(   0.549,  -0.427,  -1.037) dps T= 34.22 C
t= 4717.340090 a=(  1.202, -1.077,  9.687) m/s2 |a|= 9.820 w=(   0.549,  -0.427,  -1.037) dps T= 34.24 C
t= 4717.440926 a=(  1.192, -1.082,  9.701) m/s2 |a|= 9.834 w=(   0.488,  -0.488,  -1.037) dps T= 34.22 C
t= 4717.541744 a=(  1.183, -1.077,  9.687) m/s2 |a|= 9.818 w=(   0.549,  -0.427,  -1.037) dps T= 34.22 C
t= 4717.642590 a=(  1.188, -1.073,  9.687) m/s2 |a|= 9.818 w=(   0.549,  -0.488,  -1.037) dps T= 34.23 C
t= 4717.743444 a=(  1.188, -1.073,  9.673) m/s2 |a|= 9.804 w=(   0.549,  -0.488,  -1.098) dps T= 34.21 C
t= 4717.844266 a=(  1.183, -1.073,  9.692) m/s2 |a|= 9.822 w=(   0.549,  -0.488,  -1.159) dps T= 34.22 C
t= 4717.945106 a=(  1.197, -1.073,  9.687) m/s2 |a|= 9.819 w=(   0.610,  -0.488,  -1.037) dps T= 34.21 C
t= 4718.045979 a=(  1.197, -1.073,  9.682) m/s2 |a|= 9.815 w=(   0.549,  -0.427,  -1.098) dps T= 34.21 C
t= 4718.146889 a=(  1.183, -1.087,  9.682) m/s2 |a|= 9.815 w=(   0.549,  -0.488,  -1.037) dps T= 34.23 C
t= 4718.247807 a=(  1.173, -1.058,  9.697) m/s2 |a|= 9.824 w=(   0.610,  -0.427,  -1.037) dps T= 34.21 C
t= 4718.348675 a=(  1.197, -1.058,  9.697) m/s2 |a|= 9.827 w=(   0.610,  -0.488,  -1.037) dps T= 34.21 C
t= 4718.449517 a=(  1.192, -1.068,  9.706) m/s2 |a|= 9.837 w=(   0.488,  -0.488,  -1.098) dps T= 34.21 C
t= 4718.550499 a=(  1.178, -1.063,  9.692) m/s2 |a|= 9.821 w=(   0.549,  -0.427,  -1.098) dps T= 34.20 C
t= 4718.651379 a=(  1.192, -1.063,  9.692) m/s2 |a|= 9.822 w=(   0.549,  -0.427,  -1.037) dps T= 34.21 C
t= 4718.752222 a=(  1.173, -1.068,  9.687) m/s2 |a|= 9.816 w=(   0.549,  -0.488,  -1.037) dps T= 34.21 C
t= 4718.853062 a=(  1.188, -1.058,  9.697) m/s2 |a|= 9.826 w=(   0.549,  -0.488,  -1.159) dps T= 34.20 C
t= 4718.954015 a=(  1.192, -1.068,  9.682) m/s2 |a|= 9.814 w=(   0.610,  -0.488,  -1.037) dps T= 34.22 C
t= 4719.054882 a=(  1.188, -1.068,  9.697) m/s2 |a|= 9.827 w=(   0.549,  -0.427,  -1.037) dps T= 34.22 C
t= 4719.155732 a=(  1.197, -1.082,  9.677) m/s2 |a|= 9.811 w=(   0.549,  -0.488,  -1.037) dps T= 34.21 C
t= 4719.256822 a=(  1.183, -1.073,  9.701) m/s2 |a|= 9.832 w=(   0.549,  -0.427,  -1.037) dps T= 34.20 C
t= 4719.357714 a=(  1.202, -1.068,  9.682) m/s2 |a|= 9.815 w=(   0.488,  -0.427,  -1.098) dps T= 34.22 C
t= 4719.458604 a=(  1.173, -1.063,  9.668) m/s2 |a|= 9.797 w=(   0.549,  -0.488,  -1.098) dps T= 34.20 C
t= 4719.559456 a=(  1.192, -1.073,  9.692) m/s2 |a|= 9.824 w=(   0.549,  -0.427,  -1.037) dps T= 34.21 C
t= 4719.660428 a=(  1.178, -1.063,  9.687) m/s2 |a|= 9.816 w=(   0.610,  -0.427,  -1.037) dps T= 34.22 C
t= 4719.761304 a=(  1.183, -1.077,  9.697) m/s2 |a|= 9.828 w=(   0.549,  -0.488,  -1.037) dps T= 34.20 C
t= 4719.862146 a=(  1.183, -1.068,  9.692) m/s2 |a|= 9.822 w=(   0.549,  -0.427,  -1.037) dps T= 34.19 C
t= 4719.962960 a=(  1.202, -1.082,  9.682) m/s2 |a|= 9.816 w=(   0.549,  -0.488,  -1.037) dps T= 34.22 C
t= 4720.063871 a=(  1.173, -1.082,  9.697) m/s2 |a|= 9.827 w=(   0.549,  -0.488,  -1.037) dps T= 34.21 C
t= 4720.164720 a=(  1.207, -1.087,  9.682) m/s2 |a|= 9.817 w=(   0.488,  -0.427,  -1.037) dps T= 34.23 C
t= 4720.265557 a=(  1.192, -1.073,  9.687) m/s2 |a|= 9.819 w=(   0.549,  -0.488,  -0.976) dps T= 34.20 C
t= 4720.366409 a=(  1.192, -1.077,  9.687) m/s2 |a|= 9.819 w=(   0.549,  -0.427,  -1.098) dps T= 34.21 C
t= 4720.467307 a=(  1.197, -1.077,  9.697) m/s2 |a|= 9.829 w=(   0.549,  -0.427,  -1.037) dps T= 34.22 C
t= 4720.568230 a=(  1.188, -1.077,  9.682) m/s2 |a|= 9.814 w=(   0.549,  -0.488,  -1.037) dps T= 34.21 C
t= 4720.669085 a=(  1.188, -1.073,  9.682) m/s2 |a|= 9.813 w=(   0.549,  -0.488,  -1.037) dps T= 34.22 C
t= 4720.769940 a=(  1.188, -1.068,  9.692) m/s2 |a|= 9.822 w=(   0.549,  -0.427,  -1.037) dps T= 34.20 C
t= 4720.870837 a=(  1.183, -1.063,  9.701) m/s2 |a|= 9.831 w=(   0.549,  -0.488,  -0.976) dps T= 34.21 C
t= 4720.971700 a=(  1.188, -1.082,  9.697) m/s2 |a|= 9.829 w=(   0.549,  -0.427,  -1.037) dps T= 34.21 C
t= 4721.072545 a=(  1.178, -1.087,  9.687) m/s2 |a|= 9.819 w=(   0.610,  -0.427,  -1.037) dps T= 34.23 C
t= 4721.173379 a=(  1.178, -1.087,  9.692) m/s2 |a|= 9.823 w=(   0.549,  -0.427,  -1.037) dps T= 34.20 C
t= 4721.274231 a=(  1.183, -1.063,  9.687) m/s2 |a|= 9.817 w=(   0.488,  -0.488,  -1.037) dps T= 34.20 C
t= 4721.375109 a=(  1.202, -1.073,  9.687) m/s2 |a|= 9.820 w=(   0.610,  -0.427,  -1.037) dps T= 34.21 C
t= 4721.475956 a=(  1.192, -1.063,  9.687) m/s2 |a|= 9.818 w=(   0.488,  -0.427,  -1.098) dps T= 34.20 C
t= 4721.576795 a=(  1.178, -1.077,  9.692) m/s2 |a|= 9.822 w=(   0.549,  -0.488,  -1.037) dps T= 34.22 C
t= 4721.677661 a=(  1.192, -1.068,  9.692) m/s2 |a|= 9.823 w=(   0.610,  -0.427,  -1.037) dps T= 34.22 C
t= 4721.778571 a=(  1.178, -1.073,  9.658) m/s2 |a|= 9.789 w=(   0.549,  -0.488,  -1.098) dps T= 34.23 C
t= 4721.879453 a=(  1.168, -1.077,  9.682) m/s2 |a|= 9.812 w=(   0.549,  -0.488,  -1.037) dps T= 34.23 C
t= 4721.980380 a=(  1.197, -1.058,  9.682) m/s2 |a|= 9.813 w=(   0.549,  -0.427,  -1.037) dps T= 34.20 C
t= 4722.081225 a=(  1.192, -1.082,  9.677) m/s2 |a|= 9.810 w=(   0.610,  -0.427,  -1.037) dps T= 34.21 C
t= 4722.182051 a=(  1.183, -1.077,  9.687) m/s2 |a|= 9.818 w=(   0.549,  -0.488,  -1.098) dps T= 34.22 C
t= 4722.282882 a=(  1.178, -1.058,  9.677) m/s2 |a|= 9.806 w=(   0.549,  -0.427,  -1.037) dps T= 34.21 C
t= 4722.383712 a=(  1.178, -1.063,  9.677) m/s2 |a|= 9.807 w=(   0.610,  -0.427,  -1.037) dps T= 34.21 C
t= 4722.484527 a=(  1.197, -1.063,  9.807) m/s2 |a|= 9.936 w=(   0.671,  -0.488,  -1.098) dps T= 34.21 C
t= 4722.585390 a=(  1.192, -1.049,  9.629) m/s2 |a|= 9.760 w=(   0.610,  -0.488,  -1.037) dps T= 34.22 C
t= 4722.686248 a=(  1.192, -1.063,  9.711) m/s2 |a|= 9.841 w=(   0.488,  -0.488,  -0.976) dps T= 34.22 C
t= 4722.787084 a=(  1.188, -1.063,  9.706) m/s2 |a|= 9.836 w=(   0.488,  -0.488,  -1.037) dps T= 34.19 C
t= 4722.887973 a=(  1.192, -1.063,  9.701) m/s2 |a|= 9.832 w=(   0.549,  -0.488,  -1.037) dps T= 34.20 C
t= 4722.988981 a=(  1.188, -1.073,  9.677) m/s2 |a|= 9.809 w=(   0.549,  -0.427,  -1.098) dps T= 34.24 C
t= 4723.089865 a=(  1.197, -1.068,  9.677) m/s2 |a|= 9.809 w=(   0.549,  -0.488,  -1.098) dps T= 34.20 C
t= 4723.190786 a=(  1.192, -1.073,  9.682) m/s2 |a|= 9.814 w=(   0.549,  -0.427,  -1.037) dps T= 34.23 C
t= 4723.291643 a=(  1.192, -1.082,  9.692) m/s2 |a|= 9.825 w=(   0.549,  -0.488,  -1.037) dps T= 34.23 C
t= 4723.392489 a=(  1.188, -1.077,  9.677) m/s2 |a|= 9.809 w=(   0.549,  -0.488,  -1.037) dps T= 34.23 C
t= 4723.493308 a=(  1.183, -1.058,  9.687) m/s2 |a|= 9.816 w=(   0.549,  -0.488,  -1.037) dps T= 34.19 C
t= 4723.594148 a=(  1.192, -1.063,  9.687) m/s2 |a|= 9.818 w=(   0.549,  -0.427,  -1.098) dps T= 34.21 C
t= 4723.694978 a=(  1.183, -1.063,  9.677) m/s2 |a|= 9.807 w=(   0.610,  -0.427,  -1.098) dps T= 34.22 C
t= 4723.795816 a=(  1.192, -1.063,  9.673) m/s2 |a|= 9.804 w=(   0.549,  -0.488,  -1.037) dps T= 34.22 C
t= 4723.896668 a=(  1.197, -1.082,  9.687) m/s2 |a|= 9.820 w=(   0.549,  -0.427,  -1.098) dps T= 34.21 C
t= 4723.997560 a=(  1.183, -1.063,  9.692) m/s2 |a|= 9.821 w=(   0.549,  -0.427,  -1.037) dps T= 34.21 C
t= 4724.098470 a=(  1.192, -1.063,  9.692) m/s2 |a|= 9.822 w=(   0.549,  -0.427,  -0.915) dps T= 34.20 C
t= 4724.199354 a=(  1.183, -1.073,  9.692) m/s2 |a|= 9.822 w=(   0.549,  -0.427,  -1.037) dps T= 34.21 C
t= 4724.300374 a=(  1.202, -1.073,  9.697) m/s2 |a|= 9.829 w=(   0.549,  -0.427,  -1.098) dps T= 34.20 C
t= 4724.401231 a=(  1.183, -1.077,  9.692) m/s2 |a|= 9.823 w=(   0.549,  -0.427,  -1.098) dps T= 34.21 C
t= 4724.502065 a=(  1.183, -1.073,  9.687) m/s2 |a|= 9.818 w=(   0.549,  -0.488,  -1.037) dps T= 34.21 C
t= 4724.602908 a=(  1.183, -1.077,  9.682) m/s2 |a|= 9.813 w=(   0.549,  -0.427,  -1.037) dps T= 34.20 C
t= 4724.703723 a=(  1.183, -1.087,  9.682) m/s2 |a|= 9.815 w=(   0.549,  -0.427,  -1.037) dps T= 34.21 C
t= 4724.804580 a=(  1.188, -1.073,  9.682) m/s2 |a|= 9.813 w=(   0.549,  -0.427,  -1.037) dps T= 34.20 C
t= 4724.905422 a=(  1.192, -1.073,  9.692) m/s2 |a|= 9.824 w=(   0.549,  -0.488,  -1.037) dps T= 34.20 C
t= 4725.006250 a=(  1.183, -1.068,  9.687) m/s2 |a|= 9.817 w=(   0.549,  -0.488,  -1.037) dps T= 34.20 C
t= 4725.107077 a=(  1.192, -1.068,  9.697) m/s2 |a|= 9.828 w=(   0.549,  -0.488,  -1.037) dps T= 34.21 C
t= 4725.207923 a=(  1.188, -1.087,  9.697) m/s2 |a|= 9.829 w=(   0.610,  -0.427,  -1.098) dps T= 34.20 C
t= 4725.308789 a=(  1.192, -1.082,  9.692) m/s2 |a|= 9.825 w=(   0.549,  -0.549,  -1.098) dps T= 34.21 C
t= 4725.409668 a=(  1.197, -1.068,  9.687) m/s2 |a|= 9.819 w=(   0.549,  -0.427,  -1.098) dps T= 34.21 C
t= 4725.510633 a=(  1.192, -1.077,  9.687) m/s2 |a|= 9.819 w=(   0.549,  -0.488,  -1.098) dps T= 34.23 C
t= 4725.611517 a=(  1.188, -1.082,  9.687) m/s2 |a|= 9.819 w=(   0.549,  -0.488,  -1.037) dps T= 34.22 C
t= 4725.712355 a=(  1.178, -1.068,  9.687) m/s2 |a|= 9.817 w=(   0.549,  -0.427,  -1.037) dps T= 34.20 C
t= 4725.813203 a=(  1.168, -1.087,  9.692) m/s2 |a|= 9.822 w=(   0.549,  -0.427,  -1.098) dps T= 34.21 C
t= 4725.914055 a=(  1.192, -1.077,  9.682) m/s2 |a|= 9.815 w=(   0.549,  -0.488,  -0.976) dps T= 34.21 C
t= 4726.014895 a=(  1.197, -1.077,  9.663) m/s2 |a|= 9.796 w=(   0.549,  -0.488,  -1.037) dps T= 34.22 C
t= 4726.115734 a=(  1.197, -1.073,  9.697) m/s2 |a|= 9.829 w=(   0.610,  -0.427,  -1.037) dps T= 34.18 C
t= 4726.216636 a=(  1.168, -1.077,  9.677) m/s2 |a|= 9.807 w=(   0.610,  -0.488,  -1.037) dps T= 34.21 C
t= 4726.317475 a=(  1.168, -1.068,  9.706) m/s2 |a|= 9.834 w=(   0.610,  -0.427,  -1.037) dps T= 34.21 C
t= 4726.418357 a=(  1.197, -1.082,  9.687) m/s2 |a|= 9.820 w=(   0.549,  -0.427,  -1.037) dps T= 34.19 C
t= 4726.519224 a=(  1.183, -1.073,  9.687) m/s2 |a|= 9.818 w=(   0.549,  -0.488,  -1.098) dps T= 34.21 C
t= 4726.620139 a=(  1.178, -1.073,  9.687) m/s2 |a|= 9.817 w=(   0.549,  -0.427,  -1.098) dps T= 34.20 C
t= 4726.721000 a=(  1.188, -1.063,  9.697) m/s2 |a|= 9.827 w=(   0.549,  -0.488,  -1.037) dps T= 34.19 C
t= 4726.821836 a=(  1.173, -1.087,  9.682) m/s2 |a|= 9.813 w=(   0.610,  -0.427,  -1.037) dps T= 34.19 C
t= 4726.922681 a=(  1.188, -1.073,  9.687) m/s2 |a|= 9.818 w=(   0.549,  -0.427,  -1.098) dps T= 34.20 C
t= 4727.023512 a=(  1.178, -1.073,  9.697) m/s2 |a|= 9.827 w=(   0.549,  -0.427,  -1.037) dps T= 34.22 C
t= 4727.124346 a=(  1.183, -1.068,  9.682) m/s2 |a|= 9.812 w=(   0.549,  -0.427,  -1.037) dps T= 34.21 C
t= 4727.225212 a=(  1.192, -1.077,  9.687) m/s2 |a|= 9.819 w=(   0.549,  -0.488,  -1.098) dps T= 34.22 C
t= 4727.326063 a=(  1.183, -1.082,  9.687) m/s2 |a|= 9.819 w=(   0.549,  -0.427,  -1.037) dps T= 34.22 C
t= 4727.426935 a=(  1.178, -1.068,  9.682) m/s2 |a|= 9.812 w=(   0.610,  -0.488,  -1.098) dps T= 34.23 C
t= 4727.527765 a=(  1.188, -1.087,  9.687) m/s2 |a|= 9.820 w=(   0.549,  -0.427,  -1.098) dps T= 34.22 C
t= 4727.628628 a=(  1.173, -1.077,  9.682) m/s2 |a|= 9.812 w=(   0.549,  -0.488,  -1.037) dps T= 34.20 C
t= 4727.729584 a=(  1.192, -1.063,  9.682) m/s2 |a|= 9.813 w=(   0.610,  -0.488,  -1.037) dps T= 34.21 C
t= 4727.830557 a=(  1.188, -1.068,  9.682) m/s2 |a|= 9.813 w=(   0.549,  -0.427,  -1.098) dps T= 34.19 C
t= 4727.931486 a=(  1.178, -1.092,  9.687) m/s2 |a|= 9.819 w=(   0.549,  -0.427,  -1.037) dps T= 34.23 C
t= 4728.032381 a=(  1.192, -1.068,  9.677) m/s2 |a|= 9.809 w=(   0.549,  -0.427,  -1.098) dps T= 34.21 C
t= 4728.133262 a=(  1.188, -1.068,  9.687) m/s2 |a|= 9.818 w=(   0.549,  -0.427,  -1.098) dps T= 34.21 C
t= 4728.234104 a=(  1.192, -1.073,  9.697) m/s2 |a|= 9.828 w=(   0.549,  -0.427,  -1.098) dps T= 34.20 C
t= 4728.334969 a=(  1.188, -1.073,  9.692) m/s2 |a|= 9.823 w=(   0.549,  -0.427,  -1.037) dps T= 34.20 C
t= 4728.435809 a=(  1.178, -1.077,  9.692) m/s2 |a|= 9.822 w=(   0.610,  -0.488,  -1.037) dps T= 34.21 C
t= 4728.536658 a=(  1.192, -1.077,  9.687) m/s2 |a|= 9.819 w=(   0.488,  -0.488,  -1.037) dps T= 34.20 C
t= 4728.637500 a=(  1.178, -1.082,  9.682) m/s2 |a|= 9.813 w=(   0.488,  -0.488,  -1.037) dps T= 34.23 C
t= 4728.738330 a=(  1.178, -1.082,  9.682) m/s2 |a|= 9.813 w=(   0.549,  -0.427,  -1.098) dps T= 34.23 C
t= 4728.839185 a=(  1.183, -1.063,  9.692) m/s2 |a|= 9.821 w=(   0.549,  -0.488,  -1.037) dps T= 34.21 C
t= 4728.940130 a=(  1.188, -1.082,  9.687) m/s2 |a|= 9.819 w=(   0.549,  -0.488,  -1.098) dps T= 34.22 C
t= 4729.041000 a=(  1.183, -1.082,  9.692) m/s2 |a|= 9.823 w=(   0.549,  -0.427,  -1.098) dps T= 34.21 C
t= 4729.141873 a=(  1.178, -1.092,  9.682) m/s2 |a|= 9.814 w=(   0.549,  -0.427,  -1.037) dps T= 34.20 C
t= 4729.242739 a=(  1.188, -1.073,  9.682) m/s2 |a|= 9.813 w=(   0.549,  -0.488,  -1.037) dps T= 34.20 C
t= 4729.343563 a=(  1.192, -1.063,  9.701) m/s2 |a|= 9.832 w=(   0.549,  -0.427,  -1.037) dps T= 34.21 C
t= 4729.444426 a=(  1.188, -1.077,  9.687) m/s2 |a|= 9.819 w=(   0.549,  -0.427,  -1.098) dps T= 34.22 C
t= 4729.545245 a=(  1.188, -1.073,  9.692) m/s2 |a|= 9.823 w=(   0.488,  -0.488,  -1.098) dps T= 34.22 C
t= 4729.646067 a=(  1.197, -1.077,  9.692) m/s2 |a|= 9.825 w=(   0.610,  -0.488,  -1.037) dps T= 34.21 C
t= 4729.746887 a=(  1.183, -1.068,  9.682) m/s2 |a|= 9.812 w=(   0.549,  -0.488,  -1.037) dps T= 34.21 C
t= 4729.847702 a=(  1.197, -1.063,  9.687) m/s2 |a|= 9.818 w=(   0.549,  -0.427,  -1.037) dps T= 34.19 C
t= 4729.948537 a=(  1.183, -1.077,  9.687) m/s2 |a|= 9.818 w=(   0.549,  -0.488,  -1.098) dps T= 34.21 C
t= 4730.049437 a=(  1.183, -1.092,  9.692) m/s2 |a|= 9.824 w=(   0.549,  -0.488,  -1.037) dps T= 34.20 C
t= 4730.150451 a=(  1.183, -1.073,  9.697) m/s2 |a|= 9.827 w=(   0.549,  -0.488,  -1.037) dps T= 34.21 C
t= 4730.251379 a=(  1.197, -1.082,  9.687) m/s2 |a|= 9.820 w=(   0.549,  -0.488,  -1.098) dps T= 34.21 C
t= 4730.352243 a=(  1.192, -1.077,  9.682) m/s2 |a|= 9.815 w=(   0.549,  -0.488,  -0.976) dps T= 34.20 C
t= 4730.453121 a=(  1.183, -1.077,  9.697) m/s2 |a|= 9.828 w=(   0.549,  -0.488,  -1.037) dps T= 34.21 C
t= 4730.553945 a=(  1.183, -1.068,  9.692) m/s2 |a|= 9.822 w=(   0.549,  -0.427,  -1.098) dps T= 34.21 C
t= 4730.654806 a=(  1.173, -1.082,  9.677) m/s2 |a|= 9.808 w=(   0.610,  -0.427,  -0.976) dps T= 34.20 C
t= 4730.755635 a=(  1.188, -1.082,  9.692) m/s2 |a|= 9.824 w=(   0.671,  -0.366,  -1.098) dps T= 34.22 C
t= 4730.856491 a=(  1.164, -1.087,  9.663) m/s2 |a|= 9.793 w=(   0.549,  -0.427,  -1.098) dps T= 34.21 C
t= 4730.957328 a=(  1.197, -1.082,  9.677) m/s2 |a|= 9.811 w=(   0.671,  -0.366,  -1.098) dps T= 34.21 C
t= 4731.058154 a=(  1.173, -1.077,  9.687) m/s2 |a|= 9.817 w=(   0.549,  -0.427,  -1.037) dps T= 34.20 C
t= 4731.158998 a=(  1.173, -1.063,  9.687) m/s2 |a|= 9.815 w=(   0.610,  -0.427,  -1.098) dps T= 34.21 C
t= 4731.259878 a=(  1.197, -1.073,  9.677) m/s2 |a|= 9.810 w=(   0.549,  -0.488,  -1.037) dps T= 34.20 C
t= 4731.360805 a=(  1.183, -1.073,  9.701) m/s2 |a|= 9.832 w=(   0.610,  -0.488,  -1.037) dps T= 34.23 C
t= 4731.461673 a=(  1.188, -1.082,  9.682) m/s2 |a|= 9.815 w=(   0.549,  -0.427,  -1.098) dps T= 34.20 C
t= 4731.562521 a=(  1.183, -1.068,  9.692) m/s2 |a|= 9.822 w=(   0.549,  -0.427,  -1.037) dps T= 34.21 C
t= 4731.663357 a=(  1.183, -1.077,  9.687) m/s2 |a|= 9.818 w=(   0.671,  -0.427,  -1.037) dps T= 34.21 C
t= 4731.764215 a=(  1.178, -1.073,  9.687) m/s2 |a|= 9.817 w=(   0.549,  -0.427,  -1.037) dps T= 34.22 C
t= 4731.865090 a=(  1.192, -1.073,  9.697) m/s2 |a|= 9.828 w=(   0.549,  -0.427,  -1.037) dps T= 34.19 C
t= 4731.965938 a=(  1.197, -1.068,  9.687) m/s2 |a|= 9.819 w=(   0.549,  -0.427,  -1.159) dps T= 34.20 C
t= 4732.066798 a=(  1.192, -1.082,  9.687) m/s2 |a|= 9.820 w=(   0.549,  -0.427,  -1.037) dps T= 34.23 C
t= 4732.167626 a=(  1.188, -1.068,  9.692) m/s2 |a|= 9.822 w=(   0.549,  -0.488,  -0.976) dps T= 34.20 C
t= 4732.268469 a=(  1.183, -1.077,  9.682) m/s2 |a|= 9.813 w=(   0.488,  -0.549,  -1.037) dps T= 34.23 C
t= 4732.369290 a=(  1.183, -1.073,  9.687) m/s2 |a|= 9.818 w=(   0.549,  -0.427,  -1.037) dps T= 34.20 C
t= 4732.470162 a=(  1.183, -1.082,  9.687) m/s2 |a|= 9.819 w=(   0.366,  -0.488,  -1.037) dps T= 34.21 C
t= 4732.571156 a=(  1.197, -1.092,  9.730) m/s2 |a|= 9.864 w=(   0.122,  -0.610,  -1.037) dps T= 34.21 C
t= 4732.672033 a=(  1.202, -1.101,  9.682) m/s2 |a|= 9.818 w=(   0.366,  -0.549,  -1.037) dps T= 34.23 C
t= 4732.772937 a=(  1.183, -1.077,  9.711) m/s2 |a|= 9.842 w=(   0.732,  -0.366,  -1.037) dps T= 34.19 C
t= 4732.873773 a=(  1.197, -1.092,  9.682) m/s2 |a|= 9.817 w=(   0.671,  -0.427,  -1.098) dps T= 34.20 C
t= 4732.974627 a=(  1.211, -1.092,  9.697) m/s2 |a|= 9.833 w=(   0.671,  -0.427,  -1.037) dps T= 34.20 C
t= 4733.075466 a=(  1.178, -1.077,  9.692) m/s2 |a|= 9.822 w=(   0.549,  -0.488,  -1.037) dps T= 34.21 C
t= 4733.176316 a=(  1.183, -1.097,  9.706) m/s2 |a|= 9.839 w=(   0.610,  -0.427,  -1.037) dps T= 34.22 C
t= 4733.277202 a=(  1.178, -1.068,  9.711) m/s2 |a|= 9.840 w=(   0.671,  -0.488,  -1.037) dps T= 34.22 C
t= 4733.378040 a=(  1.183, -1.068,  9.701) m/s2 |a|= 9.831 w=(   0.549,  -0.427,  -1.098) dps T= 34.20 C
t= 4733.478906 a=(  1.173, -1.073,  9.682) m/s2 |a|= 9.812 w=(   0.610,  -0.488,  -1.098) dps T= 34.20 C
t= 4733.579743 a=(  1.188, -1.063,  9.711) m/s2 |a|= 9.841 w=(   0.549,  -0.427,  -1.159) dps T= 34.20 C
t= 4733.680706 a=(  1.183, -1.097,  9.716) m/s2 |a|= 9.849 w=(   0.488,  -0.488,  -1.098) dps T= 34.20 C
t= 4733.781618 a=(  1.188, -1.087,  9.697) m/s2 |a|= 9.829 w=(   0.427,  -0.427,  -1.037) dps T= 34.20 C
t= 4733.882513 a=(  1.173, -1.073,  9.697) m/s2 |a|= 9.826 w=(   0.671,  -0.549,  -1.037) dps T= 34.20 C
t= 4733.983367 a=(  1.130, -1.049,  9.673) m/s2 |a|= 9.795 w=(   1.159,  -0.976,  -1.159) dps T= 34.20 C
t= 4734.084211 a=(  1.140, -0.982,  9.625) m/s2 |a|= 9.742 w=(  -2.622,   3.902, -12.073) dps T= 34.19 C
t= 4734.185044 a=(  1.135, -1.240,  9.883) m/s2 |a|=10.025 w=( -18.841,   2.317,  -3.902) dps T= 34.22 C
t= 4734.285890 a=(  1.111, -1.772,  9.395) m/s2 |a|= 9.625 w=( -38.841,   0.305,  -2.500) dps T= 34.20 C
t= 4734.386708 a=(  1.164, -2.179,  9.529) m/s2 |a|= 9.844 w=( -61.524,   2.195,  -7.256) dps T= 34.21 C
t= 4734.487562 a=(  0.986, -3.481,  8.844) m/s2 |a|= 9.556 w=( -62.927,  -1.402,   1.951) dps T= 34.20 C
t= 4734.588384 a=(  1.044, -4.152,  8.638) m/s2 |a|= 9.641 w=( -56.402,   0.793,  -0.366) dps T= 34.20 C
t= 4734.689198 a=(  0.982, -5.306,  8.145) m/s2 |a|= 9.770 w=( -50.793,  -8.293,   3.537) dps T= 34.19 C
t= 4734.790124 a=(  1.384, -6.009,  7.997) m/s2 |a|=10.098 w=( -31.829,  -9.573,   4.939) dps T= 34.19 C
t= 4734.891107 a=(  0.895, -5.775,  7.867) m/s2 |a|= 9.800 w=( -10.366,  -7.012,  17.500) dps T= 34.19 C
t= 4734.992026 a=(  1.101, -6.072,  7.470) m/s2 |a|= 9.689 w=( -11.159,  -2.378,  -0.732) dps T= 34.19 C
t= 4735.092885 a=(  1.120, -6.005,  7.762) m/s2 |a|= 9.877 w=(  11.341,   2.805,  -2.012) dps T= 34.20 C
t= 4735.193732 a=(  1.307, -6.627,  7.800) m/s2 |a|=10.319 w=( -28.720, -12.073,  -0.549) dps T= 34.19 C
t= 4735.294596 a=(  0.814, -7.968,  5.698) m/s2 |a|= 9.830 w=( -65.549,  -9.939,  15.122) dps T= 34.20 C
t= 4735.395454 a=(  2.131, -7.058,  7.029) m/s2 |a|=10.187 w=( -52.805, -18.537, -22.500) dps T= 34.20 C
t= 4735.496327 a=(  1.202, -6.785,  5.516) m/s2 |a|= 8.827 w=( -66.951,   8.293,   5.854) dps T= 34.19 C
t= 4735.597159 a=(  1.240, -8.605,  4.736) m/s2 |a|= 9.900 w=( -37.561,   1.341, -19.329) dps T= 34.18 C
t= 4735.697986 a=(  2.016, -8.590,  4.089) m/s2 |a|= 9.725 w=( -59.634,   9.756, -19.207) dps T= 34.18 C
t= 4735.798882 a=(  2.557, -9.428,  3.979) m/s2 |a|=10.548 w=(  20.671,   6.402, -50.244) dps T= 34.18 C
t= 4735.899727 a=(  3.213, -8.820,  3.668) m/s2 |a|=10.078 w=(  36.037,  -1.585, -37.866) dps T= 34.20 C
t= 4736.000648 a=(  3.203, -7.906,  4.424) m/s2 |a|= 9.609 w=(  14.573,  -4.390, -40.427) dps T= 34.18 C
t= 4736.101531 a=(  3.869, -7.365,  4.391) m/s2 |a|= 9.407 w=(  29.390,  -5.610, -29.695) dps T= 34.21 C
t= 4736.202399 a=(  4.190, -7.111,  4.396) m/s2 |a|= 9.351 w=(  32.134,  28.171,  -3.293) dps T= 34.18 C
t= 4736.303273 a=(  3.974, -6.718,  5.832) m/s2 |a|= 9.744 w=(  25.366,  37.195,  17.500) dps T= 34.20 C
t= 4736.404153 a=(  2.844, -7.015,  6.622) m/s2 |a|=10.058 w=(  -7.500,   8.110,  24.878) dps T= 34.20 C
t= 4736.505006 a=(  2.078, -8.973,  5.990) m/s2 |a|=10.988 w=( -34.512, -26.829,  15.732) dps T= 34.18 C
t= 4736.605845 a=(  2.988, -8.265,  5.023) m/s2 |a|=10.123 w=( -50.976, -23.110, -19.817) dps T= 34.18 C
t= 4736.706751 a=(  3.390, -8.035,  2.873) m/s2 |a|= 9.182 w=( -54.695, -22.134, -24.024) dps T= 34.19 C
t= 4736.807611 a=(  3.840, -8.715,  2.045) m/s2 |a|= 9.741 w=(   8.902, -24.573, -13.293) dps T= 34.17 C
t= 4736.908457 a=(  4.080, -8.059,  3.175) m/s2 |a|= 9.574 w=(  46.280,  23.720,   2.988) dps T= 34.19 C
t= 4737.009297 a=(  3.979, -7.815,  3.826) m/s2 |a|= 9.568 w=(  45.854,  17.012,  10.183) dps T= 34.16 C
t= 4737.110148 a=(  3.462, -7.652,  5.459) m/s2 |a|=10.017 w=(  19.207,   5.732,  14.573) dps T= 34.19 C
t= 4737.210988 a=(  3.108, -8.030,  5.885) m/s2 |a|=10.429 w=( -15.549,  -0.366,   2.256) dps T= 34.19 C
t= 4737.311915 a=(  3.179, -8.016,  4.659) m/s2 |a|= 9.802 w=( -62.317, -25.122, -16.280) dps T= 34.18 C
t= 4737.412802 a=(  3.587, -8.231,  3.275) m/s2 |a|= 9.557 w=( -73.963, -29.207,  -5.976) dps T= 34.19 C
t= 4737.513660 a=(  3.926, -8.504,  1.528) m/s2 |a|= 9.491 w=( -15.488,  -8.841, -11.768) dps T= 34.20 C
t= 4737.614526 a=(  4.070, -8.341,  2.083) m/s2 |a|= 9.512 w=(  57.927,  22.561, -14.878) dps T= 34.18 C
t= 4737.715362 a=(  3.136, -7.403,  3.692) m/s2 |a|= 8.847 w=(  53.049,  34.390,  14.329) dps T= 34.19 C
t= 4737.816228 a=(  3.390, -7.810,  5.727) m/s2 |a|=10.261 w=(  19.939,  27.073,  29.817) dps T= 34.19 C
t= 4737.917068 a=(  2.648, -8.724,  4.922) m/s2 |a|=10.361 w=( -14.451,  22.866,  30.061) dps T= 34.19 C
t= 4738.017911 a=(  2.423, -8.217,  4.932) m/s2 |a|= 9.885 w=( -54.024, -17.256, -20.915) dps T= 34.18 C
t= 4738.118782 a=(  3.376, -8.274,  3.146) m/s2 |a|= 9.474 w=( -83.171, -32.927, -29.268) dps T= 34.19 C
t= 4738.219617 a=(  3.836, -8.107,  1.346) m/s2 |a|= 9.069 w=( -30.976, -16.037, -21.951) dps T= 34.18 C
t= 4738.320611 a=(  3.802, -8.260,  1.671) m/s2 |a|= 9.245 w=(  40.244,  12.378,   3.902) dps T= 34.19 C
t= 4738.421483 a=(  3.548, -8.691,  3.117) m/s2 |a|= 9.891 w=(  75.671,  28.110,  21.829) dps T= 34.20 C
t= 4738.522375 a=(  3.017, -8.672,  4.645) m/s2 |a|=10.290 w=(  72.378,  30.976,  27.866) dps T= 34.20 C
t= 4738.623232 a=(  2.212, -8.547,  5.713) m/s2 |a|=10.516 w=(  40.427,  21.951,  27.561) dps T= 34.17 C
t= 4738.724082 a=(  1.829, -8.270,  5.373) m/s2 |a|=10.030 w=(  27.866,  -0.427,  14.390) dps T= 34.19 C
t= 4738.824923 a=(  1.762, -7.623,  6.148) m/s2 |a|= 9.951 w=(  34.695,  10.183,   3.537) dps T= 34.18 C
t= 4738.925754 a=(  1.556, -7.144,  6.412) m/s2 |a|= 9.725 w=(  33.415,  22.683,  15.244) dps T= 34.18 C
t= 4739.026587 a=(  0.910, -7.547, 10.127) m/s2 |a|=12.663 w=(  11.037, -16.707,   8.659) dps T= 34.19 C
t= 4739.127430 a=(  1.006, -7.053,  8.203) m/s2 |a|=10.865 w=(   4.634,  17.317,  18.171) dps T= 34.17 C
t= 4739.228295 a=(  0.781, -6.800,  7.690) m/s2 |a|=10.295 w=(   2.744,  -1.951,  -0.854) dps T= 34.18 C
t= 4739.329223 a=(  0.905, -6.235,  7.657) m/s2 |a|= 9.915 w=(  25.488,  -6.951,  11.951) dps T= 34.18 C
t= 4739.430102 a=(  0.527, -6.268,  7.460) m/s2 |a|= 9.758 w=(   0.854,   0.061,  -0.427) dps T= 34.18 C
t= 4739.530973 a=(  0.594, -6.239,  7.628) m/s2 |a|= 9.873 w=(   9.146,  -5.915,   4.024) dps T= 34.19 C
t= 4739.631817 a=(  0.570, -6.220,  7.647) m/s2 |a|= 9.874 w=(   0.671,  -0.488,  -1.098) dps T= 34.20 C
t= 4739.732747 a=(  0.565, -6.220,  7.618) m/s2 |a|= 9.851 w=(   0.549,  -0.427,  -1.098) dps T= 34.19 C
t= 4739.833665 a=(  0.565, -6.239,  7.599) m/s2 |a|= 9.849 w=(   0.549,  -0.366,  -1.037) dps T= 34.17 C
t= 4739.934518 a=(  0.579, -6.235,  7.609) m/s2 |a|= 9.854 w=(   0.671,  -0.366,  -0.976) dps T= 34.19 C
t= 4740.035373 a=(  0.555, -6.196,  7.609) m/s2 |a|= 9.828 w=(   0.793,  -0.366,  -0.915) dps T= 34.18 C
t= 4740.136234 a=(  0.560, -6.196,  7.594) m/s2 |a|= 9.817 w=(   0.549,  -0.366,  -1.037) dps T= 34.20 C
t= 4740.237077 a=(  0.646, -6.144,  7.767) m/s2 |a|= 9.924 w=(   1.829,   0.671,  -1.341) dps T= 34.19 C
t= 4740.337922 a=(  0.541, -6.167,  7.642) m/s2 |a|= 9.835 w=(   0.610,  -0.427,  -1.098) dps T= 34.21 C
t= 4740.438786 a=(  0.555, -6.177,  7.638) m/s2 |a|= 9.838 w=(   0.549,  -0.427,  -1.037) dps T= 34.18 C
t= 4740.539657 a=(  0.551, -6.172,  7.628) m/s2 |a|= 9.828 w=(   0.488,  -0.366,  -1.037) dps T= 34.19 C
t= 4740.640761 a=(  0.555, -6.177,  7.642) m/s2 |a|= 9.842 w=(   0.488,  -0.366,  -1.037) dps T= 34.17 C
t= 4740.741694 a=(  0.546, -6.177,  7.633) m/s2 |a|= 9.834 w=(   0.488,  -0.366,  -1.037) dps T= 34.18 C
t= 4740.842561 a=(  0.551, -6.177,  7.647) m/s2 |a|= 9.846 w=(   0.488,  -0.366,  -1.037) dps T= 34.18 C
t= 4740.943446 a=(  0.546, -6.163,  7.642) m/s2 |a|= 9.833 w=(   0.488,  -0.427,  -1.037) dps T= 34.18 C
t= 4741.044308 a=(  0.555, -6.182,  7.638) m/s2 |a|= 9.841 w=(   0.488,  -0.366,  -1.037) dps T= 34.19 C
t= 4741.145151 a=(  0.560, -6.172,  7.633) m/s2 |a|= 9.832 w=(   0.488,  -0.427,  -1.037) dps T= 34.19 C
t= 4741.246021 a=(  0.546, -6.177,  7.633) m/s2 |a|= 9.834 w=(   0.549,  -0.366,  -1.037) dps T= 34.16 C
t= 4741.346840 a=(  0.570, -6.187,  7.647) m/s2 |a|= 9.853 w=(   0.488,  -0.366,  -1.037) dps T= 34.18 C
t= 4741.447664 a=(  0.551, -6.182,  7.633) m/s2 |a|= 9.838 w=(   0.549,  -0.427,  -1.037) dps T= 34.17 C
t= 4741.548506 a=(  0.551, -6.153,  7.633) m/s2 |a|= 9.819 w=(   0.427,  -0.427,  -1.037) dps T= 34.19 C
t= 4741.649342 a=(  0.565, -6.177,  7.638) m/s2 |a|= 9.839 w=(   0.488,  -0.427,  -1.037) dps T= 34.18 C
t= 4741.750250 a=(  0.560, -6.182,  7.638) m/s2 |a|= 9.842 w=(   0.488,  -0.427,  -1.037) dps T= 34.18 C
t= 4741.851088 a=(  0.560, -6.167,  7.628) m/s2 |a|= 9.825 w=(   0.488,  -0.427,  -1.037) dps T= 34.20 C
t= 4741.951921 a=(  0.555, -6.177,  7.628) m/s2 |a|= 9.831 w=(   0.549,  -0.366,  -1.037) dps T= 34.19 C
t= 4742.052818 a=(  0.555, -6.167,  7.638) m/s2 |a|= 9.832 w=(   0.488,  -0.427,  -0.976) dps T= 34.18 C
t= 4742.153697 a=(  0.555, -6.182,  7.642) m/s2 |a|= 9.845 w=(   0.488,  -0.427,  -1.037) dps T= 34.17 C
t= 4742.254587 a=(  0.565, -6.177,  7.623) m/s2 |a|= 9.828 w=(   0.549,  -0.427,  -1.037) dps T= 34.19 C
t= 4742.355441 a=(  0.551, -6.187,  7.638) m/s2 |a|= 9.844 w=(   0.488,  -0.427,  -1.037) dps T= 34.18 C
t= 4742.456284 a=(  0.565, -6.177,  7.628) m/s2 |a|= 9.832 w=(   0.488,  -0.366,  -1.037) dps T= 34.17 C
t= 4742.557153 a=(  0.575, -6.172,  7.623) m/s2 |a|= 9.825 w=(   0.549,  -0.366,  -1.037) dps T= 34.18 C
t= 4742.657985 a=(  0.555, -6.172,  7.642) m/s2 |a|= 9.839 w=(   0.549,  -0.366,  -1.037) dps T= 34.18 C
t= 4742.758824 a=(  0.560, -6.167,  7.638) m/s2 |a|= 9.833 w=(   0.488,  -0.366,  -1.037) dps T= 34.19 C
t= 4742.859653 a=(  0.560, -6.177,  7.623) m/s2 |a|= 9.828 w=(   0.488,  -0.366,  -0.976) dps T= 34.18 C
t= 4742.960652 a=(  0.546, -6.182,  7.623) m/s2 |a|= 9.830 w=(   0.549,  -0.427,  -1.037) dps T= 34.16 C
t= 4743.061503 a=(  0.565, -6.167,  7.628) m/s2 |a|= 9.826 w=(   0.549,  -0.366,  -1.037) dps T= 34.20 C
t= 4743.162351 a=(  0.579, -6.191,  7.638) m/s2 |a|= 9.849 w=(   0.427,  -0.366,  -1.037) dps T= 34.16 C
t= 4743.263228 a=(  0.565, -6.172,  7.642) m/s2 |a|= 9.840 w=(   0.488,  -0.366,  -0.976) dps T= 34.19 C
t= 4743.364117 a=(  0.565, -6.187,  7.638) m/s2 |a|= 9.845 w=(   0.488,  -0.366,  -1.037) dps T= 34.20 C
t= 4743.464976 a=(  0.560, -6.172,  7.638) m/s2 |a|= 9.836 w=(   0.488,  -0.366,  -1.037) dps T= 34.18 C
t= 4743.565829 a=(  0.555, -6.167,  7.618) m/s2 |a|= 9.818 w=(   0.488,  -0.366,  -1.037) dps T= 34.19 C
t= 4743.666738 a=(  0.541, -6.167,  7.647) m/s2 |a|= 9.839 w=(   0.488,  -0.488,  -0.976) dps T= 34.16 C
t= 4743.767593 a=(  0.555, -6.167,  7.642) m/s2 |a|= 9.836 w=(   0.488,  -0.427,  -1.037) dps T= 34.18 C
t= 4743.868419 a=(  0.565, -6.182,  7.638) m/s2 |a|= 9.842 w=(   0.488,  -0.427,  -1.037) dps T= 34.18 C
t= 4743.969248 a=(  0.565, -6.172,  7.642) m/s2 |a|= 9.840 w=(   0.488,  -0.427,  -1.037) dps T= 34.19 C
t= 4744.070083 a=(  0.565, -6.177,  7.642) m/s2 |a|= 9.843 w=(   0.427,  -0.427,  -1.037) dps T= 34.17 C
t= 4744.170938 a=(  0.551, -6.177,  7.638) m/s2 |a|= 9.838 w=(   0.488,  -0.427,  -1.037) dps T= 34.20 C
t= 4744.271791 a=(  0.555, -6.172,  7.642) m/s2 |a|= 9.839 w=(   0.488,  -0.366,  -0.976) dps T= 34.17 C
t= 4744.372633 a=(  0.565, -6.187,  7.638) m/s2 |a|= 9.845 w=(   0.488,  -0.427,  -1.037) dps T= 34.16 C
t= 4744.473481 a=(  0.560, -6.167,  7.628) m/s2 |a|= 9.825 w=(   0.549,  -0.366,  -1.037) dps T= 34.18 C
t= 4744.574404 a=(  0.570, -6.167,  7.628) m/s2 |a|= 9.826 w=(   0.488,  -0.427,  -1.037) dps T= 34.18 C
t= 4744.675262 a=(  0.565, -6.182,  7.652) m/s2 |a|= 9.853 w=(   0.549,  -0.427,  -1.098) dps T= 34.18 C
t= 4744.776114 a=(  0.570, -6.163,  7.642) m/s2 |a|= 9.834 w=(   0.549,  -0.366,  -1.037) dps T= 34.19 C
t= 4744.876988 a=(  0.555, -6.163,  7.638) m/s2 |a|= 9.829 w=(   0.549,  -0.366,  -1.037) dps T= 34.17 C
t= 4744.977817 a=(  0.546, -6.172,  7.642) m/s2 |a|= 9.839 w=(   0.488,  -0.366,  -1.037) dps T= 34.17 C
t= 4745.078662 a=(  0.555, -6.167,  7.618) m/s2 |a|= 9.818 w=(   0.488,  -0.427,  -1.098) dps T= 34.16 C
t= 4745.179490 a=(  0.551, -6.172,  7.642) m/s2 |a|= 9.839 w=(   0.488,  -0.427,  -0.976) dps T= 34.18 C
t= 4745.280497 a=(  0.570, -6.182,  7.642) m/s2 |a|= 9.846 w=(   0.488,  -0.427,  -1.037) dps T= 34.19 C
t= 4745.381343 a=(  0.546, -6.177,  7.642) m/s2 |a|= 9.842 w=(   0.549,  -0.427,  -1.037) dps T= 34.16 C
t= 4745.482183 a=(  0.570, -6.167,  7.628) m/s2 |a|= 9.826 w=(   0.488,  -0.427,  -1.037) dps T= 34.18 C
t= 4745.583028 a=(  0.560, -6.187,  7.633) m/s2 |a|= 9.841 w=(   0.427,  -0.488,  -1.037) dps T= 34.17 C
t= 4745.683891 a=(  0.546, -6.177,  7.633) m/s2 |a|= 9.834 w=(   0.549,  -0.366,  -1.037) dps T= 34.19 C
t= 4745.784800 a=(  0.560, -6.182,  7.638) m/s2 |a|= 9.842 w=(   0.549,  -0.366,  -1.037) dps T= 34.18 C
t= 4745.885670 a=(  0.570, -6.182,  7.638) m/s2 |a|= 9.842 w=(   0.488,  -0.366,  -1.037) dps T= 34.19 C
t= 4745.986503 a=(  0.565, -6.172,  7.661) m/s2 |a|= 9.855 w=(   0.549,  -0.427,  -1.037) dps T= 34.19 C
t= 4746.087346 a=(  0.555, -6.172,  7.638) m/s2 |a|= 9.835 w=(   0.488,  -0.427,  -1.098) dps T= 34.16 C
t= 4746.188163 a=(  0.555, -6.167,  7.638) m/s2 |a|= 9.832 w=(   0.488,  -0.366,  -1.037) dps T= 34.17 C
t= 4746.288984 a=(  0.565, -6.187,  7.647) m/s2 |a|= 9.852 w=(   0.488,  -0.427,  -1.037) dps T= 34.18 C
t= 4746.389817 a=(  0.565, -6.167,  7.633) m/s2 |a|= 9.829 w=(   0.427,  -0.427,  -0.976) dps T= 34.15 C
t= 4746.490742 a=(  0.555, -6.167,  7.633) m/s2 |a|= 9.829 w=(   0.488,  -0.366,  -0.976) dps T= 34.17 C
t= 4746.591605 a=(  0.555, -6.187,  7.638) m/s2 |a|= 9.845 w=(   0.488,  -0.366,  -1.037) dps T= 34.16 C
t= 4746.692478 a=(  0.589, -6.177,  7.642) m/s2 |a|= 9.844 w=(   0.549,  -0.427,  -1.037) dps T= 34.17 C
t= 4746.793324 a=(  0.541, -6.167,  7.638) m/s2 |a|= 9.832 w=(   0.488,  -0.366,  -0.976) dps T= 34.15 C
t= 4746.894257 a=(  0.575, -6.172,  7.633) m/s2 |a|= 9.833 w=(   0.488,  -0.427,  -1.037) dps T= 34.19 C
t= 4746.995133 a=(  0.589, -6.158,  7.628) m/s2 |a|= 9.821 w=(   0.488,  -0.427,  -1.037) dps T= 34.17 C
t= 4747.095996 a=(  0.570, -6.177,  7.633) m/s2 |a|= 9.836 w=(   0.488,  -0.427,  -1.098) dps T= 34.17 C
t= 4747.196835 a=(  0.546, -6.177,  7.633) m/s2 |a|= 9.834 w=(   0.488,  -0.366,  -0.976) dps T= 34.18 C
t= 4747.297659 a=(  0.541, -6.124,  7.623) m/s2 |a|= 9.794 w=(   0.610,  -0.366,  -1.037) dps T= 34.18 C
t= 4747.398509 a=(  0.560, -6.187,  7.642) m/s2 |a|= 9.848 w=(   0.488,  -0.366,  -1.037) dps T= 34.18 C
t= 4747.499332 a=(  0.560, -6.167,  7.666) m/s2 |a|= 9.855 w=(   0.488,  -0.427,  -0.976) dps T= 34.16 C
t= 4747.600337 a=(  0.560, -6.182,  7.633) m/s2 |a|= 9.838 w=(   0.549,  -0.366,  -1.037) dps T= 34.17 C
t= 4747.701188 a=(  0.555, -6.163,  7.642) m/s2 |a|= 9.833 w=(   0.549,  -0.427,  -1.037) dps T= 34.17 C
t= 4747.802071 a=(  0.565, -6.172,  7.614) m/s2 |a|= 9.817 w=(   0.488,  -0.366,  -1.098) dps T= 34.16 C
t= 4747.902912 a=(  0.560, -6.187,  7.628) m/s2 |a|= 9.837 w=(   0.488,  -0.427,  -1.037) dps T= 34.17 C
t= 4748.003758 a=(  0.560, -6.191,  7.623) m/s2 |a|= 9.837 w=(   0.488,  -0.305,  -0.976) dps T= 34.17 C
t= 4748.104660 a=(  0.565, -6.163,  7.642) m/s2 |a|= 9.834 w=(   0.488,  -0.427,  -1.037) dps T= 34.17 C
t= 4748.205566 a=(  0.570, -6.172,  7.642) m/s2 |a|= 9.840 w=(   0.549,  -0.427,  -1.098) dps T= 34.18 C
t= 4748.306453 a=(  0.555, -6.172,  7.642) m/s2 |a|= 9.839 w=(   0.488,  -0.427,  -1.037) dps T= 34.18 C
t= 4748.407307 a=(  0.551, -6.167,  7.633) m/s2 |a|= 9.828 w=(   0.488,  -0.427,  -1.037) dps T= 34.17 C
t= 4748.508128 a=(  0.560, -6.163,  7.633) m/s2 |a|= 9.826 w=(   0.488,  -0.366,  -1.037) dps T= 34.19 C
t= 4748.608972 a=(  0.570, -6.182,  7.633) m/s2 |a|= 9.839 w=(   0.488,  -0.366,  -1.037) dps T= 34.19 C
t= 4748.709794 a=(  0.560, -6.163,  7.633) m/s2 |a|= 9.826 w=(   0.488,  -0.366,  -1.037) dps T= 34.18 C
t= 4748.810746 a=(  0.560, -6.167,  7.628) m/s2 |a|= 9.825 w=(   0.488,  -0.366,  -1.037) dps T= 34.16 C
t= 4748.911596 a=(  0.565, -6.177,  7.638) m/s2 |a|= 9.839 w=(   0.549,  -0.366,  -1.037) dps T= 34.18 C
t= 4749.012431 a=(  0.575, -6.167,  7.628) m/s2 |a|= 9.826 w=(   0.488,  -0.427,  -1.037) dps T= 34.20 C
t= 4749.113296 a=(  0.570, -6.167,  7.628) m/s2 |a|= 9.826 w=(   0.488,  -0.366,  -1.037) dps T= 34.17 C
t= 4749.214146 a=(  0.579, -6.167,  7.633) m/s2 |a|= 9.830 w=(   0.549,  -0.488,  -1.037) dps T= 34.17 C
t= 4749.315041 a=(  0.560, -6.167,  7.628) m/s2 |a|= 9.825 w=(   0.488,  -0.427,  -1.037) dps T= 34.19 C
t= 4749.415929 a=(  0.560, -6.163,  7.638) m/s2 |a|= 9.830 w=(   0.549,  -0.366,  -1.037) dps T= 34.16 C
t= 4749.516779 a=(  0.555, -6.158,  7.638) m/s2 |a|= 9.826 w=(   0.549,  -0.366,  -1.037) dps T= 34.18 C
t= 4749.617647 a=(  0.570, -6.177,  7.628) m/s2 |a|= 9.832 w=(   0.427,  -0.366,  -1.037) dps T= 34.18 C
t= 4749.718484 a=(  0.565, -6.153,  7.628) m/s2 |a|= 9.817 w=(   0.488,  -0.366,  -1.037) dps T= 34.16 C
t= 4749.819311 a=(  0.584, -6.187,  7.623) m/s2 |a|= 9.835 w=(   0.488,  -0.366,  -0.976) dps T= 34.17 C
t= 4749.920157 a=(  0.565, -6.187,  7.638) m/s2 |a|= 9.845 w=(   0.427,  -0.427,  -1.037) dps T= 34.18 C
t= 4750.020979 a=(  0.565, -6.153,  7.642) m/s2 |a|= 9.828 w=(   0.549,  -0.427,  -1.037) dps T= 34.19 C
t= 4750.121814 a=(  0.570, -6.167,  7.633) m/s2 |a|= 9.830 w=(   0.488,  -0.366,  -1.037) dps T= 34.17 C
t= 4750.222669 a=(  0.575, -6.148,  7.657) m/s2 |a|= 9.836 w=(   0.488,  -0.366,  -1.037) dps T= 34.19 C
t= 4750.323493 a=(  0.570, -6.172,  7.657) m/s2 |a|= 9.851 w=(   0.549,  -0.366,  -1.098) dps T= 34.16 C
t= 4750.424380 a=(  0.570, -6.187,  7.628) m/s2 |a|= 9.838 w=(   0.549,  -0.366,  -1.037) dps T= 34.16 C
t= 4750.525244 a=(  0.541, -6.211,  7.661) m/s2 |a|= 9.877 w=(   0.488,  -0.488,  -1.037) dps T= 34.17 C
t= 4750.626136 a=(  0.570, -6.177,  7.647) m/s2 |a|= 9.847 w=(   0.488,  -0.427,  -0.976) dps T= 34.17 C
t= 4750.726992 a=(  0.584, -6.182,  7.623) m/s2 |a|= 9.832 w=(   0.488,  -0.427,  -1.037) dps T= 34.18 C
t= 4750.827826 a=(  0.579, -6.172,  7.642) m/s2 |a|= 9.841 w=(   0.488,  -0.305,  -1.037) dps T= 34.16 C
t= 4750.928699 a=(  0.565, -6.187,  7.623) m/s2 |a|= 9.834 w=(   0.488,  -0.427,  -1.037) dps T= 34.17 C
t= 4751.029527 a=(  0.565, -6.182,  7.647) m/s2 |a|= 9.849 w=(   0.488,  -0.427,  -1.037) dps T= 34.16 C
t= 4751.130529 a=(  0.570, -6.163,  7.638) m/s2 |a|= 9.830 w=(   0.488,  -0.366,  -1.037) dps T= 34.17 C
t= 4751.231381 a=(  0.570, -6.196,  7.647) m/s2 |a|= 9.859 w=(   0.488,  -0.427,  -1.098) dps T= 34.18 C
t= 4751.332237 a=(  0.565, -6.167,  7.633) m/s2 |a|= 9.829 w=(   0.488,  -0.427,  -0.976) dps T= 34.17 C
t= 4751.433086 a=(  0.560, -6.177,  7.642) m/s2 |a|= 9.842 w=(   0.488,  -0.427,  -1.037) dps T= 34.17 C
t= 4751.533969 a=(  0.565, -6.167,  7.633) m/s2 |a|= 9.829 w=(   0.488,  -0.427,  -1.037) dps T= 34.17 C
t= 4751.634880 a=(  0.565, -6.177,  7.647) m/s2 |a|= 9.846 w=(   0.549,  -0.427,  -1.037) dps T= 34.18 C
t= 4751.735798 a=(  0.560, -6.167,  7.638) m/s2 |a|= 9.833 w=(   0.488,  -0.427,  -1.037) dps T= 34.18 C
t= 4751.836684 a=(  0.570, -6.163,  7.633) m/s2 |a|= 9.827 w=(   0.488,  -0.366,  -1.037) dps T= 34.19 C
t= 4751.937548 a=(  0.560, -6.167,  7.638) m/s2 |a|= 9.833 w=(   0.549,  -0.427,  -1.037) dps T= 34.15 C
t= 4752.038435 a=(  0.555, -6.182,  7.628) m/s2 |a|= 9.834 w=(   0.488,  -0.427,  -1.037) dps T= 34.19 C
t= 4752.139276 a=(  0.570, -6.163,  7.647) m/s2 |a|= 9.838 w=(   0.488,  -0.366,  -1.037) dps T= 34.19 C
t= 4752.240123 a=(  0.555, -6.158,  7.642) m/s2 |a|= 9.830 w=(   0.488,  -0.427,  -0.976) dps T= 34.16 C
t= 4752.340945 a=(  0.560, -6.167,  7.647) m/s2 |a|= 9.840 w=(   0.488,  -0.366,  -1.037) dps T= 34.16 C
t= 4752.441782 a=(  0.555, -6.177,  7.647) m/s2 |a|= 9.846 w=(   0.488,  -0.427,  -1.037) dps T= 34.17 C
t= 4752.542600 a=(  0.560, -6.182,  7.638) m/s2 |a|= 9.842 w=(   0.488,  -0.427,  -0.976) dps T= 34.17 C
t= 4752.643431 a=(  0.565, -6.187,  7.633) m/s2 |a|= 9.841 w=(   0.549,  -0.427,  -1.037) dps T= 34.15 C
t= 4752.744268 a=(  0.560, -6.177,  7.628) m/s2 |a|= 9.831 w=(   0.488,  -0.427,  -1.037) dps T= 34.20 C
t= 4752.845145 a=(  0.551, -6.182,  7.633) m/s2 |a|= 9.838 w=(   0.488,  -0.427,  -1.037) dps T= 34.15 C
t= 4752.946021 a=(  0.565, -6.177,  7.638) m/s2 |a|= 9.839 w=(   0.488,  -0.366,  -1.037) dps T= 34.17 C
t= 4753.046892 a=(  0.570, -6.172,  7.623) m/s2 |a|= 9.825 w=(   0.488,  -0.427,  -1.037) dps T= 34.16 C
t= 4753.147747 a=(  0.575, -6.191,  7.633) m/s2 |a|= 9.845 w=(   0.549,  -0.366,  -1.037) dps T= 34.15 C
t= 4753.248625 a=(  0.560, -6.177,  7.638) m/s2 |a|= 9.839 w=(   0.488,  -0.366,  -1.037) dps T= 34.16 C
t= 4753.349456 a=(  0.570, -6.172,  7.642) m/s2 |a|= 9.840 w=(   0.488,  -0.366,  -1.098) dps T= 34.15 C
t= 4753.450457 a=(  0.565, -6.172,  7.623) m/s2 |a|= 9.825 w=(   0.488,  -0.366,  -1.037) dps T= 34.18 C
t= 4753.551294 a=(  0.560, -6.172,  7.633) m/s2 |a|= 9.832 w=(   0.427,  -0.366,  -1.098) dps T= 34.16 C
t= 4753.652132 a=(  0.565, -6.167,  7.628) m/s2 |a|= 9.826 w=(   0.488,  -0.366,  -1.037) dps T= 34.16 C
t= 4753.752971 a=(  0.575, -6.167,  7.647) m/s2 |a|= 9.841 w=(   0.488,  -0.366,  -1.037) dps T= 34.16 C
t= 4753.853815 a=(  0.555, -6.182,  7.642) m/s2 |a|= 9.845 w=(   0.488,  -0.427,  -1.037) dps T= 34.16 C
t= 4753.954652 a=(  0.555, -6.172,  7.642) m/s2 |a|= 9.839 w=(   0.488,  -0.366,  -1.037) dps T= 34.14 C
t= 4754.055599 a=(  0.575, -6.172,  7.633) m/s2 |a|= 9.833 w=(   0.549,  -0.427,  -1.037) dps T= 34.18 C
t= 4754.156476 a=(  0.565, -6.172,  7.638) m/s2 |a|= 9.836 w=(   0.549,  -0.366,  -1.098) dps T= 34.16 C
t= 4754.257384 a=(  0.570, -6.167,  7.623) m/s2 |a|= 9.822 w=(   0.610,  -0.427,  -1.037) dps T= 34.18 C
t= 4754.358245 a=(  0.555, -6.167,  7.638) m/s2 |a|= 9.832 w=(   0.549,  -0.366,  -0.976) dps T= 34.18 C
t= 4754.459096 a=(  0.555, -6.177,  7.628) m/s2 |a|= 9.831 w=(   0.488,  -0.366,  -1.037) dps T= 34.15 C
t= 4754.559957 a=(  0.575, -6.201,  7.647) m/s2 |a|= 9.862 w=(   0.488,  -0.488,  -1.037) dps T= 34.16 C
t= 4754.660873 a=(  0.555, -6.167,  7.652) m/s2 |a|= 9.844 w=(   0.488,  -0.366,  -1.037) dps T= 34.18 C
t= 4754.761713 a=(  0.565, -6.182,  7.647) m/s2 |a|= 9.849 w=(   0.488,  -0.427,  -1.037) dps T= 34.17 C
t= 4754.862528 a=(  0.560, -6.177,  7.647) m/s2 |a|= 9.846 w=(   0.427,  -0.427,  -1.098) dps T= 34.18 C
t= 4754.963353 a=(  0.570, -6.167,  7.638) m/s2 |a|= 9.833 w=(   0.488,  -0.366,  -0.976) dps T= 34.16 C
t= 4755.064190 a=(  0.560, -6.167,  7.657) m/s2 |a|= 9.848 w=(   0.488,  -0.427,  -1.037) dps T= 34.17 C
t= 4755.165028 a=(  0.565, -6.167,  7.638) m/s2 |a|= 9.833 w=(   0.427,  -0.427,  -1.037) dps T= 34.17 C
t= 4755.265923 a=(  0.565, -6.182,  7.628) m/s2 |a|= 9.835 w=(   0.488,  -0.366,  -1.037) dps T= 34.16 C
t= 4755.366784 a=(  0.570, -6.187,  7.618) m/s2 |a|= 9.830 w=(   0.488,  -0.366,  -1.037) dps T= 34.19 C
t= 4755.467706 a=(  0.565, -6.187,  7.657) m/s2 |a|= 9.860 w=(   0.488,  -0.427,  -1.037) dps T= 34.16 C
t= 4755.568596 a=(  0.575, -6.191,  7.623) m/s2 |a|= 9.837 w=(   0.488,  -0.427,  -0.976) dps T= 34.17 C
t= 4755.669441 a=(  0.560, -6.191,  7.642) m/s2 |a|= 9.851 w=(   0.549,  -0.366,  -1.098) dps T= 34.15 C
t= 4755.770416 a=(  0.565, -6.172,  7.628) m/s2 |a|= 9.829 w=(   0.549,  -0.366,  -1.037) dps T= 34.17 C
t= 4755.871254 a=(  0.560, -6.177,  7.652) m/s2 |a|= 9.850 w=(   0.427,  -0.366,  -1.037) dps T= 34.18 C
t= 4755.972106 a=(  0.570, -6.177,  7.638) m/s2 |a|= 9.839 w=(   0.488,  -0.427,  -1.037) dps T= 34.16 C
t= 4756.072936 a=(  0.555, -6.167,  7.652) m/s2 |a|= 9.844 w=(   0.488,  -0.366,  -1.037) dps T= 34.15 C
t= 4756.173780 a=(  0.555, -6.182,  7.642) m/s2 |a|= 9.845 w=(   0.549,  -0.366,  -1.037) dps T= 34.16 C
t= 4756.274643 a=(  0.565, -6.167,  7.642) m/s2 |a|= 9.837 w=(   0.549,  -0.427,  -1.037) dps T= 34.16 C
t= 4756.375467 a=(  0.551, -6.172,  7.628) m/s2 |a|= 9.828 w=(   0.549,  -0.366,  -1.037) dps T= 34.17 C
t= 4756.476342 a=(  0.565, -6.172,  7.633) m/s2 |a|= 9.832 w=(   0.488,  -0.427,  -1.037) dps T= 34.16 C
t= 4756.577214 a=(  0.555, -6.182,  7.647) m/s2 |a|= 9.849 w=(   0.549,  -0.366,  -1.037) dps T= 34.17 C
t= 4756.678109 a=(  0.575, -6.163,  7.638) m/s2 |a|= 9.831 w=(   0.549,  -0.427,  -1.037) dps T= 34.16 C
t= 4756.778969 a=(  0.555, -6.163,  7.628) m/s2 |a|= 9.822 w=(   0.488,  -0.427,  -1.037) dps T= 34.16 C
t= 4756.879813 a=(  0.565, -6.167,  7.642) m/s2 |a|= 9.837 w=(   0.488,  -0.366,  -1.037) dps T= 34.16 C
t= 4756.980833 a=(  0.551, -6.177,  7.633) m/s2 |a|= 9.835 w=(   0.427,  -0.427,  -1.037) dps T= 34.17 C
t= 4757.081665 a=(  0.555, -6.172,  7.642) m/s2 |a|= 9.839 w=(   0.488,  -0.427,  -1.037) dps T= 34.16 C
t= 4757.182503 a=(  0.560, -6.172,  7.633) m/s2 |a|= 9.832 w=(   0.427,  -0.366,  -1.037) dps T= 34.16 C
t= 4757.283375 a=(  0.555, -6.177,  7.647) m/s2 |a|= 9.846 w=(   0.549,  -0.366,  -1.037) dps T= 34.17 C
t= 4757.384220 a=(  0.570, -6.167,  7.642) m/s2 |a|= 9.837 w=(   0.488,  -0.366,  -1.098) dps T= 34.17 C
t= 4757.485055 a=(  0.565, -6.177,  7.623) m/s2 |a|= 9.828 w=(   0.488,  -0.427,  -1.037) dps T= 34.14 C
t= 4757.585881 a=(  0.570, -6.172,  7.628) m/s2 |a|= 9.829 w=(   0.488,  -0.427,  -1.037) dps T= 34.15 C
t= 4757.686867 a=(  0.560, -6.182,  7.633) m/s2 |a|= 9.838 w=(   0.488,  -0.366,  -1.037) dps T= 34.16 C
t= 4757.787747 a=(  0.555, -6.172,  7.638) m/s2 |a|= 9.835 w=(   0.488,  -0.366,  -0.976) dps T= 34.16 C
t= 4757.888602 a=(  0.565, -6.187,  7.638) m/s2 |a|= 9.845 w=(   0.488,  -0.366,  -1.037) dps T= 34.16 C
t= 4757.989448 a=(  0.575, -6.177,  7.623) m/s2 |a|= 9.828 w=(   0.549,  -0.427,  -1.037) dps T= 34.16 C
t= 4758.090416 a=(  0.570, -6.187,  7.633) m/s2 |a|= 9.842 w=(   0.549,  -0.427,  -1.037) dps T= 34.16 C
t= 4758.191297 a=(  0.560, -6.172,  7.647) m/s2 |a|= 9.843 w=(   0.488,  -0.427,  -1.037) dps T= 34.16 C
t= 4758.292138 a=(  0.555, -6.177,  7.642) m/s2 |a|= 9.842 w=(   0.488,  -0.366,  -1.037) dps T= 34.15 C
t= 4758.392971 a=(  0.565, -6.177,  7.642) m/s2 |a|= 9.843 w=(   0.488,  -0.366,  -1.037) dps T= 34.17 C
t= 4758.493802 a=(  0.555, -6.167,  7.638) m/s2 |a|= 9.832 w=(   0.549,  -0.427,  -1.098) dps T= 34.15 C
t= 4758.594632 a=(  0.570, -6.167,  7.628) m/s2 |a|= 9.826 w=(   0.488,  -0.366,  -1.037) dps T= 34.16 C
t= 4758.695470 a=(  0.565, -6.167,  7.652) m/s2 |a|= 9.844 w=(   0.488,  -0.427,  -1.037) dps T= 34.16 C
t= 4758.796304 a=(  0.575, -6.172,  7.633) m/s2 |a|= 9.833 w=(   0.488,  -0.427,  -1.037) dps T= 34.16 C
t= 4758.897319 a=(  0.570, -6.163,  7.638) m/s2 |a|= 9.830 w=(   0.488,  -0.366,  -1.098) dps T= 34.17 C
t= 4758.998212 a=(  0.570, -6.172,  7.647) m/s2 |a|= 9.844 w=(   0.549,  -0.366,  -1.037) dps T= 34.15 C
t= 4759.099059 a=(  0.565, -6.182,  7.633) m/s2 |a|= 9.838 w=(   0.488,  -0.366,  -1.037) dps T= 34.16 C
t= 4759.199902 a=(  0.560, -6.163,  7.638) m/s2 |a|= 9.830 w=(   0.488,  -0.427,  -1.037) dps T= 34.15 C
t= 4759.300863 a=(  0.570, -6.182,  7.628) m/s2 |a|= 9.835 w=(   0.549,  -0.427,  -1.098) dps T= 34.16 C
t= 4759.401785 a=(  0.575, -6.172,  7.647) m/s2 |a|= 9.844 w=(   0.488,  -0.427,  -1.037) dps T= 34.15 C
t= 4759.502640 a=(  0.555, -6.177,  7.642) m/s2 |a|= 9.842 w=(   0.549,  -0.366,  -1.037) dps T= 34.14 C
t= 4759.603459 a=(  0.570, -6.163,  7.638) m/s2 |a|= 9.830 w=(   0.549,  -0.427,  -0.976) dps T= 34.16 C
t= 4759.704315 a=(  0.560, -6.182,  7.633) m/s2 |a|= 9.838 w=(   0.488,  -0.427,  -0.976) dps T= 34.16 C
t= 4759.805148 a=(  0.575, -6.167,  7.642) m/s2 |a|= 9.837 w=(   0.488,  -0.427,  -1.037) dps T= 34.16 C
t= 4759.905969 a=(  0.575, -6.163,  7.628) m/s2 |a|= 9.823 w=(   0.488,  -0.427,  -0.976) dps T= 34.15 C
t= 4760.006848 a=(  0.575, -6.177,  7.628) m/s2 |a|= 9.832 w=(   0.488,  -0.366,  -1.098) dps T= 34.16 C
t= 4760.107719 a=(  0.555, -6.167,  7.642) m/s2 |a|= 9.836 w=(   0.488,  -0.366,  -1.098) dps T= 34.15 C
t= 4760.208595 a=(  0.565, -6.172,  7.638) m/s2 |a|= 9.836 w=(   0.549,  -0.427,  -1.037) dps T= 34.16 C
t= 4760.309477 a=(  0.575, -6.172,  7.623) m/s2 |a|= 9.825 w=(   0.488,  -0.427,  -1.098) dps T= 34.16 C
t= 4760.410397 a=(  0.565, -6.187,  7.633) m/s2 |a|= 9.841 w=(   0.488,  -0.427,  -1.037) dps T= 34.17 C
t= 4760.511247 a=(  0.555, -6.172,  7.638) m/s2 |a|= 9.835 w=(   0.488,  -0.427,  -1.037) dps T= 34.15 C
t= 4760.612078 a=(  0.570, -6.163,  7.638) m/s2 |a|= 9.830 w=(   0.488,  -0.427,  -1.037) dps T= 34.17 C
t= 4760.712931 a=(  0.575, -6.182,  7.628) m/s2 |a|= 9.835 w=(   0.488,  -0.427,  -1.098) dps T= 34.15 C
t= 4760.813793 a=(  0.575, -6.158,  7.642) m/s2 |a|= 9.831 w=(   0.488,  -0.427,  -1.037) dps T= 34.15 C
t= 4760.914629 a=(  0.570, -6.167,  7.638) m/s2 |a|= 9.833 w=(   0.549,  -0.366,  -1.037) dps T= 34.17 C
t= 4761.015490 a=(  0.575, -6.182,  7.647) m/s2 |a|= 9.850 w=(   0.488,  -0.427,  -0.976) dps T= 34.14 C
t= 4761.116320 a=(  0.570, -6.196,  7.628) m/s2 |a|= 9.844 w=(   0.549,  -0.427,  -0.976) dps T= 34.15 C
t= 4761.217155 a=(  0.570, -6.167,  7.623) m/s2 |a|= 9.822 w=(   0.488,  -0.427,  -0.976) dps T= 34.14 C
t= 4761.318051 a=(  0.565, -6.172,  7.628) m/s2 |a|= 9.829 w=(   0.549,  -0.427,  -1.037) dps T= 34.16 C
t= 4761.418910 a=(  0.575, -6.158,  7.642) m/s2 |a|= 9.831 w=(   0.488,  -0.427,  -1.037) dps T= 34.17 C
t= 4761.519763 a=(  0.570, -6.187,  7.638) m/s2 |a|= 9.845 w=(   0.427,  -0.366,  -1.037) dps T= 34.16 C
t= 4761.620698 a=(  0.560, -6.163,  7.623) m/s2 |a|= 9.819 w=(   0.488,  -0.366,  -0.976) dps T= 34.17 C
t= 4761.721540 a=(  0.575, -6.177,  7.638) m/s2 |a|= 9.840 w=(   0.488,  -0.427,  -1.098) dps T= 34.16 C
t= 4761.822375 a=(  0.565, -6.167,  7.638) m/s2 |a|= 9.833 w=(   0.549,  -0.427,  -1.037) dps T= 34.16 C
t= 4761.923209 a=(  0.555, -6.177,  7.642) m/s2 |a|= 9.842 w=(   0.549,  -0.427,  -1.037) dps T= 34.16 C
t= 4762.024043 a=(  0.570, -6.167,  7.647) m/s2 |a|= 9.841 w=(   0.488,  -0.366,  -1.037) dps T= 34.17 C
t= 4762.124876 a=(  0.570, -6.163,  7.638) m/s2 |a|= 9.830 w=(   0.549,  -0.427,  -0.976) dps T= 34.16 C
t= 4762.225717 a=(  0.565, -6.177,  7.638) m/s2 |a|= 9.839 w=(   0.427,  -0.366,  -1.037) dps T= 34.16 C
t= 4762.326564 a=(  0.575, -6.182,  7.657) m/s2 |a|= 9.857 w=(   0.549,  -0.427,  -1.037) dps T= 34.16 C
t= 4762.427405 a=(  0.570, -6.177,  7.623) m/s2 |a|= 9.828 w=(   0.549,  -0.366,  -1.037) dps T= 34.16 C
t= 4762.528284 a=(  0.575, -6.196,  7.614) m/s2 |a|= 9.833 w=(   0.427,  -0.427,  -1.037) dps T= 34.17 C
t= 4762.629150 a=(  0.551, -6.177,  7.618) m/s2 |a|= 9.823 w=(   0.488,  -0.366,  -1.037) dps T= 34.14 C
t= 4762.729987 a=(  0.570, -6.172,  7.614) m/s2 |a|= 9.818 w=(   0.488,  -0.427,  -1.037) dps T= 34.17 C
t= 4762.830907 a=(  0.579, -6.167,  7.652) m/s2 |a|= 9.845 w=(   0.549,  -0.427,  -1.037) dps T= 34.17 C
t= 4762.931767 a=(  0.517, -6.172,  7.638) m/s2 |a|= 9.833 w=(   0.488,  -0.366,  -1.037) dps T= 34.16 C
t= 4763.032601 a=(  0.584, -6.167,  7.614) m/s2 |a|= 9.816 w=(   0.549,  -0.427,  -1.037) dps T= 34.16 C
t= 4763.133462 a=(  0.579, -6.187,  7.623) m/s2 |a|= 9.835 w=(   0.549,  -0.366,  -1.037) dps T= 34.14 C
t= 4763.234323 a=(  0.536, -6.167,  7.638) m/s2 |a|= 9.831 w=(   0.549,  -0.427,  -1.037) dps T= 34.16 C
t= 4763.335281 a=(  0.584, -6.177,  7.638) m/s2 |a|= 9.840 w=(   0.488,  -0.305,  -1.037) dps T= 34.16 C
t= 4763.436146 a=(  0.551, -6.167,  7.638) m/s2 |a|= 9.832 w=(   0.488,  -0.427,  -1.037) dps T= 34.14 C
t= 4763.536997 a=(  0.555, -6.167,  7.628) m/s2 |a|= 9.825 w=(   0.488,  -0.427,  -0.976) dps T= 34.16 C
t= 4763.637846 a=(  0.579, -6.177,  7.638) m/s2 |a|= 9.840 w=(   0.488,  -0.366,  -1.037) dps T= 34.16 C
t= 4763.738869 a=(  0.589, -6.182,  7.628) m/s2 |a|= 9.836 w=(   0.427,  -0.427,  -1.098) dps T= 34.16 C
t= 4763.839751 a=(  0.565, -6.158,  7.628) m/s2 |a|= 9.820 w=(   0.549,  -0.366,  -0.976) dps T= 34.14 C
t= 4763.940711 a=(  0.570, -6.182,  7.638) m/s2 |a|= 9.842 w=(   0.549,  -0.366,  -0.976) dps T= 34.16 C
t= 4764.041558 a=(  0.560, -6.191,  7.642) m/s2 |a|= 9.851 w=(   0.549,  -0.366,  -1.037) dps T= 34.15 C
t= 4764.142385 a=(  0.584, -6.172,  7.633) m/s2 |a|= 9.833 w=(   0.488,  -0.366,  -1.037) dps T= 34.15 C
t= 4764.243247 a=(  0.575, -6.191,  7.633) m/s2 |a|= 9.845 w=(   0.488,  -0.366,  -1.037) dps T= 34.14 C
t= 4764.344078 a=(  0.579, -6.167,  7.638) m/s2 |a|= 9.834 w=(   0.549,  -0.366,  -1.037) dps T= 34.16 C
t= 4764.444911 a=(  0.565, -6.172,  7.638) m/s2 |a|= 9.836 w=(   0.488,  -0.366,  -1.037) dps T= 34.14 C
t= 4764.545800 a=(  0.546, -6.191,  7.642) m/s2 |a|= 9.851 w=(   0.549,  -0.427,  -1.037) dps T= 34.15 C
t= 4764.646624 a=(  0.565, -6.172,  7.642) m/s2 |a|= 9.840 w=(   0.488,  -0.427,  -1.037) dps T= 34.15 C
t= 4764.747458 a=(  0.575, -6.187,  7.638) m/s2 |a|= 9.846 w=(   0.488,  -0.427,  -1.037) dps T= 34.16 C
t= 4764.848450 a=(  0.575, -6.172,  7.633) m/s2 |a|= 9.833 w=(   0.488,  -0.366,  -1.037) dps T= 34.15 C
t= 4764.949331 a=(  0.579, -6.158,  7.647) m/s2 |a|= 9.835 w=(   0.549,  -0.366,  -1.037) dps T= 34.15 C
t= 4765.050290 a=(  0.579, -6.191,  7.628) m/s2 |a|= 9.841 w=(   0.610,  -0.366,  -1.037) dps T= 34.16 C
t= 4765.151158 a=(  0.575, -6.177,  7.638) m/s2 |a|= 9.840 w=(   0.549,  -0.488,  -1.037) dps T= 34.15 C
t= 4765.252007 a=(  0.570, -6.172,  7.642) m/s2 |a|= 9.840 w=(   0.549,  -0.366,  -1.037) dps T= 34.14 C
t= 4765.352830 a=(  0.555, -6.182,  7.642) m/s2 |a|= 9.845 w=(   0.549,  -0.488,  -0.976) dps T= 34.16 C
t= 4765.453669 a=(  0.560, -6.177,  7.628) m/s2 |a|= 9.831 w=(   0.488,  -0.366,  -1.037) dps T= 34.14 C
t= 4765.554513 a=(  0.565, -6.158,  7.642) m/s2 |a|= 9.831 w=(   0.549,  -0.366,  -0.976) dps T= 34.14 C
t= 4765.655327 a=(  0.555, -6.167,  7.633) m/s2 |a|= 9.829 w=(   0.549,  -0.427,  -1.037) dps T= 34.14 C
t= 4765.756159 a=(  0.555, -6.182,  7.633) m/s2 |a|= 9.838 w=(   0.549,  -0.366,  -1.037) dps T= 34.13 C
t= 4765.856999 a=(  0.570, -6.196,  7.628) m/s2 |a|= 9.844 w=(   0.488,  -0.366,  -1.037) dps T= 34.14 C
t= 4765.957825 a=(  0.565, -6.182,  7.642) m/s2 |a|= 9.846 w=(   0.427,  -0.427,  -1.098) dps T= 34.15 C
t= 4766.058713 a=(  0.579, -6.172,  7.638) m/s2 |a|= 9.837 w=(   0.488,  -0.366,  -1.037) dps T= 34.15 C
t= 4766.159589 a=(  0.565, -6.187,  7.647) m/s2 |a|= 9.852 w=(   0.488,  -0.366,  -1.098) dps T= 34.15 C
t= 4766.260606 a=(  0.555, -6.182,  7.623) m/s2 |a|= 9.830 w=(   0.549,  -0.427,  -1.098) dps T= 34.13 C
t= 4766.361472 a=(  0.570, -6.196,  7.633) m/s2 |a|= 9.848 w=(   0.549,  -0.427,  -0.976) dps T= 34.16 C
t= 4766.462327 a=(  0.570, -6.177,  7.618) m/s2 |a|= 9.824 w=(   0.488,  -0.427,  -0.976) dps T= 34.16 C
t= 4766.563177 a=(  0.555, -6.177,  7.633) m/s2 |a|= 9.835 w=(   0.488,  -0.366,  -1.037) dps T= 34.12 C
t= 4766.664036 a=(  0.565, -6.172,  7.628) m/s2 |a|= 9.829 w=(   0.488,  -0.427,  -1.037) dps T= 34.16 C
t= 4766.764883 a=(  0.570, -6.182,  7.633) m/s2 |a|= 9.839 w=(   0.488,  -0.427,  -1.037) dps T= 34.13 C
t= 4766.865750 a=(  0.570, -6.182,  7.628) m/s2 |a|= 9.835 w=(   0.488,  -0.427,  -1.037) dps T= 34.15 C
t= 4766.966571 a=(  0.555, -6.172,  7.633) m/s2 |a|= 9.832 w=(   0.549,  -0.427,  -1.037) dps T= 34.14 C
t= 4767.067426 a=(  0.575, -6.172,  7.623) m/s2 |a|= 9.825 w=(   0.549,  -0.427,  -1.037) dps T= 34.13 C
t= 4767.168267 a=(  0.555, -6.158,  7.642) m/s2 |a|= 9.830 w=(   0.488,  -0.427,  -1.037) dps T= 34.14 C
t= 4767.269179 a=(  0.570, -6.172,  7.638) m/s2 |a|= 9.836 w=(   0.488,  -0.366,  -0.976) dps T= 34.15 C
t= 4767.370144 a=(  0.579, -6.172,  7.633) m/s2 |a|= 9.833 w=(   0.549,  -0.427,  -1.037) dps T= 34.16 C
t= 4767.471010 a=(  0.555, -6.172,  7.633) m/s2 |a|= 9.832 w=(   0.488,  -0.427,  -0.976) dps T= 34.14 C
t= 4767.571872 a=(  0.560, -6.163,  7.638) m/s2 |a|= 9.830 w=(   0.488,  -0.366,  -1.098) dps T= 34.16 C
t= 4767.672708 a=(  0.560, -6.172,  7.638) m/s2 |a|= 9.836 w=(   0.549,  -0.366,  -1.098) dps T= 34.14 C
t= 4767.773536 a=(  0.560, -6.177,  7.642) m/s2 |a|= 9.842 w=(   0.488,  -0.427,  -1.037) dps T= 34.15 C
t= 4767.874365 a=(  0.560, -6.182,  7.633) m/s2 |a|= 9.838 w=(   0.549,  -0.427,  -1.098) dps T= 34.15 C
t= 4767.975175 a=(  0.560, -6.172,  7.633) m/s2 |a|= 9.832 w=(   0.549,  -0.366,  -1.037) dps T= 34.15 C
t= 4768.076005 a=(  0.555, -6.182,  7.638) m/s2 |a|= 9.841 w=(   0.488,  -0.427,  -0.976) dps T= 34.13 C
t= 4768.176840 a=(  0.560, -6.163,  7.638) m/s2 |a|= 9.830 w=(   0.549,  -0.366,  -1.037) dps T= 34.14 C
t= 4768.277693 a=(  0.551, -6.182,  7.628) m/s2 |a|= 9.834 w=(   0.549,  -0.427,  -1.098) dps T= 34.16 C
t= 4768.378548 a=(  0.551, -6.172,  7.638) m/s2 |a|= 9.835 w=(   0.549,  -0.427,  -0.976) dps T= 34.14 C
t= 4768.479399 a=(  0.555, -6.177,  7.618) m/s2 |a|= 9.824 w=(   0.488,  -0.366,  -1.037) dps T= 34.17 C
t= 4768.580477 a=(  0.565, -6.187,  7.638) m/s2 |a|= 9.845 w=(   0.488,  -0.366,  -1.037) dps T= 34.14 C
t= 4768.681354 a=(  0.565, -6.182,  7.638) m/s2 |a|= 9.842 w=(   0.488,  -0.427,  -1.037) dps T= 34.15 C
t= 4768.782229 a=(  0.565, -6.177,  7.623) m/s2 |a|= 9.828 w=(   0.488,  -0.427,  -1.037) dps T= 34.13 C
t= 4768.883069 a=(  0.565, -6.182,  7.628) m/s2 |a|= 9.835 w=(   0.488,  -0.427,  -1.037) dps T= 34.12 C
t= 4768.983896 a=(  0.570, -6.182,  7.633) m/s2 |a|= 9.839 w=(   0.488,  -0.427,  -1.037) dps T= 34.14 C
t= 4769.084738 a=(  0.575, -6.167,  7.638) m/s2 |a|= 9.834 w=(   0.549,  -0.427,  -1.037) dps T= 34.15 C
t= 4769.185592 a=(  0.570, -6.182,  7.628) m/s2 |a|= 9.835 w=(   0.488,  -0.427,  -0.976) dps T= 34.13 C
t= 4769.286452 a=(  0.570, -6.191,  7.638) m/s2 |a|= 9.848 w=(   0.488,  -0.427,  -1.098) dps T= 34.16 C
t= 4769.387297 a=(  0.555, -6.182,  7.633) m/s2 |a|= 9.838 w=(   0.549,  -0.366,  -1.037) dps T= 34.15 C
t= 4769.488128 a=(  0.570, -6.177,  7.638) m/s2 |a|= 9.839 w=(   0.488,  -0.427,  -1.037) dps T= 34.13 C
t= 4769.588980 a=(  0.551, -6.182,  7.633) m/s2 |a|= 9.838 w=(   0.427,  -0.427,  -0.976) dps T= 34.14 C
t= 4769.689960 a=(  0.546, -6.191,  7.628) m/s2 |a|= 9.840 w=(   0.488,  -0.427,  -1.037) dps T= 34.15 C
t= 4769.790903 a=(  0.560, -6.167,  7.642) m/s2 |a|= 9.836 w=(   0.549,  -0.427,  -1.098) dps T= 34.15 C
t= 4769.891754 a=(  0.579, -6.177,  7.618) m/s2 |a|= 9.825 w=(   0.488,  -0.488,  -1.037) dps T= 34.16 C
t= 4769.992584 a=(  0.575, -6.182,  7.642) m/s2 |a|= 9.846 w=(   0.549,  -0.427,  -1.037) dps T= 34.14 C
t= 4770.093464 a=(  0.570, -6.201,  7.647) m/s2 |a|= 9.862 w=(   0.549,  -0.366,  -1.098) dps T= 34.13 C
t= 4770.194477 a=(  0.560, -6.172,  7.642) m/s2 |a|= 9.839 w=(   0.488,  -0.427,  -1.037) dps T= 34.15 C
t= 4770.295417 a=(  0.565, -6.182,  7.647) m/s2 |a|= 9.849 w=(   0.488,  -0.427,  -1.037) dps T= 34.15 C
t= 4770.396280 a=(  0.560, -6.172,  7.642) m/s2 |a|= 9.839 w=(   0.488,  -0.427,  -1.037) dps T= 34.13 C
t= 4770.497121 a=(  0.565, -6.177,  7.647) m/s2 |a|= 9.846 w=(   0.488,  -0.366,  -1.037) dps T= 34.14 C
t= 4770.597979 a=(  0.565, -6.144,  7.657) m/s2 |a|= 9.833 w=(   0.549,  -0.427,  -1.037) dps T= 34.14 C
t= 4770.698820 a=(  0.551, -6.177,  7.633) m/s2 |a|= 9.835 w=(   0.488,  -0.427,  -1.037) dps T= 34.14 C
t= 4770.799669 a=(  0.575, -6.172,  7.623) m/s2 |a|= 9.825 w=(   0.549,  -0.427,  -1.037) dps T= 34.14 C
t= 4770.900601 a=(  0.565, -6.182,  7.642) m/s2 |a|= 9.846 w=(   0.549,  -0.427,  -1.098) dps T= 34.13 C
t= 4771.001510 a=(  0.555, -6.187,  7.614) m/s2 |a|= 9.826 w=(   0.427,  -0.488,  -0.976) dps T= 34.15 C
t= 4771.102367 a=(  0.565, -6.177,  7.628) m/s2 |a|= 9.832 w=(   0.549,  -0.366,  -1.037) dps T= 34.14 C
t= 4771.203314 a=(  0.575, -6.177,  7.642) m/s2 |a|= 9.843 w=(   0.549,  -0.427,  -1.037) dps T= 34.11 C
t= 4771.304186 a=(  0.565, -6.182,  7.633) m/s2 |a|= 9.838 w=(   0.488,  -0.427,  -1.037) dps T= 34.12 C
t= 4771.405027 a=(  0.551, -6.163,  7.633) m/s2 |a|= 9.825 w=(   0.488,  -0.366,  -1.037) dps T= 34.16 C
t= 4771.505901 a=(  0.560, -6.163,  7.657) m/s2 |a|= 9.845 w=(   0.427,  -0.427,  -1.098) dps T= 34.12 C
t= 4771.606738 a=(  0.560, -6.163,  7.647) m/s2 |a|= 9.837 w=(   0.488,  -0.427,  -1.037) dps T= 34.13 C
t= 4771.707562 a=(  0.565, -6.177,  7.628) m/s2 |a|= 9.832 w=(   0.427,  -0.366,  -0.976) dps T= 34.14 C
t= 4771.808401 a=(  0.551, -6.172,  7.642) m/s2 |a|= 9.839 w=(   0.488,  -0.427,  -1.037) dps T= 34.14 C
t= 4771.909223 a=(  0.565, -6.182,  7.647) m/s2 |a|= 9.849 w=(   0.488,  -0.427,  -1.037) dps T= 34.12 C
t= 4772.010102 a=(  0.570, -6.172,  7.633) m/s2 |a|= 9.833 w=(   0.488,  -0.427,  -0.976) dps T= 34.14 C
t= 4772.111081 a=(  0.560, -6.172,  7.628) m/s2 |a|= 9.828 w=(   0.488,  -0.366,  -1.098) dps T= 34.15 C
t= 4772.211969 a=(  0.551, -6.191,  7.642) m/s2 |a|= 9.851 w=(   0.488,  -0.427,  -1.037) dps T= 34.14 C
t= 4772.312893 a=(  0.579, -6.177,  7.633) m/s2 |a|= 9.836 w=(   0.549,  -0.427,  -1.037) dps T= 34.15 C
t= 4772.413744 a=(  0.560, -6.182,  7.628) m/s2 |a|= 9.834 w=(   0.488,  -0.427,  -1.037) dps T= 34.14 C
t= 4772.514593 a=(  0.560, -6.172,  7.638) m/s2 |a|= 9.836 w=(   0.427,  -0.427,  -1.037) dps T= 34.12 C
t= 4772.615449 a=(  0.579, -6.177,  7.642) m/s2 |a|= 9.844 w=(   0.488,  -0.427,  -1.037) dps T= 34.13 C
t= 4772.716290 a=(  0.565, -6.177,  7.633) m/s2 |a|= 9.835 w=(   0.549,  -0.366,  -1.037) dps T= 34.14 C
t= 4772.817154 a=(  0.575, -6.187,  7.638) m/s2 |a|= 9.846 w=(   0.488,  -0.366,  -1.037) dps T= 34.15 C
t= 4772.917982 a=(  0.570, -6.187,  7.628) m/s2 |a|= 9.838 w=(   0.549,  -0.366,  -1.037) dps T= 34.16 C
t= 4773.018815 a=(  0.570, -6.182,  7.642) m/s2 |a|= 9.846 w=(   0.549,  -0.427,  -1.037) dps T= 34.15 C
t= 4773.119645 a=(  0.565, -6.182,  7.642) m/s2 |a|= 9.846 w=(   0.488,  -0.366,  -0.976) dps T= 34.14 C
t= 4773.220642 a=(  0.560, -6.182,  7.647) m/s2 |a|= 9.849 w=(   0.488,  -0.366,  -1.037) dps T= 34.13 C
t= 4773.321550 a=(  0.565, -6.172,  7.633) m/s2 |a|= 9.832 w=(   0.488,  -0.427,  -1.037) dps T= 34.13 C
t= 4773.422430 a=(  0.565, -6.177,  7.638) m/s2 |a|= 9.839 w=(   0.427,  -0.427,  -1.098) dps T= 34.13 C
t= 4773.523311 a=(  0.555, -6.177,  7.642) m/s2 |a|= 9.842 w=(   0.488,  -0.427,  -1.037) dps T= 34.14 C
t= 4773.624176 a=(  0.565, -6.172,  7.614) m/s2 |a|= 9.817 w=(   0.549,  -0.366,  -1.037) dps T= 34.14 C
t= 4773.725016 a=(  0.555, -6.182,  7.638) m/s2 |a|= 9.841 w=(   0.549,  -0.366,  -1.037) dps T= 34.15 C
t= 4773.825864 a=(  0.579, -6.167,  7.642) m/s2 |a|= 9.838 w=(   0.488,  -0.366,  -1.037) dps T= 34.13 C
t= 4773.926691 a=(  0.565, -6.177,  7.623) m/s2 |a|= 9.828 w=(   0.549,  -0.366,  -1.037) dps T= 34.14 C
t= 4774.027536 a=(  0.560, -6.177,  7.652) m/s2 |a|= 9.850 w=(   0.488,  -0.366,  -1.098) dps T= 34.12 C
t= 4774.128386 a=(  0.570, -6.182,  7.633) m/s2 |a|= 9.839 w=(   0.549,  -0.427,  -1.037) dps T= 34.13 C
t= 4774.229215 a=(  0.565, -6.172,  7.638) m/s2 |a|= 9.836 w=(   0.488,  -0.427,  -0.976) dps T= 34.13 C
t= 4774.330079 a=(  0.551, -6.172,  7.647) m/s2 |a|= 9.843 w=(   0.549,  -0.366,  -1.037) dps T= 34.15 C
t= 4774.430925 a=(  0.560, -6.177,  7.628) m/s2 |a|= 9.831 w=(   0.549,  -0.427,  -1.037) dps T= 34.15 C
t= 4774.531880 a=(  0.565, -6.177,  7.628) m/s2 |a|= 9.832 w=(   0.549,  -0.427,  -1.098) dps T= 34.12 C
t= 4774.632745 a=(  0.565, -6.172,  7.638) m/s2 |a|= 9.836 w=(   0.488,  -0.427,  -0.976) dps T= 34.13 C
t= 4774.733597 a=(  0.560, -6.182,  7.623) m/s2 |a|= 9.831 w=(   0.488,  -0.427,  -0.976) dps T= 34.11 C
t= 4774.834482 a=(  0.565, -6.177,  7.642) m/s2 |a|= 9.843 w=(   0.549,  -0.427,  -1.037) dps T= 34.13 C
t= 4774.935310 a=(  0.579, -6.177,  7.652) m/s2 |a|= 9.851 w=(   0.488,  -0.366,  -1.037) dps T= 34.13 C
t= 4775.036184 a=(  0.565, -6.158,  7.642) m/s2 |a|= 9.831 w=(   0.427,  -0.366,  -1.037) dps T= 34.14 C
t= 4775.137071 a=(  0.565, -6.177,  7.628) m/s2 |a|= 9.832 w=(   0.488,  -0.427,  -0.976) dps T= 34.12 C
t= 4775.237916 a=(  0.570, -6.172,  7.647) m/s2 |a|= 9.844 w=(   0.488,  -0.366,  -1.037) dps T= 34.13 C
t= 4775.338816 a=(  0.565, -6.182,  7.647) m/s2 |a|= 9.849 w=(   0.488,  -0.427,  -1.037) dps T= 34.15 C
t= 4775.439654 a=(  0.555, -6.172,  7.642) m/s2 |a|= 9.839 w=(   0.549,  -0.488,  -1.037) dps T= 34.15 C
t= 4775.540574 a=(  0.560, -6.177,  7.628) m/s2 |a|= 9.831 w=(   0.488,  -0.366,  -1.037) dps T= 34.14 C
t= 4775.641438 a=(  0.575, -6.167,  7.628) m/s2 |a|= 9.826 w=(   0.549,  -0.427,  -1.037) dps T= 34.14 C
t= 4775.742314 a=(  0.555, -6.172,  7.633) m/s2 |a|= 9.832 w=(   0.488,  -0.366,  -0.976) dps T= 34.17 C
t= 4775.843221 a=(  0.575, -6.177,  7.628) m/s2 |a|= 9.832 w=(   0.488,  -0.427,  -1.098) dps T= 34.13 C
t= 4775.944078 a=(  0.565, -6.177,  7.628) m/s2 |a|= 9.832 w=(   0.549,  -0.427,  -1.037) dps T= 34.13 C
t= 4776.044937 a=(  0.565, -6.177,  7.647) m/s2 |a|= 9.846 w=(   0.488,  -0.427,  -1.037) dps T= 34.15 C
t= 4776.145773 a=(  0.575, -6.215,  7.614) m/s2 |a|= 9.845 w=(   0.488,  -0.366,  -1.098) dps T= 34.11 C
t= 4776.246628 a=(  0.570, -6.187,  7.618) m/s2 |a|= 9.830 w=(   0.427,  -0.366,  -0.976) dps T= 34.13 C
t= 4776.347477 a=(  0.565, -6.182,  7.614) m/s2 |a|= 9.823 w=(   0.488,  -0.366,  -1.037) dps T= 34.12 C
t= 4776.448327 a=(  0.565, -6.158,  7.628) m/s2 |a|= 9.820 w=(   0.488,  -0.366,  -1.037) dps T= 34.12 C
t= 4776.549162 a=(  0.565, -6.167,  7.647) m/s2 |a|= 9.840 w=(   0.549,  -0.427,  -1.037) dps T= 34.12 C
t= 4776.650125 a=(  0.555, -6.182,  7.642) m/s2 |a|= 9.845 w=(   0.488,  -0.427,  -1.037) dps T= 34.13 C
t= 4776.750966 a=(  0.555, -6.163,  7.628) m/s2 |a|= 9.822 w=(   0.549,  -0.427,  -1.037) dps T= 34.14 C
t= 4776.851940 a=(  0.570, -6.167,  7.647) m/s2 |a|= 9.841 w=(   0.488,  -0.305,  -1.037) dps T= 34.12 C
t= 4776.952837 a=(  0.565, -6.172,  7.633) m/s2 |a|= 9.832 w=(   0.488,  -0.427,  -1.037) dps T= 34.13 C
t= 4777.053710 a=(  0.570, -6.177,  7.633) m/s2 |a|= 9.836 w=(   0.488,  -0.427,  -1.098) dps T= 34.14 C
t= 4777.154552 a=(  0.570, -6.172,  7.642) m/s2 |a|= 9.840 w=(   0.488,  -0.366,  -1.037) dps T= 34.13 C
t= 4777.255406 a=(  0.589, -6.182,  7.638) m/s2 |a|= 9.843 w=(   0.488,  -0.366,  -1.037) dps T= 34.14 C
t= 4777.356237 a=(  0.570, -6.172,  7.638) m/s2 |a|= 9.836 w=(   0.427,  -0.366,  -1.037) dps T= 34.13 C
t= 4777.457061 a=(  0.594, -6.177,  7.628) m/s2 |a|= 9.833 w=(   0.488,  -0.366,  -0.976) dps T= 34.15 C
t= 4777.557911 a=(  0.565, -6.182,  7.642) m/s2 |a|= 9.846 w=(   0.549,  -0.366,  -1.037) dps T= 34.14 C
t= 4777.658745 a=(  0.560, -6.172,  7.628) m/s2 |a|= 9.828 w=(   0.488,  -0.427,  -0.976) dps T= 34.12 C
t= 4777.759579 a=(  0.575, -6.177,  7.633) m/s2 |a|= 9.836 w=(   0.427,  -0.366,  -1.037) dps T= 34.14 C
t= 4777.860479 a=(  0.570, -6.177,  7.633) m/s2 |a|= 9.836 w=(   0.488,  -0.427,  -0.976) dps T= 34.13 C
t= 4777.961314 a=(  0.565, -6.177,  7.638) m/s2 |a|= 9.839 w=(   0.488,  -0.366,  -1.037) dps T= 34.14 C
t= 4778.062194 a=(  0.551, -6.182,  7.657) m/s2 |a|= 9.856 w=(   0.488,  -0.427,  -1.037) dps T= 34.12 C
t= 4778.163086 a=(  0.575, -6.177,  7.638) m/s2 |a|= 9.840 w=(   0.488,  -0.427,  -1.037) dps T= 34.13 C
t= 4778.263978 a=(  0.570, -6.167,  7.642) m/s2 |a|= 9.837 w=(   0.549,  -0.427,  -1.037) dps T= 34.13 C
t= 4778.364845 a=(  0.565, -6.177,  7.647) m/s2 |a|= 9.846 w=(   0.488,  -0.427,  -1.037) dps T= 34.13 C
t= 4778.465718 a=(  0.560, -6.177,  7.638) m/s2 |a|= 9.839 w=(   0.488,  -0.427,  -1.098) dps T= 34.14 C
t= 4778.566608 a=(  0.579, -6.182,  7.638) m/s2 |a|= 9.843 w=(   0.488,  -0.427,  -1.037) dps T= 34.14 C
t= 4778.667457 a=(  0.570, -6.187,  7.647) m/s2 |a|= 9.853 w=(   0.488,  -0.427,  -1.037) dps T= 34.13 C
t= 4778.768282 a=(  0.579, -6.182,  7.652) m/s2 |a|= 9.854 w=(   0.549,  -0.427,  -1.037) dps T= 34.13 C
t= 4778.869120 a=(  0.570, -6.182,  7.638) m/s2 |a|= 9.842 w=(   0.549,  -0.427,  -1.037) dps T= 34.12 C
t= 4778.969957 a=(  0.570, -6.167,  7.657) m/s2 |a|= 9.848 w=(   0.488,  -0.366,  -1.037) dps T= 34.12 C
t= 4779.070915 a=(  0.560, -6.177,  7.633) m/s2 |a|= 9.835 w=(   0.549,  -0.366,  -1.098) dps T= 34.12 C
t= 4779.171783 a=(  0.560, -6.187,  7.633) m/s2 |a|= 9.841 w=(   0.549,  -0.427,  -1.037) dps T= 34.12 C
t= 4779.272651 a=(  0.575, -6.187,  7.628) m/s2 |a|= 9.838 w=(   0.488,  -0.427,  -1.098) dps T= 34.13 C
t= 4779.373637 a=(  0.575, -6.187,  7.638) m/s2 |a|= 9.846 w=(   0.488,  -0.427,  -0.976) dps T= 34.15 C
t= 4779.474530 a=(  0.575, -6.182,  7.642) m/s2 |a|= 9.846 w=(   0.549,  -0.427,  -1.098) dps T= 34.14 C
t= 4779.575384 a=(  0.560, -6.182,  7.647) m/s2 |a|= 9.849 w=(   0.488,  -0.427,  -1.037) dps T= 34.15 C
t= 4779.676206 a=(  0.575, -6.182,  7.628) m/s2 |a|= 9.835 w=(   0.488,  -0.366,  -1.037) dps T= 34.15 C
t= 4779.777052 a=(  0.555, -6.172,  7.638) m/s2 |a|= 9.835 w=(   0.610,  -0.366,  -1.037) dps T= 34.13 C
t= 4779.877890 a=(  0.560, -6.182,  7.638) m/s2 |a|= 9.842 w=(   0.488,  -0.427,  -1.037) dps T= 34.13 C
t= 4779.978718 a=(  0.575, -6.172,  7.628) m/s2 |a|= 9.829 w=(   0.549,  -0.366,  -1.098) dps T= 34.14 C
t= 4780.079558 a=(  0.565, -6.163,  7.638) m/s2 |a|= 9.830 w=(   0.488,  -0.427,  -0.976) dps T= 34.15 C
t= 4780.180530 a=(  0.560, -6.187,  7.661) m/s2 |a|= 9.863 w=(   0.549,  -0.366,  -1.037) dps T= 34.12 C
t= 4780.281400 a=(  0.570, -6.167,  7.647) m/s2 |a|= 9.841 w=(   0.488,  -0.427,  -1.037) dps T= 34.13 C
t= 4780.382252 a=(  0.575, -6.172,  7.618) m/s2 |a|= 9.822 w=(   0.549,  -0.427,  -0.976) dps T= 34.12 C
t= 4780.483110 a=(  0.575, -6.177,  7.652) m/s2 |a|= 9.851 w=(   0.488,  -0.427,  -1.098) dps T= 34.13 C
t= 4780.584046 a=(  0.565, -6.167,  7.638) m/s2 |a|= 9.833 w=(   0.488,  -0.427,  -1.098) dps T= 34.13 C
t= 4780.684926 a=(  0.575, -6.187,  7.633) m/s2 |a|= 9.842 w=(   0.488,  -0.427,  -1.037) dps T= 34.13 C
t= 4780.785779 a=(  0.575, -6.163,  7.647) m/s2 |a|= 9.838 w=(   0.488,  -0.427,  -1.037) dps T= 34.12 C
t= 4780.886616 a=(  0.565, -6.182,  7.642) m/s2 |a|= 9.846 w=(   0.488,  -0.427,  -1.037) dps T= 34.13 C
t= 4780.987473 a=(  0.565, -6.167,  7.623) m/s2 |a|= 9.822 w=(   0.549,  -0.366,  -1.037) dps T= 34.10 C
t= 4781.088346 a=(  0.555, -6.177,  7.628) m/s2 |a|= 9.831 w=(   0.488,  -0.427,  -0.976) dps T= 34.13 C
t= 4781.189211 a=(  0.575, -6.172,  7.628) m/s2 |a|= 9.829 w=(   0.549,  -0.427,  -1.037) dps T= 34.12 C
t= 4781.290086 a=(  0.555, -6.167,  7.633) m/s2 |a|= 9.829 w=(   0.488,  -0.427,  -1.037) dps T= 34.11 C
t= 4781.390929 a=(  0.551, -6.158,  7.633) m/s2 |a|= 9.822 w=(   0.549,  -0.366,  -1.037) dps T= 34.13 C
t= 4781.491773 a=(  0.560, -6.187,  7.609) m/s2 |a|= 9.823 w=(   0.549,  -0.366,  -1.037) dps T= 34.14 C
t= 4781.592607 a=(  0.570, -6.182,  7.623) m/s2 |a|= 9.831 w=(   0.427,  -0.427,  -1.037) dps T= 34.12 C
t= 4781.693583 a=(  0.575, -6.153,  7.628) m/s2 |a|= 9.817 w=(   0.488,  -0.427,  -1.037) dps T= 34.13 C
t= 4781.794456 a=(  0.560, -6.182,  7.638) m/s2 |a|= 9.842 w=(   0.488,  -0.427,  -1.037) dps T= 34.14 C
t= 4781.895306 a=(  0.575, -6.187,  7.642) m/s2 |a|= 9.849 w=(   0.549,  -0.427,  -0.976) dps T= 34.14 C
t= 4781.996136 a=(  0.570, -6.167,  7.638) m/s2 |a|= 9.833 w=(   0.549,  -0.366,  -1.037) dps T= 34.14 C
t= 4782.096984 a=(  0.565, -6.182,  7.642) m/s2 |a|= 9.846 w=(   0.488,  -0.427,  -1.037) dps T= 34.14 C
t= 4782.197836 a=(  0.555, -6.153,  7.628) m/s2 |a|= 9.816 w=(   0.488,  -0.427,  -1.098) dps T= 34.14 C
t= 4782.298681 a=(  0.551, -6.172,  7.628) m/s2 |a|= 9.828 w=(   0.488,  -0.427,  -1.037) dps T= 34.14 C
t= 4782.399547 a=(  0.584, -6.191,  7.638) m/s2 |a|= 9.849 w=(   0.488,  -0.366,  -1.098) dps T= 34.12 C
t= 4782.500514 a=(  0.560, -6.191,  7.638) m/s2 |a|= 9.848 w=(   0.488,  -0.427,  -1.037) dps T= 34.13 C
t= 4782.601393 a=(  0.560, -6.187,  7.623) m/s2 |a|= 9.834 w=(   0.549,  -0.427,  -1.037) dps T= 34.12 C
t= 4782.702223 a=(  0.565, -6.177,  7.642) m/s2 |a|= 9.843 w=(   0.488,  -0.366,  -1.037) dps T= 34.14 C
t= 4782.803063 a=(  0.579, -6.182,  7.638) m/s2 |a|= 9.843 w=(   0.488,  -0.366,  -1.037) dps T= 34.11 C
t= 4782.903973 a=(  0.570, -6.172,  7.633) m/s2 |a|= 9.833 w=(   0.427,  -0.427,  -0.976) dps T= 34.13 C
t= 4783.004894 a=(  0.565, -6.172,  7.652) m/s2 |a|= 9.847 w=(   0.427,  -0.427,  -0.976) dps T= 34.11 C
t= 4783.105762 a=(  0.551, -6.158,  7.642) m/s2 |a|= 9.830 w=(   0.549,  -0.427,  -1.037) dps T= 34.13 C
t= 4783.206625 a=(  0.575, -6.163,  7.638) m/s2 |a|= 9.831 w=(   0.427,  -0.366,  -1.037) dps T= 34.13 C
t= 4783.307484 a=(  0.579, -6.158,  7.642) m/s2 |a|= 9.832 w=(   0.549,  -0.366,  -1.037) dps T= 34.12 C
t= 4783.408318 a=(  0.570, -6.163,  7.638) m/s2 |a|= 9.830 w=(   0.549,  -0.427,  -1.098) dps T= 34.12 C
t= 4783.509141 a=(  0.570, -6.191,  7.642) m/s2 |a|= 9.852 w=(   0.488,  -0.427,  -1.098) dps T= 34.14 C
t= 4783.609998 a=(  0.565, -6.172,  7.633) m/s2 |a|= 9.832 w=(   0.549,  -0.427,  -0.976) dps T= 34.10 C
t= 4783.710880 a=(  0.570, -6.182,  7.628) m/s2 |a|= 9.835 w=(   0.488,  -0.427,  -1.037) dps T= 34.12 C
t= 4783.811713 a=(  0.565, -6.158,  7.623) m/s2 |a|= 9.816 w=(   0.488,  -0.427,  -0.976) dps T= 34.12 C
t= 4783.912572 a=(  0.560, -6.191,  7.628) m/s2 |a|= 9.840 w=(   0.488,  -0.488,  -1.037) dps T= 34.13 C
t= 4784.013398 a=(  0.570, -6.167,  7.623) m/s2 |a|= 9.822 w=(   0.488,  -0.427,  -1.037) dps T= 34.12 C
t= 4784.114278 a=(  0.570, -6.177,  7.633) m/s2 |a|= 9.836 w=(   0.549,  -0.427,  -1.037) dps T= 34.12 C
t= 4784.215177 a=(  0.565, -6.177,  7.647) m/s2 |a|= 9.846 w=(   0.549,  -0.366,  -0.976) dps T= 34.12 C
t= 4784.316059 a=(  0.575, -6.167,  7.638) m/s2 |a|= 9.834 w=(   0.488,  -0.366,  -1.098) dps T= 34.14 C
t= 4784.416908 a=(  0.565, -6.172,  7.638) m/s2 |a|= 9.836 w=(   0.549,  -0.366,  -1.037) dps T= 34.12 C
t= 4784.517737 a=(  0.570, -6.177,  7.638) m/s2 |a|= 9.839 w=(   0.549,  -0.366,  -1.159) dps T= 34.13 C
t= 4784.618569 a=(  0.565, -6.177,  7.633) m/s2 |a|= 9.835 w=(   0.549,  -0.366,  -0.976) dps T= 34.12 C
t= 4784.719394 a=(  0.560, -6.177,  7.628) m/s2 |a|= 9.831 w=(   0.488,  -0.427,  -1.037) dps T= 34.12 C
t= 4784.820386 a=(  0.579, -6.177,  7.633) m/s2 |a|= 9.836 w=(   0.488,  -0.427,  -1.037) dps T= 34.12 C
t= 4784.921241 a=(  0.579, -6.148,  7.623) m/s2 |a|= 9.811 w=(   0.488,  -0.427,  -1.037) dps T= 34.12 C
t= 4785.022078 a=(  0.565, -6.187,  7.628) m/s2 |a|= 9.838 w=(   0.488,  -0.366,  -1.037) dps T= 34.12 C
t= 4785.122920 a=(  0.584, -6.163,  7.642) m/s2 |a|= 9.835 w=(   0.549,  -0.366,  -0.976) dps T= 34.13 C
t= 4785.223781 a=(  0.575, -6.163,  7.614) m/s2 |a|= 9.812 w=(   0.549,  -0.427,  -1.037) dps T= 34.12 C
t= 4785.324695 a=(  0.570, -6.167,  7.647) m/s2 |a|= 9.841 w=(   0.549,  -0.427,  -1.037) dps T= 34.12 C
t= 4785.425583 a=(  0.555, -6.163,  7.623) m/s2 |a|= 9.818 w=(   0.549,  -0.427,  -1.037) dps T= 34.10 C
t= 4785.526428 a=(  0.560, -6.177,  7.633) m/s2 |a|= 9.835 w=(   0.427,  -0.366,  -0.976) dps T= 34.14 C
t= 4785.627301 a=(  0.560, -6.177,  7.628) m/s2 |a|= 9.831 w=(   0.488,  -0.427,  -0.976) dps T= 34.13 C
t= 4785.728131 a=(  0.579, -6.187,  7.638) m/s2 |a|= 9.846 w=(   0.549,  -0.427,  -1.098) dps T= 34.12 C
t= 4785.828957 a=(  0.579, -6.163,  7.642) m/s2 |a|= 9.835 w=(   0.549,  -0.366,  -1.037) dps T= 34.12 C
t= 4785.929802 a=(  0.579, -6.163,  7.647) m/s2 |a|= 9.838 w=(   0.488,  -0.427,  -1.037) dps T= 34.11 C
t= 4786.030707 a=(  0.575, -6.177,  7.628) m/s2 |a|= 9.832 w=(   0.488,  -0.427,  -1.098) dps T= 34.12 C
