seq=16977 t=5991.955908 mpu_a=-0.0036,19.6127,8.6706 mpu_g=0.9771,0.9771,-0.5725 icm_a=0.8380,-0.4836,9.7683 icm_g=0.0000,-2.1341,0.0000 age_icm_ms=0.59 mpu_sat=2 errors=13/0/0/0 m4_ms=339560
seq=16978 t=5991.975905 mpu_a=-0.0287,19.6127,8.6239 mpu_g=1.1527,0.8473,-0.6031 icm_a=0.8523,-0.4357,9.7300 icm_g=0.5488,-0.6098,0.1220 age_icm_ms=0.36 mpu_sat=2 errors=13/0/0/0 m4_ms=339580
seq=16979 t=5991.995900 mpu_a=-0.0670,19.6127,8.4551 mpu_g=2.0916,1.7634,-0.2519 icm_a=0.8475,-0.3879,9.7157 icm_g=1.0366,-0.6707,-0.5488 age_icm_ms=0.29 mpu_sat=2 errors=13/0/0/0 m4_ms=339600
seq=16980 t=5992.015897 mpu_a=-0.0886,19.6127,8.5832 mpu_g=3.7557,1.2443,-0.0153 icm_a=0.8571,-0.4022,9.7971 icm_g=0.8537,-1.6463,-0.6098 age_icm_ms=0.32 mpu_sat=2 errors=13/0/0/0 m4_ms=339620
seq=16981 t=5992.035894 mpu_a=0.0120,19.6127,8.7915 mpu_g=3.8397,0.6107,-0.5954 icm_a=0.8475,-0.4405,9.8162 icm_g=0.6098,-1.6463,-0.0610 age_icm_ms=0.32 mpu_sat=2 errors=13/0/0/0 m4_ms=339640
seq=16982 t=5992.055891 mpu_a=-0.0515,19.6127,8.7317 mpu_g=2.6489,1.0000,-0.3282 icm_a=0.8428,-0.4214,9.7875 icm_g=-0.6707,-0.6707,0.0610 age_icm_ms=0.32 mpu_sat=2 errors=13/0/0/0 m4_ms=339660
seq=16983 t=5992.075888 mpu_a=-0.0670,19.6127,8.7688 mpu_g=3.5954,1.9466,-0.1527 icm_a=0.8475,-0.4118,9.7444 icm_g=-1.3415,-0.3049,-0.6098 age_icm_ms=0.30 mpu_sat=2 errors=13/0/0/0 m4_ms=339680
seq=16984 t=5992.095885 mpu_a=-0.1041,19.6127,8.6945 mpu_g=4.1221,3.0840,-0.7557 icm_a=0.8380,-0.4357,9.7683 icm_g=0.0000,-0.9756,-0.9146 age_icm_ms=0.33 mpu_sat=2 errors=13/0/0/0 m4_ms=339700
seq=16985 t=5992.115882 mpu_a=-0.0790,19.6127,8.6299 mpu_g=3.6641,2.1679,-1.1374 icm_a=0.8523,-0.4214,9.7636 icm_g=1.2195,-1.0366,-0.6707 age_icm_ms=0.33 mpu_sat=2 errors=13/0/0/0 m4_ms=339720
seq=16986 t=5992.135879 mpu_a=0.0144,19.6127,8.6000 mpu_g=3.2290,0.5496,-0.9542 icm_a=0.8380,-0.4214,9.7683 icm_g=0.2439,-0.1220,-0.1829 age_icm_ms=0.31 mpu_sat=2 errors=13/0/0/0 m4_ms=339740
seq=16987 t=5992.155877 mpu_a=0.0263,19.6127,8.8538 mpu_g=4.1069,0.7634,-0.4656 icm_a=0.8811,-0.4501,9.7731 icm_g=-1.8902,-0.4268,-0.1220 age_icm_ms=0.35 mpu_sat=2 errors=13/0/0/0 m4_ms=339760
seq=16988 t=5992.175873 mpu_a=-0.1101,19.6127,8.8454 mpu_g=4.2748,3.0992,-0.2672 icm_a=0.8523,-0.4357,9.7540 icm_g=-1.2195,-1.5854,-0.6707 age_icm_ms=0.34 mpu_sat=2 errors=13/0/0/0 m4_ms=339780
seq=16989 t=5992.195870 mpu_a=-0.1221,19.6127,8.6131 mpu_g=3.1527,3.4733,-0.6718 icm_a=0.8523,-0.4070,9.7588 icm_g=1.0976,-1.3415,-0.9146 age_icm_ms=0.35 mpu_sat=2 errors=13/0/0/0 m4_ms=339800
seq=16990 t=5992.215867 mpu_a=-0.0120,19.6127,8.4408 mpu_g=2.6336,1.5420,-1.0458 icm_a=0.8619,-0.4262,9.7061 icm_g=1.4634,-0.3049,-0.3659 age_icm_ms=0.35 mpu_sat=2 errors=13/0/0/0 m4_ms=339820
seq=16991 t=5992.235864 mpu_a=0.0599,19.6127,8.7173 mpu_g=3.8397,-0.1450,-0.7786 icm_a=0.8906,-0.4645,9.7300 icm_g=0.3049,-0.1829,0.7317 age_icm_ms=0.37 mpu_sat=2 errors=13/0/0/0 m4_ms=339840
seq=16992 t=5992.255861 mpu_a=-0.0204,19.6127,8.7293 mpu_g=4.4122,0.9924,0.1298 icm_a=0.9146,-0.4214,9.7779 icm_g=1.2195,-1.2805,0.9146 age_icm_ms=0.31 mpu_sat=2 errors=13/0/0/0 m4_ms=339860
seq=16993 t=5992.275859 mpu_a=-0.1101,19.6127,8.7915 mpu_g=3.8092,1.2137,0.8244 icm_a=0.8906,-0.4262,9.7636 icm_g=1.7683,-2.8049,0.3659 age_icm_ms=0.33 mpu_sat=2 errors=13/0/0/0 m4_ms=339880
seq=16994 t=5992.295857 mpu_a=-0.1030,19.6127,8.7795 mpu_g=2.1679,-0.1298,0.4733 icm_a=0.9050,-0.4166,9.7827 icm_g=0.7927,-1.5244,-0.0610 age_icm_ms=0.34 mpu_sat=2 errors=13/0/0/0 m4_ms=339900
seq=16995 t=5992.315854 mpu_a=-0.0874,19.6127,8.4443 mpu_g=1.6794,0.3435,0.0000 icm_a=0.8763,-0.4214,9.7348 icm_g=-0.1829,1.6463,-0.4268 age_icm_ms=0.32 mpu_sat=2 errors=13/0/0/0 m4_ms=339920
seq=16996 t=5992.335854 mpu_a=-0.0539,19.6127,8.4025 mpu_g=4.3588,1.3969,-0.4962 icm_a=0.8715,-0.4310,9.7013 icm_g=-0.2439,2.7439,-0.5488 age_icm_ms=0.38 mpu_sat=2 errors=13/0/0/0 m4_ms=339940
seq=16997 t=5992.355854 mpu_a=-0.0563,19.6127,8.6622 mpu_g=7.0611,2.0229,-0.8092 icm_a=0.8763,-0.4357,9.7540 icm_g=0.1220,1.4024,-0.5488 age_icm_ms=0.42 mpu_sat=2 errors=13/0/0/0 m4_ms=339960
seq=16998 t=5992.375853 mpu_a=-0.0670,19.6127,8.8562 mpu_g=6.9008,1.8626,-0.8473 icm_a=0.8763,-0.4549,9.7683 icm_g=0.3659,-0.3049,-0.4268 age_icm_ms=0.37 mpu_sat=2 errors=13/0/0/0 m4_ms=339980
seq=16999 t=5992.395853 mpu_a=-0.0503,19.6127,8.8526 mpu_g=5.0611,1.3893,-0.7710 icm_a=0.8715,-0.4501,9.7588 icm_g=0.4268,-0.7927,-0.0610 age_icm_ms=0.53 mpu_sat=2 errors=13/0/0/0 m4_ms=340000
seq=17000 t=5992.415853 mpu_a=-0.0754,19.6127,8.6754 mpu_g=3.6947,1.4733,-0.3740 icm_a=0.8619,-0.4357,9.7348 icm_g=0.9146,-0.5488,-0.1829 age_icm_ms=0.38 mpu_sat=2 errors=13/0/0/0 m4_ms=340020
seq=17001 t=5992.435852 mpu_a=-0.0994,19.6127,8.5377 mpu_g=3.6031,1.2595,-0.1832 icm_a=0.8811,-0.4022,9.7348 icm_g=1.4634,0.1829,-0.5488 age_icm_ms=0.38 mpu_sat=2 errors=13/0/0/0 m4_ms=340040
seq=17002 t=5992.455851 mpu_a=-0.0982,19.6127,8.5784 mpu_g=4.0687,0.5344,-0.3817 icm_a=0.8954,-0.4214,9.7971 icm_g=1.0976,0.9756,-1.2805 age_icm_ms=0.36 mpu_sat=2 errors=13/0/0/0 m4_ms=340060
seq=17003 t=5992.475850 mpu_a=-0.0802,19.6127,8.6826 mpu_g=4.8321,0.2137,-0.9160 icm_a=0.8715,-0.4310,9.7875 icm_g=-0.5488,1.1585,-1.6463 age_icm_ms=0.38 mpu_sat=2 errors=13/0/0/0 m4_ms=340080
seq=17004 t=5992.495850 mpu_a=-0.0335,19.6127,8.9124 mpu_g=5.5191,0.8321,-1.5802 icm_a=0.8619,-0.4645,9.7875 icm_g=-0.9756,0.9146,-2.0122 age_icm_ms=0.41 mpu_sat=2 errors=13/0/0/0 m4_ms=340100
seq=17005 t=5992.515848 mpu_a=-0.1018,19.6127,8.6981 mpu_g=5.5038,2.5496,-1.9847 icm_a=0.8475,-0.4310,9.7444 icm_g=0.5488,0.6098,-2.1951 age_icm_ms=0.36 mpu_sat=2 errors=13/0/0/0 m4_ms=340120
seq=17006 t=5992.535847 mpu_a=-0.0850,19.6127,8.5832 mpu_g=5.1603,2.3817,-2.2977 icm_a=0.8667,-0.3974,9.7205 icm_g=0.9756,0.2439,-1.7683 age_icm_ms=0.34 mpu_sat=2 errors=13/0/0/0 m4_ms=340140
seq=17007 t=5992.555846 mpu_a=0.0694,19.6127,8.6910 mpu_g=4.9618,0.8321,-2.3740 icm_a=0.8811,-0.4214,9.7636 icm_g=0.1829,-0.1220,-0.5488 age_icm_ms=0.34 mpu_sat=2 errors=13/0/0/0 m4_ms=340160
seq=17008 t=5992.575844 mpu_a=0.0814,19.6127,8.7855 mpu_g=4.6412,0.6336,-1.6947 icm_a=0.8859,-0.4022,9.8162 icm_g=0.1829,-0.0610,0.1220 age_icm_ms=0.36 mpu_sat=2 errors=13/0/0/0 m4_ms=340180
seq=17009 t=5992.595844 mpu_a=0.0144,19.6127,8.7077 mpu_g=4.2214,1.7405,-0.5649 icm_a=0.9194,-0.3687,9.8354 icm_g=0.7927,0.1829,-0.2439 age_icm_ms=0.38 mpu_sat=2 errors=13/0/0/0 m4_ms=340200
seq=17010 t=5992.615846 mpu_a=-0.0551,19.6127,8.7137 mpu_g=4.3664,1.4427,-0.0153 icm_a=0.9194,-0.3591,9.8210 icm_g=-0.6098,-0.0610,-1.3415 age_icm_ms=0.43 mpu_sat=2 errors=13/0/0/0 m4_ms=340220
seq=17011 t=5992.635845 mpu_a=-0.1089,19.6127,8.9507 mpu_g=4.5573,0.8931,-0.5344 icm_a=0.9146,-0.4022,9.8402 icm_g=-1.4634,0.4878,-1.8293 age_icm_ms=0.37 mpu_sat=2 errors=13/0/0/0 m4_ms=340240
seq=17012 t=5992.655845 mpu_a=-0.0275,19.6127,8.7197 mpu_g=4.2901,2.3893,-1.6870 icm_a=0.9242,-0.3926,9.8019 icm_g=-0.7317,1.2805,-1.2195 age_icm_ms=0.38 mpu_sat=2 errors=13/0/0/0 m4_ms=340260
seq=17013 t=5992.675844 mpu_a=0.0215,19.6127,8.6407 mpu_g=4.9237,3.1221,-2.0840 icm_a=0.9002,-0.4118,9.7300 icm_g=-1.5244,1.4024,0.1829 age_icm_ms=0.37 mpu_sat=2 errors=13/0/0/0 m4_ms=340280
seq=17014 t=5992.695843 mpu_a=0.1053,19.6127,8.7592 mpu_g=5.7328,2.3740,-1.4122 icm_a=0.8475,-0.4693,9.7540 icm_g=-1.8293,1.6463,1.8293 age_icm_ms=0.35 mpu_sat=2 errors=13/0/0/0 m4_ms=340300
seq=17015 t=5992.715841 mpu_a=0.1161,19.6127,8.6634 mpu_g=5.8626,3.2137,-0.1145 icm_a=0.8667,-0.4022,9.7971 icm_g=-0.6707,1.6463,2.1341 age_icm_ms=0.36 mpu_sat=2 errors=13/0/0/0 m4_ms=340320
seq=17016 t=5992.735842 mpu_a=-0.1041,19.6127,8.6095 mpu_g=6.0763,3.5954,1.5191 icm_a=0.8092,-0.4214,9.8689 icm_g=-1.0976,1.4024,1.0366 age_icm_ms=0.38 mpu_sat=2 errors=13/0/0/0 m4_ms=340340
seq=17017 t=5992.755840 mpu_a=-0.1113,19.6127,8.8370 mpu_g=6.1145,2.5191,1.8626 icm_a=0.8140,-0.4549,9.8976 icm_g=-1.3415,1.7073,0.0000 age_icm_ms=0.39 mpu_sat=2 errors=13/0/0/0 m4_ms=340360
seq=17018 t=5992.775838 mpu_a=-0.1760,19.6127,8.7771 mpu_g=5.7176,2.7634,0.7710 icm_a=0.8715,-0.4741,9.7492 icm_g=-2.6220,0.7927,-1.2195 age_icm_ms=0.40 mpu_sat=2 errors=13/0/0/0 m4_ms=340380
seq=17019 t=5992.795837 mpu_a=-0.2382,19.6127,8.9495 mpu_g=6.0382,2.9389,-0.2443 icm_a=0.8523,-0.5028,9.6774 icm_g=-3.2927,0.3049,-1.5244 age_icm_ms=0.40 mpu_sat=2 errors=13/0/0/0 m4_ms=340400
seq=17020 t=5992.815837 mpu_a=-0.1245,19.6127,8.7233 mpu_g=5.2748,4.0458,-1.5038 icm_a=0.8715,-0.5076,9.6438 icm_g=-2.7439,1.5854,-0.6098 age_icm_ms=0.41 mpu_sat=2 errors=13/0/0/0 m4_ms=340420
seq=17021 t=5992.835836 mpu_a=-0.0371,19.6127,8.4360 mpu_g=4.5725,5.0000,-1.9160 icm_a=0.8619,-0.5171,9.5816 icm_g=-2.6829,2.6220,0.5488 age_icm_ms=0.42 mpu_sat=2 errors=13/0/0/0 m4_ms=340440
seq=17022 t=5992.855835 mpu_a=-0.0335,19.6127,8.3953 mpu_g=5.7328,4.4504,-1.0763 icm_a=0.8859,-0.5171,9.6151 icm_g=-2.3780,2.3171,0.7927 age_icm_ms=0.35 mpu_sat=2 errors=13/0/0/0 m4_ms=340460
seq=17023 t=5992.875834 mpu_a=-0.1544,19.6127,8.4120 mpu_g=6.8397,4.3511,0.5344 icm_a=0.7901,-0.5267,9.6438 icm_g=-0.4878,2.1951,1.0976 age_icm_ms=0.35 mpu_sat=2 errors=13/0/0/0 m4_ms=340480
seq=17024 t=5992.895832 mpu_a=-0.1568,19.6127,8.5090 mpu_g=6.6336,2.5802,0.7939 icm_a=0.7805,-0.5890,9.6726 icm_g=-0.6707,2.8049,0.9756 age_icm_ms=0.34 mpu_sat=2 errors=13/0/0/0 m4_ms=340500
seq=17025 t=5992.915830 mpu_a=-0.3005,19.6127,8.5880 mpu_g=7.0229,2.0153,0.8473 icm_a=0.7470,-0.6321,9.7779 icm_g=-2.9268,5.0000,0.1829 age_icm_ms=0.34 mpu_sat=2 errors=13/0/0/0 m4_ms=340520
seq=17026 t=5992.935830 mpu_a=-0.3304,19.6127,8.4432 mpu_g=8.6107,4.1298,-0.0229 icm_a=0.7901,-0.6081,9.7636 icm_g=-3.4756,7.6829,-1.2195 age_icm_ms=0.36 mpu_sat=2 errors=13/0/0/0 m4_ms=340540
seq=17027 t=5992.955828 mpu_a=-0.3831,19.6127,8.6215 mpu_g=11.6794,5.0992,-1.2748 icm_a=0.7135,-0.5746,9.6869 icm_g=-2.6829,7.3780,-2.3171 age_icm_ms=0.35 mpu_sat=2 errors=13/0/0/0 m4_ms=340560
seq=17028 t=5992.975827 mpu_a=-0.2035,19.6127,8.7173 mpu_g=12.1450,4.6183,-2.5954 icm_a=0.7087,-0.5698,9.6822 icm_g=-0.6098,5.3049,-2.1951 age_icm_ms=0.36 mpu_sat=2 errors=13/0/0/0 m4_ms=340580
seq=17029 t=5992.995826 mpu_a=-0.1987,19.6127,8.6706 mpu_g=10.3053,2.8626,-2.6718 icm_a=0.6464,-0.6177,9.7061 icm_g=1.3415,3.8415,-1.4634 age_icm_ms=0.36 mpu_sat=2 errors=13/0/0/0 m4_ms=340600
seq=17030 t=5993.015825 mpu_a=-0.1879,19.6127,8.6371 mpu_g=8.5115,0.6718,-2.0153 icm_a=0.6656,-0.5555,9.8114 icm_g=1.3415,4.3902,-1.3415 age_icm_ms=0.35 mpu_sat=2 errors=13/0/0/0 m4_ms=340620
seq=17031 t=5993.035823 mpu_a=-0.2454,19.6127,8.6550 mpu_g=8.3282,0.0992,-1.3969 icm_a=0.6895,-0.5698,9.8641 icm_g=-0.4268,5.6707,-2.4390 age_icm_ms=0.34 mpu_sat=2 errors=13/0/0/0 m4_ms=340640
seq=17032 t=5993.055824 mpu_a=-0.2993,19.6127,8.7963 mpu_g=9.5573,1.2901,-2.1374 icm_a=0.5890,-0.5698,9.8928 icm_g=-1.0976,6.1585,-3.1707 age_icm_ms=0.40 mpu_sat=2 errors=13/0/0/0 m4_ms=340660
seq=17033 t=5993.075825 mpu_a=-0.1580,19.6127,8.9016 mpu_g=10.4809,2.6107,-3.2443 icm_a=0.5746,-0.5411,9.7971 icm_g=-2.9878,4.5122,-2.9268 age_icm_ms=0.38 mpu_sat=2 errors=13/0/0/0 m4_ms=340680
seq=17034 t=5993.095825 mpu_a=-0.0682,19.6127,9.1842 mpu_g=9.8473,3.2137,-3.3969 icm_a=0.6752,-0.5459,9.8162 icm_g=-4.5732,2.9268,-2.9878 age_icm_ms=0.38 mpu_sat=2 errors=13/0/0/0 m4_ms=340700
seq=17035 t=5993.115825 mpu_a=-0.1903,19.6127,8.7556 mpu_g=7.8473,5.7939,-3.2672 icm_a=0.6608,-0.5171,9.8545 icm_g=-2.9268,3.3537,-2.9268 age_icm_ms=0.37 mpu_sat=2 errors=13/0/0/0 m4_ms=340720
seq=17036 t=5993.135825 mpu_a=-0.1472,19.6127,8.5712 mpu_g=7.2137,5.5191,-3.4046 icm_a=0.6225,-0.5315,9.8210 icm_g=-2.4390,3.1707,-1.9512 age_icm_ms=0.39 mpu_sat=2 errors=13/0/0/0 m4_ms=340740
seq=17037 t=5993.155825 mpu_a=-0.0156,19.6127,8.9208 mpu_g=7.8779,3.8015,-2.9084 icm_a=0.5890,-0.6369,9.8497 icm_g=-3.9024,2.0732,-0.7927 age_icm_ms=0.37 mpu_sat=2 errors=13/0/0/0 m4_ms=340760
seq=17038 t=5993.175825 mpu_a=-0.1772,19.6127,8.9124 mpu_g=7.1145,4.6947,-1.7863 icm_a=0.5938,-0.6369,9.8019 icm_g=-3.9634,1.6463,-0.5488 age_icm_ms=0.37 mpu_sat=2 errors=13/0/0/0 m4_ms=340780
seq=17039 t=5993.195827 mpu_a=-0.3136,19.6127,8.7340 mpu_g=6.2137,5.8550,-0.8931 icm_a=0.5555,-0.6177,9.7683 icm_g=-2.6220,0.7317,-1.5244 age_icm_ms=0.44 mpu_sat=2 errors=13/0/0/0 m4_ms=340800
seq=17040 t=5993.215828 mpu_a=-0.3783,19.6127,8.6670 mpu_g=5.8015,5.1832,-1.2366 icm_a=0.5555,-0.7039,9.7205 icm_g=-1.3415,-1.0366,-2.1341 age_icm_ms=0.42 mpu_sat=2 errors=13/0/0/0 m4_ms=340820
seq=17041 t=5993.235830 mpu_a=-0.3196,19.6127,8.7556 mpu_g=4.4809,3.5954,-2.1527 icm_a=0.5411,-0.7757,9.7013 icm_g=-1.4634,-2.2561,-1.9512 age_icm_ms=0.43 mpu_sat=2 errors=13/0/0/0 m4_ms=340840
seq=17042 t=5993.255829 mpu_a=-0.3543,19.6127,8.7436 mpu_g=2.6947,2.8092,-2.3664 icm_a=0.4980,-0.7518,9.7157 icm_g=-2.7439,-0.7317,-1.8293 age_icm_ms=0.44 mpu_sat=2 errors=13/0/0/0 m4_ms=340860
seq=17043 t=5993.275829 mpu_a=-0.3771,19.6127,8.4443 mpu_g=2.2366,3.5573,-2.0992 icm_a=0.5698,-0.6991,9.6965 icm_g=-3.5366,1.9512,-3.1098 age_icm_ms=0.42 mpu_sat=2 errors=13/0/0/0 m4_ms=340880
seq=17044 t=5993.295828 mpu_a=-0.5315,19.6127,8.4467 mpu_g=4.5344,4.5496,-2.2748 icm_a=0.6416,-0.7326,9.6869 icm_g=-3.8415,3.0488,-5.9756 age_icm_ms=0.42 mpu_sat=2 errors=13/0/0/0 m4_ms=340900
seq=17045 t=5993.315828 mpu_a=-0.6644,19.6127,8.5952 mpu_g=6.9924,5.3282,-4.2061 icm_a=0.6321,-0.7470,9.6486 icm_g=-1.9512,1.8902,-7.1951 age_icm_ms=0.40 mpu_sat=2 errors=13/0/0/0 m4_ms=340920
seq=17046 t=5993.335827 mpu_a=-0.4130,19.6127,8.6143 mpu_g=7.2443,5.0229,-7.0611 icm_a=0.5650,-0.7230,9.6151 icm_g=0.7927,-0.9146,-5.4878 age_icm_ms=0.36 mpu_sat=2 errors=13/0/0/0 m4_ms=340940
seq=17047 t=5993.355826 mpu_a=-0.1844,19.6127,8.6898 mpu_g=5.5191,2.6641,-7.2977 icm_a=0.7087,-0.7087,9.5385 icm_g=3.0488,-1.7683,-3.2927 age_icm_ms=0.35 mpu_sat=2 errors=13/0/0/0 m4_ms=340960
seq=17048 t=5993.375825 mpu_a=-0.1532,19.6127,8.3270 mpu_g=2.9618,0.0916,-5.0305 icm_a=0.8667,-0.6177,9.5672 icm_g=4.0244,0.4878,-1.3415 age_icm_ms=0.36 mpu_sat=2 errors=13/0/0/0 m4_ms=340980
seq=17049 t=5993.395825 mpu_a=-0.1448,19.6127,8.1391 mpu_g=2.6870,-1.7099,-2.8321 icm_a=0.8523,-0.5124,9.6295 icm_g=4.4512,3.9024,0.7927 age_icm_ms=0.36 mpu_sat=2 errors=13/0/0/0 m4_ms=341000
seq=17050 t=5993.415824 mpu_a=0.0084,19.6127,8.1858 mpu_g=5.4198,-2.5038,-0.9695 icm_a=0.7039,-0.4932,9.7444 icm_g=3.7805,4.8171,2.5610 age_icm_ms=0.37 mpu_sat=2 errors=13/0/0/0 m4_ms=341020
seq=17051 t=5993.435824 mpu_a=0.0587,19.6127,8.6910 mpu_g=8.8321,-2.7176,1.1069 icm_a=0.5459,-0.6512,9.8881 icm_g=2.2561,2.9268,2.3171 age_icm_ms=0.37 mpu_sat=2 errors=13/0/0/0 m4_ms=341040
seq=17052 t=5993.455824 mpu_a=-0.2586,19.6127,9.0824 mpu_g=9.2672,-1.7939,2.5344 icm_a=0.3591,-0.7326,10.1131 icm_g=0.0000,0.7927,1.1585 age_icm_ms=0.38 mpu_sat=2 errors=13/0/0/0 m4_ms=341060
seq=17053 t=5993.475823 mpu_a=-0.4441,19.6127,9.3302 mpu_g=7.1069,-0.0382,1.9924 icm_a=0.3160,-0.7230,10.0748 icm_g=-0.6098,0.1220,-0.3049 age_icm_ms=0.37 mpu_sat=2 errors=13/0/0/0 m4_ms=341080
seq=17054 t=5993.495823 mpu_a=-0.4776,19.6127,9.0680 mpu_g=5.0000,2.1374,0.7786 icm_a=0.4453,-0.6847,9.8928 icm_g=-0.4268,-1.2195,-2.5000 age_icm_ms=0.37 mpu_sat=2 errors=13/0/0/0 m4_ms=341100
seq=17055 t=5993.515822 mpu_a=-0.5698,19.6127,8.9962 mpu_g=4.4275,2.3740,-0.7023 icm_a=0.5746,-0.6321,9.7252 icm_g=-0.4878,-2.5610,-3.8415 age_icm_ms=0.37 mpu_sat=2 errors=13/0/0/0 m4_ms=341120
seq=17056 t=5993.535822 mpu_a=-0.3974,19.6127,8.8585 mpu_g=3.0076,1.9466,-2.8168 icm_a=0.6656,-0.6081,9.6965 icm_g=-0.7317,-0.7317,-3.2317 age_icm_ms=0.38 mpu_sat=2 errors=13/0/0/0 m4_ms=341140
seq=17057 t=5993.555824 mpu_a=-0.1736,19.6127,8.4767 mpu_g=1.7099,2.0076,-4.0611 icm_a=0.7039,-0.6177,9.5768 icm_g=1.2195,3.1707,-1.3415 age_icm_ms=0.56 mpu_sat=2 errors=13/0/0/0 m4_ms=341160
seq=17058 t=5993.575824 mpu_a=-0.0682,19.6127,8.0325 mpu_g=3.5191,2.1679,-3.4504 icm_a=0.7326,-0.4645,9.7779 icm_g=-1.7073,6.5244,-0.1829 age_icm_ms=0.39 mpu_sat=2 errors=13/0/0/0 m4_ms=341180
seq=17059 t=5993.595825 mpu_a=-0.1329,19.6127,8.2121 mpu_g=7.5344,0.4733,-1.5191 icm_a=0.5315,-0.7183,9.8066 icm_g=-6.5244,9.9390,-2.1341 age_icm_ms=0.53 mpu_sat=2 errors=13/0/0/0 m4_ms=341200
seq=17060 t=5993.615826 mpu_a=-0.3340,19.6127,8.7664 mpu_g=10.8092,2.3359,-0.4809 icm_a=0.3496,-0.6800,9.6726 icm_g=-3.4146,10.3659,-7.5610 age_icm_ms=0.42 mpu_sat=2 errors=13/0/0/0 m4_ms=341220
seq=17061 t=5993.635827 mpu_a=-0.9732,19.6127,8.3462 mpu_g=14.2137,8.0305,-2.5573 icm_a=0.3448,-0.7805,9.7348 icm_g=-3.9634,8.5366,-11.9512 age_icm_ms=0.43 mpu_sat=2 errors=13/0/0/0 m4_ms=341240
seq=17062 t=5993.655829 mpu_a=-0.7937,19.6127,8.9340 mpu_g=14.8168,5.0687,-7.4504 icm_a=0.3496,-0.9194,9.8210 icm_g=-3.5366,6.6463,-8.2317 age_icm_ms=0.40 mpu_sat=2 errors=13/0/0/0 m4_ms=341260
seq=17063 t=5993.675828 mpu_a=-0.0730,19.6127,8.7724 mpu_g=12.9466,5.1527,-12.3359 icm_a=0.3352,-0.8236,9.8545 icm_g=-2.1951,3.2927,-4.8171 age_icm_ms=0.39 mpu_sat=2 errors=13/0/0/0 m4_ms=341280
seq=17064 t=5993.695829 mpu_a=-0.1556,19.6127,8.9687 mpu_g=11.2977,4.9847,-9.6107 icm_a=0.4214,-0.6943,9.8354 icm_g=-0.7927,0.0610,-3.8415 age_icm_ms=0.41 mpu_sat=2 errors=13/0/0/0 m4_ms=341300
seq=17065 t=5993.715830 mpu_a=-0.2239,19.6127,8.7173 mpu_g=4.9084,2.7023,-4.1221 icm_a=0.5363,-0.5219,9.8258 icm_g=0.6707,-0.4878,-3.2317 age_icm_ms=0.38 mpu_sat=2 errors=13/0/0/0 m4_ms=341320
seq=17066 t=5993.735830 mpu_a=-0.2059,19.6127,8.6694 mpu_g=3.6641,1.0534,-3.4351 icm_a=0.4070,-0.6512,9.7636 icm_g=0.9756,0.4268,-4.3293 age_icm_ms=0.40 mpu_sat=2 errors=13/0/0/0 m4_ms=341340
seq=17067 t=5993.755832 mpu_a=-0.4621,19.6127,8.4743 mpu_g=4.5038,0.7786,-3.9847 icm_a=0.4645,-0.7135,9.6630 icm_g=2.1951,1.1585,-4.5122 age_icm_ms=0.41 mpu_sat=2 errors=13/0/0/0 m4_ms=341360
seq=17068 t=5993.775831 mpu_a=-0.1065,19.6127,8.5413 mpu_g=5.3435,-0.5649,-4.9466 icm_a=0.5411,-0.7135,9.7396 icm_g=0.8537,2.2561,-1.8902 age_icm_ms=0.40 mpu_sat=2 errors=13/0/0/0 m4_ms=341380
seq=17069 t=5993.795830 mpu_a=-0.1161,19.6127,8.6898 mpu_g=6.1756,0.0305,-2.9771 icm_a=0.4932,-0.7230,9.7779 icm_g=-1.6463,3.5366,-1.1585 age_icm_ms=0.41 mpu_sat=2 errors=13/0/0/0 m4_ms=341400
seq=17070 t=5993.815829 mpu_a=-0.4956,19.6127,8.7472 mpu_g=7.6412,2.5725,-1.2061 icm_a=0.3831,-0.5986,9.8545 icm_g=-1.8902,3.7195,-2.6829 age_icm_ms=0.41 mpu_sat=2 errors=13/0/0/0 m4_ms=341420
seq=17071 t=5993.835828 mpu_a=-0.2897,19.6127,8.7580 mpu_g=8.2290,3.8550,-2.4656 icm_a=0.4070,-0.6512,9.8019 icm_g=-1.5854,2.2561,-2.6220 age_icm_ms=0.41 mpu_sat=2 errors=13/0/0/0 m4_ms=341440
seq=17072 t=5993.855828 mpu_a=-0.1532,19.6127,9.0010 mpu_g=7.3893,2.9847,-3.2672 icm_a=0.3543,-0.8332,9.8258 icm_g=-1.7683,0.9146,-1.4024 age_icm_ms=0.41 mpu_sat=2 errors=13/0/0/0 m4_ms=341460
seq=17073 t=5993.875827 mpu_a=-0.3771,19.6127,8.7017 mpu_g=5.5649,3.4275,-2.1679 icm_a=0.2634,-0.8140,9.7348 icm_g=0.1220,0.6098,-0.1829 age_icm_ms=0.36 mpu_sat=2 errors=13/0/0/0 m4_ms=341480
seq=17074 t=5993.895826 mpu_a=-0.4010,19.6127,8.6706 mpu_g=5.2366,2.5649,-0.8702 icm_a=0.3783,-0.6991,9.7348 icm_g=1.2195,-1.6463,-0.3049 age_icm_ms=0.35 mpu_sat=2 errors=13/0/0/0 m4_ms=341500
seq=17075 t=5993.915825 mpu_a=-0.3879,19.6127,8.9567 mpu_g=4.0076,0.6718,-0.1603 icm_a=0.4405,-0.7518,9.8114 icm_g=0.7927,-3.1098,-0.7927 age_icm_ms=0.35 mpu_sat=2 errors=13/0/0/0 m4_ms=341520
seq=17076 t=5993.935824 mpu_a=-0.3651,19.6127,8.7125 mpu_g=1.5802,0.6031,-0.7176 icm_a=0.4453,-0.7374,9.7731 icm_g=0.3659,-1.4634,-0.8537 age_icm_ms=0.35 mpu_sat=2 errors=13/0/0/0 m4_ms=341540
seq=17077 t=5993.955824 mpu_a=-0.3519,19.6127,8.4922 mpu_g=1.7786,1.0763,-1.0382 icm_a=0.4453,-0.7661,9.6151 icm_g=-0.0610,0.6098,-0.8537 age_icm_ms=0.37 mpu_sat=2 errors=13/0/0/0 m4_ms=341560
seq=17078 t=5993.975825 mpu_a=-0.3663,19.6127,8.4384 mpu_g=4.1221,1.4275,-1.0687 icm_a=0.4549,-0.7614,9.6247 icm_g=-0.3049,2.1341,-0.3049 age_icm_ms=0.38 mpu_sat=2 errors=13/0/0/0 m4_ms=341580
seq=17079 t=5993.995823 mpu_a=-0.3388,19.6127,8.4324 mpu_g=5.7863,1.9313,-0.9084 icm_a=0.4070,-0.7230,9.7109 icm_g=-0.5488,3.3537,-0.2439 age_icm_ms=0.35 mpu_sat=2 errors=13/0/0/0 m4_ms=341600
seq=17080 t=5994.015822 mpu_a=-0.4058,19.6127,8.5485 mpu_g=7.1069,2.0687,-0.4351 icm_a=0.4070,-0.7374,9.8450 icm_g=-0.9756,4.2073,-1.0976 age_icm_ms=0.36 mpu_sat=2 errors=13/0/0/0 m4_ms=341620
seq=17081 t=5994.035822 mpu_a=-0.4190,19.6127,8.7759 mpu_g=8.2290,2.4198,-0.8168 icm_a=0.4357,-0.7374,9.8737 icm_g=-0.1220,3.6585,-1.2195 age_icm_ms=0.37 mpu_sat=2 errors=13/0/0/0 m4_ms=341640
seq=17082 t=5994.055822 mpu_a=-0.3472,19.6127,8.8597 mpu_g=8.5649,2.5038,-1.5954 icm_a=0.3400,-0.7566,9.7731 icm_g=0.6707,2.5610,-1.0366 age_icm_ms=0.38 mpu_sat=2 errors=13/0/0/0 m4_ms=341660
seq=17083 t=5994.075822 mpu_a=-0.3555,19.6127,8.7544 mpu_g=7.5802,1.4198,-1.4351 icm_a=0.3017,-0.7709,9.7827 icm_g=0.4268,3.7805,-1.5854 age_icm_ms=0.37 mpu_sat=2 errors=13/0/0/0 m4_ms=341680
seq=17084 t=5994.095821 mpu_a=-0.5040,19.6127,8.4551 mpu_g=6.9084,0.8702,-1.2901 icm_a=0.3400,-0.7805,9.8019 icm_g=-0.6098,8.4146,-2.7439 age_icm_ms=0.37 mpu_sat=2 errors=13/0/0/0 m4_ms=341700
seq=17085 t=5994.115820 mpu_a=-0.5459,19.6127,8.2636 mpu_g=9.4198,1.4275,-2.1832 icm_a=0.3208,-0.8045,9.6486 icm_g=-0.9146,11.7683,-2.5610 age_icm_ms=0.36 mpu_sat=2 errors=13/0/0/0 m4_ms=341720
seq=17086 t=5994.135819 mpu_a=-0.3316,19.6127,8.3965 mpu_g=14.1221,2.2366,-3.2595 icm_a=0.3065,-0.6943,9.6678 icm_g=-1.4024,12.4390,-1.2805 age_icm_ms=0.36 mpu_sat=2 errors=13/0/0/0 m4_ms=341740
seq=17087 t=5994.155819 mpu_a=-0.2478,19.6127,8.5784 mpu_g=16.4809,2.4885,-2.5649 icm_a=0.2921,-0.7661,9.7205 icm_g=-0.2439,15.1220,-1.0366 age_icm_ms=0.36 mpu_sat=2 errors=13/0/0/0 m4_ms=341760
seq=17088 t=5994.175818 mpu_a=-0.4094,19.6127,8.1104 mpu_g=17.0229,3.0229,-1.5420 icm_a=0.2969,-0.6656,9.7588 icm_g=2.8049,21.4634,-1.7683 age_icm_ms=0.36 mpu_sat=2 errors=13/0/0/0 m4_ms=341780
seq=17089 t=5994.195820 mpu_a=-0.5112,19.6127,7.7704 mpu_g=20.7176,1.1374,-1.5496 icm_a=0.0958,-0.6177,9.8258 icm_g=4.6341,25.4268,-2.3780 age_icm_ms=0.42 mpu_sat=2 errors=13/0/0/0 m4_ms=341800
seq=17090 t=5994.215821 mpu_a=-0.2861,19.6127,8.3378 mpu_g=27.0992,-1.9389,-2.2824 icm_a=-0.1006,-0.7422,9.8019 icm_g=3.9024,23.6585,-2.0122 age_icm_ms=0.38 mpu_sat=2 errors=13/0/0/0 m4_ms=341820
seq=17091 t=5994.235821 mpu_a=-0.1951,19.6127,9.1387 mpu_g=29.9389,-3.3511,-2.6641 icm_a=-0.2155,-0.7997,9.8545 icm_g=2.3171,19.4512,-2.2561 age_icm_ms=0.38 mpu_sat=2 errors=13/0/0/0 m4_ms=341840
seq=17092 t=5994.255822 mpu_a=-0.4369,19.6127,9.2249 mpu_g=27.3053,-2.0840,-2.1527 icm_a=-0.2107,-0.7135,9.8545 icm_g=1.8293,17.1341,-3.7195 age_icm_ms=0.40 mpu_sat=2 errors=13/0/0/0 m4_ms=341860
seq=17093 t=5994.275822 mpu_a=-0.4226,19.6127,8.9555 mpu_g=23.1527,-0.7405,-2.8779 icm_a=-0.1437,-0.7566,9.8306 icm_g=2.2561,14.1463,-2.5610 age_icm_ms=0.39 mpu_sat=2 errors=13/0/0/0 m4_ms=341880
seq=17094 t=5994.295823 mpu_a=-0.2227,19.6127,9.0214 mpu_g=21.0687,-0.3130,-3.9847 icm_a=-0.2251,-0.6656,9.8114 icm_g=2.8659,10.4878,-2.7439 age_icm_ms=0.38 mpu_sat=2 errors=13/0/0/0 m4_ms=341900
seq=17095 t=5994.315823 mpu_a=-0.3974,19.6127,9.0597 mpu_g=17.9008,-0.8397,-2.7939 icm_a=-0.3448,-0.6943,9.9264 icm_g=4.6341,10.6098,-2.8659 age_icm_ms=0.38 mpu_sat=2 errors=13/0/0/0 m4_ms=341920
seq=17096 t=5994.335823 mpu_a=-0.3543,19.6127,8.4970 mpu_g=14.4275,-1.3969,-3.0000 icm_a=-0.4118,-0.7230,9.9072 icm_g=6.4024,13.3537,-1.4024 age_icm_ms=0.39 mpu_sat=2 errors=13/0/0/0 m4_ms=341940
seq=17097 t=5994.355824 mpu_a=-0.1975,19.6127,8.3857 mpu_g=14.8779,-3.2290,-2.9389 icm_a=-0.4405,-0.6895,9.7636 icm_g=5.1220,13.7805,0.7317 age_icm_ms=0.40 mpu_sat=2 errors=13/0/0/0 m4_ms=341960
seq=17098 t=5994.375826 mpu_a=-0.0898,19.6127,8.8095 mpu_g=17.6718,-4.9466,-1.5267 icm_a=-0.3304,-0.6704,9.6869 icm_g=1.7073,12.6220,0.9756 age_icm_ms=0.39 mpu_sat=2 errors=13/0/0/0 m4_ms=341980
seq=17099 t=5994.395824 mpu_a=-0.2263,19.6127,8.9974 mpu_g=18.2366,-3.7557,0.5115 icm_a=-0.1772,-0.7039,9.7444 icm_g=1.0976,15.6098,0.0610 age_icm_ms=0.39 mpu_sat=2 errors=13/0/0/0 m4_ms=342000
seq=17100 t=5994.415824 mpu_a=-0.3424,19.6127,8.4048 mpu_g=16.8931,-0.2290,0.7557 icm_a=-0.3448,-0.6464,9.6774 icm_g=2.1951,21.4024,-0.7317 age_icm_ms=0.40 mpu_sat=2 errors=13/0/0/0 m4_ms=342020
seq=17101 t=5994.435823 mpu_a=-0.4106,19.6127,7.9224 mpu_g=19.3664,0.8092,-0.2366 icm_a=-0.5171,-0.6225,9.7061 icm_g=3.7195,26.4634,-1.5854 age_icm_ms=0.40 mpu_sat=2 errors=13/0/0/0 m4_ms=342040
seq=17102 t=5994.455822 mpu_a=-0.3819,19.6127,7.9404 mpu_g=25.0840,-0.4427,-1.0611 icm_a=-0.6752,-0.6943,9.8066 icm_g=4.6341,30.1220,-1.8902 age_icm_ms=0.41 mpu_sat=2 errors=13/0/0/0 m4_ms=342060
seq=17103 t=5994.475821 mpu_a=-0.3519,19.6127,8.1415 mpu_g=30.1527,-2.0076,-1.8702 icm_a=-0.8667,-0.6752,9.9742 icm_g=4.8171,35.0000,-0.2439 age_icm_ms=0.41 mpu_sat=2 errors=13/0/0/0 m4_ms=342080
seq=17104 t=5994.495821 mpu_a=-0.1221,19.6127,8.2337 mpu_g=33.8702,-3.0916,-2.3282 icm_a=-0.9433,-0.6943,9.7779 icm_g=1.7683,39.6341,0.2439 age_icm_ms=0.41 mpu_sat=2 errors=13/0/0/0 m4_ms=342100
seq=17105 t=5994.515820 mpu_a=-0.1700,19.6127,8.5210 mpu_g=38.2977,-3.3740,-0.9466 icm_a=-1.0391,-0.6369,9.8833 icm_g=-1.3415,43.1098,-1.1585 age_icm_ms=0.42 mpu_sat=2 errors=13/0/0/0 m4_ms=342120
seq=17106 t=5994.535819 mpu_a=-0.6345,19.6127,8.3785 mpu_g=46.6412,2.7176,-1.4046 icm_a=-0.6800,-0.6129,10.3238 icm_g=3.7195,47.1341,-6.0366 age_icm_ms=0.36 mpu_sat=2 errors=13/0/0/0 m4_ms=342140
seq=17107 t=5994.555819 mpu_a=-0.9313,19.6127,7.5453 mpu_g=49.6031,0.4275,-5.1985 icm_a=-1.1827,-0.4405,9.7492 icm_g=8.9634,56.3415,-11.3415 age_icm_ms=0.37 mpu_sat=2 errors=13/0/0/0 m4_ms=342160
seq=17108 t=5994.575819 mpu_a=-0.2658,19.6127,7.5896 mpu_g=57.6718,-6.9466,-10.9466 icm_a=-1.7861,-0.4788,9.1650 icm_g=6.8293,62.8049,-12.6220 age_icm_ms=0.38 mpu_sat=2 errors=13/0/0/0 m4_ms=342180
seq=17109 t=5994.595818 mpu_a=0.1784,19.6127,8.2624 mpu_g=65.7023,-7.3206,-13.2137 icm_a=-1.9728,-0.4022,9.2081 icm_g=-0.8537,63.5366,-11.3415 age_icm_ms=0.37 mpu_sat=2 errors=13/0/0/0 m4_ms=342200
seq=17110 t=5994.615818 mpu_a=0.0395,19.6127,8.5054 mpu_g=67.8244,0.0611,-12.5038 icm_a=-2.1069,-0.5219,9.4619 icm_g=-4.3293,59.5732,-10.1829 age_icm_ms=0.39 mpu_sat=2 errors=13/0/0/0 m4_ms=342220
seq=17111 t=5994.635817 mpu_a=-0.0407,19.6127,8.6143 mpu_g=65.0992,5.3969,-11.6031 icm_a=-2.1787,-0.5602,9.6869 icm_g=-0.3049,51.8293,-8.4146 age_icm_ms=0.37 mpu_sat=2 errors=13/0/0/0 m4_ms=342240
seq=17112 t=5994.655817 mpu_a=-0.1305,19.6127,9.3793 mpu_g=58.9771,3.2672,-9.8321 icm_a=-2.3846,-0.4453,9.4954 icm_g=2.1951,37.7439,-7.2561 age_icm_ms=0.36 mpu_sat=2 errors=13/0/0/0 m4_ms=342260
seq=17113 t=5994.675816 mpu_a=0.0120,19.6127,9.8043 mpu_g=47.3588,-0.6260,-8.1679 icm_a=-2.6193,-0.4549,9.3518 icm_g=2.1341,22.6829,-6.0976 age_icm_ms=0.37 mpu_sat=2 errors=13/0/0/0 m4_ms=342280
seq=17114 t=5994.695817 mpu_a=0.1293,19.6127,9.4056 mpu_g=31.9313,-1.0611,-6.9618 icm_a=-2.6815,-0.5315,9.3805 icm_g=-0.3659,14.3902,-4.7561 age_icm_ms=0.38 mpu_sat=2 errors=13/0/0/0 m4_ms=342300
seq=17115 t=5994.715816 mpu_a=-0.0814,19.6127,8.3617 mpu_g=20.4962,0.8397,-5.5038 icm_a=-2.5091,-0.5842,9.4858 icm_g=0.6098,15.0000,-4.5122 age_icm_ms=0.36 mpu_sat=2 errors=13/0/0/0 m4_ms=342320
seq=17116 t=5994.735816 mpu_a=-0.2705,19.6127,7.6531 mpu_g=17.8244,1.5420,-4.7863 icm_a=-2.5857,-0.6177,9.4236 icm_g=1.6463,20.4878,-4.5732 age_icm_ms=0.38 mpu_sat=2 errors=13/0/0/0 m4_ms=342340
seq=17117 t=5994.755819 mpu_a=-0.2442,19.6127,7.6531 mpu_g=21.9542,-0.1450,-4.8626 icm_a=-2.7821,-0.6800,9.3182 icm_g=0.4268,25.7927,-4.6951 age_icm_ms=0.55 mpu_sat=2 errors=13/0/0/0 m4_ms=342360
seq=17118 t=5994.775819 mpu_a=-0.3424,19.6127,7.8602 mpu_g=27.9313,0.2137,-5.0000 icm_a=-2.7342,-0.6129,9.1985 icm_g=-1.5854,29.0854,-4.3902 age_icm_ms=0.40 mpu_sat=2 errors=13/0/0/0 m4_ms=342380
seq=17119 t=5994.795820 mpu_a=-0.2346,19.6127,7.7955 mpu_g=31.9847,2.1527,-5.1145 icm_a=-2.7007,-0.5411,9.2081 icm_g=0.4878,29.1463,-4.2683 age_icm_ms=0.54 mpu_sat=2 errors=13/0/0/0 m4_ms=342400
seq=17120 t=5994.815822 mpu_a=-0.1796,19.6127,7.9009 mpu_g=33.9389,2.6183,-4.9618 icm_a=-2.8395,-0.5602,9.5577 icm_g=6.0976,23.8415,-2.5000 age_icm_ms=0.43 mpu_sat=2 errors=13/0/0/0 m4_ms=342420
seq=17121 t=5994.835825 mpu_a=-0.0359,19.6127,8.7688 mpu_g=31.8321,-1.3053,-4.1756 icm_a=-3.0071,-0.6321,9.3853 icm_g=8.9634,11.5244,1.8293 age_icm_ms=0.47 mpu_sat=2 errors=13/0/0/0 m4_ms=342440
seq=17122 t=5994.855825 mpu_a=0.2526,19.6127,9.6582 mpu_g=23.4198,-6.8550,-0.9389 icm_a=-3.1843,-0.5363,9.1602 icm_g=5.8537,-0.7927,4.3902 age_icm_ms=0.40 mpu_sat=2 errors=13/0/0/0 m4_ms=342460
seq=17123 t=5994.875825 mpu_a=-0.0670,19.6127,9.1387 mpu_g=10.1069,-6.2977,3.4809 icm_a=-3.2034,-0.5555,9.2608 icm_g=2.0122,-6.0366,3.1098 age_icm_ms=0.38 mpu_sat=2 errors=13/0/0/0 m4_ms=342480
seq=17124 t=5994.895826 mpu_a=-0.3891,19.6127,8.1918 mpu_g=0.2061,-2.1527,4.2901 icm_a=-3.0646,-0.5363,9.3422 icm_g=1.5244,-3.2927,0.9756 age_icm_ms=0.38 mpu_sat=2 errors=13/0/0/0 m4_ms=342500
seq=17125 t=5994.915825 mpu_a=-0.3831,19.6127,7.5980 mpu_g=-1.4046,0.3969,2.1298 icm_a=-3.0119,-0.5459,9.3374 icm_g=1.0976,0.2439,-0.1829 age_icm_ms=0.37 mpu_sat=2 errors=13/0/0/0 m4_ms=342520
seq=17126 t=5994.935826 mpu_a=-0.1879,19.6127,7.9260 mpu_g=2.7099,0.0992,0.1679 icm_a=-3.0311,-0.5698,9.3757 icm_g=-0.6098,-0.1829,-0.3049 age_icm_ms=0.39 mpu_sat=2 errors=13/0/0/0 m4_ms=342540
seq=17127 t=5994.955828 mpu_a=-0.1903,19.6127,8.4120 mpu_g=5.0916,0.9313,-0.5267 icm_a=-3.0358,-0.5650,9.3134 icm_g=-1.1585,-2.5000,0.0610 age_icm_ms=0.42 mpu_sat=2 errors=13/0/0/0 m4_ms=342560
seq=17128 t=5994.975829 mpu_a=-0.1568,19.6127,8.3737 mpu_g=3.6260,2.5344,-0.4885 icm_a=-2.9784,-0.5602,9.2751 icm_g=-2.0122,-2.8659,0.1220 age_icm_ms=0.42 mpu_sat=2 errors=13/0/0/0 m4_ms=342580
seq=17129 t=5994.995830 mpu_a=-0.2047,19.6127,7.9380 mpu_g=1.4427,3.0840,-0.0916 icm_a=-2.9257,-0.5315,9.2177 icm_g=-1.8902,-0.6707,-0.5488 age_icm_ms=0.40 mpu_sat=2 errors=13/0/0/0 m4_ms=342600
seq=17130 t=5995.015829 mpu_a=-0.3041,19.6127,7.7093 mpu_g=1.9771,3.6718,-0.1908 icm_a=-2.8826,-0.5315,9.2033 icm_g=-1.7073,1.0366,-1.2195 age_icm_ms=0.40 mpu_sat=2 errors=13/0/0/0 m4_ms=342620
seq=17131 t=5995.035828 mpu_a=-0.1891,19.6127,7.8422 mpu_g=4.4504,3.5191,-1.1221 icm_a=-2.8970,-0.5459,9.3422 icm_g=0.0610,-0.7927,-1.0366 age_icm_ms=0.40 mpu_sat=2 errors=13/0/0/0 m4_ms=342640
seq=17132 t=5995.055826 mpu_a=-0.1532,19.6127,8.2301 mpu_g=5.4046,3.0840,-1.4733 icm_a=-2.9497,-0.5746,9.3326 icm_g=0.8537,-4.9390,-0.8537 age_icm_ms=0.35 mpu_sat=2 errors=13/0/0/0 m4_ms=342660
seq=17133 t=5995.075826 mpu_a=-0.1736,19.6127,8.5305 mpu_g=3.0687,1.4733,-1.1679 icm_a=-2.9832,-0.5315,9.3374 icm_g=0.2439,-5.1220,-0.3049 age_icm_ms=0.36 mpu_sat=2 errors=13/0/0/0 m4_ms=342680
seq=17134 t=5995.095825 mpu_a=-0.0994,19.6127,8.0505 mpu_g=-0.8855,0.7786,-0.8931 icm_a=-2.9257,-0.5076,9.3182 icm_g=-0.2439,-0.7927,-0.0610 age_icm_ms=0.37 mpu_sat=2 errors=13/0/0/0 m4_ms=342700
seq=17135 t=5995.115824 mpu_a=-0.1329,19.6127,7.6315 mpu_g=-0.4809,1.4275,-0.3969 icm_a=-2.8826,-0.5794,9.2991 icm_g=-0.5488,2.7439,-0.1220 age_icm_ms=0.36 mpu_sat=2 errors=13/0/0/0 m4_ms=342720
seq=17136 t=5995.135824 mpu_a=-0.1760,19.6127,7.7500 mpu_g=4.0229,1.9160,-0.2366 icm_a=-2.8970,-0.5890,9.3230 icm_g=0.6098,2.6220,0.0000 age_icm_ms=0.37 mpu_sat=2 errors=13/0/0/0 m4_ms=342740
seq=17137 t=5995.155823 mpu_a=-0.2334,19.6127,8.0433 mpu_g=7.3511,2.1450,-0.3740 icm_a=-2.9209,-0.5602,9.3134 icm_g=1.5244,0.6707,0.2439 age_icm_ms=0.38 mpu_sat=2 errors=13/0/0/0 m4_ms=342760
seq=17138 t=5995.175822 mpu_a=-0.2119,19.6127,8.2313 mpu_g=7.0458,1.0763,-0.1832 icm_a=-2.9497,-0.5602,9.2847 icm_g=2.0122,0.1829,0.1829 age_icm_ms=0.36 mpu_sat=2 errors=13/0/0/0 m4_ms=342780
seq=17139 t=5995.195821 mpu_a=-0.1903,19.6127,8.0888 mpu_g=5.0687,0.0534,0.0992 icm_a=-2.9592,-0.5459,9.2943 icm_g=1.4634,0.4268,-0.3049 age_icm_ms=0.36 mpu_sat=2 errors=13/0/0/0 m4_ms=342800
seq=17140 t=5995.215821 mpu_a=-0.2203,19.6127,8.0206 mpu_g=4.6260,-0.3740,0.0611 icm_a=-2.9305,-0.5028,9.2895 icm_g=1.2805,-0.2439,-0.3659 age_icm_ms=0.36 mpu_sat=2 errors=13/0/0/0 m4_ms=342820
seq=17141 t=5995.235820 mpu_a=-0.1365,19.6127,8.1415 mpu_g=4.8702,0.2290,-0.4198 icm_a=-2.9018,-0.4932,9.2464 icm_g=0.7927,-0.3659,-0.2439 age_icm_ms=0.35 mpu_sat=2 errors=13/0/0/0 m4_ms=342840
seq=17142 t=5995.255819 mpu_a=-0.1077,19.6127,8.1175 mpu_g=4.2672,0.4504,-0.5344 icm_a=-2.9257,-0.5219,9.3518 icm_g=1.2195,2.5610,0.0610 age_icm_ms=0.35 mpu_sat=2 errors=13/0/0/0 m4_ms=342860
seq=17143 t=5995.275818 mpu_a=-0.1113,19.6127,7.7381 mpu_g=3.8550,0.7863,-0.4122 icm_a=-2.9688,-0.5507,9.3661 icm_g=1.0366,5.1829,0.4878 age_icm_ms=0.36 mpu_sat=2 errors=13/0/0/0 m4_ms=342880
seq=17144 t=5995.295817 mpu_a=-0.1425,19.6127,7.8362 mpu_g=6.5878,0.6260,-0.1908 icm_a=-3.0167,-0.5698,9.3901 icm_g=0.1829,4.6951,0.5488 age_icm_ms=0.37 mpu_sat=2 errors=13/0/0/0 m4_ms=342900
seq=17145 t=5995.315816 mpu_a=-0.1520,19.6127,8.2085 mpu_g=9.5115,0.4427,0.1985 icm_a=-3.0071,-0.5650,9.3422 icm_g=0.4878,2.0732,0.1829 age_icm_ms=0.35 mpu_sat=2 errors=13/0/0/0 m4_ms=342920
seq=17146 t=5995.335816 mpu_a=-0.2298,19.6127,8.3821 mpu_g=9.4198,1.4122,0.3130 icm_a=-2.9832,-0.5507,9.3039 icm_g=0.0000,-0.1220,-0.3659 age_icm_ms=0.37 mpu_sat=2 errors=13/0/0/0 m4_ms=342940
seq=17147 t=5995.355816 mpu_a=-0.1748,19.6127,8.0577 mpu_g=4.4962,1.4885,-0.5573 icm_a=-3.0023,-0.5459,9.2895 icm_g=-0.9146,0.6098,-0.5488 age_icm_ms=0.39 mpu_sat=2 errors=13/0/0/0 m4_ms=342960
seq=17148 t=5995.375817 mpu_a=-0.1652,19.6127,7.7943 mpu_g=4.5573,2.3511,-0.8015 icm_a=-3.0311,-0.5171,9.3278 icm_g=-1.2195,3.2927,-0.3049 age_icm_ms=0.40 mpu_sat=2 errors=13/0/0/0 m4_ms=342980
seq=17149 t=5995.395819 mpu_a=-0.1628,19.6127,7.8099 mpu_g=7.1298,2.8092,-0.7405 icm_a=-3.0263,-0.5028,9.3278 icm_g=-0.9146,5.0000,-0.3659 age_icm_ms=0.41 mpu_sat=2 errors=13/0/0/0 m4_ms=343000
seq=17150 t=5995.415819 mpu_a=-0.1221,19.6127,8.1128 mpu_g=9.2595,2.5496,-0.6412 icm_a=-3.0167,-0.5171,9.3518 icm_g=-0.3049,3.7805,-0.1220 age_icm_ms=0.39 mpu_sat=2 errors=13/0/0/0 m4_ms=343020
seq=17151 t=5995.435820 mpu_a=-0.1377,19.6127,8.3629 mpu_g=8.8702,2.1221,-0.5038 icm_a=-3.0311,-0.5411,9.3230 icm_g=0.7317,0.6098,0.0000 age_icm_ms=0.38 mpu_sat=2 errors=13/0/0/0 m4_ms=343040
seq=17152 t=5995.455820 mpu_a=-0.1508,19.6127,8.3426 mpu_g=6.0916,1.1985,-0.1832 icm_a=-3.0742,-0.5650,9.3374 icm_g=0.9756,-2.2561,0.0610 age_icm_ms=0.39 mpu_sat=2 errors=13/0/0/0 m4_ms=343060
seq=17153 t=5995.475821 mpu_a=-0.1772,19.6127,8.2648 mpu_g=2.9389,0.6412,-0.1908 icm_a=-3.0885,-0.5986,9.3613 icm_g=1.0366,-4.1463,0.1220 age_icm_ms=0.38 mpu_sat=2 errors=13/0/0/0 m4_ms=343080
seq=17154 t=5995.495821 mpu_a=-0.2741,19.6127,8.2624 mpu_g=0.8168,0.7405,0.0229 icm_a=-3.0789,-0.5938,9.3518 icm_g=1.0976,-5.5488,-0.6098 age_icm_ms=0.38 mpu_sat=2 errors=13/0/0/0 m4_ms=343100
seq=17155 t=5995.515821 mpu_a=-0.3017,19.6127,8.2277 mpu_g=-0.7634,0.5573,-0.3817 icm_a=-3.0167,-0.5842,9.2512 icm_g=0.1220,-6.8293,-0.7317 age_icm_ms=0.37 mpu_sat=2 errors=13/0/0/0 m4_ms=343120
seq=17156 t=5995.535822 mpu_a=-0.0622,19.6127,8.2085 mpu_g=-1.9237,0.8855,-1.0229 icm_a=-2.9449,-0.5363,9.2416 icm_g=-1.2805,-7.6220,0.0610 age_icm_ms=0.40 mpu_sat=2 errors=13/0/0/0 m4_ms=343140
seq=17157 t=5995.555825 mpu_a=-0.1077,19.6127,8.1307 mpu_g=-2.9084,2.6718,-0.5496 icm_a=-2.9688,-0.5459,9.3230 icm_g=-1.1585,-8.9634,0.0000 age_icm_ms=0.43 mpu_sat=2 errors=13/0/0/0 m4_ms=343160
seq=17158 t=5995.575824 mpu_a=-0.1664,19.6127,8.3773 mpu_g=-3.6336,3.0458,-0.1908 icm_a=-3.0215,-0.5746,9.4092 icm_g=-0.9146,-14.1463,0.3659 age_icm_ms=0.40 mpu_sat=2 errors=13/0/0/0 m4_ms=343180
seq=17159 t=5995.595824 mpu_a=-0.1341,19.6127,8.9627 mpu_g=-6.5878,2.6260,-0.0687 icm_a=-2.8443,-0.5411,9.2943 icm_g=-1.2195,-23.2317,0.7927 age_icm_ms=0.40 mpu_sat=2 errors=13/0/0/0 m4_ms=343200
seq=17160 t=5995.615823 mpu_a=-0.0742,19.6127,9.1207 mpu_g=-14.1756,2.4504,0.5267 icm_a=-2.7773,-0.4980,9.4092 icm_g=-1.3415,-30.4878,1.7073 age_icm_ms=0.41 mpu_sat=2 errors=13/0/0/0 m4_ms=343220
seq=17161 t=5995.635822 mpu_a=-0.0263,19.6127,8.5437 mpu_g=-23.0000,3.4198,1.2214 icm_a=-2.6671,-0.6033,9.4427 icm_g=0.7317,-34.0854,2.8049 age_icm_ms=0.41 mpu_sat=2 errors=13/0/0/0 m4_ms=343240
seq=17162 t=5995.655822 mpu_a=-0.1975,19.6127,8.2588 mpu_g=-28.1756,2.2443,2.4198 icm_a=-2.5283,-0.6321,9.4379 icm_g=1.2195,-33.9024,3.0488 age_icm_ms=0.42 mpu_sat=2 errors=13/0/0/0 m4_ms=343260
seq=17163 t=5995.675821 mpu_a=-0.2550,19.6127,8.0385 mpu_g=-30.0382,0.5115,3.1908 icm_a=-2.4277,-0.5986,9.4475 icm_g=0.3659,-28.1098,3.2317 age_icm_ms=0.42 mpu_sat=2 errors=13/0/0/0 m4_ms=343280
seq=17164 t=5995.695821 mpu_a=-0.2442,19.6127,7.4065 mpu_g=-27.6565,0.8855,3.3588 icm_a=-2.2170,-0.5650,9.4140 icm_g=0.4878,-17.3171,2.6220 age_icm_ms=0.44 mpu_sat=2 errors=13/0/0/0 m4_ms=343300
seq=17165 t=5995.715821 mpu_a=-0.3508,19.6127,7.0150 mpu_g=-19.3969,1.5954,3.1603 icm_a=-2.1069,-0.5411,9.3182 icm_g=0.6707,-8.5976,1.5244 age_icm_ms=0.37 mpu_sat=2 errors=13/0/0/0 m4_ms=343320
seq=17166 t=5995.735820 mpu_a=-0.2298,19.6127,7.6962 mpu_g=-8.3511,1.1298,2.1221 icm_a=-2.1835,-0.5507,9.3374 icm_g=-3.4756,-8.2317,1.1585 age_icm_ms=0.36 mpu_sat=2 errors=13/0/0/0 m4_ms=343340
seq=17167 t=5995.755820 mpu_a=-0.0706,19.6127,8.6095 mpu_g=-3.0229,1.9008,1.1603 icm_a=-2.1979,-0.5411,9.5720 icm_g=-3.9634,-8.0488,1.7683 age_icm_ms=0.38 mpu_sat=2 errors=13/0/0/0 m4_ms=343360
seq=17168 t=5995.775820 mpu_a=-0.1628,19.6127,8.1295 mpu_g=-3.9313,6.2061,0.9847 icm_a=-2.1356,-0.5028,9.6295 icm_g=0.1829,-3.0488,1.4024 age_icm_ms=0.37 mpu_sat=2 errors=13/0/0/0 m4_ms=343380
seq=17169 t=5995.795821 mpu_a=-0.2729,19.6127,7.5034 mpu_g=-2.7405,4.8092,1.5267 icm_a=-2.1213,-0.4884,9.5146 icm_g=2.1951,3.8415,0.7927 age_icm_ms=0.39 mpu_sat=2 errors=13/0/0/0 m4_ms=343400
seq=17170 t=5995.815820 mpu_a=-0.1796,19.6127,7.6842 mpu_g=3.1298,0.5267,1.0458 icm_a=-2.1596,-0.5411,9.5337 icm_g=0.6098,9.1463,0.6707 age_icm_ms=0.35 mpu_sat=2 errors=13/0/0/0 m4_ms=343420
seq=17171 t=5995.835819 mpu_a=-0.1676,19.6127,8.0122 mpu_g=9.8244,-0.3588,0.5038 icm_a=-2.2984,-0.5411,9.5481 icm_g=0.1829,11.5854,0.5488 age_icm_ms=0.36 mpu_sat=2 errors=13/0/0/0 m4_ms=343440
seq=17172 t=5995.855819 mpu_a=-0.2370,19.6127,8.1834 mpu_g=14.4122,1.3817,0.2748 icm_a=-2.3655,-0.5555,9.5672 icm_g=1.0976,11.0366,0.0610 age_icm_ms=0.38 mpu_sat=2 errors=13/0/0/0 m4_ms=343460
seq=17173 t=5995.875818 mpu_a=-0.2478,19.6127,8.4599 mpu_g=16.1985,1.4809,0.0840 icm_a=-2.3367,-0.5315,9.5624 icm_g=1.5244,8.8415,-0.2439 age_icm_ms=0.38 mpu_sat=2 errors=13/0/0/0 m4_ms=343480
seq=17174 t=5995.895818 mpu_a=-0.1915,19.6127,8.5497 mpu_g=15.0305,0.5420,-0.3053 icm_a=-2.3320,-0.4884,9.5577 icm_g=1.0976,7.7439,-1.2805 age_icm_ms=0.36 mpu_sat=2 errors=13/0/0/0 m4_ms=343500
seq=17175 t=5995.915817 mpu_a=-0.2466,19.6127,8.4408 mpu_g=12.8397,0.1145,-0.6107 icm_a=-2.4660,-0.4980,9.4858 icm_g=0.5488,8.4756,-2.1951 age_icm_ms=0.37 mpu_sat=2 errors=13/0/0/0 m4_ms=343520
seq=17176 t=5995.935817 mpu_a=-0.1808,19.6127,8.2408 mpu_g=11.9924,0.5496,-1.7176 icm_a=-2.5043,-0.5746,9.5002 icm_g=-0.1220,9.9390,-1.7683 age_icm_ms=0.39 mpu_sat=2 errors=13/0/0/0 m4_ms=343540
seq=17177 t=5995.955818 mpu_a=-0.0850,19.6127,8.1618 mpu_g=12.9389,1.1756,-2.5191 icm_a=-2.4804,-0.6225,9.5337 icm_g=0.7927,11.1585,-0.9146 age_icm_ms=0.45 mpu_sat=2 errors=13/0/0/0 m4_ms=343560
seq=17178 t=5995.975821 mpu_a=-0.1724,19.6127,8.1187 mpu_g=14.4275,1.6947,-2.0840 icm_a=-2.4565,-0.5315,9.5098 icm_g=2.7439,11.4024,0.0610 age_icm_ms=0.43 mpu_sat=2 errors=13/0/0/0 m4_ms=343580
seq=17179 t=5995.995823 mpu_a=-0.1604,19.6127,8.1858 mpu_g=15.5573,0.6412,-1.1908 icm_a=-2.4852,-0.5267,9.4044 icm_g=3.1707,10.9756,0.4268 age_icm_ms=0.57 mpu_sat=2 errors=13/0/0/0 m4_ms=343600
seq=17180 t=5996.015825 mpu_a=-0.1377,19.6127,8.2672 mpu_g=15.7405,-1.0992,-0.1527 icm_a=-2.5379,-0.5411,9.3613 icm_g=2.5610,11.5854,-0.0610 age_icm_ms=0.42 mpu_sat=2 errors=13/0/0/0 m4_ms=343620
seq=17181 t=5996.035827 mpu_a=-0.1987,19.6127,8.0840 mpu_g=15.3588,-1.5573,0.2214 icm_a=-2.6240,-0.5363,9.3134 icm_g=2.3780,13.1707,-0.5488 age_icm_ms=0.45 mpu_sat=2 errors=13/0/0/0 m4_ms=343640
seq=17182 t=5996.055828 mpu_a=-0.2119,19.6127,7.9799 mpu_g=15.8779,-0.9160,-0.3130 icm_a=-2.6193,-0.4980,9.3039 icm_g=3.0488,15.1220,-0.8537 age_icm_ms=0.39 mpu_sat=2 errors=13/0/0/0 m4_ms=343660
seq=17183 t=5996.075827 mpu_a=-0.1688,19.6127,7.8266 mpu_g=17.3435,-0.7634,-0.8168 icm_a=-2.6480,-0.4932,9.3039 icm_g=4.2683,16.6463,-1.9512 age_icm_ms=0.38 mpu_sat=2 errors=13/0/0/0 m4_ms=343680
seq=17184 t=5996.095828 mpu_a=-0.2310,19.6127,7.8602 mpu_g=19.3282,-1.4122,-1.1145 icm_a=-2.7054,-0.4980,9.2464 icm_g=4.3293,18.4756,-2.8049 age_icm_ms=0.39 mpu_sat=2 errors=13/0/0/0 m4_ms=343700
seq=17185 t=5996.115829 mpu_a=-0.2071,19.6127,7.8841 mpu_g=20.9008,-2.6336,-2.0916 icm_a=-2.8730,-0.5507,9.5241 icm_g=4.9390,21.5244,-2.8049 age_icm_ms=0.39 mpu_sat=2 errors=13/0/0/0 m4_ms=343720
seq=17186 t=5996.135828 mpu_a=-0.1951,19.6127,7.7608 mpu_g=22.5038,-2.8473,-3.0305 icm_a=-2.9975,-0.6177,9.4667 icm_g=4.8171,24.0244,-1.0976 age_icm_ms=0.37 mpu_sat=2 errors=13/0/0/0 m4_ms=343740
seq=17187 t=5996.155828 mpu_a=-0.0383,19.6127,7.9464 mpu_g=25.4198,-3.0840,-3.1985 icm_a=-2.9928,-0.5363,9.3087 icm_g=-0.0610,21.5244,-1.0976 age_icm_ms=0.38 mpu_sat=2 errors=13/0/0/0 m4_ms=343760
seq=17188 t=5996.175834 mpu_a=-0.2598,19.6127,8.9004 mpu_g=26.6412,0.5496,-1.3359 icm_a=-3.2130,-0.4549,9.2608 icm_g=-4.6951,16.2195,-3.0488 age_icm_ms=0.53 mpu_sat=2 errors=13/0/0/0 m4_ms=343780
seq=17189 t=5996.195834 mpu_a=-0.1820,19.6127,8.4491 mpu_g=21.5038,5.7023,-3.2519 icm_a=-3.2896,-0.4836,9.3087 icm_g=-5.0000,12.5000,-4.0854 age_icm_ms=0.46 mpu_sat=2 errors=13/0/0/0 m4_ms=343800
seq=17190 t=5996.215833 mpu_a=-0.1736,19.6127,8.1104 mpu_g=17.2748,6.8015,-4.5802 icm_a=-3.2370,-0.4884,9.3948 icm_g=-2.4390,9.9390,-4.0244 age_icm_ms=0.43 mpu_sat=2 errors=13/0/0/0 m4_ms=343820
seq=17191 t=5996.235832 mpu_a=-0.0503,19.6127,8.2768 mpu_g=14.7557,4.5038,-4.5725 icm_a=-3.1603,-0.5028,9.3087 icm_g=-1.1585,7.3171,-2.9878 age_icm_ms=0.41 mpu_sat=2 errors=13/0/0/0 m4_ms=343840
seq=17192 t=5996.255832 mpu_a=-0.0443,19.6127,8.2552 mpu_g=12.2672,2.5115,-3.6260 icm_a=-3.0694,-0.5267,9.1985 icm_g=-1.8902,6.2195,-2.2561 age_icm_ms=0.41 mpu_sat=2 errors=13/0/0/0 m4_ms=343860
seq=17193 t=5996.275830 mpu_a=-0.1963,19.6127,7.9272 mpu_g=10.5267,3.1069,-2.6870 icm_a=-3.0933,-0.5315,9.1171 icm_g=-2.6829,7.0122,-2.6829 age_icm_ms=0.35 mpu_sat=2 errors=13/0/0/0 m4_ms=343880
seq=17194 t=5996.295830 mpu_a=-0.2227,19.6127,7.6926 mpu_g=10.8244,4.0229,-2.8779 icm_a=-3.1843,-0.5602,9.0836 icm_g=-2.4390,9.1463,-2.4390 age_icm_ms=0.35 mpu_sat=2 errors=13/0/0/0 m4_ms=343900
seq=17195 t=5996.315829 mpu_a=-0.0658,19.6127,7.5549 mpu_g=12.6107,4.1298,-3.1221 icm_a=-3.2178,-0.5459,9.1028 icm_g=-2.2561,11.1585,-1.1585 age_icm_ms=0.36 mpu_sat=2 errors=13/0/0/0 m4_ms=343920
seq=17196 t=5996.335828 mpu_a=-0.0778,19.6127,7.7452 mpu_g=14.9924,3.8397,-1.9695 icm_a=-3.1891,-0.5698,9.1698 icm_g=-2.1341,12.5610,-0.2439 age_icm_ms=0.36 mpu_sat=2 errors=13/0/0/0 m4_ms=343940
seq=17197 t=5996.355827 mpu_a=-0.1963,19.6127,7.7297 mpu_g=16.3893,3.8321,-0.9313 icm_a=-3.2609,-0.5698,9.2799 icm_g=-0.4878,12.9268,-0.0610 age_icm_ms=0.34 mpu_sat=2 errors=13/0/0/0 m4_ms=343960
seq=17198 t=5996.375826 mpu_a=-0.1963,19.6127,7.9368 mpu_g=17.3359,2.9389,-0.5038 icm_a=-3.4381,-0.6608,9.2703 icm_g=1.0366,12.1951,0.4268 age_icm_ms=0.35 mpu_sat=2 errors=13/0/0/0 m4_ms=343980
seq=17199 t=5996.395825 mpu_a=-0.2741,19.6127,8.1906 mpu_g=17.1527,1.0687,-0.2061 icm_a=-3.5338,-0.5938,9.2320 icm_g=1.2805,9.2073,0.5488 age_icm_ms=0.35 mpu_sat=2 errors=13/0/0/0 m4_ms=344000
seq=17200 t=5996.415824 mpu_a=-0.1903,19.6127,8.3234 mpu_g=15.1374,0.2901,0.1679 icm_a=-3.5434,-0.5650,9.1698 icm_g=0.9146,5.9146,0.6707 age_icm_ms=0.35 mpu_sat=2 errors=13/0/0/0 m4_ms=344020
seq=17201 t=5996.435824 mpu_a=-0.1628,19.6127,8.2468 mpu_g=11.6565,0.3740,0.3817 icm_a=-3.5051,-0.5794,9.1459 icm_g=0.0000,4.2683,0.2439 age_icm_ms=0.39 mpu_sat=2 errors=13/0/0/0 m4_ms=344040
seq=17202 t=5996.455824 mpu_a=-0.3041,19.6127,7.9990 mpu_g=9.2137,1.2061,0.2977 icm_a=-3.4860,-0.5794,9.1123 icm_g=-0.3659,3.4146,-0.4268 age_icm_ms=0.37 mpu_sat=2 errors=13/0/0/0 m4_ms=344060
seq=17203 t=5996.475822 mpu_a=-0.2550,19.6127,7.9499 mpu_g=8.2290,1.8244,-0.4198 icm_a=-3.5338,-0.5507,9.1506 icm_g=-0.1220,1.8293,-0.6098 age_icm_ms=0.35 mpu_sat=2 errors=13/0/0/0 m4_ms=344080
seq=17204 t=5996.495822 mpu_a=-0.1808,19.6127,7.9930 mpu_g=7.2595,1.9466,-0.8397 icm_a=-3.4860,-0.5794,9.1171 icm_g=-0.2439,0.7927,-0.1220 age_icm_ms=0.38 mpu_sat=2 errors=13/0/0/0 m4_ms=344100
seq=17205 t=5996.515822 mpu_a=-0.1365,19.6127,7.8925 mpu_g=5.6336,1.6031,-0.7634 icm_a=-3.4189,-0.5746,9.1554 icm_g=-0.7927,2.1341,0.1220 age_icm_ms=0.38 mpu_sat=2 errors=13/0/0/0 m4_ms=344120
seq=17206 t=5996.535821 mpu_a=-0.2155,19.6127,7.6890 mpu_g=5.4427,2.1298,-0.2519 icm_a=-3.3902,-0.6033,9.1411 icm_g=-0.8537,3.8415,-0.0610 age_icm_ms=0.36 mpu_sat=2 errors=13/0/0/0 m4_ms=344140
seq=17207 t=5996.555820 mpu_a=-0.2574,19.6127,7.7249 mpu_g=7.1221,2.4122,-0.2137 icm_a=-3.4189,-0.6033,9.1028 icm_g=-0.8537,4.6341,-0.6098 age_icm_ms=0.36 mpu_sat=2 errors=13/0/0/0 m4_ms=344160
seq=17208 t=5996.575820 mpu_a=-0.3304,19.6127,7.8566 mpu_g=8.6870,2.4809,-0.5267 icm_a=-3.5099,-0.5698,9.0884 icm_g=-0.2439,4.3293,-0.6098 age_icm_ms=0.36 mpu_sat=2 errors=13/0/0/0 m4_ms=344180
seq=17209 t=5996.595819 mpu_a=-0.1508,19.6127,7.7620 mpu_g=9.0229,2.3511,-1.0611 icm_a=-3.5195,-0.5555,9.0740 icm_g=-0.0610,3.4146,0.2439 age_icm_ms=0.36 mpu_sat=2 errors=13/0/0/0 m4_ms=344200
seq=17210 t=5996.615820 mpu_a=-0.1233,19.6127,7.9416 mpu_g=8.4656,1.6794,-0.6412 icm_a=-3.5626,-0.6129,9.0980 icm_g=-0.4268,3.3537,0.7927 age_icm_ms=0.39 mpu_sat=2 errors=13/0/0/0 m4_ms=344220
seq=17211 t=5996.635820 mpu_a=-0.1628,19.6127,7.7895 mpu_g=7.5573,1.8550,0.1221 icm_a=-3.5721,-0.6177,9.1459 icm_g=0.3659,5.3659,0.8537 age_icm_ms=0.39 mpu_sat=2 errors=13/0/0/0 m4_ms=344240
seq=17212 t=5996.655821 mpu_a=-0.2909,19.6127,7.6183 mpu_g=8.0229,2.0992,0.5802 icm_a=-3.5434,-0.6081,9.1315 icm_g=1.1585,7.0122,0.5488 age_icm_ms=0.40 mpu_sat=2 errors=13/0/0/0 m4_ms=344260
seq=17213 t=5996.675821 mpu_a=-0.2945,19.6127,7.7309 mpu_g=10.2977,1.1145,0.5649 icm_a=-3.5530,-0.5698,9.0692 icm_g=1.2195,5.6707,0.2439 age_icm_ms=0.38 mpu_sat=2 errors=13/0/0/0 m4_ms=344280
seq=17214 t=5996.695822 mpu_a=-0.2095,19.6127,8.0206 mpu_g=11.3893,0.3130,0.2137 icm_a=-3.6344,-0.5746,9.1028 icm_g=0.7927,3.0488,0.1829 age_icm_ms=0.39 mpu_sat=2 errors=13/0/0/0 m4_ms=344300
seq=17215 t=5996.715822 mpu_a=-0.2023,19.6127,8.0756 mpu_g=9.6031,0.5038,0.0076 icm_a=-3.6919,-0.5890,9.0884 icm_g=0.9146,1.6463,0.3049 age_icm_ms=0.38 mpu_sat=2 errors=13/0/0/0 m4_ms=344320
seq=17216 t=5996.735821 mpu_a=-0.1951,19.6127,7.9188 mpu_g=7.0611,0.8931,-0.0687 icm_a=-3.7110,-0.6177,9.1219 icm_g=0.7927,1.0366,0.0000 age_icm_ms=0.37 mpu_sat=2 errors=13/0/0/0 m4_ms=344340
seq=17217 t=5996.755822 mpu_a=-0.2849,19.6127,7.8721 mpu_g=5.8626,0.7405,0.1221 icm_a=-3.6583,-0.5938,9.1219 icm_g=0.1220,0.2439,-0.5488 age_icm_ms=0.38 mpu_sat=2 errors=13/0/0/0 m4_ms=344360
seq=17218 t=5996.775823 mpu_a=-0.2837,19.6127,7.9476 mpu_g=5.2824,0.8321,-0.2443 icm_a=-3.5674,-0.5602,9.0884 icm_g=-0.1829,-0.2439,-0.7927 age_icm_ms=0.40 mpu_sat=2 errors=13/0/0/0 m4_ms=344380
seq=17219 t=5996.795824 mpu_a=-0.2274,19.6127,7.9404 mpu_g=4.5420,1.4656,-0.8168 icm_a=-3.5769,-0.5411,9.0836 icm_g=0.4878,-0.1220,-0.6707 age_icm_ms=0.41 mpu_sat=2 errors=13/0/0/0 m4_ms=344400
seq=17220 t=5996.815824 mpu_a=-0.2011,19.6127,7.7153 mpu_g=4.0687,1.7786,-1.0916 icm_a=-3.6344,-0.6081,9.0166 icm_g=0.3049,-0.8537,-0.3659 age_icm_ms=0.40 mpu_sat=2 errors=13/0/0/0 m4_ms=344420
seq=17221 t=5996.835824 mpu_a=-0.1712,19.6127,7.8685 mpu_g=4.2977,1.1450,-0.8168 icm_a=-3.6105,-0.6081,9.0788 icm_g=-0.1220,-1.4634,-0.1829 age_icm_ms=0.41 mpu_sat=2 errors=13/0/0/0 m4_ms=344440
seq=17222 t=5996.855822 mpu_a=-0.2502,19.6127,7.8554 mpu_g=3.4580,1.3206,-0.5649 icm_a=-3.6057,-0.6225,9.1363 icm_g=-0.1829,-1.5854,0.1220 age_icm_ms=0.41 mpu_sat=2 errors=13/0/0/0 m4_ms=344460
seq=17223 t=5996.875822 mpu_a=-0.2227,19.6127,7.8099 mpu_g=2.8702,1.7405,-0.3969 icm_a=-3.5817,-0.6129,9.1171 icm_g=-0.5488,-3.2317,0.0000 age_icm_ms=0.40 mpu_sat=2 errors=13/0/0/0 m4_ms=344480
seq=17224 t=5996.895822 mpu_a=-0.2717,19.6127,8.1116 mpu_g=2.8702,1.8473,-0.0534 icm_a=-3.6009,-0.5459,9.0597 icm_g=-0.1829,-3.6585,-0.1220 age_icm_ms=0.41 mpu_sat=2 errors=13/0/0/0 m4_ms=344500
seq=17225 t=5996.915823 mpu_a=-0.2430,19.6127,7.8506 mpu_g=1.3130,2.1832,-0.2290 icm_a=-3.5865,-0.5842,9.0836 icm_g=0.4268,-2.1341,0.1220 age_icm_ms=0.44 mpu_sat=2 errors=13/0/0/0 m4_ms=344520
seq=17226 t=5996.935822 mpu_a=-0.1688,19.6127,7.5465 mpu_g=0.7176,1.9160,-0.3206 icm_a=-3.5147,-0.5890,9.0836 icm_g=0.6098,0.2439,0.6707 age_icm_ms=0.36 mpu_sat=2 errors=13/0/0/0 m4_ms=344540
seq=17227 t=5996.955821 mpu_a=-0.1820,19.6127,7.5609 mpu_g=2.1298,1.1679,-0.0611 icm_a=-3.4907,-0.5602,9.0214 icm_g=0.3049,1.8293,0.4878 age_icm_ms=0.36 mpu_sat=2 errors=13/0/0/0 m4_ms=344560
seq=17228 t=5996.975821 mpu_a=-0.2274,19.6127,7.6543 mpu_g=4.4656,1.0076,0.4427 icm_a=-3.5003,-0.5794,9.0022 icm_g=0.4878,2.1951,-0.0610 age_icm_ms=0.37 mpu_sat=2 errors=13/0/0/0 m4_ms=344580
seq=17229 t=5996.995820 mpu_a=-0.2646,19.6127,7.7033 mpu_g=6.1145,1.1908,0.3511 icm_a=-3.5578,-0.5890,9.0788 icm_g=0.8537,0.7317,-0.5488 age_icm_ms=0.37 mpu_sat=2 errors=13/0/0/0 m4_ms=344600
seq=17230 t=5997.015819 mpu_a=-0.2622,19.6127,8.1355 mpu_g=5.5344,0.8321,-0.6718 icm_a=-3.6344,-0.6225,9.1171 icm_g=0.0000,-1.0976,-0.5488 age_icm_ms=0.37 mpu_sat=2 errors=13/0/0/0 m4_ms=344620
seq=17231 t=5997.035819 mpu_a=-0.1879,19.6127,7.8183 mpu_g=3.4809,1.3817,-0.8550 icm_a=-3.6152,-0.5746,9.1746 icm_g=-0.4878,0.1220,-0.0610 age_icm_ms=0.38 mpu_sat=2 errors=13/0/0/0 m4_ms=344640
seq=17232 t=5997.055818 mpu_a=-0.1891,19.6127,7.6459 mpu_g=3.9542,2.1527,-0.3664 icm_a=-3.6631,-0.6129,9.1602 icm_g=-0.4268,2.5000,0.4268 age_icm_ms=0.37 mpu_sat=2 errors=13/0/0/0 m4_ms=344660
seq=17233 t=5997.075818 mpu_a=-0.2430,19.6127,7.8015 mpu_g=6.4504,2.0534,0.0382 icm_a=-3.5721,-0.5986,9.1506 icm_g=0.1220,2.1341,0.4268 age_icm_ms=0.37 mpu_sat=2 errors=13/0/0/0 m4_ms=344680
seq=17234 t=5997.095819 mpu_a=-0.2693,19.6127,8.0373 mpu_g=7.0382,1.6870,0.1908 icm_a=-3.5051,-0.5363,9.0740 icm_g=1.9512,-0.8537,0.1829 age_icm_ms=0.39 mpu_sat=2 errors=13/0/0/0 m4_ms=344700
seq=17235 t=5997.115818 mpu_a=-0.1903,19.6127,7.9775 mpu_g=4.6718,0.4504,0.0534 icm_a=-3.5578,-0.5698,9.0453 icm_g=4.0244,-3.6585,0.4878 age_icm_ms=0.37 mpu_sat=2 errors=13/0/0/0 m4_ms=344720
seq=17236 t=5997.135819 mpu_a=-0.2370,19.6127,7.9835 mpu_g=1.6260,-1.7939,0.3969 icm_a=-3.5865,-0.6225,9.0022 icm_g=3.3537,-4.2073,0.3659 age_icm_ms=0.39 mpu_sat=2 errors=13/0/0/0 m4_ms=344740
seq=17237 t=5997.155822 mpu_a=-0.2215,19.6127,7.6088 mpu_g=-0.0992,-2.1985,0.3969 icm_a=-3.5243,-0.5698,9.0501 icm_g=1.2195,-1.0366,0.1829 age_icm_ms=0.56 mpu_sat=2 errors=13/0/0/0 m4_ms=344760
seq=17238 t=5997.175822 mpu_a=-0.2418,19.6127,7.4771 mpu_g=1.7328,-0.5267,0.2748 icm_a=-3.5626,-0.5938,9.0980 icm_g=-0.1829,2.8659,0.3659 age_icm_ms=0.41 mpu_sat=2 errors=13/0/0/0 m4_ms=344780
seq=17239 t=5997.195823 mpu_a=-0.1592,19.6127,7.6602 mpu_g=5.9084,1.2901,-0.0840 icm_a=-3.5530,-0.5411,9.1075 icm_g=-0.3049,3.5976,1.0976 age_icm_ms=0.54 mpu_sat=2 errors=13/0/0/0 m4_ms=344800
seq=17240 t=5997.215824 mpu_a=-0.1269,19.6127,7.9511 mpu_g=8.2061,2.0763,0.5038 icm_a=-3.5434,-0.4884,9.1075 icm_g=0.7317,1.8293,1.0976 age_icm_ms=0.40 mpu_sat=2 errors=13/0/0/0 m4_ms=344820
seq=17241 t=5997.235825 mpu_a=-0.1808,19.6127,7.9643 mpu_g=7.2595,1.4351,0.9847 icm_a=-3.6248,-0.5171,9.1123 icm_g=1.2805,0.2439,0.3049 age_icm_ms=0.43 mpu_sat=2 errors=13/0/0/0 m4_ms=344840
seq=17242 t=5997.255825 mpu_a=-0.2526,19.6127,7.9523 mpu_g=5.3206,0.5191,0.6412 icm_a=-3.6727,-0.5746,9.1315 icm_g=0.5488,-0.4268,-0.7317 age_icm_ms=0.39 mpu_sat=2 errors=13/0/0/0 m4_ms=344860
seq=17243 t=5997.275825 mpu_a=-0.2801,19.6127,7.9966 mpu_g=4.2519,0.5115,-0.4275 icm_a=-3.6583,-0.6129,9.1123 icm_g=-0.4268,-0.3659,-1.0976 age_icm_ms=0.37 mpu_sat=2 errors=13/0/0/0 m4_ms=344880
seq=17244 t=5997.295829 mpu_a=-0.2370,19.6127,7.8302 mpu_g=3.8626,1.5954,-1.1985 icm_a=-3.5769,-0.5938,9.0836 icm_g=-0.5488,0.2439,-1.0976 age_icm_ms=0.51 mpu_sat=2 errors=13/0/0/0 m4_ms=344900
seq=17245 t=5997.315834 mpu_a=-0.1844,19.6127,7.7057 mpu_g=4.2443,2.1908,-1.3893 icm_a=-3.5338,-0.5507,9.0644 icm_g=-0.2439,0.7317,-0.5488 age_icm_ms=0.53 mpu_sat=2 errors=13/0/0/0 m4_ms=344920
seq=17246 t=5997.335835 mpu_a=-0.1556,19.6127,7.7009 mpu_g=4.8931,2.0153,-1.1679 icm_a=-3.5482,-0.5698,9.0692 icm_g=0.3049,0.4878,0.3049 age_icm_ms=0.40 mpu_sat=2 errors=13/0/0/0 m4_ms=344940
seq=17247 t=5997.355837 mpu_a=-0.1149,19.6127,7.8518 mpu_g=5.2672,1.5496,-0.4885 icm_a=-3.5865,-0.5746,9.0740 icm_g=0.0610,-0.2439,0.9146 age_icm_ms=0.41 mpu_sat=2 errors=13/0/0/0 m4_ms=344960
seq=17248 t=5997.375837 mpu_a=-0.2191,19.6127,7.8889 mpu_g=4.6794,1.2519,0.4809 icm_a=-3.5482,-0.5267,9.1219 icm_g=0.4878,0.0000,0.3659 age_icm_ms=0.40 mpu_sat=2 errors=13/0/0/0 m4_ms=344980
seq=17249 t=5997.395837 mpu_a=-0.2634,19.6127,7.7824 mpu_g=4.2137,1.5344,0.6107 icm_a=-3.5769,-0.5315,9.1123 icm_g=0.4268,0.3049,-0.3049 age_icm_ms=0.37 mpu_sat=2 errors=13/0/0/0 m4_ms=345000
seq=17250 t=5997.415838 mpu_a=-0.2035,19.6127,7.8266 mpu_g=4.5725,1.0382,-0.0763 icm_a=-3.6009,-0.5459,9.0788 icm_g=0.1220,0.3049,-0.6098 age_icm_ms=0.39 mpu_sat=2 errors=13/0/0/0 m4_ms=345020
seq=17251 t=5997.435836 mpu_a=-0.1963,19.6127,7.8350 mpu_g=4.7786,1.2366,-0.6183 icm_a=-3.5865,-0.5650,9.1028 icm_g=0.3659,0.0610,-0.4268 age_icm_ms=0.39 mpu_sat=2 errors=13/0/0/0 m4_ms=345040
seq=17252 t=5997.455835 mpu_a=-0.1377,19.6127,7.8195 mpu_g=4.6641,1.4962,-0.8397 icm_a=-3.5961,-0.5842,9.1171 icm_g=0.4878,-0.4878,0.5488 age_icm_ms=0.40 mpu_sat=2 errors=13/0/0/0 m4_ms=345060
seq=17253 t=5997.475834 mpu_a=-0.1041,19.6127,7.9404 mpu_g=4.3130,1.1832,-0.3817 icm_a=-3.5578,-0.5746,9.0980 icm_g=0.1829,-0.3659,0.7927 age_icm_ms=0.40 mpu_sat=2 errors=13/0/0/0 m4_ms=345080
seq=17254 t=5997.495833 mpu_a=-0.2274,19.6127,7.7871 mpu_g=3.9008,1.2061,0.4962 icm_a=-3.5721,-0.5650,9.0501 icm_g=0.2439,0.2439,0.3049 age_icm_ms=0.35 mpu_sat=2 errors=13/0/0/0 m4_ms=345100
seq=17255 t=5997.515831 mpu_a=-0.2334,19.6127,7.6662 mpu_g=4.1527,1.4809,0.5573 icm_a=-3.5769,-0.5746,9.0644 icm_g=0.0000,0.3049,-0.1829 age_icm_ms=0.36 mpu_sat=2 errors=13/0/0/0 m4_ms=345120
seq=17256 t=5997.535831 mpu_a=-0.2658,19.6127,7.8446 mpu_g=4.8321,1.4504,-0.0153 icm_a=-3.6009,-0.5842,9.1171 icm_g=-0.2439,-0.7317,-0.1220 age_icm_ms=0.36 mpu_sat=2 errors=13/0/0/0 m4_ms=345140
seq=17257 t=5997.555830 mpu_a=-0.2322,19.6127,7.9667 mpu_g=4.5344,1.6870,-0.4122 icm_a=-3.6152,-0.5698,9.0980 icm_g=-0.3049,-1.2195,0.2439 age_icm_ms=0.36 mpu_sat=2 errors=13/0/0/0 m4_ms=345160
seq=17258 t=5997.575829 mpu_a=-0.1484,19.6127,7.8793 mpu_g=3.4885,1.9084,-0.3206 icm_a=-3.6009,-0.5555,9.1028 icm_g=-0.1829,-0.6707,0.1829 age_icm_ms=0.36 mpu_sat=2 errors=13/0/0/0 m4_ms=345180
seq=17259 t=5997.595829 mpu_a=-0.2059,19.6127,7.7572 mpu_g=3.1832,1.9008,-0.0229 icm_a=-3.5674,-0.5555,9.0932 icm_g=0.3049,0.3659,-0.1829 age_icm_ms=0.37 mpu_sat=2 errors=13/0/0/0 m4_ms=345200
seq=17260 t=5997.615829 mpu_a=-0.2334,19.6127,7.7273 mpu_g=3.8931,1.7023,-0.1298 icm_a=-3.5434,-0.5746,9.0788 icm_g=0.3049,0.6707,-0.3659 age_icm_ms=0.37 mpu_sat=2 errors=13/0/0/0 m4_ms=345220
seq=17261 t=5997.635827 mpu_a=-0.1963,19.6127,7.8159 mpu_g=4.8397,1.2061,-0.4351 icm_a=-3.5338,-0.5746,9.0980 icm_g=-0.0610,0.0610,-0.3049 age_icm_ms=0.36 mpu_sat=2 errors=13/0/0/0 m4_ms=345240
seq=17262 t=5997.655826 mpu_a=-0.1879,19.6127,7.8781 mpu_g=5.0840,1.3206,-0.5725 icm_a=-3.5434,-0.5602,9.0836 icm_g=0.0000,0.0610,0.0000 age_icm_ms=0.35 mpu_sat=2 errors=13/0/0/0 m4_ms=345260
seq=17263 t=5997.675826 mpu_a=-0.1353,19.6127,7.8350 mpu_g=4.5496,1.6183,-0.5267 icm_a=-3.5865,-0.5890,9.0884 icm_g=0.6098,0.9146,0.0610 age_icm_ms=0.35 mpu_sat=2 errors=13/0/0/0 m4_ms=345280
seq=17264 t=5997.695824 mpu_a=-0.2071,19.6127,7.6830 mpu_g=4.5344,1.6031,-0.1832 icm_a=-3.6105,-0.5794,9.0788 icm_g=0.4878,1.2195,-0.3049 age_icm_ms=0.35 mpu_sat=2 errors=13/0/0/0 m4_ms=345300
seq=17265 t=5997.715823 mpu_a=-0.2741,19.6127,7.7859 mpu_g=5.2977,1.0229,-0.1756 icm_a=-3.6009,-0.5555,9.0836 icm_g=-0.1220,0.4878,-0.4878 age_icm_ms=0.35 mpu_sat=2 errors=13/0/0/0 m4_ms=345320
seq=17266 t=5997.735822 mpu_a=-0.2071,19.6127,7.9368 mpu_g=5.6336,1.1221,-0.5191 icm_a=-3.5674,-0.5507,9.1171 icm_g=-0.3049,0.0610,-0.4268 age_icm_ms=0.35 mpu_sat=2 errors=13/0/0/0 m4_ms=345340
seq=17267 t=5997.755822 mpu_a=-0.1568,19.6127,7.8745 mpu_g=4.9847,1.7099,-0.7939 icm_a=-3.5769,-0.5746,9.1315 icm_g=0.3659,0.1220,-0.1829 age_icm_ms=0.39 mpu_sat=2 errors=13/0/0/0 m4_ms=345360
seq=17268 t=5997.775825 mpu_a=-0.1520,19.6127,7.8314 mpu_g=4.4427,1.9618,-0.7099 icm_a=-3.5721,-0.5555,9.0644 icm_g=0.6098,0.1220,0.0000 age_icm_ms=0.43 mpu_sat=2 errors=13/0/0/0 m4_ms=345380
seq=17269 t=5997.795825 mpu_a=-0.1664,19.6127,7.8183 mpu_g=4.5344,1.3740,-0.4656 icm_a=-3.5626,-0.5602,9.0501 icm_g=0.2439,0.4268,-0.2439 age_icm_ms=0.37 mpu_sat=2 errors=13/0/0/0 m4_ms=345400
seq=17270 t=5997.815825 mpu_a=-0.1939,19.6127,7.7764 mpu_g=4.5496,0.9924,-0.1908 icm_a=-3.5386,-0.5842,9.0980 icm_g=-0.5488,1.0976,-0.4268 age_icm_ms=0.37 mpu_sat=2 errors=13/0/0/0 m4_ms=345420
seq=17271 t=5997.835824 mpu_a=-0.2071,19.6127,7.7907 mpu_g=5.3893,2.0076,-0.7023 icm_a=-3.5721,-0.5986,9.1171 icm_g=-0.7317,1.4024,-0.2439 age_icm_ms=0.37 mpu_sat=2 errors=13/0/0/0 m4_ms=345440
seq=17272 t=5997.855825 mpu_a=-0.1999,19.6127,7.8039 mpu_g=5.8092,2.3893,-0.5573 icm_a=-3.6488,-0.6033,9.1123 icm_g=0.4268,0.7927,0.1829 age_icm_ms=0.38 mpu_sat=2 errors=13/0/0/0 m4_ms=345460
seq=17273 t=5997.875825 mpu_a=-0.2215,19.6127,7.8853 mpu_g=5.4733,1.5191,-0.1298 icm_a=-3.6200,-0.5746,9.0692 icm_g=1.2805,-0.4268,0.3049 age_icm_ms=0.38 mpu_sat=2 errors=13/0/0/0 m4_ms=345480
seq=17274 t=5997.895825 mpu_a=-0.2107,19.6127,7.9080 mpu_g=4.3664,0.4885,0.1221 icm_a=-3.5578,-0.5986,9.0980 icm_g=0.4878,-0.6707,0.0610 age_icm_ms=0.38 mpu_sat=2 errors=13/0/0/0 m4_ms=345500
seq=17275 t=5997.915826 mpu_a=-0.2550,19.6127,7.7452 mpu_g=3.5802,0.7328,-0.0229 icm_a=-3.6009,-0.5794,9.1315 icm_g=-0.4268,0.7317,-0.1829 age_icm_ms=0.40 mpu_sat=2 errors=13/0/0/0 m4_ms=345520
seq=17276 t=5997.935825 mpu_a=-0.2179,19.6127,7.7620 mpu_g=4.6260,1.8702,-0.4504 icm_a=-3.5961,-0.5698,9.0932 icm_g=-0.2439,0.9756,-0.2439 age_icm_ms=0.40 mpu_sat=2 errors=13/0/0/0 m4_ms=345540
seq=17277 t=5997.955824 mpu_a=-0.1736,19.6127,7.8961 mpu_g=5.6412,2.0534,-0.4962 icm_a=-3.6248,-0.5555,9.0980 icm_g=0.9146,-1.0366,0.1220 age_icm_ms=0.40 mpu_sat=2 errors=13/0/0/0 m4_ms=345560
seq=17278 t=5997.975824 mpu_a=-0.1867,19.6127,7.9918 mpu_g=4.2901,1.0916,-0.2443 icm_a=-3.6679,-0.5794,9.1267 icm_g=1.3415,-2.8659,0.3049 age_icm_ms=0.41 mpu_sat=2 errors=13/0/0/0 m4_ms=345580
seq=17279 t=5997.995823 mpu_a=-0.2526,19.6127,7.9535 mpu_g=2.0534,0.1450,0.1527 icm_a=-3.6296,-0.5650,9.1889 icm_g=1.0366,-2.6220,0.3049 age_icm_ms=0.40 mpu_sat=2 errors=13/0/0/0 m4_ms=345600
seq=17280 t=5998.015823 mpu_a=-0.1736,19.6127,7.8147 mpu_g=1.4885,0.5420,0.1221 icm_a=-3.5817,-0.6177,9.1937 icm_g=0.9756,-2.7439,0.6098 age_icm_ms=0.42 mpu_sat=2 errors=13/0/0/0 m4_ms=345620
seq=17281 t=5998.035822 mpu_a=-0.2753,19.6127,8.1965 mpu_g=2.2061,0.5878,0.3740 icm_a=-3.5243,-0.5938,9.0692 icm_g=0.0610,-6.5244,-0.1220 age_icm_ms=0.36 mpu_sat=2 errors=13/0/0/0 m4_ms=345640
seq=17282 t=5998.055822 mpu_a=-0.3472,19.6127,8.2911 mpu_g=0.0687,1.1221,0.0992 icm_a=-3.5482,-0.6081,9.0597 icm_g=-0.9146,-10.6707,-1.2195 age_icm_ms=0.37 mpu_sat=2 errors=13/0/0/0 m4_ms=345660
seq=17283 t=5998.075821 mpu_a=-0.2801,19.6127,8.1008 mpu_g=-4.4885,2.0382,-0.9008 icm_a=-3.5769,-0.5411,9.0788 icm_g=-0.9756,-12.1341,-1.5244 age_icm_ms=0.37 mpu_sat=2 errors=13/0/0/0 m4_ms=345680
seq=17284 t=5998.095820 mpu_a=-0.1820,19.6127,7.7800 mpu_g=-7.4351,2.5573,-1.6336 icm_a=-3.4907,-0.5698,9.2560 icm_g=-0.7317,-11.5244,-0.9756 age_icm_ms=0.36 mpu_sat=2 errors=13/0/0/0 m4_ms=345700
seq=17285 t=5998.115820 mpu_a=-0.0970,19.6127,7.9057 mpu_g=-7.4198,2.3511,-1.5802 icm_a=-3.4046,-0.6369,9.2799 icm_g=-1.0366,-11.6463,-0.2439 age_icm_ms=0.38 mpu_sat=2 errors=13/0/0/0 m4_ms=345720
seq=17286 t=5998.135820 mpu_a=-0.2382,19.6127,8.1702 mpu_g=-6.9008,2.2977,-0.6870 icm_a=-3.3567,-0.6129,9.1794 icm_g=-1.8293,-13.2927,-0.5488 age_icm_ms=0.38 mpu_sat=2 errors=13/0/0/0 m4_ms=345740
seq=17287 t=5998.155819 mpu_a=-0.3005,19.6127,8.1223 mpu_g=-7.6641,2.9313,-0.3969 icm_a=-3.3998,-0.6369,9.0740 icm_g=-2.3171,-14.8780,-1.0366 age_icm_ms=0.37 mpu_sat=2 errors=13/0/0/0 m4_ms=345760
seq=17288 t=5998.175819 mpu_a=-0.2490,19.6127,7.9547 mpu_g=-9.6183,3.4809,-1.0229 icm_a=-3.3423,-0.6033,9.1315 icm_g=-1.7683,-15.0610,-0.2439 age_icm_ms=0.37 mpu_sat=2 errors=13/0/0/0 m4_ms=345780
seq=17289 t=5998.195819 mpu_a=-0.1413,19.6127,7.8326 mpu_g=-10.4580,3.9008,-0.9847 icm_a=-3.1508,-0.5363,9.1459 icm_g=-1.2195,-16.2195,0.4268 age_icm_ms=0.40 mpu_sat=2 errors=13/0/0/0 m4_ms=345800
seq=17290 t=5998.215819 mpu_a=-0.1580,19.6127,7.9476 mpu_g=-10.7481,3.2214,0.0076 icm_a=-3.0885,-0.5746,9.1650 icm_g=0.1220,-19.1463,-0.1829 age_icm_ms=0.38 mpu_sat=2 errors=13/0/0/0 m4_ms=345820
seq=17291 t=5998.235818 mpu_a=-0.2885,19.6127,8.2061 mpu_g=-12.4580,2.3817,0.2901 icm_a=-3.1220,-0.6416,9.0836 icm_g=0.0610,-23.0488,0.0610 age_icm_ms=0.35 mpu_sat=2 errors=13/0/0/0 m4_ms=345840
seq=17292 t=5998.255817 mpu_a=-0.1425,19.6127,8.2684 mpu_g=-15.8168,1.3893,-0.3282 icm_a=-3.0406,-0.6321,9.3326 icm_g=0.7317,-26.2195,2.0122 age_icm_ms=0.35 mpu_sat=2 errors=13/0/0/0 m4_ms=345860
seq=17293 t=5998.275816 mpu_a=-0.0455,19.6127,8.1570 mpu_g=-19.7252,1.7099,0.5496 icm_a=-2.9018,-0.5602,9.3661 icm_g=2.6829,-28.6585,2.7439 age_icm_ms=0.36 mpu_sat=2 errors=13/0/0/0 m4_ms=345880
seq=17294 t=5998.295817 mpu_a=-0.1867,19.6127,8.2923 mpu_g=-22.2672,0.4427,2.6031 icm_a=-2.8347,-0.6895,9.4140 icm_g=1.8293,-30.6707,2.9878 age_icm_ms=0.39 mpu_sat=2 errors=13/0/0/0 m4_ms=345900
seq=17295 t=5998.315818 mpu_a=-0.1125,19.6127,8.4491 mpu_g=-24.5573,-0.8473,2.9160 icm_a=-2.7533,-0.6369,9.4044 icm_g=1.8902,-31.5244,4.0244 age_icm_ms=0.40 mpu_sat=2 errors=13/0/0/0 m4_ms=345920
seq=17296 t=5998.335819 mpu_a=-0.2813,19.6127,8.2217 mpu_g=-26.3282,0.1756,3.5344 icm_a=-2.6240,-0.5842,9.3613 icm_g=1.6463,-32.6829,3.3537 age_icm_ms=0.41 mpu_sat=2 errors=13/0/0/0 m4_ms=345940
seq=17297 t=5998.355823 mpu_a=-0.3472,19.6127,8.2037 mpu_g=-27.0687,-0.0534,4.2443 icm_a=-2.5235,-0.5411,9.3518 icm_g=0.6707,-34.3293,2.6829 age_icm_ms=0.48 mpu_sat=2 errors=13/0/0/0 m4_ms=345960
seq=17298 t=5998.375825 mpu_a=-0.1939,19.6127,8.4132 mpu_g=-28.3053,0.2595,3.3282 icm_a=-2.4469,-0.5890,9.4284 icm_g=-0.5488,-34.6341,4.6341 age_icm_ms=0.41 mpu_sat=2 errors=13/0/0/0 m4_ms=345980
seq=17299 t=5998.395826 mpu_a=0.0910,19.6127,8.2337 mpu_g=-29.9466,1.5802,2.9847 icm_a=-2.2505,-0.5650,9.4858 icm_g=1.5244,-31.7683,6.0976 age_icm_ms=0.54 mpu_sat=2 errors=13/0/0/0 m4_ms=346000
seq=17300 t=5998.415827 mpu_a=-0.1245,19.6127,7.7632 mpu_g=-29.8015,2.4351,5.1603 icm_a=-2.1021,-0.6369,9.4810 icm_g=4.5122,-28.2927,4.4512 age_icm_ms=0.46 mpu_sat=2 errors=13/0/0/0 m4_ms=346020
seq=17301 t=5998.435828 mpu_a=-0.4788,19.6127,7.6543 mpu_g=-26.5191,0.0153,6.2290 icm_a=-2.0016,-0.5650,9.2273 icm_g=4.0854,-34.7561,1.2195 age_icm_ms=0.47 mpu_sat=2 errors=13/0/0/0 m4_ms=346040
seq=17302 t=5998.455828 mpu_a=-0.5363,19.6127,9.0609 mpu_g=-23.4733,-2.9084,4.4504 icm_a=-1.9680,-0.4118,9.2560 icm_g=1.7073,-47.3171,-1.8293 age_icm_ms=0.43 mpu_sat=2 errors=13/0/0/0 m4_ms=346060
seq=17303 t=5998.475827 mpu_a=-0.3232,19.6127,9.4607 mpu_g=-30.2748,-2.2061,1.4122 icm_a=-1.8771,-0.4501,9.5433 icm_g=2.1341,-52.9878,-3.1098 age_icm_ms=0.37 mpu_sat=2 errors=13/0/0/0 m4_ms=346080
seq=17304 t=5998.495826 mpu_a=-0.1425,19.6127,8.6119 mpu_g=-42.8626,0.2443,-1.4504 icm_a=-1.5897,-0.4932,9.5912 icm_g=2.5000,-51.2805,-1.2805 age_icm_ms=0.37 mpu_sat=2 errors=13/0/0/0 m4_ms=346100
seq=17305 t=5998.515826 mpu_a=0.0503,19.6127,8.0936 mpu_g=-48.5038,-0.2977,-2.6489 icm_a=-1.1732,-0.5267,9.5912 icm_g=4.0244,-48.7195,1.1585 age_icm_ms=0.36 mpu_sat=2 errors=13/0/0/0 m4_ms=346120
seq=17306 t=5998.535825 mpu_a=0.0874,19.6127,8.1116 mpu_g=-46.6412,-0.8855,-0.9084 icm_a=-1.0439,-0.4884,9.3039 icm_g=6.2805,-44.8171,0.3049 age_icm_ms=0.35 mpu_sat=2 errors=13/0/0/0 m4_ms=346140
seq=17307 t=5998.555825 mpu_a=-0.3053,19.6127,7.8338 mpu_g=-44.0534,-1.9008,1.6336 icm_a=-1.0391,-0.4693,9.0070 icm_g=2.9878,-37.8049,-0.4878 age_icm_ms=0.38 mpu_sat=2 errors=13/0/0/0 m4_ms=346160
seq=17308 t=5998.575824 mpu_a=-0.2131,19.6127,7.2401 mpu_g=-40.3969,-4.2366,1.0000 icm_a=-0.7614,-0.6033,9.3230 icm_g=1.6463,-30.4878,0.4268 age_icm_ms=0.36 mpu_sat=2 errors=13/0/0/0 m4_ms=346180
seq=17309 t=5998.595824 mpu_a=0.0287,19.6127,7.3310 mpu_g=-33.5878,-1.8015,-0.1145 icm_a=-0.5555,-0.5698,9.4427 icm_g=0.7317,-25.0000,0.6098 age_icm_ms=0.37 mpu_sat=2 errors=13/0/0/0 m4_ms=346200
seq=17310 t=5998.615822 mpu_a=-0.2693,19.6127,7.6136 mpu_g=-26.2748,0.5649,0.4809 icm_a=-0.6177,-0.6081,9.7875 icm_g=0.1829,-17.7439,1.1585 age_icm_ms=0.35 mpu_sat=2 errors=13/0/0/0 m4_ms=346220
seq=17311 t=5998.635822 mpu_a=-0.1101,19.6127,7.7752 mpu_g=-20.8779,0.7328,0.7405 icm_a=-0.8236,-0.4741,9.8881 icm_g=-0.6707,-11.8293,1.2195 age_icm_ms=0.37 mpu_sat=2 errors=13/0/0/0 m4_ms=346240
seq=17312 t=5998.655823 mpu_a=-0.2286,19.6127,8.0768 mpu_g=-14.2672,1.9160,0.9771 icm_a=-1.0343,-0.4214,10.2759 icm_g=-5.9146,-8.9024,2.3171 age_icm_ms=0.38 mpu_sat=2 errors=13/0/0/0 m4_ms=346260
seq=17313 t=5998.675821 mpu_a=0.1053,19.6127,9.1183 mpu_g=-4.7328,6.7176,1.4885 icm_a=-1.0630,-0.5124,10.3860 icm_g=-7.5610,-7.5000,3.3537 age_icm_ms=0.36 mpu_sat=2 errors=13/0/0/0 m4_ms=346280
seq=17314 t=5998.695820 mpu_a=-0.1161,19.6127,9.2332 mpu_g=-3.0229,9.3359,2.8168 icm_a=-0.9385,-0.4980,10.3094 icm_g=-8.2317,-7.2561,3.2927 age_icm_ms=0.35 mpu_sat=2 errors=13/0/0/0 m4_ms=346300
seq=17315 t=5998.715820 mpu_a=-0.0575,19.6127,9.2692 mpu_g=-2.6947,9.7176,2.8397 icm_a=-0.9433,-0.4166,10.3286 icm_g=-9.5122,-6.9512,3.5366 age_icm_ms=0.38 mpu_sat=2 errors=13/0/0/0 m4_ms=346320
seq=17316 t=5998.735819 mpu_a=0.1030,19.6127,9.1686 mpu_g=-2.5267,10.9466,2.8397 icm_a=-0.8906,-0.4405,10.3334 icm_g=-11.8902,-7.5610,4.2073 age_icm_ms=0.37 mpu_sat=2 errors=13/0/0/0 m4_ms=346340
seq=17317 t=5998.755820 mpu_a=0.0263,19.6127,9.7659 mpu_g=-2.3893,12.4580,3.3893 icm_a=-0.6129,-0.4884,9.9647 icm_g=-16.7683,-11.8902,3.8415 age_icm_ms=0.38 mpu_sat=2 errors=13/0/0/0 m4_ms=346360
seq=17318 t=5998.775819 mpu_a=-0.2753,19.6127,9.4128 mpu_g=-5.7786,16.6489,3.4198 icm_a=-0.5363,-0.5602,9.8593 icm_g=-17.7439,-15.4878,2.0732 age_icm_ms=0.37 mpu_sat=2 errors=13/0/0/0 m4_ms=346380
seq=17319 t=5998.795820 mpu_a=-0.3519,19.6127,8.6371 mpu_g=-10.1221,19.8473,1.7939 icm_a=-0.4405,-0.6560,9.8162 icm_g=-12.1951,-16.0366,0.3049 age_icm_ms=0.40 mpu_sat=2 errors=13/0/0/0 m4_ms=346400
seq=17320 t=5998.815820 mpu_a=-0.5698,19.6127,8.0589 mpu_g=-11.8397,16.1679,0.3130 icm_a=-0.3304,-0.7853,9.8258 icm_g=-5.7927,-12.6829,-1.7073 age_icm_ms=0.39 mpu_sat=2 errors=13/0/0/0 m4_ms=346420
seq=17321 t=5998.835821 mpu_a=-0.6129,19.6127,7.8781 mpu_g=-10.0229,9.6031,-1.4580 icm_a=-0.3352,-0.9433,9.6965 icm_g=-1.7073,-7.8049,-2.1341 age_icm_ms=0.38 mpu_sat=2 errors=13/0/0/0 m4_ms=346440
seq=17322 t=5998.855821 mpu_a=-0.5399,19.6127,7.9978 mpu_g=-5.2443,4.2137,-2.4504 icm_a=-0.4549,-0.9242,9.6534 icm_g=-1.4634,-1.7073,-0.6707 age_icm_ms=0.39 mpu_sat=2 errors=13/0/0/0 m4_ms=346460
seq=17323 t=5998.875821 mpu_a=-0.3364,19.6127,7.7824 mpu_g=-0.2290,2.7557,-1.6870 icm_a=-0.4405,-0.9290,9.7013 icm_g=-0.3049,7.6829,1.6463 age_icm_ms=0.37 mpu_sat=2 errors=13/0/0/0 m4_ms=346480
seq=17324 t=5998.895821 mpu_a=-0.3938,19.6127,7.3203 mpu_g=7.4733,2.9771,0.2290 icm_a=-0.4597,-0.8667,9.7109 icm_g=3.0488,18.6585,3.6585 age_icm_ms=0.38 mpu_sat=2 errors=13/0/0/0 m4_ms=346500
seq=17325 t=5998.915821 mpu_a=-0.3472,19.6127,7.3921 mpu_g=17.8397,0.3435,2.4504 icm_a=-0.4501,-0.8188,9.7205 icm_g=6.2805,27.4390,5.0610 age_icm_ms=0.38 mpu_sat=2 errors=13/0/0/0 m4_ms=346520
seq=17326 t=5998.935820 mpu_a=-0.4357,19.6127,7.7883 mpu_g=27.9313,-2.8321,4.2290 icm_a=-0.5124,-0.6991,9.5529 icm_g=8.1098,31.5244,4.5732 age_icm_ms=0.37 mpu_sat=2 errors=13/0/0/0 m4_ms=346540
seq=17327 t=5998.955821 mpu_a=-0.5315,19.6127,8.2899 mpu_g=34.4351,-5.7328,4.8855 icm_a=-0.7470,-0.6225,9.6678 icm_g=7.6220,31.4634,2.2561 age_icm_ms=0.37 mpu_sat=2 errors=13/0/0/0 m4_ms=346560
seq=17328 t=5998.975822 mpu_a=-0.4741,19.6127,8.6407 mpu_g=36.1603,-6.1221,3.2901 icm_a=-0.8859,-0.6321,9.7875 icm_g=7.9268,27.6829,-0.2439 age_icm_ms=0.41 mpu_sat=2 errors=13/0/0/0 m4_ms=346580
seq=17329 t=5998.995823 mpu_a=-0.4501,19.6127,9.2057 mpu_g=34.5649,-5.9466,0.8931 icm_a=-0.9864,-0.6081,9.6007 icm_g=4.9390,19.8780,-2.2561 age_icm_ms=0.40 mpu_sat=2 errors=13/0/0/0 m4_ms=346600
seq=17330 t=5999.015824 mpu_a=-0.3148,19.6127,9.5565 mpu_g=29.0305,-5.6565,-1.3053 icm_a=-1.1396,-0.6608,9.7683 icm_g=1.9512,12.7439,-2.8049 age_icm_ms=0.39 mpu_sat=2 errors=13/0/0/0 m4_ms=346620
seq=17331 t=5999.035823 mpu_a=-0.1903,19.6127,9.2296 mpu_g=20.9237,-1.8931,-3.0000 icm_a=-1.1444,-0.7230,9.8497 icm_g=1.3415,8.3537,-1.1585 age_icm_ms=0.40 mpu_sat=2 errors=13/0/0/0 m4_ms=346640
seq=17332 t=5999.055823 mpu_a=-0.1125,19.6127,9.0094 mpu_g=15.0076,0.0534,-2.7557 icm_a=-1.1157,-0.7566,9.8450 icm_g=1.2195,4.6951,0.7927 age_icm_ms=0.40 mpu_sat=2 errors=13/0/0/0 m4_ms=346660
seq=17333 t=5999.075821 mpu_a=-0.2286,19.6127,9.1638 mpu_g=11.4962,0.3130,-0.5878 icm_a=-1.1923,-0.7566,9.8833 icm_g=1.4024,0.7317,1.4024 age_icm_ms=0.41 mpu_sat=2 errors=13/0/0/0 m4_ms=346680
seq=17334 t=5999.095821 mpu_a=-0.3699,19.6127,9.0597 mpu_g=7.6794,0.5038,1.0000 icm_a=-1.2067,-0.6847,9.8019 icm_g=3.2317,-1.2195,1.4024 age_icm_ms=0.41 mpu_sat=2 errors=13/0/0/0 m4_ms=346700
seq=17335 t=5999.115820 mpu_a=-0.3208,19.6127,8.6670 mpu_g=4.2137,-0.1756,1.2290 icm_a=-1.1013,-0.6560,9.7109 icm_g=3.4756,-1.2195,1.1585 age_icm_ms=0.42 mpu_sat=2 errors=13/0/0/0 m4_ms=346720
seq=17336 t=5999.135821 mpu_a=-0.3424,19.6127,8.5844 mpu_g=2.9466,-1.8931,1.3511 icm_a=-0.9912,-0.6225,9.6822 icm_g=3.0488,0.9146,0.5488 age_icm_ms=0.44 mpu_sat=2 errors=13/0/0/0 m4_ms=346740
seq=17337 t=5999.155821 mpu_a=-0.3256,19.6127,8.3067 mpu_g=3.4122,-1.6947,0.9008 icm_a=-0.9625,-0.6225,9.5529 icm_g=2.0122,3.2317,0.6098 age_icm_ms=0.42 mpu_sat=2 errors=13/0/0/0 m4_ms=346760
seq=17338 t=5999.175820 mpu_a=-0.2227,19.6127,8.2923 mpu_g=5.7939,-1.3359,0.3206 icm_a=-0.9912,-0.5938,9.6007 icm_g=1.2195,4.2683,1.0976 age_icm_ms=0.42 mpu_sat=2 errors=13/0/0/0 m4_ms=346780
seq=17339 t=5999.195820 mpu_a=-0.1975,19.6127,8.3414 mpu_g=7.9237,-0.0534,0.4733 icm_a=-1.0870,-0.6512,9.6822 icm_g=2.1341,3.3537,1.5854 age_icm_ms=0.45 mpu_sat=2 errors=13/0/0/0 m4_ms=346800
seq=17340 t=5999.215820 mpu_a=-0.2394,19.6127,8.5497 mpu_g=8.6794,0.4351,0.9313 icm_a=-1.1827,-0.6704,9.7348 icm_g=2.9878,0.9146,1.8902 age_icm_ms=0.38 mpu_sat=2 errors=13/0/0/0 m4_ms=346820
seq=17341 t=5999.235820 mpu_a=-0.2562,19.6127,8.8322 mpu_g=7.6870,-0.5191,1.4733 icm_a=-1.1779,-0.6225,9.7827 icm_g=1.7683,-0.6707,1.6463 age_icm_ms=0.39 mpu_sat=2 errors=13/0/0/0 m4_ms=346840
seq=17342 t=5999.255819 mpu_a=-0.2741,19.6127,8.7676 mpu_g=5.0687,-1.1756,1.7405 icm_a=-1.1588,-0.6081,9.8737 icm_g=1.7683,1.6463,1.4634 age_icm_ms=0.37 mpu_sat=2 errors=13/0/0/0 m4_ms=346860
seq=17343 t=5999.275819 mpu_a=-0.2622,19.6127,8.3821 mpu_g=3.6412,-0.0840,1.5115 icm_a=-1.0965,-0.6033,9.7923 icm_g=2.5000,4.8171,1.2195 age_icm_ms=0.37 mpu_sat=2 errors=13/0/0/0 m4_ms=346880
seq=17344 t=5999.295819 mpu_a=-0.2610,19.6127,8.3426 mpu_g=6.2290,-0.1145,1.2748 icm_a=-1.1205,-0.6177,9.7157 icm_g=2.3780,4.8171,1.5854 age_icm_ms=0.36 mpu_sat=2 errors=13/0/0/0 m4_ms=346900
seq=17345 t=5999.315818 mpu_a=-0.1987,19.6127,8.6203 mpu_g=9.3282,-0.8626,0.9847 icm_a=-1.1349,-0.5746,9.6343 icm_g=0.9146,2.0732,1.8293 age_icm_ms=0.36 mpu_sat=2 errors=13/0/0/0 m4_ms=346920
seq=17346 t=5999.335818 mpu_a=-0.1939,19.6127,8.8873 mpu_g=9.3740,-0.8244,1.3969 icm_a=-1.1109,-0.5267,9.6726 icm_g=-0.6098,-2.4390,0.9146 age_icm_ms=0.38 mpu_sat=2 errors=13/0/0/0 m4_ms=346940
seq=17347 t=5999.355817 mpu_a=-0.2274,19.6127,9.0202 mpu_g=6.5725,0.6107,1.5802 icm_a=-1.1253,-0.5698,9.7061 icm_g=-1.3415,-6.5854,0.0000 age_icm_ms=0.35 mpu_sat=2 errors=13/0/0/0 m4_ms=346960
seq=17348 t=5999.375818 mpu_a=-0.2502,19.6127,8.9699 mpu_g=2.1221,2.2137,0.7481 icm_a=-1.2163,-0.6033,9.7875 icm_g=-0.9756,-7.3780,-0.4268 age_icm_ms=0.39 mpu_sat=2 errors=13/0/0/0 m4_ms=346980
seq=17349 t=5999.395818 mpu_a=-0.2478,19.6127,8.6538 mpu_g=-1.9924,2.9542,-0.1527 icm_a=-1.1923,-0.6560,9.7492 icm_g=1.3415,-5.0000,0.1829 age_icm_ms=0.38 mpu_sat=2 errors=13/0/0/0 m4_ms=347000
seq=17350 t=5999.415819 mpu_a=-0.2406,19.6127,8.2396 mpu_g=-3.1756,2.7176,-0.6183 icm_a=-1.0965,-0.6608,9.7013 icm_g=1.4024,-4.0244,1.3415 age_icm_ms=0.37 mpu_sat=2 errors=13/0/0/0 m4_ms=347020
seq=17351 t=5999.435819 mpu_a=-0.1987,19.6127,8.4132 mpu_g=-0.8092,0.4580,-0.0076 icm_a=-1.0487,-0.5986,9.7348 icm_g=1.1585,-4.1463,1.2805 age_icm_ms=0.38 mpu_sat=2 errors=13/0/0/0 m4_ms=347040
seq=17352 t=5999.455819 mpu_a=-0.2514,19.6127,8.6311 mpu_g=0.6794,0.0916,1.1374 icm_a=-1.0391,-0.5842,9.7300 icm_g=1.5244,-3.2317,0.7927 age_icm_ms=0.38 mpu_sat=2 errors=13/0/0/0 m4_ms=347060
seq=17353 t=5999.475819 mpu_a=-0.2909,19.6127,8.5317 mpu_g=0.2977,0.4809,1.2137 icm_a=-1.0056,-0.5602,9.7013 icm_g=1.8293,-1.2195,0.8537 age_icm_ms=0.38 mpu_sat=2 errors=13/0/0/0 m4_ms=347080
seq=17354 t=5999.495820 mpu_a=-0.1496,19.6127,8.4611 mpu_g=2.9542,-0.1603,0.6183 icm_a=-1.0487,-0.5363,9.6822 icm_g=2.0732,-0.1829,0.9756 age_icm_ms=0.38 mpu_sat=2 errors=13/0/0/0 m4_ms=347100
seq=17355 t=5999.515820 mpu_a=-0.2167,19.6127,8.5198 mpu_g=4.2137,-0.3893,0.8855 icm_a=-1.0008,-0.5555,9.7013 icm_g=2.1951,-0.2439,0.3659 age_icm_ms=0.38 mpu_sat=2 errors=13/0/0/0 m4_ms=347120
seq=17356 t=5999.535821 mpu_a=-0.2215,19.6127,8.6969 mpu_g=4.2977,-0.6336,0.3969 icm_a=-0.9720,-0.5219,9.7109 icm_g=1.2195,-1.0366,-0.3659 age_icm_ms=0.41 mpu_sat=2 errors=13/0/0/0 m4_ms=347140
seq=17357 t=5999.555827 mpu_a=-0.1808,19.6127,8.5162 mpu_g=3.4885,0.1298,-0.4122 icm_a=-1.0487,-0.5363,9.7540 icm_g=1.2805,-0.1220,-0.6098 age_icm_ms=0.61 mpu_sat=2 errors=13/0/0/0 m4_ms=347160
seq=17358 t=5999.575828 mpu_a=-0.1365,19.6127,8.3809 mpu_g=3.7176,0.4809,-0.8321 icm_a=-1.0582,-0.5507,9.7971 icm_g=1.7683,1.3415,-0.3659 age_icm_ms=0.46 mpu_sat=2 errors=13/0/0/0 m4_ms=347180
seq=17359 t=5999.595828 mpu_a=-0.1281,19.6127,8.7161 mpu_g=5.5344,0.0687,-0.6947 icm_a=-1.0295,-0.5555,9.7540 icm_g=1.2805,-0.5488,0.4878 age_icm_ms=0.58 mpu_sat=2 errors=13/0/0/0 m4_ms=347200
seq=17360 t=5999.615828 mpu_a=-0.0994,19.6127,9.0680 mpu_g=5.0458,0.0534,0.0534 icm_a=-1.0678,-0.5602,9.7109 icm_g=0.8537,-5.7317,0.8537 age_icm_ms=0.44 mpu_sat=2 errors=13/0/0/0 m4_ms=347220
seq=17361 t=5999.635830 mpu_a=-0.1269,19.6127,9.1040 mpu_g=0.7939,0.5573,0.6641 icm_a=-1.0534,-0.5171,9.7779 icm_g=1.1585,-11.3415,0.9756 age_icm_ms=0.43 mpu_sat=2 errors=13/0/0/0 m4_ms=347240
seq=17362 t=5999.655829 mpu_a=-0.1820,19.6127,8.9842 mpu_g=-5.1298,0.4733,0.9313 icm_a=-0.9337,-0.5459,9.7875 icm_g=1.6463,-13.1098,0.8537 age_icm_ms=0.37 mpu_sat=2 errors=13/0/0/0 m4_ms=347260
seq=17363 t=5999.675828 mpu_a=-0.2071,19.6127,8.4767 mpu_g=-8.5573,0.2519,0.8168 icm_a=-0.8811,-0.5219,9.7683 icm_g=1.5244,-11.4024,0.4878 age_icm_ms=0.36 mpu_sat=2 errors=13/0/0/0 m4_ms=347280
seq=17364 t=5999.695829 mpu_a=-0.1484,19.6127,8.4982 mpu_g=-7.7176,-0.0687,0.6489 icm_a=-0.9529,-0.5555,9.6726 icm_g=1.4634,-12.3780,0.1829 age_icm_ms=0.41 mpu_sat=2 errors=13/0/0/0 m4_ms=347300
seq=17365 t=5999.715829 mpu_a=-0.1963,19.6127,8.9902 mpu_g=-6.6489,0.0458,0.3435 icm_a=-0.9481,-0.5698,9.8210 icm_g=1.6463,-20.7317,0.5488 age_icm_ms=0.39 mpu_sat=2 errors=13/0/0/0 m4_ms=347320
seq=17366 t=5999.735828 mpu_a=-0.1161,19.6127,9.8605 mpu_g=-11.2748,0.1832,0.2901 icm_a=-0.5602,-0.5171,9.8689 icm_g=4.6341,-35.2439,0.6098 age_icm_ms=0.36 mpu_sat=2 errors=13/0/0/0 m4_ms=347340
seq=17367 t=5999.755829 mpu_a=-0.2741,19.6127,9.9850 mpu_g=-23.3130,-1.3511,0.9924 icm_a=-0.4741,-0.3735,9.8737 icm_g=8.2927,-46.8902,-0.3049 age_icm_ms=0.37 mpu_sat=2 errors=13/0/0/0 m4_ms=347360
seq=17368 t=5999.775828 mpu_a=-0.0922,19.6127,9.1147 mpu_g=-37.5573,-4.8015,0.7252 icm_a=-0.5028,-0.3926,9.8450 icm_g=9.8171,-49.8171,-0.3049 age_icm_ms=0.37 mpu_sat=2 errors=13/0/0/0 m4_ms=347380
seq=17369 t=5999.795827 mpu_a=0.0383,19.6127,8.6275 mpu_g=-44.7328,-7.9847,0.3130 icm_a=-0.3831,-0.3160,9.7444 icm_g=9.7561,-47.5610,0.1220 age_icm_ms=0.35 mpu_sat=2 errors=13/0/0/0 m4_ms=347400
seq=17370 t=5999.815826 mpu_a=0.0503,19.6127,8.2875 mpu_g=-44.3817,-8.0305,0.7328 icm_a=-0.1580,-0.4214,9.5481 icm_g=6.9512,-43.2927,-0.3049 age_icm_ms=0.35 mpu_sat=2 errors=13/0/0/0 m4_ms=347420
seq=17371 t=5999.835824 mpu_a=-0.0479,19.6127,8.1463 mpu_g=-41.0916,-7.4275,0.6641 icm_a=0.0862,-0.5124,9.5529 icm_g=2.8659,-38.9634,-0.4268 age_icm_ms=0.34 mpu_sat=2 errors=13/0/0/0 m4_ms=347440
seq=17372 t=5999.855824 mpu_a=-0.1089,19.6127,8.4180 mpu_g=-36.5496,-3.8321,0.1527 icm_a=0.2203,-0.4741,9.6630 icm_g=-2.8049,-35.7927,-1.4634 age_icm_ms=0.38 mpu_sat=2 errors=13/0/0/0 m4_ms=347460
seq=17373 t=5999.875825 mpu_a=-0.2047,19.6127,8.6287 mpu_g=-32.6336,1.1145,-0.4351 icm_a=0.3448,-0.5076,9.6917 icm_g=-7.3780,-35.4268,-2.7439 age_icm_ms=0.38 mpu_sat=2 errors=13/0/0/0 m4_ms=347480
seq=17374 t=5999.895825 mpu_a=-0.0934,19.6127,8.7855 mpu_g=-30.7328,6.0000,-2.0305 icm_a=0.3352,-0.5124,9.9647 icm_g=-6.8902,-33.2927,-2.1341 age_icm_ms=0.37 mpu_sat=2 errors=13/0/0/0 m4_ms=347500
seq=17375 t=5999.915824 mpu_a=-0.0168,19.6127,8.3665 mpu_g=-30.5038,9.4504,-2.9466 icm_a=0.4884,-0.5267,9.9264 icm_g=-2.7439,-26.8293,-0.9146 age_icm_ms=0.37 mpu_sat=2 errors=13/0/0/0 m4_ms=347520
seq=17376 t=5999.935824 mpu_a=-0.0682,19.6127,7.8997 mpu_g=-27.1756,7.5649,-1.9084 icm_a=0.6081,-0.4597,9.7683 icm_g=-0.9756,-21.0976,-0.3049 age_icm_ms=0.36 mpu_sat=2 errors=13/0/0/0 m4_ms=347540
seq=17377 t=5999.955825 mpu_a=-0.1149,19.6127,8.1774 mpu_g=-20.3282,3.4046,-0.6336 icm_a=0.6369,-0.4645,9.6917 icm_g=-2.8049,-21.2805,-0.9146 age_icm_ms=0.40 mpu_sat=2 errors=13/0/0/0 m4_ms=347560
seq=17378 t=5999.975826 mpu_a=-0.1041,19.6127,9.0154 mpu_g=-15.6412,2.5344,-0.3282 icm_a=0.8092,-0.4788,9.6055 icm_g=-4.6951,-25.9756,-2.8659 age_icm_ms=0.39 mpu_sat=2 errors=13/0/0/0 m4_ms=347580
seq=17379 t=5999.995827 mpu_a=-0.3029,19.6127,9.2009 mpu_g=-17.2595,4.8397,-1.3740 icm_a=0.9912,-0.3639,9.6678 icm_g=-5.5488,-31.4024,-4.1463 age_icm_ms=0.41 mpu_sat=2 errors=13/0/0/0 m4_ms=347600
seq=17380 t=6000.015827 mpu_a=-0.1233,19.6127,9.0752 mpu_g=-22.5191,6.8015,-3.3435 icm_a=1.0822,-0.4357,9.7683 icm_g=-3.9024,-34.8780,-4.3902 age_icm_ms=0.41 mpu_sat=2 errors=13/0/0/0 m4_ms=347620
seq=17381 t=6000.035826 mpu_a=-0.0168,19.6127,8.7724 mpu_g=-27.7328,7.0687,-4.3664 icm_a=1.1396,-0.5028,9.7444 icm_g=-0.6098,-35.8537,-3.2927 age_icm_ms=0.42 mpu_sat=2 errors=13/0/0/0 m4_ms=347640
seq=17382 t=6000.055825 mpu_a=0.0347,19.6127,8.5808 mpu_g=-30.6870,5.0229,-4.2061 icm_a=1.1444,-0.4980,9.7827 icm_g=0.9146,-35.6707,-2.0122 age_icm_ms=0.40 mpu_sat=2 errors=13/0/0/0 m4_ms=347660
seq=17383 t=6000.075824 mpu_a=0.0263,19.6127,8.5892 mpu_g=-31.2214,1.8473,-2.9389 icm_a=1.3072,-0.5986,9.9407 icm_g=-2.3780,-39.4512,-0.3049 age_icm_ms=0.41 mpu_sat=2 errors=13/0/0/0 m4_ms=347680
seq=17384 t=6000.095824 mpu_a=0.0958,19.6127,9.5936 mpu_g=-31.0992,0.8092,-1.5802 icm_a=1.6185,-0.6081,9.7540 icm_g=-9.9390,-47.8659,-0.0610 age_icm_ms=0.41 mpu_sat=2 errors=13/0/0/0 m4_ms=347700
seq=17385 t=6000.115822 mpu_a=-0.1520,19.6127,10.1454 mpu_g=-35.1450,4.4427,-0.0992 icm_a=1.7669,-0.6081,9.7827 icm_g=-12.7439,-52.3171,-1.5854 age_icm_ms=0.41 mpu_sat=2 errors=13/0/0/0 m4_ms=347720
seq=17386 t=6000.135822 mpu_a=-0.3519,19.6127,9.1758 mpu_g=-43.6794,11.9466,-0.1985 icm_a=1.7238,-0.5602,9.7348 icm_g=-8.7805,-52.3171,-3.0488 age_icm_ms=0.36 mpu_sat=2 errors=13/0/0/0 m4_ms=347740
seq=17387 t=6000.155821 mpu_a=-0.3891,19.6127,8.3917 mpu_g=-47.8550,14.5496,-1.7786 icm_a=1.8004,-0.5698,9.6486 icm_g=-4.1463,-53.1098,-2.3171 age_icm_ms=0.36 mpu_sat=2 errors=13/0/0/0 m4_ms=347760
seq=17388 t=6000.175820 mpu_a=-0.1532,19.6127,8.4180 mpu_g=-47.6412,10.3664,-3.0840 icm_a=2.1213,-0.6895,9.4044 icm_g=-3.1707,-54.6951,-0.1220 age_icm_ms=0.35 mpu_sat=2 errors=13/0/0/0 m4_ms=347780
seq=17389 t=6000.195820 mpu_a=-0.0036,19.6127,8.6826 mpu_g=-48.3359,5.6947,-2.1679 icm_a=2.3367,-0.7805,9.4140 icm_g=-2.5610,-52.3780,0.9146 age_icm_ms=0.37 mpu_sat=2 errors=13/0/0/0 m4_ms=347800
seq=17390 t=6000.215820 mpu_a=-0.2682,19.6127,8.1235 mpu_g=-50.0611,4.7405,0.1527 icm_a=2.5235,-0.7422,9.3901 icm_g=0.0610,-49.3902,1.4634 age_icm_ms=0.36 mpu_sat=2 errors=13/0/0/0 m4_ms=347820
seq=17391 t=6000.235818 mpu_a=-0.3687,19.6127,7.8638 mpu_g=-47.9008,4.4733,1.1985 icm_a=2.6863,-0.6991,9.0453 icm_g=1.5854,-53.2927,1.7683 age_icm_ms=0.36 mpu_sat=2 errors=13/0/0/0 m4_ms=347840
seq=17392 t=6000.255819 mpu_a=-0.3376,19.6127,8.6167 mpu_g=-44.5115,1.9008,1.7634 icm_a=2.8826,-0.6560,8.9735 icm_g=-1.4024,-59.5732,1.7683 age_icm_ms=0.37 mpu_sat=2 errors=13/0/0/0 m4_ms=347860
seq=17393 t=6000.275818 mpu_a=-0.1999,19.6127,8.9184 mpu_g=-47.6565,-0.1374,2.2519 icm_a=3.0742,-0.5842,8.9974 icm_g=0.0610,-61.8293,0.9146 age_icm_ms=0.37 mpu_sat=2 errors=13/0/0/0 m4_ms=347880
seq=17394 t=6000.295818 mpu_a=-0.4058,19.6127,8.1092 mpu_g=-54.3817,2.9237,2.1145 icm_a=3.3136,-0.5602,9.1123 icm_g=2.2561,-57.5000,0.9756 age_icm_ms=0.36 mpu_sat=2 errors=13/0/0/0 m4_ms=347900
seq=17395 t=6000.315817 mpu_a=-0.1987,19.6127,7.5932 mpu_g=-57.0763,2.2061,1.5344 icm_a=3.6392,-0.7183,9.1219 icm_g=5.4268,-46.2805,2.8049 age_icm_ms=0.36 mpu_sat=2 errors=13/0/0/0 m4_ms=347920
seq=17396 t=6000.335818 mpu_a=-0.3663,19.6127,6.6032 mpu_g=-43.8244,-2.8779,2.9695 icm_a=3.8355,-0.7039,8.9830 icm_g=7.5610,-31.5854,3.3537 age_icm_ms=0.38 mpu_sat=2 errors=13/0/0/0 m4_ms=347940
seq=17397 t=6000.355818 mpu_a=-0.3699,19.6127,6.8127 mpu_g=-29.8550,-5.7634,3.9237 icm_a=3.8211,-0.6081,8.8825 icm_g=2.4390,-15.4878,1.8902 age_icm_ms=0.39 mpu_sat=2 errors=13/0/0/0 m4_ms=347960
seq=17398 t=6000.375818 mpu_a=-0.3519,19.6127,6.4907 mpu_g=-14.6031,-1.8931,2.4504 icm_a=3.7302,-0.5363,9.2081 icm_g=0.1220,1.8293,0.8537 age_icm_ms=0.36 mpu_sat=2 errors=13/0/0/0 m4_ms=347980
seq=17399 t=6000.395819 mpu_a=-0.1676,19.6127,6.9528 mpu_g=2.4733,1.9618,0.6947 icm_a=3.7589,-0.5171,9.3182 icm_g=2.3780,11.4634,1.1585 age_icm_ms=0.39 mpu_sat=2 errors=13/0/0/0 m4_ms=348000
seq=17400 t=6000.415820 mpu_a=-0.0826,19.6127,8.3629 mpu_g=14.8015,0.1145,0.7023 icm_a=3.7397,-0.6177,9.1650 icm_g=3.7805,8.4756,2.2561 age_icm_ms=0.41 mpu_sat=2 errors=13/0/0/0 m4_ms=348020
seq=17401 t=6000.435820 mpu_a=-0.1185,19.6127,9.2739 mpu_g=15.1527,-2.0000,1.7481 icm_a=3.6631,-0.5411,9.0836 icm_g=0.3659,-0.9756,3.2927 age_icm_ms=0.37 mpu_sat=2 errors=13/0/0/0 m4_ms=348040
seq=17402 t=6000.455820 mpu_a=-0.0622,19.6127,9.1099 mpu_g=6.4275,-0.0229,2.8244 icm_a=3.6248,-0.5459,9.3182 icm_g=-2.6829,-6.1585,3.2317 age_icm_ms=0.37 mpu_sat=2 errors=13/0/0/0 m4_ms=348060
seq=17403 t=6000.475822 mpu_a=-0.2622,19.6127,8.5305 mpu_g=-0.8931,3.8550,3.1603 icm_a=3.5817,-0.5602,9.3757 icm_g=-3.0488,-6.4634,2.3780 age_icm_ms=0.41 mpu_sat=2 errors=13/0/0/0 m4_ms=348080
seq=17404 t=6000.495825 mpu_a=-0.2370,19.6127,8.2839 mpu_g=-2.2290,5.0382,2.4198 icm_a=3.6296,-0.6033,9.3039 icm_g=-0.7317,-7.5610,2.0122 age_icm_ms=0.44 mpu_sat=2 errors=13/0/0/0 m4_ms=348100
seq=17405 t=6000.515824 mpu_a=-0.3112,19.6127,8.3091 mpu_g=-2.2901,3.6489,1.8855 icm_a=3.7302,-0.6608,9.1889 icm_g=1.7073,-9.0244,1.2805 age_icm_ms=0.40 mpu_sat=2 errors=13/0/0/0 m4_ms=348120
seq=17406 t=6000.535823 mpu_a=-0.4393,19.6127,8.2899 mpu_g=-3.9160,0.8321,1.7023 icm_a=3.7589,-0.6560,9.0405 icm_g=1.5244,-9.5732,-0.0610 age_icm_ms=0.41 mpu_sat=2 errors=13/0/0/0 m4_ms=348140
seq=17407 t=6000.555823 mpu_a=-0.3699,19.6127,8.1163 mpu_g=-5.0153,-0.2672,0.5420 icm_a=3.6871,-0.6991,8.9591 icm_g=1.0976,-8.9634,-0.3049 age_icm_ms=0.41 mpu_sat=2 errors=13/0/0/0 m4_ms=348160
seq=17408 t=6000.575822 mpu_a=-0.3208,19.6127,7.9069 mpu_g=-4.9695,0.3817,-0.4962 icm_a=3.6392,-0.6656,8.8921 icm_g=1.1585,-7.1951,0.1829 age_icm_ms=0.41 mpu_sat=2 errors=13/0/0/0 m4_ms=348180
seq=17409 t=6000.595822 mpu_a=-0.2442,19.6127,7.8985 mpu_g=-3.5954,0.4580,-0.1832 icm_a=3.7876,-0.7135,9.0022 icm_g=0.1220,-6.7073,0.3659 age_icm_ms=0.41 mpu_sat=2 errors=13/0/0/0 m4_ms=348200
seq=17410 t=6000.615821 mpu_a=-0.3112,19.6127,8.0912 mpu_g=-2.3130,1.1069,0.1679 icm_a=3.8834,-0.7039,8.9639 icm_g=0.6098,-7.6829,0.6098 age_icm_ms=0.36 mpu_sat=2 errors=13/0/0/0 m4_ms=348220
seq=17411 t=6000.635819 mpu_a=-0.3579,19.6127,8.0673 mpu_g=-2.5649,1.4962,0.3359 icm_a=3.9121,-0.6416,8.9639 icm_g=1.8293,-7.5000,0.4268 age_icm_ms=0.34 mpu_sat=2 errors=13/0/0/0 m4_ms=348240
seq=17412 t=6000.655819 mpu_a=-0.2981,19.6127,7.7967 mpu_g=-3.4275,0.6718,0.5573 icm_a=3.8259,-0.5938,9.0884 icm_g=3.2317,-5.0000,-0.1829 age_icm_ms=0.36 mpu_sat=2 errors=13/0/0/0 m4_ms=348260
seq=17413 t=6000.675819 mpu_a=-0.3376,19.6127,7.6830 mpu_g=-2.2519,-0.6031,0.2595 icm_a=3.7972,-0.5842,9.0740 icm_g=3.8415,-2.2561,-0.6098 age_icm_ms=0.38 mpu_sat=2 errors=13/0/0/0 m4_ms=348280
seq=17414 t=6000.695819 mpu_a=-0.2610,19.6127,7.9811 mpu_g=0.6641,-2.0687,-0.3817 icm_a=3.9169,-0.5363,9.0597 icm_g=2.3780,-0.6098,-1.1585 age_icm_ms=0.36 mpu_sat=2 errors=13/0/0/0 m4_ms=348300
seq=17415 t=6000.715818 mpu_a=-0.1700,19.6127,8.1080 mpu_g=2.8092,-1.8168,-0.8855 icm_a=3.9648,-0.5794,9.0932 icm_g=-0.7927,2.2561,-1.7683 age_icm_ms=0.35 mpu_sat=2 errors=13/0/0/0 m4_ms=348320
seq=17416 t=6000.735819 mpu_a=-0.2155,19.6127,7.9080 mpu_g=4.4046,0.3053,-1.4504 icm_a=4.0175,-0.6800,9.0070 icm_g=-1.6463,5.1829,-2.6829 age_icm_ms=0.38 mpu_sat=2 errors=13/0/0/0 m4_ms=348340
seq=17417 t=6000.755822 mpu_a=-0.4022,19.6127,7.9009 mpu_g=7.6183,2.9466,-2.4122 icm_a=3.8978,-0.6943,8.9064 icm_g=-0.4268,3.4146,-2.3171 age_icm_ms=0.59 mpu_sat=2 errors=13/0/0/0 m4_ms=348360
seq=17418 t=6000.775822 mpu_a=-0.2562,19.6127,8.2301 mpu_g=9.6489,3.0916,-3.1298 icm_a=3.7110,-0.5794,8.7580 icm_g=1.8902,-1.9512,-0.7317 age_icm_ms=0.40 mpu_sat=2 errors=13/0/0/0 m4_ms=348380
seq=17419 t=6000.795823 mpu_a=-0.0994,19.6127,8.3019 mpu_g=6.6489,1.4580,-2.1145 icm_a=3.7781,-0.5411,8.8538 icm_g=2.5000,-6.5854,0.7927 age_icm_ms=0.56 mpu_sat=2 errors=13/0/0/0 m4_ms=348400
seq=17420 t=6000.815825 mpu_a=-0.0299,19.6127,8.2373 mpu_g=1.0305,-0.4885,-0.3969 icm_a=3.9456,-0.5842,9.0022 icm_g=1.9512,-6.8902,1.6463 age_icm_ms=0.44 mpu_sat=2 errors=13/0/0/0 m4_ms=348420
seq=17421 t=6000.835827 mpu_a=-0.1652,19.6127,8.0230 mpu_g=-2.7023,-0.7328,1.0916 icm_a=4.0414,-0.6225,9.0597 icm_g=1.0366,-3.2317,0.6098 age_icm_ms=0.46 mpu_sat=2 errors=13/0/0/0 m4_ms=348440
seq=17422 t=6000.855828 mpu_a=-0.4154,19.6127,7.7764 mpu_g=-2.0153,-0.0458,1.5267 icm_a=3.9409,-0.6369,9.1075 icm_g=0.7317,1.6463,-0.6707 age_icm_ms=0.41 mpu_sat=2 errors=13/0/0/0 m4_ms=348460
seq=17423 t=6000.875828 mpu_a=-0.3591,19.6127,7.6950 mpu_g=2.0916,0.8550,0.1679 icm_a=3.8211,-0.6081,9.0309 icm_g=2.9268,4.0244,-0.8537 age_icm_ms=0.38 mpu_sat=2 errors=13/0/0/0 m4_ms=348480
seq=17424 t=6000.895829 mpu_a=-0.2969,19.6127,7.8494 mpu_g=6.7786,0.7405,-1.0458 icm_a=3.8116,-0.5890,8.8729 icm_g=2.5610,1.4024,-0.3049 age_icm_ms=0.41 mpu_sat=2 errors=13/0/0/0 m4_ms=348500
seq=17425 t=6000.915829 mpu_a=-0.1125,19.6127,8.4036 mpu_g=8.4656,-1.2977,-0.9466 icm_a=3.9025,-0.5602,9.0118 icm_g=1.1585,-2.1951,0.0610 age_icm_ms=0.39 mpu_sat=2 errors=13/0/0/0 m4_ms=348520
seq=17426 t=6000.935829 mpu_a=-0.1413,19.6127,8.3881 mpu_g=5.3740,-0.6794,-0.3588 icm_a=3.9217,-0.5986,8.9830 icm_g=-0.2439,-2.8659,0.3049 age_icm_ms=0.37 mpu_sat=2 errors=13/0/0/0 m4_ms=348540
seq=17427 t=6000.955830 mpu_a=-0.2155,19.6127,8.1187 mpu_g=1.9695,0.6260,-0.0305 icm_a=3.9265,-0.6225,9.0597 icm_g=-0.5488,0.2439,0.6098 age_icm_ms=0.40 mpu_sat=2 errors=13/0/0/0 m4_ms=348560
seq=17428 t=6000.975831 mpu_a=-0.2670,19.6127,7.6854 mpu_g=1.6718,1.8779,0.1603 icm_a=3.9409,-0.5602,9.0214 icm_g=1.1585,3.6585,0.6098 age_icm_ms=0.40 mpu_sat=2 errors=13/0/0/0 m4_ms=348580
seq=17429 t=6000.995834 mpu_a=-0.2717,19.6127,7.6710 mpu_g=4.8702,2.1527,0.3359 icm_a=3.8690,-0.5076,8.9495 icm_g=2.2561,3.3537,0.0000 age_icm_ms=0.43 mpu_sat=2 errors=13/0/0/0 m4_ms=348600
seq=17430 t=6001.015832 mpu_a=-0.2406,19.6127,8.0134 mpu_g=8.0840,0.5573,0.3206 icm_a=3.8786,-0.4741,8.9256 icm_g=1.5854,-0.5488,-0.1220 age_icm_ms=0.39 mpu_sat=2 errors=13/0/0/0 m4_ms=348620
seq=17431 t=6001.035831 mpu_a=-0.0886,19.6127,8.4862 mpu_g=7.8321,-0.5573,-0.2214 icm_a=3.9121,-0.5555,9.0214 icm_g=0.4878,-3.5976,-0.1220 age_icm_ms=0.40 mpu_sat=2 errors=13/0/0/0 m4_ms=348640
seq=17432 t=6001.055831 mpu_a=-0.1544,19.6127,8.4408 mpu_g=4.0458,-0.0534,-0.3588 icm_a=3.9648,-0.5986,9.0597 icm_g=1.4024,-1.9512,0.0610 age_icm_ms=0.40 mpu_sat=2 errors=13/0/0/0 m4_ms=348660
seq=17433 t=6001.075829 mpu_a=-0.2059,19.6127,7.8374 mpu_g=0.8092,1.2061,-0.2977 icm_a=3.9456,-0.6033,8.9830 icm_g=1.7683,1.4634,0.0610 age_icm_ms=0.41 mpu_sat=2 errors=13/0/0/0 m4_ms=348680
seq=17434 t=6001.095828 mpu_a=-0.2789,19.6127,7.7081 mpu_g=2.0305,0.3969,-0.0687 icm_a=3.8403,-0.6033,8.9447 icm_g=1.3415,2.9268,0.3049 age_icm_ms=0.40 mpu_sat=2 errors=13/0/0/0 m4_ms=348700
seq=17435 t=6001.115828 mpu_a=-0.2322,19.6127,7.8757 mpu_g=5.6565,-0.0916,-0.0611 icm_a=3.8499,-0.5219,8.9352 icm_g=0.7927,1.5244,1.0366 age_icm_ms=0.40 mpu_sat=2 errors=13/0/0/0 m4_ms=348720
seq=17436 t=6001.135827 mpu_a=-0.1317,19.6127,8.2193 mpu_g=7.3893,0.4046,0.0305 icm_a=3.9504,-0.5363,9.0118 icm_g=0.3659,-0.7927,0.9146 age_icm_ms=0.36 mpu_sat=2 errors=13/0/0/0 m4_ms=348740
seq=17437 t=6001.155825 mpu_a=-0.2478,19.6127,7.9978 mpu_g=3.7786,1.4580,0.8473 icm_a=3.9600,-0.5746,9.0740 icm_g=1.3415,-0.4878,0.3049 age_icm_ms=0.35 mpu_sat=2 errors=13/0/0/0 m4_ms=348760
seq=17438 t=6001.175824 mpu_a=-0.2502,19.6127,7.9092 mpu_g=3.6565,0.5420,0.2137 icm_a=3.8882,-0.5986,9.0166 icm_g=1.8902,1.4634,-0.0610 age_icm_ms=0.36 mpu_sat=2 errors=13/0/0/0 m4_ms=348780
seq=17439 t=6001.195824 mpu_a=-0.2239,19.6127,7.8877 mpu_g=5.3588,-0.2595,-0.2366 icm_a=3.7924,-0.5459,8.9112 icm_g=2.0122,2.5610,-0.2439 age_icm_ms=0.36 mpu_sat=2 errors=13/0/0/0 m4_ms=348800
seq=17440 t=6001.215823 mpu_a=-0.1125,19.6127,8.2181 mpu_g=7.0153,-0.3588,-0.4122 icm_a=3.8307,-0.5219,8.9639 icm_g=0.0610,0.8537,-0.0610 age_icm_ms=0.35 mpu_sat=2 errors=13/0/0/0 m4_ms=348820
seq=17441 t=6001.235823 mpu_a=-0.1101,19.6127,8.2887 mpu_g=5.9847,0.9237,-0.3817 icm_a=3.9217,-0.5794,9.0788 icm_g=-0.5488,-0.3659,0.1220 age_icm_ms=0.37 mpu_sat=2 errors=13/0/0/0 m4_ms=348840
seq=17442 t=6001.255822 mpu_a=-0.2693,19.6127,8.0553 mpu_g=4.2214,2.3740,-0.1450 icm_a=3.9504,-0.5842,8.9878 icm_g=0.2439,-0.1829,0.0610 age_icm_ms=0.36 mpu_sat=2 errors=13/0/0/0 m4_ms=348860
seq=17443 t=6001.275822 mpu_a=-0.1975,19.6127,7.9535 mpu_g=3.9695,1.6260,-0.0229 icm_a=3.8882,-0.5746,8.9783 icm_g=0.5488,0.4268,0.1220 age_icm_ms=0.38 mpu_sat=2 errors=13/0/0/0 m4_ms=348880
seq=17444 t=6001.295821 mpu_a=-0.1987,19.6127,8.0098 mpu_g=4.6489,1.1756,-0.0916 icm_a=3.8259,-0.5507,8.9687 icm_g=0.6707,0.1829,0.0610 age_icm_ms=0.35 mpu_sat=2 errors=13/0/0/0 m4_ms=348900
seq=17445 t=6001.315821 mpu_a=-0.1808,19.6127,8.1283 mpu_g=4.8244,1.0305,-0.0763 icm_a=3.8403,-0.5124,8.9830 icm_g=0.3659,-1.2195,0.0610 age_icm_ms=0.37 mpu_sat=2 errors=13/0/0/0 m4_ms=348920
seq=17446 t=6001.335820 mpu_a=-0.1173,19.6127,8.2205 mpu_g=3.8473,1.1069,-0.1450 icm_a=3.9217,-0.5459,8.9783 icm_g=0.1829,-2.1341,0.1220 age_icm_ms=0.36 mpu_sat=2 errors=13/0/0/0 m4_ms=348940
seq=17447 t=6001.355819 mpu_a=-0.2095,19.6127,8.0242 mpu_g=2.4427,1.4962,-0.0763 icm_a=3.9792,-0.5842,8.9830 icm_g=0.3049,-1.0976,0.1220 age_icm_ms=0.36 mpu_sat=2 errors=13/0/0/0 m4_ms=348960
seq=17448 t=6001.375819 mpu_a=-0.2346,19.6127,7.7800 mpu_g=2.5115,1.4046,-0.0840 icm_a=3.9456,-0.5746,9.0501 icm_g=0.6098,1.7073,-0.0610 age_icm_ms=0.37 mpu_sat=2 errors=13/0/0/0 m4_ms=348980
seq=17449 t=6001.395820 mpu_a=-0.2322,19.6127,7.8231 mpu_g=4.7786,1.2443,-0.1450 icm_a=3.8116,-0.5507,8.9256 icm_g=1.0366,1.3415,-0.1220 age_icm_ms=0.39 mpu_sat=2 errors=13/0/0/0 m4_ms=349000
seq=17450 t=6001.415819 mpu_a=-0.1472,19.6127,8.3845 mpu_g=6.7634,0.6336,-0.3130 icm_a=3.7972,-0.5315,8.8346 icm_g=-1.2195,-3.2927,0.4878 age_icm_ms=0.39 mpu_sat=2 errors=13/0/0/0 m4_ms=349020
seq=17451 t=6001.435821 mpu_a=-0.0227,19.6127,8.5449 mpu_g=3.9160,1.4046,-0.2214 icm_a=3.8642,-0.5219,9.0261 icm_g=-2.2561,-6.6463,1.2805 age_icm_ms=0.39 mpu_sat=2 errors=13/0/0/0 m4_ms=349040
seq=17452 t=6001.455820 mpu_a=-0.1544,19.6127,8.0924 mpu_g=-1.0305,3.8015,0.7099 icm_a=3.9744,-0.5459,9.1459 icm_g=-0.8537,-3.6585,1.0366 age_icm_ms=0.38 mpu_sat=2 errors=13/0/0/0 m4_ms=349060
seq=17453 t=6001.475820 mpu_a=-0.2765,19.6127,7.4675 mpu_g=-1.8092,3.6260,1.0992 icm_a=4.0749,-0.5890,9.1363 icm_g=1.4634,4.4512,-0.1220 age_icm_ms=0.37 mpu_sat=2 errors=13/0/0/0 m4_ms=349080
seq=17454 t=6001.495821 mpu_a=-0.3903,19.6127,7.2185 mpu_g=3.8092,1.6412,0.4809 icm_a=3.9456,-0.5746,8.9543 icm_g=3.3537,10.6098,-1.2195 age_icm_ms=0.39 mpu_sat=2 errors=13/0/0/0 m4_ms=349100
seq=17455 t=6001.515821 mpu_a=-0.2897,19.6127,7.5741 mpu_g=11.9237,-0.7710,-0.8397 icm_a=3.7972,-0.5219,8.8681 icm_g=3.2927,10.2439,-1.0976 age_icm_ms=0.41 mpu_sat=2 errors=13/0/0/0 m4_ms=349120
seq=17456 t=6001.535820 mpu_a=-0.0443,19.6127,8.3606 mpu_g=15.8168,-1.8473,-1.6031 icm_a=3.7397,-0.5602,8.7963 icm_g=0.8537,3.1707,-0.1220 age_icm_ms=0.42 mpu_sat=2 errors=13/0/0/0 m4_ms=349140
seq=17457 t=6001.555820 mpu_a=-0.0395,19.6127,8.8633 mpu_g=12.7405,-1.1069,-1.0076 icm_a=3.7828,-0.5507,9.0166 icm_g=-1.4024,-2.6829,0.7927 age_icm_ms=0.36 mpu_sat=2 errors=13/0/0/0 m4_ms=349160
seq=17458 t=6001.575820 mpu_a=-0.0862,19.6127,8.4276 mpu_g=5.0687,1.8550,0.0076 icm_a=3.8882,-0.5459,9.2081 icm_g=-0.3659,-1.5244,0.6098 age_icm_ms=0.36 mpu_sat=2 errors=13/0/0/0 m4_ms=349180
seq=17459 t=6001.595819 mpu_a=-0.2466,19.6127,7.8302 mpu_g=1.2977,2.9847,0.6031 icm_a=3.8978,-0.6081,9.1219 icm_g=0.4878,2.8049,-0.4268 age_icm_ms=0.37 mpu_sat=2 errors=13/0/0/0 m4_ms=349200
seq=17460 t=6001.615818 mpu_a=-0.3268,19.6127,7.7417 mpu_g=4.0229,1.7099,0.1374 icm_a=3.8259,-0.5602,9.0214 icm_g=1.0366,4.8171,-0.7927 age_icm_ms=0.36 mpu_sat=2 errors=13/0/0/0 m4_ms=349220
seq=17461 t=6001.635818 mpu_a=-0.2215,19.6127,7.9344 mpu_g=8.1069,0.9847,-0.8168 icm_a=3.7781,-0.4788,9.0118 icm_g=1.5244,5.0000,-0.4268 age_icm_ms=0.37 mpu_sat=2 errors=13/0/0/0 m4_ms=349240
seq=17462 t=6001.655818 mpu_a=-0.0958,19.6127,8.0589 mpu_g=9.3740,0.4504,-0.9771 icm_a=3.8116,-0.5267,9.0932 icm_g=2.2561,6.2805,-0.6098 age_icm_ms=0.38 mpu_sat=2 errors=13/0/0/0 m4_ms=349260
seq=17463 t=6001.675818 mpu_a=-0.1760,19.6127,7.8422 mpu_g=9.4122,0.1450,-0.6031 icm_a=3.8978,-0.6225,9.0261 icm_g=3.4146,6.7683,-0.9756 age_icm_ms=0.38 mpu_sat=2 errors=13/0/0/0 m4_ms=349280
seq=17464 t=6001.695819 mpu_a=-0.2502,19.6127,8.0804 mpu_g=10.8855,-0.8473,-0.7939 icm_a=3.7781,-0.5746,8.7771 icm_g=1.5244,3.4146,-0.9146 age_icm_ms=0.39 mpu_sat=2 errors=13/0/0/0 m4_ms=349300
seq=17465 t=6001.715819 mpu_a=-0.1915,19.6127,8.4276 mpu_g=10.9084,-1.7557,-1.0611 icm_a=3.6200,-0.4836,8.8921 icm_g=-0.9146,-1.4634,0.0610 age_icm_ms=0.39 mpu_sat=2 errors=13/0/0/0 m4_ms=349320
seq=17466 t=6001.735818 mpu_a=0.0227,19.6127,8.5258 mpu_g=7.2061,0.5954,-0.9618 icm_a=3.7302,-0.4788,9.1123 icm_g=-1.4634,-2.9878,1.2195 age_icm_ms=0.36 mpu_sat=2 errors=13/0/0/0 m4_ms=349340
seq=17467 t=6001.755818 mpu_a=0.0084,19.6127,8.1834 mpu_g=2.3893,2.8473,0.0076 icm_a=3.8978,-0.4836,9.2273 icm_g=0.7927,0.9756,1.4024 age_icm_ms=0.37 mpu_sat=2 errors=13/0/0/0 m4_ms=349360
seq=17468 t=6001.775818 mpu_a=-0.1520,19.6127,7.5872 mpu_g=1.4962,3.1221,1.0305 icm_a=3.9361,-0.4980,9.1315 icm_g=2.8049,6.1585,-0.3659 age_icm_ms=0.36 mpu_sat=2 errors=13/0/0/0 m4_ms=349380
seq=17469 t=6001.795817 mpu_a=-0.3484,19.6127,7.6938 mpu_g=5.8015,0.7328,1.1527 icm_a=3.7493,-0.5219,9.0692 icm_g=3.3537,8.4756,-1.8293 age_icm_ms=0.36 mpu_sat=2 errors=13/0/0/0 m4_ms=349400
seq=17470 t=6001.815818 mpu_a=-0.2885,19.6127,7.8841 mpu_g=10.8168,-1.2595,-0.6336 icm_a=3.6200,-0.5219,9.0118 icm_g=2.9268,7.1951,-1.8902 age_icm_ms=0.38 mpu_sat=2 errors=13/0/0/0 m4_ms=349420
seq=17471 t=6001.835819 mpu_a=-0.1425,19.6127,8.2780 mpu_g=12.9084,-1.7176,-2.1145 icm_a=3.6152,-0.4932,9.1075 icm_g=1.2805,4.2683,-0.7927 age_icm_ms=0.40 mpu_sat=2 errors=13/0/0/0 m4_ms=349440
seq=17472 t=6001.855820 mpu_a=-0.0024,19.6127,8.5593 mpu_g=11.4656,-1.2290,-2.0916 icm_a=3.7350,-0.5124,9.1028 icm_g=0.4878,2.8049,-0.3049 age_icm_ms=0.39 mpu_sat=2 errors=13/0/0/0 m4_ms=349460
seq=17473 t=6001.875820 mpu_a=-0.0335,19.6127,8.3318 mpu_g=8.5344,0.4198,-1.0534 icm_a=3.7637,-0.4980,9.0357 icm_g=0.5488,1.8902,-0.6707 age_icm_ms=0.40 mpu_sat=2 errors=13/0/0/0 m4_ms=349480
seq=17474 t=6001.895821 mpu_a=-0.2155,19.6127,8.1642 mpu_g=7.1221,1.1832,-0.5038 icm_a=3.6248,-0.4693,9.0932 icm_g=1.2195,0.9756,-0.8537 age_icm_ms=0.39 mpu_sat=2 errors=13/0/0/0 m4_ms=349500
seq=17475 t=6001.915821 mpu_a=-0.1496,19.6127,8.1259 mpu_g=6.3893,1.1756,-0.8092 icm_a=3.6200,-0.5028,9.1075 icm_g=1.5854,0.5488,-0.3659 age_icm_ms=0.37 mpu_sat=2 errors=13/0/0/0 m4_ms=349520
seq=17476 t=6001.935821 mpu_a=-0.0634,19.6127,8.1511 mpu_g=5.4733,0.5344,-1.0534 icm_a=3.7062,-0.5124,9.1267 icm_g=1.3415,1.2805,-0.0610 age_icm_ms=0.39 mpu_sat=2 errors=13/0/0/0 m4_ms=349540
seq=17477 t=6001.955825 mpu_a=-0.0982,19.6127,8.1008 mpu_g=4.9084,0.0382,-0.6718 icm_a=3.7206,-0.4836,9.1123 icm_g=1.0976,2.0122,-0.3049 age_icm_ms=0.48 mpu_sat=2 errors=13/0/0/0 m4_ms=349560
seq=17478 t=6001.975827 mpu_a=-0.1353,19.6127,8.1139 mpu_g=5.4809,0.2672,-0.1603 icm_a=3.6727,-0.4693,9.0405 icm_g=0.8537,1.7683,-0.7927 age_icm_ms=0.41 mpu_sat=2 errors=13/0/0/0 m4_ms=349580
seq=17479 t=6001.995828 mpu_a=-0.1245,19.6127,8.2265 mpu_g=6.3511,0.8321,-0.9084 icm_a=3.6631,-0.4788,9.0166 icm_g=0.0610,0.5488,-0.6707 age_icm_ms=0.53 mpu_sat=2 errors=13/0/0/0 m4_ms=349600
seq=17480 t=6002.015828 mpu_a=-0.0012,19.6127,8.2109 mpu_g=5.1756,1.1756,-0.9695 icm_a=3.6200,-0.4645,9.0980 icm_g=-0.6707,1.1585,-0.1829 age_icm_ms=0.42 mpu_sat=2 errors=13/0/0/0 m4_ms=349620
seq=17481 t=6002.035832 mpu_a=-0.1544,19.6127,7.8542 mpu_g=5.1298,2.2824,-0.4733 icm_a=3.6871,-0.4166,9.1554 icm_g=0.3049,4.9390,-0.3049 age_icm_ms=0.51 mpu_sat=2 errors=13/0/0/0 m4_ms=349640
seq=17482 t=6002.055831 mpu_a=-0.0479,19.6127,7.5944 mpu_g=8.0458,1.8168,-0.5725 icm_a=3.7062,-0.4118,9.1459 icm_g=1.7073,9.5122,-0.6707 age_icm_ms=0.37 mpu_sat=2 errors=13/0/0/0 m4_ms=349660
seq=17483 t=6002.075830 mpu_a=-0.2059,19.6127,7.7129 mpu_g=12.7023,0.1756,-0.6794 icm_a=3.6488,-0.4310,9.1794 icm_g=2.6829,12.8659,-2.1951 age_icm_ms=0.37 mpu_sat=2 errors=13/0/0/0 m4_ms=349680
seq=17484 t=6002.095830 mpu_a=-0.1700,19.6127,8.1163 mpu_g=16.5038,-0.7557,-1.9618 icm_a=3.5530,-0.4597,9.0405 icm_g=2.7439,12.3171,-2.7439 age_icm_ms=0.38 mpu_sat=2 errors=13/0/0/0 m4_ms=349700
seq=17485 t=6002.115829 mpu_a=-0.0742,19.6127,8.4408 mpu_g=17.3969,-1.2137,-2.8931 icm_a=3.4524,-0.4357,9.0166 icm_g=2.1951,8.5366,-2.2561 age_icm_ms=0.37 mpu_sat=2 errors=13/0/0/0 m4_ms=349720
seq=17486 t=6002.135828 mpu_a=0.0455,19.6127,8.5617 mpu_g=14.3740,-0.8321,-2.8473 icm_a=3.4381,-0.4310,9.0644 icm_g=0.7317,4.9390,-1.2195 age_icm_ms=0.36 mpu_sat=2 errors=13/0/0/0 m4_ms=349740
seq=17487 t=6002.155829 mpu_a=0.0072,19.6127,8.3845 mpu_g=10.3740,0.3053,-1.8702 icm_a=3.5195,-0.4549,9.2320 icm_g=0.4268,3.6585,-0.5488 age_icm_ms=0.39 mpu_sat=2 errors=13/0/0/0 m4_ms=349760
seq=17488 t=6002.175828 mpu_a=-0.0934,19.6127,8.2121 mpu_g=8.2595,1.4351,-0.9771 icm_a=3.5338,-0.4836,9.2368 icm_g=1.6463,3.1098,-0.4878 age_icm_ms=0.37 mpu_sat=2 errors=13/0/0/0 m4_ms=349780
seq=17489 t=6002.195828 mpu_a=-0.1437,19.6127,8.4084 mpu_g=7.8931,0.4427,-0.6336 icm_a=3.4237,-0.4357,9.1602 icm_g=0.7927,1.8293,-0.5488 age_icm_ms=0.39 mpu_sat=2 errors=13/0/0/0 m4_ms=349800
seq=17490 t=6002.215827 mpu_a=-0.0347,19.6127,8.4072 mpu_g=6.8626,0.1679,-0.6412 icm_a=3.3998,-0.4166,9.1698 icm_g=0.0000,0.3659,-0.3049 age_icm_ms=0.36 mpu_sat=2 errors=13/0/0/0 m4_ms=349820
seq=17491 t=6002.235826 mpu_a=0.0036,19.6127,8.3342 mpu_g=5.4656,1.5344,-0.6565 icm_a=3.4572,-0.4166,9.2225 icm_g=0.0610,0.4878,0.2439 age_icm_ms=0.35 mpu_sat=2 errors=13/0/0/0 m4_ms=349840
seq=17492 t=6002.255825 mpu_a=-0.0479,19.6127,8.0529 mpu_g=4.4809,1.7481,-0.2824 icm_a=3.5243,-0.4357,9.3182 icm_g=1.2805,2.8659,-0.0610 age_icm_ms=0.37 mpu_sat=2 errors=13/0/0/0 m4_ms=349860
seq=17493 t=6002.275825 mpu_a=-0.1616,19.6127,7.9823 mpu_g=5.8702,1.2366,-0.0687 icm_a=3.5051,-0.4693,9.0980 icm_g=2.2561,3.1098,-0.7317 age_icm_ms=0.37 mpu_sat=2 errors=13/0/0/0 m4_ms=349880
seq=17494 t=6002.295826 mpu_a=-0.1353,19.6127,8.2959 mpu_g=7.9084,-0.4427,-0.5725 icm_a=3.3806,-0.4310,8.9783 icm_g=0.3049,0.0000,-1.0366 age_icm_ms=0.38 mpu_sat=2 errors=13/0/0/0 m4_ms=349900
seq=17495 t=6002.315826 mpu_a=-0.0168,19.6127,8.5437 mpu_g=6.4962,-0.0611,-1.0992 icm_a=3.3567,-0.4357,9.1411 icm_g=-2.0122,-3.4756,-0.4268 age_icm_ms=0.37 mpu_sat=2 errors=13/0/0/0 m4_ms=349920
seq=17496 t=6002.335826 mpu_a=0.0790,19.6127,8.4827 mpu_g=2.7786,2.4122,-1.1985 icm_a=3.4812,-0.4549,9.3230 icm_g=-1.7683,-3.4146,0.6707 age_icm_ms=0.36 mpu_sat=2 errors=13/0/0/0 m4_ms=349940
seq=17497 t=6002.355829 mpu_a=-0.0407,19.6127,8.0170 mpu_g=0.3740,4.0153,-0.2443 icm_a=3.5865,-0.4501,9.3470 icm_g=1.4634,1.1585,0.8537 age_icm_ms=0.43 mpu_sat=2 errors=13/0/0/0 m4_ms=349960
seq=17498 t=6002.375827 mpu_a=-0.1867,19.6127,7.6447 mpu_g=2.2443,2.3817,0.7557 icm_a=3.5434,-0.4166,9.2081 icm_g=3.8415,4.0244,-0.1220 age_icm_ms=0.39 mpu_sat=2 errors=13/0/0/0 m4_ms=349980
seq=17499 t=6002.395827 mpu_a=-0.1939,19.6127,8.1846 mpu_g=7.1908,-0.9160,0.4580 icm_a=3.3806,-0.3879,9.0070 icm_g=3.4146,-1.6463,-0.3659 age_icm_ms=0.40 mpu_sat=2 errors=13/0/0/0 m4_ms=350000
seq=17500 t=6002.415826 mpu_a=0.0467,19.6127,9.0118 mpu_g=7.7405,-2.4046,-0.5115 icm_a=3.2992,-0.4310,9.1746 icm_g=0.9756,-11.7073,0.9756 age_icm_ms=0.40 mpu_sat=2 errors=13/0/0/0 m4_ms=350020
seq=17501 t=6002.435825 mpu_a=0.1437,19.6127,9.2177 mpu_g=-0.0229,-1.1832,-0.1145 icm_a=3.4812,-0.5650,9.3230 icm_g=-0.7317,-20.3049,2.0122 age_icm_ms=0.41 mpu_sat=2 errors=13/0/0/0 m4_ms=350040
seq=17502 t=6002.455824 mpu_a=-0.1448,19.6127,9.2069 mpu_g=-9.8397,1.2366,1.3817 icm_a=3.7062,-0.5028,9.1554 icm_g=-3.1098,-25.7317,1.5854 age_icm_ms=0.41 mpu_sat=2 errors=13/0/0/0 m4_ms=350060
seq=17503 t=6002.475823 mpu_a=-0.1844,19.6127,8.8370 mpu_g=-17.5115,2.8550,1.9466 icm_a=3.6919,-0.4262,9.1363 icm_g=-4.4512,-28.7805,1.3415 age_icm_ms=0.41 mpu_sat=2 errors=13/0/0/0 m4_ms=350080
seq=17504 t=6002.495822 mpu_a=-0.0335,19.6127,8.4336 mpu_g=-22.2061,5.1985,1.3130 icm_a=3.6488,-0.4501,9.1698 icm_g=-3.7805,-28.5976,1.5854 age_icm_ms=0.41 mpu_sat=2 errors=13/0/0/0 m4_ms=350100
seq=17505 t=6002.515821 mpu_a=-0.0239,19.6127,7.9703 mpu_g=-24.4504,6.1832,1.2137 icm_a=3.7924,-0.5363,8.8107 icm_g=-3.5366,-29.2683,1.3415 age_icm_ms=0.36 mpu_sat=2 errors=13/0/0/0 m4_ms=350120
seq=17506 t=6002.535821 mpu_a=-0.1760,19.6127,8.1259 mpu_g=-23.8702,5.2366,1.5267 icm_a=3.9696,-0.3879,8.7867 icm_g=-4.5732,-33.8415,1.1585 age_icm_ms=0.37 mpu_sat=2 errors=13/0/0/0 m4_ms=350140
seq=17507 t=6002.555821 mpu_a=-0.0419,19.6127,8.3749 mpu_g=-25.0076,5.3664,1.2519 icm_a=4.0223,-0.4788,8.9352 icm_g=-2.8049,-40.5488,1.9512 age_icm_ms=0.37 mpu_sat=2 errors=13/0/0/0 m4_ms=350160
seq=17508 t=6002.575820 mpu_a=0.0239,19.6127,8.5150 mpu_g=-30.0611,6.1221,1.1603 icm_a=4.1994,-0.5938,8.7149 icm_g=-2.6829,-44.8171,3.1098 age_icm_ms=0.35 mpu_sat=2 errors=13/0/0/0 m4_ms=350180
seq=17509 t=6002.595820 mpu_a=-0.1089,19.6127,8.2265 mpu_g=-36.6947,4.3359,2.2748 icm_a=4.4053,-0.5315,8.7580 icm_g=-1.5244,-42.9268,3.4146 age_icm_ms=0.38 mpu_sat=2 errors=13/0/0/0 m4_ms=350200
seq=17510 t=6002.615820 mpu_a=-0.2466,19.6127,7.4172 mpu_g=-40.3359,4.3969,3.3664 icm_a=4.5155,-0.4453,8.8921 icm_g=1.9512,-32.9878,1.5854 age_icm_ms=0.36 mpu_sat=2 errors=13/0/0/0 m4_ms=350220
seq=17511 t=6002.635819 mpu_a=-0.2981,19.6127,6.6619 mpu_g=-37.9389,3.3130,3.5115 icm_a=4.6208,-0.4118,8.7771 icm_g=2.9878,-23.1098,-1.6463 age_icm_ms=0.37 mpu_sat=2 errors=13/0/0/0 m4_ms=350240
seq=17512 t=6002.655819 mpu_a=-0.4800,19.6127,6.8809 mpu_g=-28.1603,-0.0840,1.7939 icm_a=4.6160,-0.4884,8.7149 icm_g=1.3415,-16.2195,-1.6463 age_icm_ms=0.36 mpu_sat=2 errors=13/0/0/0 m4_ms=350260
seq=17513 t=6002.675819 mpu_a=-0.0036,19.6127,7.3346 mpu_g=-18.3282,-1.4122,-1.4580 icm_a=4.7501,-0.5507,8.7340 icm_g=0.4878,-10.0000,-0.9756 age_icm_ms=0.36 mpu_sat=2 errors=13/0/0/0 m4_ms=350280
seq=17514 t=6002.695817 mpu_a=-0.0766,19.6127,7.1862 mpu_g=-11.8015,0.3130,-1.7023 icm_a=4.7118,-0.4932,8.5569 icm_g=3.8415,-9.6951,-1.4634 age_icm_ms=0.36 mpu_sat=2 errors=13/0/0/0 m4_ms=350300
seq=17515 t=6002.715816 mpu_a=-0.2861,19.6127,7.5190 mpu_g=-5.7023,1.1908,-1.0687 icm_a=4.6352,-0.4788,8.5138 icm_g=5.9146,-15.4268,-0.9146 age_icm_ms=0.36 mpu_sat=2 errors=13/0/0/0 m4_ms=350320
seq=17516 t=6002.735818 mpu_a=-0.0682,19.6127,8.0529 mpu_g=-4.7634,-1.8244,-1.3969 icm_a=4.7549,-0.4693,8.5425 icm_g=5.1829,-20.4878,0.8537 age_icm_ms=0.39 mpu_sat=2 errors=13/0/0/0 m4_ms=350340
seq=17517 t=6002.755818 mpu_a=0.0778,19.6127,8.1906 mpu_g=-10.0687,-4.1832,-0.9084 icm_a=4.9656,-0.4262,8.4755 icm_g=1.5244,-26.4634,0.2439 age_icm_ms=0.39 mpu_sat=2 errors=13/0/0/0 m4_ms=350360
seq=17518 t=6002.775818 mpu_a=-0.0694,19.6127,8.3462 mpu_g=-15.7176,-3.8473,0.9237 icm_a=4.8985,-0.4405,8.7245 icm_g=3.2317,-19.6951,-0.7927 age_icm_ms=0.40 mpu_sat=2 errors=13/0/0/0 m4_ms=350380
seq=17519 t=6002.795819 mpu_a=-0.2047,19.6127,7.2030 mpu_g=-20.8779,-0.3359,0.7176 icm_a=4.9704,-0.4118,8.5377 icm_g=4.5732,-13.5366,-2.6829 age_icm_ms=0.40 mpu_sat=2 errors=13/0/0/0 m4_ms=350400
seq=17520 t=6002.815820 mpu_a=-0.2813,19.6127,6.7121 mpu_g=-17.6107,-0.8779,-0.4733 icm_a=4.8746,-0.5698,8.5234 icm_g=5.1220,-15.3049,-2.5000 age_icm_ms=0.39 mpu_sat=2 errors=13/0/0/0 m4_ms=350420
seq=17521 t=6002.835820 mpu_a=-0.0275,19.6127,7.9655 mpu_g=-9.8321,-3.5420,-2.5573 icm_a=4.9656,-0.5315,8.5473 icm_g=2.8659,-17.0122,-1.0366 age_icm_ms=0.38 mpu_sat=2 errors=13/0/0/0 m4_ms=350440
seq=17522 t=6002.855820 mpu_a=-0.1652,19.6127,7.6519 mpu_g=-12.4046,-1.9618,-1.1527 icm_a=5.1380,-0.5267,8.5473 icm_g=1.7683,-15.4268,-1.6463 age_icm_ms=0.37 mpu_sat=2 errors=13/0/0/0 m4_ms=350460
seq=17523 t=6002.875822 mpu_a=-0.2191,19.6127,7.2125 mpu_g=-11.5191,0.1069,-1.2290 icm_a=5.0661,-0.3831,8.3701 icm_g=4.9390,-15.9756,-1.7683 age_icm_ms=0.40 mpu_sat=2 errors=13/0/0/0 m4_ms=350480
seq=17524 t=6002.895823 mpu_a=0.0443,19.6127,8.0038 mpu_g=-10.4809,-2.5038,-1.7710 icm_a=5.1236,-0.4549,8.4851 icm_g=5.9146,-22.0732,-0.4878 age_icm_ms=0.40 mpu_sat=2 errors=13/0/0/0 m4_ms=350500
seq=17525 t=6002.915822 mpu_a=0.0850,19.6127,7.8889 mpu_g=-15.3817,-4.2214,-0.7557 icm_a=5.4492,-0.4741,8.0110 icm_g=7.0122,-26.0366,0.4878 age_icm_ms=0.40 mpu_sat=2 errors=13/0/0/0 m4_ms=350520
seq=17526 t=6002.935822 mpu_a=-0.2933,19.6127,8.4803 mpu_g=-19.9084,-5.3740,0.9160 icm_a=5.4588,-0.4022,8.2600 icm_g=3.7805,-38.6585,-0.4268 age_icm_ms=0.40 mpu_sat=2 errors=13/0/0/0 m4_ms=350540
seq=17527 t=6002.955821 mpu_a=0.2562,19.6127,7.2281 mpu_g=-30.2290,-3.3817,-0.0611 icm_a=5.2960,-0.3400,8.9064 icm_g=7.7439,-29.3293,2.3780 age_icm_ms=0.42 mpu_sat=2 errors=13/0/0/0 m4_ms=350560
seq=17528 t=6002.975820 mpu_a=0.0910,19.6127,6.0310 mpu_g=-30.6641,-3.6412,1.7099 icm_a=5.6982,-0.1197,8.3127 icm_g=11.1585,-20.6098,3.2317 age_icm_ms=0.41 mpu_sat=2 errors=13/0/0/0 m4_ms=350580
seq=17529 t=6002.995820 mpu_a=0.2825,19.6127,7.7895 mpu_g=-16.9237,-8.8626,3.6260 icm_a=5.8658,-0.1867,8.0158 icm_g=9.3902,-24.6951,3.0488 age_icm_ms=0.42 mpu_sat=2 errors=13/0/0/0 m4_ms=350600
seq=17530 t=6003.015819 mpu_a=0.1281,19.6127,7.6626 mpu_g=-17.5954,-8.8015,3.7328 icm_a=5.7844,-0.1867,7.8578 icm_g=4.4512,-25.7927,1.7073 age_icm_ms=0.36 mpu_sat=2 errors=13/0/0/0 m4_ms=350620
seq=17531 t=6003.035818 mpu_a=0.0132,19.6127,7.0366 mpu_g=-21.4733,-5.2214,2.8626 icm_a=5.5785,-0.0527,7.6950 icm_g=2.3171,-22.9268,0.0000 age_icm_ms=0.36 mpu_sat=2 errors=13/0/0/0 m4_ms=350640
seq=17532 t=6003.055818 mpu_a=0.2693,19.6127,6.5050 mpu_g=-19.5649,-0.5496,0.7099 icm_a=5.5210,-0.0431,7.7955 icm_g=2.1341,-22.3780,0.3659 age_icm_ms=0.39 mpu_sat=2 errors=13/0/0/0 m4_ms=350660
seq=17533 t=6003.075819 mpu_a=0.4453,19.6127,6.9827 mpu_g=-17.3893,-0.4427,0.0840 icm_a=5.8131,-0.1867,7.9679 icm_g=1.4634,-22.6220,1.2195 age_icm_ms=0.39 mpu_sat=2 errors=13/0/0/0 m4_ms=350680
seq=17534 t=6003.095819 mpu_a=0.1891,19.6127,7.0306 mpu_g=-17.8321,-0.3206,1.0840 icm_a=6.3973,-0.2777,7.6902 icm_g=-0.4268,-19.7561,-0.6098 age_icm_ms=0.38 mpu_sat=2 errors=13/0/0/0 m4_ms=350700
seq=17535 t=6003.115818 mpu_a=-0.1903,19.6127,6.6343 mpu_g=-16.9313,0.5420,0.8397 icm_a=6.2632,-0.2346,7.2401 icm_g=-5.5488,-13.7805,-4.0854 age_icm_ms=0.36 mpu_sat=2 errors=13/0/0/0 m4_ms=350720
seq=17536 t=6003.135819 mpu_a=-0.1760,19.6127,6.1160 mpu_g=-12.3206,4.1679,-2.3130 icm_a=5.7221,-0.1437,7.7045 icm_g=-8.0488,-13.3537,-4.6951 age_icm_ms=0.39 mpu_sat=2 errors=13/0/0/0 m4_ms=350740
seq=17537 t=6003.155821 mpu_a=0.4776,19.6127,7.2197 mpu_g=-7.8550,8.8015,-5.3893 icm_a=5.7748,-0.4405,8.0445 icm_g=-7.7439,-17.6829,-1.3415 age_icm_ms=0.57 mpu_sat=2 errors=13/0/0/0 m4_ms=350760
seq=17538 t=6003.175821 mpu_a=0.2897,19.6127,7.3478 mpu_g=-10.4275,9.8779,-3.9924 icm_a=6.2058,-0.5028,7.9631 icm_g=-1.5854,-18.6585,0.9756 age_icm_ms=0.40 mpu_sat=2 errors=13/0/0/0 m4_ms=350780
seq=17539 t=6003.195823 mpu_a=-0.1927,19.6127,6.5936 mpu_g=-14.1069,7.3740,-0.2977 icm_a=6.4356,-0.3687,7.6423 icm_g=-0.4268,-14.6951,0.2439 age_icm_ms=0.53 mpu_sat=2 errors=13/0/0/0 m4_ms=350800
seq=17540 t=6003.215824 mpu_a=-0.1987,19.6127,6.4404 mpu_g=-13.1985,1.7557,1.1985 icm_a=6.0908,-0.3543,7.3358 icm_g=-1.1585,-10.7317,-2.3780 age_icm_ms=0.41 mpu_sat=2 errors=13/0/0/0 m4_ms=350820
seq=17541 t=6003.235824 mpu_a=-0.1484,19.6127,6.2022 mpu_g=-8.4046,2.4504,-0.9466 icm_a=6.0190,-0.3735,7.4268 icm_g=-0.9146,-9.5122,-0.3659 age_icm_ms=0.42 mpu_sat=2 errors=13/0/0/0 m4_ms=350840
seq=17542 t=6003.255825 mpu_a=0.3041,19.6127,6.3925 mpu_g=-5.5573,2.7481,-2.4198 icm_a=6.3111,-0.3496,7.5417 icm_g=1.0976,-8.9024,2.0732 age_icm_ms=0.38 mpu_sat=2 errors=13/0/0/0 m4_ms=350860
seq=17543 t=6003.275825 mpu_a=0.1317,19.6127,6.5302 mpu_g=-4.7405,2.2672,0.3206 icm_a=6.5074,-0.3687,7.4699 icm_g=1.7073,-8.6585,2.3780 age_icm_ms=0.38 mpu_sat=2 errors=13/0/0/0 m4_ms=350880
seq=17544 t=6003.295825 mpu_a=0.0251,19.6127,6.6870 mpu_g=-4.2443,0.1450,2.2901 icm_a=6.2537,-0.3256,7.3885 icm_g=0.0000,-8.1707,2.0122 age_icm_ms=0.41 mpu_sat=2 errors=13/0/0/0 m4_ms=350900
seq=17545 t=6003.315827 mpu_a=-0.0156,19.6127,6.6212 mpu_g=-3.9160,0.2595,2.1985 icm_a=6.2249,-0.2921,7.4555 icm_g=-0.4878,-6.5244,2.7439 age_icm_ms=0.40 mpu_sat=2 errors=13/0/0/0 m4_ms=350920
seq=17546 t=6003.335827 mpu_a=0.1724,19.6127,6.3315 mpu_g=-3.5038,1.9695,1.9618 icm_a=6.3446,-0.2873,7.6662 icm_g=1.1585,-4.8780,3.2927 age_icm_ms=0.39 mpu_sat=2 errors=13/0/0/0 m4_ms=350940
seq=17547 t=6003.355828 mpu_a=0.0826,19.6127,6.4596 mpu_g=-1.6489,2.2977,2.6183 icm_a=6.3877,-0.3065,7.5274 icm_g=3.1707,-5.8537,2.4390 age_icm_ms=0.39 mpu_sat=2 errors=13/0/0/0 m4_ms=350960
seq=17548 t=6003.375828 mpu_a=-0.0634,19.6127,6.8163 mpu_g=-0.2901,0.3282,3.1679 icm_a=6.3590,-0.3448,7.2832 icm_g=2.1341,-5.8537,0.9146 age_icm_ms=0.39 mpu_sat=2 errors=13/0/0/0 m4_ms=350980
seq=17549 t=6003.395828 mpu_a=-0.1329,19.6127,6.5254 mpu_g=-1.4733,-1.5115,2.2366 icm_a=6.2872,-0.3543,7.3215 icm_g=0.1220,-2.9878,0.1829 age_icm_ms=0.37 mpu_sat=2 errors=13/0/0/0 m4_ms=351000
seq=17550 t=6003.415828 mpu_a=0.0036,19.6127,6.1734 mpu_g=-1.2443,-0.2519,0.6412 icm_a=6.3829,-0.4310,7.3694 icm_g=-0.9756,-2.2561,1.4634 age_icm_ms=0.37 mpu_sat=2 errors=13/0/0/0 m4_ms=351020
seq=17551 t=6003.435827 mpu_a=0.1161,19.6127,6.5805 mpu_g=1.7099,1.8550,0.0076 icm_a=6.4452,-0.2921,7.5513 icm_g=1.0366,-1.6463,2.6220 age_icm_ms=0.36 mpu_sat=2 errors=13/0/0/0 m4_ms=351040
seq=17552 t=6003.455829 mpu_a=0.0551,19.6127,6.3063 mpu_g=2.2672,2.7786,1.2901 icm_a=6.4117,-0.3065,7.4699 icm_g=4.6951,-1.4634,1.8902 age_icm_ms=0.40 mpu_sat=2 errors=13/0/0/0 m4_ms=351060
seq=17553 t=6003.475827 mpu_a=-0.0694,19.6127,6.5254 mpu_g=2.7328,0.6870,2.5267 icm_a=6.4021,-0.3352,7.3454 icm_g=5.6707,-0.9146,1.2805 age_icm_ms=0.40 mpu_sat=2 errors=13/0/0/0 m4_ms=351080
seq=17554 t=6003.495826 mpu_a=-0.0503,19.6127,6.4488 mpu_g=3.0763,-3.0840,1.9008 icm_a=6.3829,-0.2442,7.2496 icm_g=4.5732,1.1585,0.8537 age_icm_ms=0.39 mpu_sat=2 errors=13/0/0/0 m4_ms=351100
seq=17555 t=6003.515826 mpu_a=0.0575,19.6127,6.2465 mpu_g=3.4656,-3.9313,1.3130 icm_a=6.4021,-0.2969,7.3789 icm_g=2.8049,2.6220,0.0000 age_icm_ms=0.41 mpu_sat=2 errors=13/0/0/0 m4_ms=351120
seq=17556 t=6003.535824 mpu_a=0.0239,19.6127,6.3662 mpu_g=5.5725,-2.7328,0.8473 icm_a=6.3159,-0.3496,7.5753 icm_g=1.0976,1.4634,0.0000 age_icm_ms=0.40 mpu_sat=2 errors=13/0/0/0 m4_ms=351140
seq=17557 t=6003.555823 mpu_a=0.0299,19.6127,6.8833 mpu_g=7.0916,-0.9542,-0.0916 icm_a=6.3638,-0.3591,7.5753 icm_g=0.7927,0.6098,0.4878 age_icm_ms=0.41 mpu_sat=2 errors=13/0/0/0 m4_ms=351160
seq=17558 t=6003.575823 mpu_a=0.0754,19.6127,6.8438 mpu_g=6.0153,0.5496,-0.2366 icm_a=6.4069,-0.2921,7.4651 icm_g=1.0366,0.6707,0.7317 age_icm_ms=0.41 mpu_sat=2 errors=13/0/0/0 m4_ms=351180
seq=17559 t=6003.595822 mpu_a=0.0180,19.6127,6.6583 mpu_g=5.0916,1.1450,0.3282 icm_a=6.4069,-0.2586,7.3885 icm_g=1.8293,2.0732,0.3049 age_icm_ms=0.41 mpu_sat=2 errors=13/0/0/0 m4_ms=351200
seq=17560 t=6003.615821 mpu_a=0.0180,19.6127,6.4464 mpu_g=4.8702,0.7328,0.5191 icm_a=6.3398,-0.2490,7.4939 icm_g=2.8049,1.2805,-0.1829 age_icm_ms=0.36 mpu_sat=2 errors=13/0/0/0 m4_ms=351220
seq=17561 t=6003.635821 mpu_a=0.0072,19.6127,6.5146 mpu_g=6.3664,0.1527,0.2519 icm_a=6.3542,-0.3256,7.5944 icm_g=1.5854,0.5488,0.0610 age_icm_ms=0.37 mpu_sat=2 errors=13/0/0/0 m4_ms=351240
seq=17562 t=6003.655821 mpu_a=0.0251,19.6127,6.9240 mpu_g=5.0153,-0.1832,-0.0458 icm_a=6.4117,-0.2825,7.5561 icm_g=0.1220,-0.2439,0.0000 age_icm_ms=0.37 mpu_sat=2 errors=13/0/0/0 m4_ms=351260
seq=17563 t=6003.675819 mpu_a=0.0515,19.6127,6.6714 mpu_g=4.2595,1.2519,-0.1756 icm_a=6.3782,-0.3112,7.4364 icm_g=-0.1220,0.1829,-0.3659 age_icm_ms=0.35 mpu_sat=2 errors=13/0/0/0 m4_ms=351280
seq=17564 t=6003.695818 mpu_a=0.0096,19.6127,6.4153 mpu_g=4.3511,1.8855,-0.4275 icm_a=6.2968,-0.2777,7.3789 icm_g=0.1220,1.2195,-0.7317 age_icm_ms=0.36 mpu_sat=2 errors=13/0/0/0 m4_ms=351300
seq=17565 t=6003.715820 mpu_a=0.0275,19.6127,6.3961 mpu_g=5.3969,1.7252,-0.8244 icm_a=6.2776,-0.2634,7.4747 icm_g=1.2805,1.8293,-0.9146 age_icm_ms=0.40 mpu_sat=2 errors=13/0/0/0 m4_ms=351320
seq=17566 t=6003.735819 mpu_a=0.0527,19.6127,6.6176 mpu_g=6.0305,0.7023,-1.0382 icm_a=6.3063,-0.3160,7.5513 icm_g=1.4634,1.5244,-0.9756 age_icm_ms=0.35 mpu_sat=2 errors=13/0/0/0 m4_ms=351340
seq=17567 t=6003.755817 mpu_a=0.0527,19.6127,6.8989 mpu_g=6.3435,-0.0076,-1.1756 icm_a=6.3542,-0.3639,7.5130 icm_g=0.3049,0.3659,-0.0610 age_icm_ms=0.35 mpu_sat=2 errors=13/0/0/0 m4_ms=351360
seq=17568 t=6003.775817 mpu_a=0.1233,19.6127,6.7600 mpu_g=5.1069,0.9847,-0.6031 icm_a=6.4165,-0.2346,7.5130 icm_g=-0.3659,0.9756,0.3659 age_icm_ms=0.35 mpu_sat=2 errors=13/0/0/0 m4_ms=351380
seq=17569 t=6003.795816 mpu_a=0.0108,19.6127,6.4428 mpu_g=4.9313,1.9695,0.2366 icm_a=6.3829,-0.2155,7.4268 icm_g=0.7317,1.8293,-0.9146 age_icm_ms=0.35 mpu_sat=2 errors=13/0/0/0 m4_ms=351400
seq=17570 t=6003.815816 mpu_a=0.0886,19.6127,6.5242 mpu_g=6.0916,1.5878,-0.6183 icm_a=6.3398,-0.2538,7.4555 icm_g=1.2805,2.0732,-1.0366 age_icm_ms=0.40 mpu_sat=2 errors=13/0/0/0 m4_ms=351420
seq=17571 t=6003.835817 mpu_a=0.1305,19.6127,6.4811 mpu_g=6.2901,0.5725,-1.3435 icm_a=6.3351,-0.2921,7.4986 icm_g=1.5244,2.9268,-0.6098 age_icm_ms=0.40 mpu_sat=2 errors=13/0/0/0 m4_ms=351440
seq=17572 t=6003.855818 mpu_a=0.0934,19.6127,6.5972 mpu_g=6.9160,0.1221,-0.9695 icm_a=6.3351,-0.2729,7.4555 icm_g=0.9146,4.2683,-0.7317 age_icm_ms=0.38 mpu_sat=2 errors=13/0/0/0 m4_ms=351460
seq=17573 t=6003.875818 mpu_a=0.0575,19.6127,6.4512 mpu_g=7.9695,0.4885,-0.7634 icm_a=6.3351,-0.2729,7.5034 icm_g=1.3415,5.8537,-0.8537 age_icm_ms=0.38 mpu_sat=2 errors=13/0/0/0 m4_ms=351480
seq=17574 t=6003.895819 mpu_a=0.0682,19.6127,6.3961 mpu_g=9.4733,0.8015,-1.0382 icm_a=6.2297,-0.2346,7.4747 icm_g=2.6220,6.0976,-1.0366 age_icm_ms=0.40 mpu_sat=2 errors=13/0/0/0 m4_ms=351500
seq=17575 t=6003.915819 mpu_a=0.1329,19.6127,6.7888 mpu_g=10.8397,-0.4580,-1.1908 icm_a=6.2776,-0.2825,7.5561 icm_g=1.5854,3.7805,-0.6707 age_icm_ms=0.38 mpu_sat=2 errors=13/0/0/0 m4_ms=351520
seq=17576 t=6003.935819 mpu_a=0.1616,19.6127,7.0689 mpu_g=9.4580,-0.8168,-1.0840 icm_a=6.3446,-0.2777,7.6902 icm_g=-0.5488,4.2073,-0.4268 age_icm_ms=0.38 mpu_sat=2 errors=13/0/0/0 m4_ms=351540
seq=17577 t=6003.955819 mpu_a=0.0611,19.6127,6.6667 mpu_g=7.8244,1.2519,-0.6870 icm_a=6.2537,-0.2251,7.7045 icm_g=-0.7317,6.1585,-0.9756 age_icm_ms=0.37 mpu_sat=2 errors=13/0/0/0 m4_ms=351560
seq=17578 t=6003.975820 mpu_a=0.0622,19.6127,6.6403 mpu_g=9.3053,2.6412,-0.9389 icm_a=6.1866,-0.2155,7.5944 icm_g=0.3049,7.2561,-1.1585 age_icm_ms=0.40 mpu_sat=2 errors=13/0/0/0 m4_ms=351580
seq=17579 t=6003.995822 mpu_a=0.1269,19.6127,6.5841 mpu_g=11.0305,2.0153,-1.3893 icm_a=6.2106,-0.2729,7.5226 icm_g=2.5000,7.3171,-1.3415 age_icm_ms=0.41 mpu_sat=2 errors=13/0/0/0 m4_ms=351600
seq=17580 t=6004.015821 mpu_a=0.0359,19.6127,6.5996 mpu_g=11.8550,0.6107,-1.4733 icm_a=6.1914,-0.2586,7.5465 icm_g=2.9268,4.1463,-0.6707 age_icm_ms=0.40 mpu_sat=2 errors=13/0/0/0 m4_ms=351620
seq=17581 t=6004.035821 mpu_a=0.2682,19.6127,7.1946 mpu_g=10.9389,-1.5420,-1.4580 icm_a=6.2584,-0.3160,7.6710 icm_g=-0.2439,3.4146,0.4268 age_icm_ms=0.41 mpu_sat=2 errors=13/0/0/0 m4_ms=351640
seq=17582 t=6004.055820 mpu_a=0.1676,19.6127,6.8283 mpu_g=7.5038,-0.3893,-0.3740 icm_a=6.2728,-0.2298,7.6998 icm_g=-1.5244,7.4390,0.6707 age_icm_ms=0.41 mpu_sat=2 errors=13/0/0/0 m4_ms=351660
seq=17583 t=6004.075819 mpu_a=0.0910,19.6127,6.3351 mpu_g=8.5191,2.5878,0.3053 icm_a=6.0908,-0.1245,7.8243 icm_g=0.0000,12.2561,0.3659 age_icm_ms=0.41 mpu_sat=2 errors=13/0/0/0 m4_ms=351680
seq=17584 t=6004.095819 mpu_a=0.1987,19.6127,6.3339 mpu_g=13.2748,3.1145,0.2137 icm_a=6.0238,-0.2442,7.6231 icm_g=2.3780,12.9878,-0.0610 age_icm_ms=0.42 mpu_sat=2 errors=13/0/0/0 m4_ms=351700
seq=17585 t=6004.115818 mpu_a=0.0874,19.6127,6.8319 mpu_g=17.5725,0.9389,-0.1603 icm_a=6.0956,-0.2011,7.4795 icm_g=0.5488,6.5854,-0.2439 age_icm_ms=0.36 mpu_sat=2 errors=13/0/0/0 m4_ms=351720
seq=17586 t=6004.135817 mpu_a=0.1221,19.6127,7.5872 mpu_g=16.3740,-0.8473,-0.2595 icm_a=6.2010,-0.2011,7.7381 icm_g=-3.9634,4.0854,-1.0366 age_icm_ms=0.38 mpu_sat=2 errors=13/0/0/0 m4_ms=351740
seq=17587 t=6004.155817 mpu_a=0.1269,19.6127,7.0294 mpu_g=9.5649,1.9924,-0.6489 icm_a=6.1914,-0.2682,7.8530 icm_g=-6.4024,11.5244,-2.0122 age_icm_ms=0.37 mpu_sat=2 errors=13/0/0/0 m4_ms=351760
seq=17588 t=6004.175817 mpu_a=0.0479,19.6127,6.1435 mpu_g=9.0611,6.2137,-1.7786 icm_a=6.0861,-0.3831,7.6806 icm_g=-3.2927,21.2195,-2.6829 age_icm_ms=0.38 mpu_sat=2 errors=13/0/0/0 m4_ms=351780
seq=17589 t=6004.195817 mpu_a=-0.1209,19.6127,5.7916 mpu_g=17.5573,7.7328,-2.8702 icm_a=5.8849,-0.3256,7.5992 icm_g=1.5854,23.7195,-2.1951 age_icm_ms=0.38 mpu_sat=2 errors=13/0/0/0 m4_ms=351800
seq=17590 t=6004.215817 mpu_a=-0.0515,19.6127,6.3135 mpu_g=26.5115,4.1450,-3.3053 icm_a=5.7174,-0.2442,7.6758 icm_g=5.0000,21.2195,-1.5244 age_icm_ms=0.37 mpu_sat=2 errors=13/0/0/0 m4_ms=351820
seq=17591 t=6004.235818 mpu_a=0.1365,19.6127,6.9599 mpu_g=27.9084,-0.7710,-2.4351 icm_a=5.8035,-0.2682,7.8338 icm_g=4.2073,23.9024,-1.3415 age_icm_ms=0.39 mpu_sat=2 errors=13/0/0/0 m4_ms=351840
seq=17592 t=6004.255817 mpu_a=0.1173,19.6127,6.5481 mpu_g=25.3740,-3.6412,-1.7023 icm_a=5.8323,-0.2442,8.2600 icm_g=4.2683,32.8659,-2.0732 age_icm_ms=0.35 mpu_sat=2 errors=13/0/0/0 m4_ms=351860
seq=17593 t=6004.275816 mpu_a=0.0120,19.6127,6.2405 mpu_g=28.6107,-2.5573,-1.7328 icm_a=5.7940,-0.2729,8.3222 icm_g=7.3780,41.4634,-3.6585 age_icm_ms=0.35 mpu_sat=2 errors=13/0/0/0 m4_ms=351880
seq=17594 t=6004.295816 mpu_a=-0.1377,19.6127,6.4081 mpu_g=37.5420,-2.7023,-2.6336 icm_a=5.6695,-0.2777,8.0110 icm_g=9.8171,44.8171,-4.3902 age_icm_ms=0.36 mpu_sat=2 errors=13/0/0/0 m4_ms=351900
seq=17595 t=6004.315817 mpu_a=0.0012,19.6127,6.8809 mpu_g=45.9389,-6.0153,-4.1298 icm_a=5.3343,-0.0622,8.1977 icm_g=9.6951,42.3171,-4.3902 age_icm_ms=0.39 mpu_sat=2 errors=13/0/0/0 m4_ms=351920
seq=17596 t=6004.335817 mpu_a=0.2155,19.6127,7.4208 mpu_g=49.0687,-8.3893,-4.6947 icm_a=5.0853,-0.1101,8.1882 icm_g=7.3780,33.5366,-3.3537 age_icm_ms=0.40 mpu_sat=2 errors=13/0/0/0 m4_ms=351940
seq=17597 t=6004.355820 mpu_a=0.4489,19.6127,8.3426 mpu_g=46.4580,-7.9084,-4.5954 icm_a=5.1092,-0.1389,8.1451 icm_g=2.6220,21.4634,-1.6463 age_icm_ms=0.45 mpu_sat=2 errors=13/0/0/0 m4_ms=351960
seq=17598 t=6004.375822 mpu_a=0.4788,19.6127,8.7496 mpu_g=37.8779,-6.0076,-3.7328 icm_a=5.1715,-0.0239,8.4084 icm_g=-0.7927,13.9634,-0.7317 age_icm_ms=0.43 mpu_sat=2 errors=13/0/0/0 m4_ms=351980
seq=17599 t=6004.395823 mpu_a=0.4190,19.6127,8.2732 mpu_g=26.1374,-1.1603,-2.0840 icm_a=5.1715,-0.0287,8.5856 icm_g=-1.7683,16.7073,-1.2195 age_icm_ms=0.57 mpu_sat=2 errors=13/0/0/0 m4_ms=352000
seq=17600 t=6004.415824 mpu_a=0.3460,19.6127,7.4508 mpu_g=18.2366,2.3511,-1.1603 icm_a=5.2194,-0.1101,8.5090 icm_g=0.3049,27.3780,-2.5610 age_icm_ms=0.41 mpu_sat=2 errors=13/0/0/0 m4_ms=352020
seq=17601 t=6004.435827 mpu_a=0.1089,19.6127,6.5086 mpu_g=20.0076,3.4656,-1.6794 icm_a=5.0853,-0.0910,8.3749 icm_g=2.0122,38.4146,-3.7195 age_icm_ms=0.46 mpu_sat=2 errors=13/0/0/0 m4_ms=352040
seq=17602 t=6004.455829 mpu_a=0.0706,19.6127,6.3291 mpu_g=30.1450,1.6412,-2.9466 icm_a=4.9081,-0.0287,8.3941 icm_g=4.5122,44.0854,-5.1220 age_icm_ms=0.41 mpu_sat=2 errors=13/0/0/0 m4_ms=352060
seq=17603 t=6004.475828 mpu_a=0.1053,19.6127,6.6272 mpu_g=41.2824,-0.2137,-4.1527 icm_a=4.5729,0.0287,8.6191 icm_g=3.9024,44.1463,-6.5244 age_icm_ms=0.41 mpu_sat=2 errors=13/0/0/0 m4_ms=352080
seq=17604 t=6004.495828 mpu_a=0.4860,19.6127,8.2025 mpu_g=48.3969,-2.6260,-6.8397 icm_a=4.3670,-0.0862,8.7436 icm_g=-2.5610,43.3537,-5.6707 age_icm_ms=0.42 mpu_sat=2 errors=13/0/0/0 m4_ms=352100
seq=17605 t=6004.515827 mpu_a=0.4872,19.6127,8.0912 mpu_g=47.1603,2.3359,-6.7786 icm_a=4.4628,-0.1532,8.9687 icm_g=-7.6220,45.1829,-3.6585 age_icm_ms=0.41 mpu_sat=2 errors=13/0/0/0 m4_ms=352120
seq=17606 t=6004.535826 mpu_a=0.3795,19.6127,7.9859 mpu_g=48.6336,8.5038,-5.0840 icm_a=4.4580,-0.1293,8.8921 icm_g=-11.0976,47.5610,-2.3171 age_icm_ms=0.36 mpu_sat=2 errors=13/0/0/0 m4_ms=352140
seq=17607 t=6004.555825 mpu_a=0.2634,19.6127,7.8207 mpu_g=50.9313,11.8931,-3.7023 icm_a=4.1707,-0.0862,9.0644 icm_g=-12.1951,50.5488,-2.9268 age_icm_ms=0.36 mpu_sat=2 errors=13/0/0/0 m4_ms=352160
seq=17608 t=6004.575824 mpu_a=0.1616,19.6127,7.8518 mpu_g=53.6718,13.9618,-3.8092 icm_a=3.9361,-0.0192,9.0166 icm_g=-11.8293,51.7683,-4.0244 age_icm_ms=0.36 mpu_sat=2 errors=13/0/0/0 m4_ms=352180
seq=17609 t=6004.595823 mpu_a=0.2502,19.6127,8.2205 mpu_g=55.7710,13.2824,-5.0153 icm_a=3.8930,-0.0239,8.9974 icm_g=-13.2317,49.6341,-5.2439 age_icm_ms=0.36 mpu_sat=2 errors=13/0/0/0 m4_ms=352200
seq=17610 t=6004.615822 mpu_a=0.1389,19.6127,8.4958 mpu_g=54.6107,14.1374,-6.1679 icm_a=3.7733,-0.0383,8.9352 icm_g=-13.2317,44.3293,-7.3780 age_icm_ms=0.36 mpu_sat=2 errors=13/0/0/0 m4_ms=352220
seq=17611 t=6004.635822 mpu_a=0.0970,19.6127,8.5389 mpu_g=50.4733,14.7786,-7.8473 icm_a=3.5578,-0.0766,9.0453 icm_g=-12.8659,38.1098,-9.5732 age_icm_ms=0.37 mpu_sat=2 errors=13/0/0/0 m4_ms=352240
seq=17612 t=6004.655822 mpu_a=0.1987,19.6127,8.4336 mpu_g=44.1069,14.2748,-10.1450 icm_a=3.3998,-0.2969,9.4188 icm_g=-10.9146,35.2439,-8.9634 age_icm_ms=0.39 mpu_sat=2 errors=13/0/0/0 m4_ms=352260
seq=17613 t=6004.675822 mpu_a=0.2346,19.6127,8.3857 mpu_g=40.0534,13.4580,-10.8015 icm_a=3.2465,-0.6033,9.3326 icm_g=-4.2683,31.4634,-6.2805 age_icm_ms=0.38 mpu_sat=2 errors=13/0/0/0 m4_ms=352280
seq=17614 t=6004.695821 mpu_a=-0.0108,19.6127,8.7592 mpu_g=37.7939,8.9008,-8.5191 icm_a=3.0981,-0.6225,9.0836 icm_g=-1.6463,19.2683,-1.8293 age_icm_ms=0.36 mpu_sat=2 errors=13/0/0/0 m4_ms=352300
seq=17615 t=6004.715820 mpu_a=0.2562,19.6127,9.8426 mpu_g=30.2290,3.0534,-4.6947 icm_a=2.9880,-0.3352,9.1842 icm_g=-4.1463,5.5488,2.6829 age_icm_ms=0.37 mpu_sat=2 errors=13/0/0/0 m4_ms=352320
seq=17616 t=6004.735819 mpu_a=0.4094,19.6127,9.0800 mpu_g=15.6794,4.5496,0.2290 icm_a=3.1843,-0.2298,9.3134 icm_g=-4.6341,2.8659,4.6341 age_icm_ms=0.36 mpu_sat=2 errors=13/0/0/0 m4_ms=352340
seq=17617 t=6004.755820 mpu_a=0.2215,19.6127,7.9571 mpu_g=6.6870,6.3817,3.5496 icm_a=3.2944,-0.2346,9.4140 icm_g=-2.8659,9.0244,5.4268 age_icm_ms=0.38 mpu_sat=2 errors=13/0/0/0 m4_ms=352360
seq=17618 t=6004.775820 mpu_a=0.0275,19.6127,7.6591 mpu_g=9.6107,5.9847,4.7252 icm_a=3.2657,-0.2825,9.2273 icm_g=-0.9146,11.4634,3.7195 age_icm_ms=0.38 mpu_sat=2 errors=13/0/0/0 m4_ms=352380
seq=17619 t=6004.795821 mpu_a=-0.1472,19.6127,8.3258 mpu_g=15.6565,3.6107,4.4198 icm_a=3.1029,-0.4884,8.9735 icm_g=-1.5854,7.5000,3.1098 age_icm_ms=0.39 mpu_sat=2 errors=13/0/0/0 m4_ms=352400
seq=17620 t=6004.815822 mpu_a=-0.0371,19.6127,8.6239 mpu_g=14.7786,2.4122,2.7176 icm_a=2.9544,-0.4980,9.1459 icm_g=-3.3537,3.3537,4.6951 age_icm_ms=0.38 mpu_sat=2 errors=13/0/0/0 m4_ms=352420
seq=17621 t=6004.835822 mpu_a=0.0670,19.6127,8.5030 mpu_g=9.9695,4.2519,3.1450 icm_a=3.0694,-0.3926,9.3182 icm_g=-4.6951,2.9268,6.3415 age_icm_ms=0.39 mpu_sat=2 errors=13/0/0/0 m4_ms=352440
seq=17622 t=6004.855821 mpu_a=0.1233,19.6127,8.1834 mpu_g=6.9160,5.8015,4.8855 icm_a=3.1795,-0.4501,9.5146 icm_g=-3.7805,6.2805,6.3415 age_icm_ms=0.36 mpu_sat=2 errors=13/0/0/0 m4_ms=352460
seq=17623 t=6004.875822 mpu_a=-0.1939,19.6127,8.0290 mpu_g=8.2977,6.6336,6.0229 icm_a=3.0167,-0.4310,9.4236 icm_g=-2.0122,7.6829,5.6707 age_icm_ms=0.38 mpu_sat=2 errors=13/0/0/0 m4_ms=352480
seq=17624 t=6004.895822 mpu_a=-0.1353,19.6127,8.4803 mpu_g=11.7099,4.8473,5.6489 icm_a=2.9113,-0.3831,9.3470 icm_g=-4.0244,7.9268,5.3659 age_icm_ms=0.38 mpu_sat=2 errors=13/0/0/0 m4_ms=352500
seq=17625 t=6004.915821 mpu_a=-0.0120,19.6127,8.4240 mpu_g=12.1374,4.2137,5.0534 icm_a=3.0167,-0.3687,9.3182 icm_g=-5.1829,10.0610,5.6098 age_icm_ms=0.37 mpu_sat=2 errors=13/0/0/0 m4_ms=352520
seq=17626 t=6004.935821 mpu_a=0.1018,19.6127,8.0936 mpu_g=12.6412,6.5038,4.7863 icm_a=3.1843,-0.3926,9.3326 icm_g=-3.9634,12.3780,5.5488 age_icm_ms=0.37 mpu_sat=2 errors=13/0/0/0 m4_ms=352540
seq=17627 t=6004.955823 mpu_a=-0.0898,19.6127,8.0673 mpu_g=15.0916,6.9924,5.0382 icm_a=3.0502,-0.6129,9.3565 icm_g=-2.5000,11.2195,5.7927 age_icm_ms=0.41 mpu_sat=2 errors=13/0/0/0 m4_ms=352560
seq=17628 t=6004.975824 mpu_a=-0.1389,19.6127,8.5940 mpu_g=16.9542,5.3588,5.0229 icm_a=2.7007,-0.7709,9.2081 icm_g=-3.7195,5.0000,7.1951 age_icm_ms=0.40 mpu_sat=2 errors=13/0/0/0 m4_ms=352580
seq=17629 t=6004.995825 mpu_a=-0.2035,19.6127,9.1710 mpu_g=14.7099,4.1603,5.5038 icm_a=2.6193,-0.6416,9.2943 icm_g=-9.3293,-0.6098,8.0488 age_icm_ms=0.40 mpu_sat=2 errors=13/0/0/0 m4_ms=352600
seq=17630 t=6005.015824 mpu_a=-0.2071,19.6127,9.0166 mpu_g=8.0305,6.5038,7.0458 icm_a=2.7677,-0.5459,9.4475 icm_g=-13.2317,1.8293,7.6829 age_icm_ms=0.40 mpu_sat=2 errors=13/0/0/0 m4_ms=352620
seq=17631 t=6005.035823 mpu_a=-0.1963,19.6127,8.1355 mpu_g=3.3740,12.3893,7.3893 icm_a=2.9544,-0.5459,9.6343 icm_g=-12.3171,10.7927,6.0976 age_icm_ms=0.40 mpu_sat=2 errors=13/0/0/0 m4_ms=352640
seq=17632 t=6005.055822 mpu_a=-0.4274,19.6127,7.4950 mpu_g=7.1985,15.6489,6.6489 icm_a=2.9449,-0.6033,9.6295 icm_g=-6.0976,18.7195,4.6341 age_icm_ms=0.36 mpu_sat=2 errors=13/0/0/0 m4_ms=352660
seq=17633 t=6005.075823 mpu_a=-0.4597,19.6127,7.6040 mpu_g=16.4809,13.7099,4.9847 icm_a=2.8539,-0.7183,9.3996 icm_g=-4.6341,23.6585,4.2073 age_icm_ms=0.40 mpu_sat=2 errors=13/0/0/0 m4_ms=352680
seq=17634 t=6005.095823 mpu_a=-0.2885,19.6127,8.0637 mpu_g=23.8931,7.1908,3.8397 icm_a=2.6624,-0.8523,9.4715 icm_g=-10.6707,27.2561,3.5976 age_icm_ms=0.38 mpu_sat=2 errors=13/0/0/0 m4_ms=352700
seq=17635 t=6005.115822 mpu_a=-0.4537,19.6127,8.5844 mpu_g=28.3588,6.6031,3.4275 icm_a=2.4134,-0.8475,9.5672 icm_g=-14.3293,30.3659,3.4146 age_icm_ms=0.35 mpu_sat=2 errors=13/0/0/0 m4_ms=352720
seq=17636 t=6005.135822 mpu_a=-0.4812,19.6127,8.3953 mpu_g=31.6183,12.9313,2.4656 icm_a=2.2458,-0.6608,9.7683 icm_g=-11.7073,30.9756,3.2317 age_icm_ms=0.37 mpu_sat=2 errors=13/0/0/0 m4_ms=352740
seq=17637 t=6005.155822 mpu_a=-0.3891,19.6127,8.4336 mpu_g=34.5344,16.2214,2.2290 icm_a=2.3559,-0.7614,9.3901 icm_g=-11.7683,26.2805,2.9878 age_icm_ms=0.37 mpu_sat=2 errors=13/0/0/0 m4_ms=352760
seq=17638 t=6005.175820 mpu_a=-0.3316,19.6127,9.0668 mpu_g=35.1908,13.3588,2.0992 icm_a=2.3846,-0.8140,9.5385 icm_g=-15.6707,20.8537,1.6463 age_icm_ms=0.34 mpu_sat=2 errors=13/0/0/0 m4_ms=352780
seq=17639 t=6005.195821 mpu_a=-0.4956,19.6127,9.1854 mpu_g=30.4809,13.2519,1.9084 icm_a=2.2553,-0.9529,9.5529 icm_g=-19.5122,20.8537,1.8293 age_icm_ms=0.41 mpu_sat=2 errors=13/0/0/0 m4_ms=352800
seq=17640 t=6005.215821 mpu_a=-0.4525,19.6127,8.7831 mpu_g=24.9618,17.2901,0.5496 icm_a=2.1979,-1.0247,9.6534 icm_g=-22.8049,24.5122,3.5976 age_icm_ms=0.37 mpu_sat=2 errors=13/0/0/0 m4_ms=352820
seq=17641 t=6005.235821 mpu_a=-0.4549,19.6127,8.2253 mpu_g=24.8092,21.1069,0.4733 icm_a=2.2170,-1.0247,9.6295 icm_g=-23.9634,26.7683,6.0366 age_icm_ms=0.38 mpu_sat=2 errors=13/0/0/0 m4_ms=352840
seq=17642 t=6005.255820 mpu_a=-0.3256,19.6127,8.5641 mpu_g=28.6107,24.1145,1.9847 icm_a=2.2314,-1.0726,9.2991 icm_g=-26.5854,25.7927,7.0122 age_icm_ms=0.36 mpu_sat=2 errors=13/0/0/0 m4_ms=352860
seq=17643 t=6005.275819 mpu_a=-0.6704,19.6127,8.7197 mpu_g=31.0687,25.3359,4.2977 icm_a=2.1213,-1.0391,9.1985 icm_g=-33.4756,26.4024,8.8415 age_icm_ms=0.36 mpu_sat=2 errors=13/0/0/0 m4_ms=352880
seq=17644 t=6005.295818 mpu_a=-0.4070,19.6127,8.5916 mpu_g=30.2443,27.6947,5.2824 icm_a=1.9632,-1.1492,9.2943 icm_g=-41.6463,30.4878,6.4634 age_icm_ms=0.37 mpu_sat=2 errors=13/0/0/0 m4_ms=352900
seq=17645 t=6005.315818 mpu_a=-1.3934,19.6127,8.3378 mpu_g=33.8702,42.0000,4.9695 icm_a=1.6185,-1.4126,9.6343 icm_g=-46.0366,34.6341,-0.1220 age_icm_ms=0.36 mpu_sat=2 errors=13/0/0/0 m4_ms=352920
seq=17646 t=6005.335819 mpu_a=-1.4090,19.6127,8.1175 mpu_g=38.1679,47.8168,-1.6641 icm_a=1.3551,-1.5706,9.3470 icm_g=-44.3902,37.4390,-1.4024 age_icm_ms=0.39 mpu_sat=2 errors=13/0/0/0 m4_ms=352940
seq=17647 t=6005.355819 mpu_a=-1.1660,19.6127,8.0349 mpu_g=40.9847,45.9466,-4.3893 icm_a=1.3312,-1.9201,9.7636 icm_g=-37.2561,38.3537,0.4878 age_icm_ms=0.37 mpu_sat=2 errors=13/0/0/0 m4_ms=352960
seq=17648 t=6005.375818 mpu_a=-1.4018,19.6127,8.0385 mpu_g=42.3511,41.7176,-2.5802 icm_a=1.4509,-2.0782,9.6965 icm_g=-28.1098,39.2073,4.2073 age_icm_ms=0.37 mpu_sat=2 errors=13/0/0/0 m4_ms=352980
seq=17649 t=6005.395819 mpu_a=-1.3922,19.6127,8.1750 mpu_g=43.0992,32.0458,0.9084 icm_a=1.3791,-2.2075,9.5720 icm_g=-23.4146,39.2683,8.7195 age_icm_ms=0.38 mpu_sat=2 errors=13/0/0/0 m4_ms=353000
seq=17650 t=6005.415819 mpu_a=-1.5562,19.6127,8.6706 mpu_g=43.7176,25.7481,5.6107 icm_a=1.1109,-2.4038,9.4332 icm_g=-24.0854,35.5488,10.5488 age_icm_ms=0.38 mpu_sat=2 errors=13/0/0/0 m4_ms=353020
seq=17651 t=6005.435819 mpu_a=-2.1799,19.6127,9.2811 mpu_g=41.6870,25.0458,8.8321 icm_a=0.6225,-2.3750,9.4236 icm_g=-29.3293,27.9268,8.4756 age_icm_ms=0.40 mpu_sat=2 errors=13/0/0/0 m4_ms=353040
seq=17652 t=6005.455821 mpu_a=-2.1644,19.6127,9.5756 mpu_g=35.0076,28.8550,7.6412 icm_a=0.4118,-2.3320,9.5098 icm_g=-36.5244,20.1829,6.7683 age_icm_ms=0.41 mpu_sat=2 errors=13/0/0/0 m4_ms=353060
seq=17653 t=6005.475821 mpu_a=-1.8052,19.6127,9.4212 mpu_g=27.0916,35.5344,5.0076 icm_a=0.5028,-2.6193,9.4571 icm_g=-41.4634,14.8780,7.0122 age_icm_ms=0.42 mpu_sat=2 errors=13/0/0/0 m4_ms=353080
seq=17654 t=6005.495820 mpu_a=-2.3176,19.6127,8.6838 mpu_g=20.8092,41.9008,4.6947 icm_a=0.5363,-2.6671,9.5193 icm_g=-39.3902,13.0488,6.1585 age_icm_ms=0.44 mpu_sat=2 errors=13/0/0/0 m4_ms=353100
seq=17655 t=6005.515820 mpu_a=-2.4397,19.6127,8.0242 mpu_g=17.4427,42.7939,4.4198 icm_a=0.5555,-2.8491,9.4475 icm_g=-35.3659,15.4878,5.2439 age_icm_ms=0.42 mpu_sat=2 errors=13/0/0/0 m4_ms=353120
seq=17656 t=6005.535820 mpu_a=-2.6288,19.6127,7.8865 mpu_g=18.2519,38.6718,3.6565 icm_a=0.6560,-3.0550,9.3039 icm_g=-35.9756,18.5976,3.3537 age_icm_ms=0.42 mpu_sat=2 errors=13/0/0/0 m4_ms=353140
seq=17657 t=6005.555822 mpu_a=-2.8611,19.6127,8.2396 mpu_g=21.4962,36.6336,2.3740 icm_a=0.4836,-3.2370,9.2177 icm_g=-40.3049,21.0976,1.4024 age_icm_ms=0.59 mpu_sat=2 errors=13/0/0/0 m4_ms=353160
seq=17658 t=6005.575822 mpu_a=-2.9736,19.6127,8.0840 mpu_g=24.0153,39.6641,0.1908 icm_a=0.1915,-3.2226,9.2033 icm_g=-41.9512,24.5122,0.7927 age_icm_ms=0.44 mpu_sat=2 errors=13/0/0/0 m4_ms=353180
seq=17659 t=6005.595824 mpu_a=-2.8527,19.6127,7.6471 mpu_g=26.7099,43.3206,-1.4122 icm_a=0.2442,-3.1699,9.0836 icm_g=-37.9878,25.8537,0.6098 age_icm_ms=0.58 mpu_sat=2 errors=13/0/0/0 m4_ms=353200
seq=17660 t=6005.615823 mpu_a=-2.9054,19.6127,7.8266 mpu_g=29.8702,42.0076,-1.4809 icm_a=0.3543,-3.3471,8.7245 icm_g=-35.4878,23.4756,0.2439 age_icm_ms=0.39 mpu_sat=2 errors=13/0/0/0 m4_ms=353220
seq=17661 t=6005.635824 mpu_a=-3.0191,19.6127,7.9176 mpu_g=29.2214,37.6183,-1.5954 icm_a=0.1963,-3.5338,8.8107 icm_g=-35.0000,22.0122,-0.8537 age_icm_ms=0.42 mpu_sat=2 errors=13/0/0/0 m4_ms=353240
seq=17662 t=6005.655825 mpu_a=-3.3483,19.6127,7.5585 mpu_g=26.6947,36.9695,-2.1985 icm_a=0.1437,-3.5674,8.9495 icm_g=-32.5610,21.5244,-1.5854 age_icm_ms=0.39 mpu_sat=2 errors=13/0/0/0 m4_ms=353260
seq=17663 t=6005.675824 mpu_a=-3.1867,19.6127,7.7955 mpu_g=25.9237,35.2595,-3.2672 icm_a=0.0527,-3.8355,8.8490 icm_g=-30.2439,19.8171,0.3659 age_icm_ms=0.38 mpu_sat=2 errors=13/0/0/0 m4_ms=353280
seq=17664 t=6005.695824 mpu_a=-3.0873,19.6127,7.9823 mpu_g=25.2214,32.8550,-3.0687 icm_a=0.2394,-3.9265,8.6622 icm_g=-30.1829,18.8415,3.1707 age_icm_ms=0.40 mpu_sat=2 errors=13/0/0/0 m4_ms=353300
seq=17665 t=6005.715824 mpu_a=-3.4237,19.6127,7.6183 mpu_g=23.5573,31.4809,-0.1527 icm_a=0.0862,-3.9504,8.5760 icm_g=-30.3049,18.9024,0.4268 age_icm_ms=0.37 mpu_sat=2 errors=13/0/0/0 m4_ms=353320
seq=17666 t=6005.735825 mpu_a=-4.0737,19.6127,7.4675 mpu_g=22.9542,31.4885,1.2137 icm_a=-0.1532,-4.1372,8.5665 icm_g=-33.9024,18.3537,-2.1341 age_icm_ms=0.38 mpu_sat=2 errors=13/0/0/0 m4_ms=353340
seq=17667 t=6005.755824 mpu_a=-3.7685,19.6127,7.8027 mpu_g=22.9466,32.3511,-2.4580 icm_a=-0.1532,-4.1372,8.6287 icm_g=-41.5854,19.9390,-2.1341 age_icm_ms=0.36 mpu_sat=2 errors=13/0/0/0 m4_ms=353360
seq=17668 t=6005.775824 mpu_a=-3.6978,19.6127,7.6507 mpu_g=22.4580,37.1374,-4.2595 icm_a=-0.3065,-4.3622,8.8394 icm_g=-39.5732,25.0610,-0.9146 age_icm_ms=0.37 mpu_sat=2 errors=13/0/0/0 m4_ms=353380
seq=17669 t=6005.795824 mpu_a=-3.7948,19.6127,6.7840 mpu_g=25.1221,43.8092,-4.4275 icm_a=-0.0958,-4.4149,8.5760 icm_g=-31.9512,27.6220,2.7439 age_icm_ms=0.38 mpu_sat=2 errors=13/0/0/0 m4_ms=353400
seq=17670 t=6005.815823 mpu_a=-3.7840,19.6127,6.9073 mpu_g=30.2595,39.2443,-2.1374 icm_a=-0.2442,-4.5394,8.7436 icm_g=-26.5244,25.5488,3.3537 age_icm_ms=0.36 mpu_sat=2 errors=13/0/0/0 m4_ms=353420
seq=17671 t=6005.835821 mpu_a=-4.2306,19.6127,7.5070 mpu_g=31.6947,31.8779,1.3359 icm_a=-0.6656,-4.6639,9.1171 icm_g=-23.7195,21.7073,4.6951 age_icm_ms=0.35 mpu_sat=2 errors=13/0/0/0 m4_ms=353440
seq=17672 t=6005.855823 mpu_a=-4.1252,19.6127,8.1762 mpu_g=29.0687,27.2824,1.9008 icm_a=-0.6895,-4.7166,8.9447 icm_g=-19.6341,13.9024,7.2561 age_icm_ms=0.39 mpu_sat=2 errors=13/0/0/0 m4_ms=353460
seq=17673 t=6005.875823 mpu_a=-4.0749,19.6127,8.6335 mpu_g=24.8244,24.4962,3.6336 icm_a=-0.5171,-4.7214,8.5186 icm_g=-18.2317,5.3659,7.5610 age_icm_ms=0.39 mpu_sat=2 errors=13/0/0/0 m4_ms=353480
seq=17674 t=6005.895823 mpu_a=-4.3766,19.6127,8.2552 mpu_g=16.7939,20.5420,6.2290 icm_a=-0.6943,-4.7692,8.7484 icm_g=-18.0488,2.3171,6.3415 age_icm_ms=0.37 mpu_sat=2 errors=13/0/0/0 m4_ms=353500
seq=17675 t=6005.915823 mpu_a=-4.5083,19.6127,7.6962 mpu_g=8.7328,19.8550,6.3130 icm_a=-0.8284,-4.7836,8.7963 icm_g=-17.8659,2.3171,4.9390 age_icm_ms=0.38 mpu_sat=2 errors=13/0/0/0 m4_ms=353520
seq=17676 t=6005.935823 mpu_a=-4.5155,19.6127,7.6255 mpu_g=6.4198,19.5115,5.1069 icm_a=-0.6273,-4.8650,8.6814 icm_g=-18.0488,-1.4024,3.4756 age_icm_ms=0.37 mpu_sat=2 errors=13/0/0/0 m4_ms=353540
seq=17677 t=6005.955823 mpu_a=-4.6340,19.6127,8.0864 mpu_g=6.4962,19.1985,3.7481 icm_a=-0.5124,-4.9656,8.5186 icm_g=-18.9634,-6.6463,2.0732 age_icm_ms=0.37 mpu_sat=2 errors=13/0/0/0 m4_ms=353560
seq=17678 t=6005.975823 mpu_a=-4.6603,19.6127,8.1235 mpu_g=2.6718,19.6412,2.4275 icm_a=-0.6800,-4.9512,8.5281 icm_g=-16.4024,-6.7073,-0.6098 age_icm_ms=0.38 mpu_sat=2 errors=13/0/0/0 m4_ms=353580
seq=17679 t=6005.995823 mpu_a=-4.9728,19.6127,7.0653 mpu_g=-2.5954,20.4275,1.0382 icm_a=-0.8188,-5.0566,8.6670 icm_g=-11.5854,-1.9512,-0.4878 age_icm_ms=0.38 mpu_sat=2 errors=13/0/0/0 m4_ms=353600
seq=17680 t=6006.015824 mpu_a=-4.6352,19.6127,6.7169 mpu_g=-2.6031,17.8626,-1.5954 icm_a=-0.5124,-5.1475,8.5425 icm_g=-8.7195,-0.1220,0.4878 age_icm_ms=0.41 mpu_sat=2 errors=13/0/0/0 m4_ms=353620
seq=17681 t=6006.035826 mpu_a=-4.6687,19.6127,7.1371 mpu_g=2.2748,13.1374,-1.3053 icm_a=-0.3831,-5.1763,8.4276 icm_g=-6.4024,-2.9268,-0.4268 age_icm_ms=0.40 mpu_sat=2 errors=13/0/0/0 m4_ms=353640
seq=17682 t=6006.055825 mpu_a=-4.9895,19.6127,7.5681 mpu_g=4.3664,10.2290,-0.0916 icm_a=-0.5555,-5.2194,8.2600 icm_g=-5.4268,-3.6585,0.3659 age_icm_ms=0.39 mpu_sat=2 errors=13/0/0/0 m4_ms=353660
seq=17683 t=6006.075824 mpu_a=-4.7645,19.6127,7.3310 mpu_g=1.6870,8.1679,-0.7786 icm_a=-0.7183,-5.0566,8.5090 icm_g=-2.5610,-0.4268,2.3171 age_icm_ms=0.40 mpu_sat=2 errors=13/0/0/0 m4_ms=353680
seq=17684 t=6006.095824 mpu_a=-4.6280,19.6127,6.6128 mpu_g=0.3893,7.1221,-0.2672 icm_a=-0.7039,-5.0518,8.3941 icm_g=-1.0366,-1.2805,3.2317 age_icm_ms=0.42 mpu_sat=2 errors=13/0/0/0 m4_ms=353700
seq=17685 t=6006.115823 mpu_a=-4.5957,19.6127,7.2413 mpu_g=3.4885,4.7939,1.6565 icm_a=-0.3735,-5.0805,8.2839 icm_g=-2.8049,-5.9146,1.2805 age_icm_ms=0.42 mpu_sat=2 errors=13/0/0/0 m4_ms=353720
seq=17686 t=6006.135822 mpu_a=-4.8626,19.6127,7.9009 mpu_g=3.9389,2.4733,3.0000 icm_a=-0.3687,-5.1188,8.3797 icm_g=-2.4390,-5.6707,-1.6463 age_icm_ms=0.36 mpu_sat=2 errors=13/0/0/0 m4_ms=353740
seq=17687 t=6006.155822 mpu_a=-4.8303,19.6127,6.5984 mpu_g=-2.0611,4.4962,-1.5115 icm_a=-0.5315,-5.0374,8.4467 icm_g=-0.4268,-0.5488,-1.9512 age_icm_ms=0.36 mpu_sat=2 errors=13/0/0/0 m4_ms=353760
seq=17688 t=6006.175821 mpu_a=-4.5669,19.6127,6.8307 mpu_g=2.3588,2.3740,-2.3893 icm_a=-0.7853,-5.0853,8.3989 icm_g=-0.0610,2.6220,-0.5488 age_icm_ms=0.36 mpu_sat=2 errors=13/0/0/0 m4_ms=353780
seq=17689 t=6006.195820 mpu_a=-4.6244,19.6127,7.6279 mpu_g=6.8015,1.3893,-1.1908 icm_a=-0.6129,-5.2289,8.3606 icm_g=-1.9512,-0.4268,0.2439 age_icm_ms=0.36 mpu_sat=2 errors=13/0/0/0 m4_ms=353800
seq=17690 t=6006.215819 mpu_a=-4.8866,19.6127,7.7464 mpu_g=5.2443,3.1145,-0.1298 icm_a=-0.4262,-5.2050,8.4228 icm_g=-1.3415,-4.3902,0.4878 age_icm_ms=0.35 mpu_sat=2 errors=13/0/0/0 m4_ms=353820
seq=17691 t=6006.235818 mpu_a=-4.8961,19.6127,7.2568 mpu_g=0.7405,3.3359,0.1298 icm_a=-0.3735,-5.0566,8.4372 icm_g=-0.2439,-2.3780,-0.3659 age_icm_ms=0.36 mpu_sat=2 errors=13/0/0/0 m4_ms=353840
seq=17692 t=6006.255818 mpu_a=-4.8183,19.6127,6.5793 mpu_g=0.4580,2.2061,-0.2137 icm_a=-0.5890,-4.9799,8.4180 icm_g=0.9146,3.2927,-0.7317 age_icm_ms=0.37 mpu_sat=2 errors=13/0/0/0 m4_ms=353860
seq=17693 t=6006.275818 mpu_a=-4.4760,19.6127,7.0390 mpu_g=5.9618,0.8702,-1.0992 icm_a=-0.5602,-5.0566,8.2504 icm_g=0.6098,2.5000,0.3659 age_icm_ms=0.38 mpu_sat=2 errors=13/0/0/0 m4_ms=353880
seq=17694 t=6006.295818 mpu_a=-4.6124,19.6127,7.8434 mpu_g=8.4198,0.5191,-0.2214 icm_a=-0.5219,-5.1523,8.2791 icm_g=0.3659,-4.8780,0.5488 age_icm_ms=0.38 mpu_sat=2 errors=13/0/0/0 m4_ms=353900
seq=17695 t=6006.315818 mpu_a=-4.8435,19.6127,7.8530 mpu_g=2.6336,1.2137,0.4656 icm_a=-0.4262,-5.1811,8.3606 icm_g=0.9146,-8.9634,-0.2439 age_icm_ms=0.39 mpu_sat=2 errors=13/0/0/0 m4_ms=353920
seq=17696 t=6006.335817 mpu_a=-4.9045,19.6127,7.0521 mpu_g=-4.0992,1.0229,0.0153 icm_a=-0.4645,-5.1715,8.3797 icm_g=0.5488,-4.5122,-0.6707 age_icm_ms=0.38 mpu_sat=2 errors=13/0/0/0 m4_ms=353940
seq=17697 t=6006.355817 mpu_a=-4.7609,19.6127,6.6092 mpu_g=-3.0916,0.7328,-0.7328 icm_a=-0.5698,-5.1380,8.4515 icm_g=-1.2805,2.4390,-0.1829 age_icm_ms=0.38 mpu_sat=2 errors=13/0/0/0 m4_ms=353960
seq=17698 t=6006.375817 mpu_a=-4.6747,19.6127,6.9827 mpu_g=3.9389,1.9771,-0.7634 icm_a=-0.5219,-5.1667,8.4467 icm_g=-1.8902,3.9634,0.6707 age_icm_ms=0.37 mpu_sat=2 errors=13/0/0/0 m4_ms=353980
seq=17699 t=6006.395816 mpu_a=-4.7501,19.6127,7.4974 mpu_g=8.5725,3.3511,-0.0534 icm_a=-0.3974,-5.1715,8.4276 icm_g=-0.4268,1.2195,1.0976 age_icm_ms=0.35 mpu_sat=2 errors=13/0/0/0 m4_ms=354000
seq=17700 t=6006.415816 mpu_a=-4.8471,19.6127,7.5010 mpu_g=7.2443,2.9237,0.6031 icm_a=-0.4405,-5.0996,8.4132 icm_g=1.2805,-0.6707,0.3659 age_icm_ms=0.39 mpu_sat=2 errors=13/0/0/0 m4_ms=354020
seq=17701 t=6006.435819 mpu_a=-4.8806,19.6127,7.3370 mpu_g=4.3435,1.0458,0.6412 icm_a=-0.5411,-5.0805,8.3606 icm_g=1.7683,-1.2195,-0.4878 age_icm_ms=0.42 mpu_sat=2 errors=13/0/0/0 m4_ms=354040
seq=17702 t=6006.455819 mpu_a=-4.7142,19.6127,7.3275 mpu_g=3.3969,-0.0840,-0.3588 icm_a=-0.5507,-5.1380,8.3079 icm_g=0.3049,-2.5000,-0.3049 age_icm_ms=0.39 mpu_sat=2 errors=13/0/0/0 m4_ms=354060
seq=17703 t=6006.475819 mpu_a=-4.7549,19.6127,7.4196 mpu_g=2.7328,0.2901,-0.6641 icm_a=-0.5315,-5.2050,8.3462 icm_g=-0.9146,-3.5976,-0.1829 age_icm_ms=0.38 mpu_sat=2 errors=13/0/0/0 m4_ms=354080
seq=17704 t=6006.495820 mpu_a=-4.8123,19.6127,7.2449 mpu_g=1.2901,1.9924,-0.5115 icm_a=-0.4118,-5.1523,8.3366 icm_g=-0.8537,-2.6829,-0.4878 age_icm_ms=0.39 mpu_sat=2 errors=13/0/0/0 m4_ms=354100
seq=17705 t=6006.515821 mpu_a=-4.8602,19.6127,7.0629 mpu_g=0.8473,2.4351,-0.4122 icm_a=-0.3974,-5.1188,8.3797 icm_g=-0.4878,-0.3049,-0.9756 age_icm_ms=0.38 mpu_sat=2 errors=13/0/0/0 m4_ms=354120
seq=17706 t=6006.535820 mpu_a=-4.8052,19.6127,6.9611 mpu_g=2.4275,2.3740,-0.9771 icm_a=-0.4118,-5.0613,8.4036 icm_g=0.4268,1.3415,-0.6707 age_icm_ms=0.38 mpu_sat=2 errors=13/0/0/0 m4_ms=354140
seq=17707 t=6006.555820 mpu_a=-4.7094,19.6127,7.1239 mpu_g=4.7710,1.8244,-1.2137 icm_a=-0.4836,-5.0901,8.3510 icm_g=2.0122,1.4634,-0.1829 age_icm_ms=0.37 mpu_sat=2 errors=13/0/0/0 m4_ms=354160
seq=17708 t=6006.575822 mpu_a=-4.6699,19.6127,7.1730 mpu_g=6.0305,0.5802,-0.7786 icm_a=-0.4693,-5.1236,8.2361 icm_g=2.6829,0.3659,0.1220 age_icm_ms=0.41 mpu_sat=2 errors=13/0/0/0 m4_ms=354180
seq=17709 t=6006.595823 mpu_a=-4.7681,19.6127,7.3011 mpu_g=5.6412,-0.8473,-0.1832 icm_a=-0.4501,-5.1427,8.2839 icm_g=2.1951,-0.3049,0.3049 age_icm_ms=0.42 mpu_sat=2 errors=13/0/0/0 m4_ms=354200
seq=17710 t=6006.615823 mpu_a=-4.7118,19.6127,7.1491 mpu_g=4.3206,-0.9466,0.0687 icm_a=-0.4022,-5.1284,8.3606 icm_g=1.7683,0.3049,0.2439 age_icm_ms=0.40 mpu_sat=2 errors=13/0/0/0 m4_ms=354220
seq=17711 t=6006.635822 mpu_a=-4.7657,19.6127,7.1862 mpu_g=4.1298,-0.5038,0.0687 icm_a=-0.4070,-5.1284,8.4132 icm_g=0.8537,0.8537,0.5488 age_icm_ms=0.40 mpu_sat=2 errors=13/0/0/0 m4_ms=354240
seq=17712 t=6006.655821 mpu_a=-4.7285,19.6127,7.3358 mpu_g=4.8244,0.0458,0.1145 icm_a=-0.4549,-5.0949,8.4036 icm_g=0.6707,1.0976,0.4878 age_icm_ms=0.41 mpu_sat=2 errors=13/0/0/0 m4_ms=354260
seq=17713 t=6006.675820 mpu_a=-4.7716,19.6127,7.2604 mpu_g=5.2977,0.8855,0.4122 icm_a=-0.4788,-5.0853,8.3462 icm_g=1.3415,1.2195,0.1829 age_icm_ms=0.36 mpu_sat=2 errors=13/0/0/0 m4_ms=354280
seq=17714 t=6006.695820 mpu_a=-4.7453,19.6127,7.1706 mpu_g=5.4733,0.8779,0.2595 icm_a=-0.5124,-5.0853,8.4228 icm_g=2.2561,1.3415,0.1829 age_icm_ms=0.36 mpu_sat=2 errors=13/0/0/0 m4_ms=354300
seq=17715 t=6006.715819 mpu_a=-4.7285,19.6127,7.2018 mpu_g=5.6260,0.1908,-0.0153 icm_a=-0.5267,-5.1523,8.4228 icm_g=1.7073,1.0366,0.4878 age_icm_ms=0.36 mpu_sat=2 errors=13/0/0/0 m4_ms=354320
seq=17716 t=6006.735818 mpu_a=-4.6747,19.6127,7.4472 mpu_g=5.7252,-0.5649,0.0458 icm_a=-0.4405,-5.1284,8.3606 icm_g=1.0976,0.7317,0.4878 age_icm_ms=0.37 mpu_sat=2 errors=13/0/0/0 m4_ms=354340
seq=17717 t=6006.755821 mpu_a=-4.7525,19.6127,7.3526 mpu_g=5.3511,-0.0153,0.3282 icm_a=-0.4405,-5.0996,8.3222 icm_g=0.5488,0.9756,0.2439 age_icm_ms=0.67 mpu_sat=2 errors=13/0/0/0 m4_ms=354360
seq=17718 t=6006.775822 mpu_a=-4.7848,19.6127,7.2269 mpu_g=5.0229,0.6183,0.2977 icm_a=-0.4453,-5.1092,8.3366 icm_g=0.6707,0.8537,0.0000 age_icm_ms=0.42 mpu_sat=2 errors=13/0/0/0 m4_ms=354380
seq=17719 t=6006.795824 mpu_a=-4.7669,19.6127,7.2233 mpu_g=5.3130,1.0611,-0.0153 icm_a=-0.5267,-5.0374,8.4851 icm_g=2.1951,0.8537,0.2439 age_icm_ms=0.55 mpu_sat=2 errors=13/0/0/0 m4_ms=354400
seq=17720 t=6006.815824 mpu_a=-4.6998,19.6127,7.2089 mpu_g=5.2214,1.0305,-0.1985 icm_a=-0.5602,-5.0853,8.4611 icm_g=2.5610,0.6098,0.9146 age_icm_ms=0.42 mpu_sat=2 errors=13/0/0/0 m4_ms=354420
seq=17721 t=6006.835826 mpu_a=-4.6076,19.6127,7.4089 mpu_g=5.2214,-0.4580,0.0992 icm_a=-0.4501,-5.1140,8.3510 icm_g=1.5244,-0.7317,0.3659 age_icm_ms=0.40 mpu_sat=2 errors=13/0/0/0 m4_ms=354440
seq=17722 t=6006.855826 mpu_a=-4.8076,19.6127,7.5729 mpu_g=4.9847,-1.0305,0.7634 icm_a=-0.4741,-5.0757,8.3462 icm_g=1.1585,-0.9146,-0.1220 age_icm_ms=0.39 mpu_sat=2 errors=13/0/0/0 m4_ms=354460
seq=17723 t=6006.875825 mpu_a=-4.7669,19.6127,7.2832 mpu_g=3.6336,-0.0382,0.2977 icm_a=-0.4980,-5.0518,8.3893 icm_g=1.2805,0.2439,-0.4268 age_icm_ms=0.35 mpu_sat=2 errors=13/0/0/0 m4_ms=354480
seq=17724 t=6006.895825 mpu_a=-4.7549,19.6127,7.1467 mpu_g=3.4046,0.4351,-0.2977 icm_a=-0.4980,-5.0613,8.4084 icm_g=1.5854,0.9146,0.1829 age_icm_ms=0.38 mpu_sat=2 errors=13/0/0/0 m4_ms=354500
seq=17725 t=6006.915824 mpu_a=-4.6448,19.6127,7.1922 mpu_g=4.4351,0.4046,-0.5573 icm_a=-0.4884,-5.0422,8.4180 icm_g=1.3415,1.2805,0.6098 age_icm_ms=0.38 mpu_sat=2 errors=13/0/0/0 m4_ms=354520
seq=17726 t=6006.935823 mpu_a=-4.6268,19.6127,7.3119 mpu_g=5.2214,0.0840,-0.1145 icm_a=-0.5076,-5.0853,8.3989 icm_g=1.3415,1.4634,0.2439 age_icm_ms=0.36 mpu_sat=2 errors=13/0/0/0 m4_ms=354540
seq=17727 t=6006.955824 mpu_a=-4.7381,19.6127,7.2903 mpu_g=5.5802,0.2443,0.4046 icm_a=-0.5219,-5.1188,8.4180 icm_g=1.7073,0.8537,-0.3049 age_icm_ms=0.38 mpu_sat=2 errors=13/0/0/0 m4_ms=354560
seq=17728 t=6006.975823 mpu_a=-4.7597,19.6127,7.4244 mpu_g=5.4427,0.0458,-0.4351 icm_a=-0.5746,-5.0278,8.4755 icm_g=2.0732,0.0610,-0.1829 age_icm_ms=0.37 mpu_sat=2 errors=13/0/0/0 m4_ms=354580
seq=17729 t=6006.995823 mpu_a=-4.6364,19.6127,7.3729 mpu_g=4.5649,-0.2901,-0.3511 icm_a=-0.5171,-5.0087,8.4611 icm_g=2.7439,-0.4268,0.0000 age_icm_ms=0.38 mpu_sat=2 errors=13/0/0/0 m4_ms=354600
seq=17730 t=6007.015823 mpu_a=-4.6268,19.6127,7.3682 mpu_g=4.0611,-0.9847,-0.1145 icm_a=-0.4788,-5.0326,8.3414 icm_g=3.4146,-1.1585,0.0610 age_icm_ms=0.37 mpu_sat=2 errors=13/0/0/0 m4_ms=354620
seq=17731 t=6007.035823 mpu_a=-4.6843,19.6127,7.2592 mpu_g=3.3740,-1.6641,0.0000 icm_a=-0.4501,-5.0230,8.3318 icm_g=3.1707,-1.2805,-0.1220 age_icm_ms=0.37 mpu_sat=2 errors=13/0/0/0 m4_ms=354640
seq=17732 t=6007.055824 mpu_a=-4.6962,19.6127,7.1658 mpu_g=2.8855,-1.8015,-0.0763 icm_a=-0.4549,-4.9799,8.4420 icm_g=2.9268,0.4878,-0.2439 age_icm_ms=0.39 mpu_sat=2 errors=13/0/0/0 m4_ms=354660
seq=17733 t=6007.075824 mpu_a=-4.5705,19.6127,7.0366 mpu_g=4.2137,-1.2214,-0.3740 icm_a=-0.4549,-4.9704,8.4707 icm_g=3.5366,2.1951,0.1829 age_icm_ms=0.39 mpu_sat=2 errors=13/0/0/0 m4_ms=354680
seq=17734 t=6007.095824 mpu_a=-4.5885,19.6127,7.2987 mpu_g=6.2748,-1.7252,-0.1145 icm_a=-0.4932,-4.9847,8.3941 icm_g=4.5732,0.9146,0.1829 age_icm_ms=0.38 mpu_sat=2 errors=13/0/0/0 m4_ms=354700
seq=17735 t=6007.115824 mpu_a=-4.6124,19.6127,7.5405 mpu_g=6.1679,-2.5954,0.1985 icm_a=-0.4741,-4.9943,8.3845 icm_g=5.3049,-1.5854,0.3049 age_icm_ms=0.37 mpu_sat=2 errors=13/0/0/0 m4_ms=354720
seq=17736 t=6007.135825 mpu_a=-4.6184,19.6127,7.3394 mpu_g=3.5802,-3.4504,0.3130 icm_a=-0.4932,-4.9608,8.4515 icm_g=4.7561,-0.4878,0.2439 age_icm_ms=0.40 mpu_sat=2 errors=13/0/0/0 m4_ms=354740
seq=17737 t=6007.155826 mpu_a=-4.5885,19.6127,7.0449 mpu_g=2.8702,-3.5191,0.2901 icm_a=-0.5842,-4.9704,8.5329 icm_g=3.6585,2.1951,0.5488 age_icm_ms=0.40 mpu_sat=2 errors=13/0/0/0 m4_ms=354760
seq=17738 t=6007.175825 mpu_a=-4.5250,19.6127,7.4603 mpu_g=5.6641,-2.6794,0.2519 icm_a=-0.4645,-4.9991,8.4994 icm_g=1.8902,2.0732,0.4878 age_icm_ms=0.40 mpu_sat=2 errors=13/0/0/0 m4_ms=354780
seq=17739 t=6007.195824 mpu_a=-4.6531,19.6127,7.6483 mpu_g=7.0458,-0.9313,0.4656 icm_a=-0.4549,-4.9464,8.4898 icm_g=1.8902,-0.3049,-0.1220 age_icm_ms=0.41 mpu_sat=2 errors=13/0/0/0 m4_ms=354800
seq=17740 t=6007.215824 mpu_a=-4.6843,19.6127,7.4879 mpu_g=5.2595,-0.1069,0.0229 icm_a=-0.4549,-4.9129,8.5090 icm_g=2.6220,-1.4634,-0.7927 age_icm_ms=0.41 mpu_sat=2 errors=13/0/0/0 m4_ms=354820
seq=17741 t=6007.235823 mpu_a=-4.5813,19.6127,7.3837 mpu_g=3.1450,-0.6183,-0.6336 icm_a=-0.5363,-4.9033,8.5665 icm_g=2.9878,-0.5488,-0.7927 age_icm_ms=0.36 mpu_sat=2 errors=13/0/0/0 m4_ms=354840
seq=17742 t=6007.255822 mpu_a=-4.4891,19.6127,7.2664 mpu_g=3.0611,-1.1145,-0.9160 icm_a=-0.5602,-4.9033,8.5617 icm_g=2.9878,0.3049,-0.4878 age_icm_ms=0.36 mpu_sat=2 errors=13/0/0/0 m4_ms=354860
seq=17743 t=6007.275822 mpu_a=-4.5406,19.6127,7.4807 mpu_g=4.4427,-1.4580,-0.7023 icm_a=-0.5124,-4.9225,8.5377 icm_g=3.4756,-0.7927,-0.4878 age_icm_ms=0.37 mpu_sat=2 errors=13/0/0/0 m4_ms=354880
seq=17744 t=6007.295821 mpu_a=-4.6148,19.6127,7.5920 mpu_g=4.4733,-1.4656,-0.5420 icm_a=-0.5315,-4.9512,8.4324 icm_g=3.6585,-2.3780,-0.4268 age_icm_ms=0.36 mpu_sat=2 errors=13/0/0/0 m4_ms=354900
seq=17745 t=6007.315820 mpu_a=-4.5921,19.6127,7.4843 mpu_g=2.7863,-2.1450,-0.5344 icm_a=-0.5028,-4.9416,8.4563 icm_g=3.3537,-1.8293,-0.3659 age_icm_ms=0.36 mpu_sat=2 errors=13/0/0/0 m4_ms=354920
seq=17746 t=6007.335820 mpu_a=-4.5645,19.6127,7.1180 mpu_g=1.7863,-1.9084,-0.4275 icm_a=-0.4980,-4.9033,8.4898 icm_g=3.7195,0.6707,0.2439 age_icm_ms=0.37 mpu_sat=2 errors=13/0/0/0 m4_ms=354940
seq=17747 t=6007.355820 mpu_a=-4.4640,19.6127,7.0677 mpu_g=3.4656,-1.7023,-0.2595 icm_a=-0.4453,-4.8698,8.5377 icm_g=4.2073,0.8537,0.7317 age_icm_ms=0.39 mpu_sat=2 errors=13/0/0/0 m4_ms=354960
seq=17748 t=6007.375820 mpu_a=-4.4760,19.6127,7.4986 mpu_g=5.5267,-2.3206,0.4351 icm_a=-0.4310,-4.8267,8.4994 icm_g=3.9634,-1.2195,0.1829 age_icm_ms=0.39 mpu_sat=2 errors=13/0/0/0 m4_ms=354980
seq=17749 t=6007.395821 mpu_a=-4.5466,19.6127,7.6447 mpu_g=4.7786,-2.5344,0.6412 icm_a=-0.4262,-4.8028,8.4898 icm_g=4.6341,-1.9512,-0.7927 age_icm_ms=0.38 mpu_sat=2 errors=13/0/0/0 m4_ms=355000
seq=17750 t=6007.415820 mpu_a=-4.5705,19.6127,7.2903 mpu_g=2.6489,-2.3588,-0.1374 icm_a=-0.4549,-4.7788,8.5425 icm_g=6.7073,0.1829,-0.9756 age_icm_ms=0.36 mpu_sat=2 errors=13/0/0/0 m4_ms=355020
seq=17751 t=6007.435819 mpu_a=-4.4544,19.6127,6.9839 mpu_g=2.7176,-3.3664,-1.0000 icm_a=-0.5028,-4.7932,8.6574 icm_g=8.7195,1.8293,-0.8537 age_icm_ms=0.36 mpu_sat=2 errors=13/0/0/0 m4_ms=355040
seq=17752 t=6007.455818 mpu_a=-4.4281,19.6127,7.3382 mpu_g=5.0840,-5.6412,-0.9160 icm_a=-0.5411,-4.8842,8.6095 icm_g=8.6585,-0.1220,-0.8537 age_icm_ms=0.36 mpu_sat=2 errors=13/0/0/0 m4_ms=355060
seq=17753 t=6007.475818 mpu_a=-4.4855,19.6127,7.7907 mpu_g=6.0687,-7.3817,-0.7481 icm_a=-0.5171,-4.8937,8.5425 icm_g=8.0488,-3.7805,-0.9756 age_icm_ms=0.37 mpu_sat=2 errors=13/0/0/0 m4_ms=355080
seq=17754 t=6007.495819 mpu_a=-4.5562,19.6127,7.8817 mpu_g=3.7099,-7.0305,-0.7634 icm_a=-0.4453,-4.7932,8.5856 icm_g=7.1341,-5.1829,-1.5854 age_icm_ms=0.39 mpu_sat=2 errors=13/0/0/0 m4_ms=355100
seq=17755 t=6007.515819 mpu_a=-4.5478,19.6127,7.5214 mpu_g=0.1527,-6.2672,-0.8626 icm_a=-0.4166,-4.7022,8.6143 icm_g=6.0366,-3.4756,-2.6220 age_icm_ms=0.39 mpu_sat=2 errors=13/0/0/0 m4_ms=355120
seq=17756 t=6007.535820 mpu_a=-4.4221,19.6127,7.3753 mpu_g=-0.7863,-5.4427,-1.5649 icm_a=-0.3974,-4.6926,8.6526 icm_g=5.3659,-1.3415,-2.5000 age_icm_ms=0.38 mpu_sat=2 errors=13/0/0/0 m4_ms=355140
seq=17757 t=6007.555821 mpu_a=-4.3024,19.6127,7.3275 mpu_g=1.1832,-4.4427,-2.6031 icm_a=-0.4118,-4.6543,8.5521 icm_g=5.2439,-0.4268,-1.8902 age_icm_ms=0.39 mpu_sat=2 errors=13/0/0/0 m4_ms=355160
seq=17758 t=6007.575821 mpu_a=-4.2018,19.6127,7.4891 mpu_g=3.2214,-3.8397,-2.4351 icm_a=-0.4214,-4.6448,8.5329 icm_g=5.4268,-0.6098,-1.2195 age_icm_ms=0.39 mpu_sat=2 errors=13/0/0/0 m4_ms=355180
seq=17759 t=6007.595822 mpu_a=-4.2329,19.6127,7.3921 mpu_g=3.9084,-3.7099,-1.8244 icm_a=-0.3926,-4.6639,8.6335 icm_g=6.8902,-1.0976,-0.6098 age_icm_ms=0.39 mpu_sat=2 errors=13/0/0/0 m4_ms=355200
seq=17760 t=6007.615822 mpu_a=-4.2365,19.6127,7.4053 mpu_g=3.7939,-3.8473,-1.1908 icm_a=-0.3400,-4.6543,8.6957 icm_g=9.3293,-3.0488,-0.2439 age_icm_ms=0.39 mpu_sat=2 errors=13/0/0/0 m4_ms=355220
seq=17761 t=6007.635822 mpu_a=-4.2892,19.6127,7.6782 mpu_g=3.3206,-5.3130,-0.4733 icm_a=-0.3256,-4.6160,8.5569 icm_g=10.8537,-5.3049,-0.4268 age_icm_ms=0.38 mpu_sat=2 errors=13/0/0/0 m4_ms=355240
seq=17762 t=6007.655822 mpu_a=-4.3084,19.6127,7.7405 mpu_g=1.2595,-7.7405,-0.0153 icm_a=-0.3304,-4.5442,8.5042 icm_g=10.9756,-4.5732,-0.9756 age_icm_ms=0.36 mpu_sat=2 errors=13/0/0/0 m4_ms=355260
seq=17763 t=6007.675824 mpu_a=-4.2413,19.6127,7.3119 mpu_g=-0.9466,-9.3282,-0.1221 icm_a=-0.4262,-4.5011,8.6670 icm_g=11.2805,-1.4024,-0.9146 age_icm_ms=0.40 mpu_sat=2 errors=13/0/0/0 m4_ms=355280
seq=17764 t=6007.695823 mpu_a=-4.1408,19.6127,7.1180 mpu_g=-0.3130,-9.3206,-0.6565 icm_a=-0.3591,-4.4915,8.9256 icm_g=14.0244,0.6098,-0.9146 age_icm_ms=0.41 mpu_sat=2 errors=13/0/0/0 m4_ms=355300
seq=17765 t=6007.715822 mpu_a=-4.1719,19.6127,7.3059 mpu_g=2.8397,-9.6565,-0.7252 icm_a=-0.3352,-4.4772,8.8921 icm_g=18.1098,-1.4634,-1.3415 age_icm_ms=0.41 mpu_sat=2 errors=13/0/0/0 m4_ms=355320
seq=17766 t=6007.735821 mpu_a=-4.1970,19.6127,7.8051 mpu_g=5.1450,-12.0305,-0.5496 icm_a=-0.2873,-4.3718,8.8873 icm_g=22.0122,-5.2439,-1.8293 age_icm_ms=0.41 mpu_sat=2 errors=13/0/0/0 m4_ms=355340
seq=17767 t=6007.755821 mpu_a=-4.2042,19.6127,7.9511 mpu_g=3.4351,-16.1832,-0.7328 icm_a=-0.3256,-4.4149,8.6957 icm_g=22.0732,-6.6463,-2.2561 age_icm_ms=0.42 mpu_sat=2 errors=13/0/0/0 m4_ms=355360
seq=17768 t=6007.775820 mpu_a=-4.0354,19.6127,7.9069 mpu_g=-0.4504,-19.8779,-0.9695 icm_a=-0.3879,-4.3910,8.6910 icm_g=20.3659,-3.8415,-0.8537 age_icm_ms=0.36 mpu_sat=2 errors=13/0/0/0 m4_ms=355380
seq=17769 t=6007.795821 mpu_a=-3.7218,19.6127,7.3466 mpu_g=-0.1221,-18.8397,-0.5725 icm_a=-0.1484,-4.1420,8.8011 icm_g=19.4512,-0.2439,0.3659 age_icm_ms=0.40 mpu_sat=2 errors=13/0/0/0 m4_ms=355400
seq=17770 t=6007.815820 mpu_a=-3.8092,19.6127,7.5298 mpu_g=3.6641,-17.6565,1.1527 icm_a=-0.2538,-4.0175,8.8777 icm_g=19.8780,1.6463,-0.6098 age_icm_ms=0.35 mpu_sat=2 errors=13/0/0/0 m4_ms=355420
seq=17771 t=6007.835819 mpu_a=-3.6129,19.6127,7.8913 mpu_g=5.9924,-18.0153,0.2519 icm_a=-0.3974,-4.0270,8.8873 icm_g=18.9634,0.7317,0.0610 age_icm_ms=0.35 mpu_sat=2 errors=13/0/0/0 m4_ms=355440
seq=17772 t=6007.855820 mpu_a=-3.3974,19.6127,8.2301 mpu_g=5.6565,-17.6031,0.2443 icm_a=-0.3256,-4.0175,8.7580 icm_g=15.7927,-2.0732,1.4024 age_icm_ms=0.38 mpu_sat=2 errors=13/0/0/0 m4_ms=355460
seq=17773 t=6007.875819 mpu_a=-3.6356,19.6127,8.1092 mpu_g=3.1832,-15.1069,1.6641 icm_a=-0.2155,-4.0079,8.9974 icm_g=15.0610,-4.3902,1.2195 age_icm_ms=0.37 mpu_sat=2 errors=13/0/0/0 m4_ms=355480
seq=17774 t=6007.895818 mpu_a=-3.7266,19.6127,7.7620 mpu_g=0.4351,-12.7786,1.8473 icm_a=-0.1867,-3.9313,9.1171 icm_g=18.1707,-4.0854,0.3659 age_icm_ms=0.36 mpu_sat=2 errors=13/0/0/0 m4_ms=355500
seq=17775 t=6007.915818 mpu_a=-3.6847,19.6127,7.7428 mpu_g=0.0611,-15.3130,1.2061 icm_a=-0.2298,-3.7541,9.1698 icm_g=18.4146,-1.6463,-0.9146 age_icm_ms=0.36 mpu_sat=2 errors=13/0/0/0 m4_ms=355520
seq=17776 t=6007.935818 mpu_a=-3.4034,19.6127,7.8219 mpu_g=1.7176,-16.9008,0.0534 icm_a=-0.3639,-3.7781,9.0549 icm_g=15.4268,1.2805,-0.9756 age_icm_ms=0.38 mpu_sat=2 errors=13/0/0/0 m4_ms=355540
seq=17777 t=6007.955820 mpu_a=-3.2142,19.6127,8.0768 mpu_g=4.8244,-15.4809,-0.7328 icm_a=-0.2921,-3.8978,8.9591 icm_g=11.4634,1.9512,0.4878 age_icm_ms=0.45 mpu_sat=2 errors=13/0/0/0 m4_ms=355560
seq=17778 t=6007.975820 mpu_a=-3.3519,19.6127,8.1295 mpu_g=6.5267,-11.0840,0.3206 icm_a=-0.2586,-3.8403,8.9687 icm_g=10.3049,0.0000,1.2195 age_icm_ms=0.38 mpu_sat=2 errors=13/0/0/0 m4_ms=355580
seq=17779 t=6007.995822 mpu_a=-3.4453,19.6127,8.2552 mpu_g=5.4504,-8.5802,1.3511 icm_a=-0.1437,-3.6919,9.0309 icm_g=9.5122,-2.6220,0.3659 age_icm_ms=0.55 mpu_sat=2 errors=13/0/0/0 m4_ms=355600
seq=17780 t=6008.015824 mpu_a=-3.4752,19.6127,8.1008 mpu_g=2.7557,-8.0534,1.1756 icm_a=-0.1963,-3.5578,9.3948 icm_g=8.7805,-1.2805,-1.5244 age_icm_ms=0.43 mpu_sat=2 errors=13/0/0/0 m4_ms=355620
seq=17781 t=6008.035825 mpu_a=-3.2968,19.6127,8.0697 mpu_g=1.9084,-7.1527,-0.4733 icm_a=-0.3112,-3.6392,9.4858 icm_g=8.1707,0.1220,-1.2805 age_icm_ms=0.43 mpu_sat=2 errors=13/0/0/0 m4_ms=355640
seq=17782 t=6008.055826 mpu_a=-3.1292,19.6127,8.4803 mpu_g=4.1908,-6.7405,-1.5496 icm_a=-0.3400,-3.6871,9.3565 icm_g=7.3780,-2.1341,-0.5488 age_icm_ms=0.40 mpu_sat=2 errors=13/0/0/0 m4_ms=355660
seq=17783 t=6008.075827 mpu_a=-3.2525,19.6127,8.6742 mpu_g=3.8626,-6.2137,-0.6794 icm_a=-0.3065,-3.6775,9.1554 icm_g=3.2317,-4.5732,-0.3659 age_icm_ms=0.43 mpu_sat=2 errors=13/0/0/0 m4_ms=355680
seq=17784 t=6008.095828 mpu_a=-3.2585,19.6127,8.5401 mpu_g=0.8702,-4.4122,-0.2901 icm_a=-0.2107,-3.7110,9.0166 icm_g=-3.1707,-3.4756,-1.0366 age_icm_ms=0.42 mpu_sat=2 errors=13/0/0/0 m4_ms=355700
seq=17785 t=6008.115829 mpu_a=-3.3531,19.6127,8.0194 mpu_g=-0.2443,1.3282,-0.7405 icm_a=-0.1532,-3.6488,9.3996 icm_g=-4.6951,-1.0366,-2.1341 age_icm_ms=0.39 mpu_sat=2 errors=13/0/0/0 m4_ms=355720
seq=17786 t=6008.135828 mpu_a=-3.4129,19.6127,7.7824 mpu_g=1.8702,6.6718,-1.9237 icm_a=-0.3304,-3.6009,9.9072 icm_g=0.6707,-2.3171,-1.4634 age_icm_ms=0.39 mpu_sat=2 errors=13/0/0/0 m4_ms=355740
seq=17787 t=6008.155828 mpu_a=-3.1520,19.6127,8.8909 mpu_g=3.7939,4.6947,-2.4046 icm_a=-0.2011,-3.5913,9.8306 icm_g=5.0000,-10.3049,-1.6463 age_icm_ms=0.37 mpu_sat=2 errors=13/0/0/0 m4_ms=355760
seq=17788 t=6008.175828 mpu_a=-3.3794,19.6127,9.5672 mpu_g=-0.1221,-1.2901,-1.2977 icm_a=-0.2298,-3.6392,9.5768 icm_g=5.9756,-16.5244,-3.5366 age_icm_ms=0.40 mpu_sat=2 errors=13/0/0/0 m4_ms=355780
seq=17789 t=6008.195829 mpu_a=-3.4776,19.6127,8.8992 mpu_g=-8.5267,-4.1527,-1.9313 icm_a=-0.1628,-3.6392,9.1602 icm_g=6.6463,-16.0976,-5.5488 age_icm_ms=0.41 mpu_sat=2 errors=13/0/0/0 m4_ms=355800
seq=17790 t=6008.215829 mpu_a=-3.4536,19.6127,7.8051 mpu_g=-12.8473,-4.6947,-3.9237 icm_a=-0.0048,-3.5769,8.7053 icm_g=8.5366,-11.8902,-7.2561 age_icm_ms=0.39 mpu_sat=2 errors=13/0/0/0 m4_ms=355820
seq=17791 t=6008.235828 mpu_a=-3.3495,19.6127,7.1395 mpu_g=-10.7481,-5.6183,-5.8244 icm_a=0.0383,-3.7110,8.4755 icm_g=9.1463,-7.4390,-7.5610 age_icm_ms=0.38 mpu_sat=2 errors=13/0/0/0 m4_ms=355840
seq=17792 t=6008.255828 mpu_a=-3.2681,19.6127,6.9121 mpu_g=-6.3435,-7.3740,-7.2901 icm_a=0.0622,-3.7206,8.4515 icm_g=11.2805,-1.4634,-4.0244 age_icm_ms=0.37 mpu_sat=2 errors=13/0/0/0 m4_ms=355860
seq=17793 t=6008.275827 mpu_a=-2.9724,19.6127,6.5362 mpu_g=-1.8168,-7.7405,-6.7634 icm_a=-0.0144,-3.3471,9.4571 icm_g=22.0122,7.6829,0.8537 age_icm_ms=0.36 mpu_sat=2 errors=13/0/0/0 m4_ms=355880
seq=17794 t=6008.295826 mpu_a=-2.7964,19.6127,6.0873 mpu_g=4.7481,-10.8626,-2.5725 icm_a=-0.0766,-3.3854,9.5193 icm_g=36.7683,14.4512,5.4878 age_icm_ms=0.41 mpu_sat=2 errors=13/0/0/0 m4_ms=355900
seq=17795 t=6008.315826 mpu_a=-2.7138,19.6127,7.2975 mpu_g=13.9466,-23.3435,2.7252 icm_a=-0.0287,-3.5817,9.1123 icm_g=44.6341,13.2317,6.0366 age_icm_ms=0.38 mpu_sat=2 errors=13/0/0/0 m4_ms=355920
seq=17796 t=6008.335825 mpu_a=-3.2094,19.6127,7.9559 mpu_g=19.4122,-36.9924,7.1832 icm_a=0.0335,-3.4572,9.2991 icm_g=50.1220,5.3049,6.0366 age_icm_ms=0.40 mpu_sat=2 errors=13/0/0/0 m4_ms=355940
seq=17797 t=6008.355824 mpu_a=-3.1173,19.6127,8.6419 mpu_g=16.8626,-43.6641,7.5649 icm_a=-0.1197,-3.2034,9.0932 icm_g=52.0122,-3.7805,7.3171 age_icm_ms=0.38 mpu_sat=2 errors=13/0/0/0 m4_ms=355960
seq=17798 t=6008.375824 mpu_a=-2.6863,19.6127,9.0297 mpu_g=8.5267,-48.5573,7.9466 icm_a=-0.2011,-2.9544,8.9160 icm_g=50.9146,-7.0732,9.8780 age_icm_ms=0.38 mpu_sat=2 errors=13/0/0/0 m4_ms=355980
seq=17799 t=6008.395823 mpu_a=-2.2697,19.6127,8.2277 mpu_g=-0.0611,-49.6565,9.5420 icm_a=-0.0622,-2.4948,8.7340 icm_g=50.0610,-4.0244,10.8537 age_icm_ms=0.37 mpu_sat=2 errors=13/0/0/0 m4_ms=356000
seq=17800 t=6008.415823 mpu_a=-2.2015,19.6127,7.2472 mpu_g=-2.5954,-48.1679,12.0305 icm_a=0.1341,-2.0494,9.1171 icm_g=57.6220,2.8659,9.2683 age_icm_ms=0.39 mpu_sat=2 errors=13/0/0/0 m4_ms=356020
seq=17801 t=6008.435822 mpu_a=-2.1165,19.6127,6.5170 mpu_g=0.9389,-47.5802,12.7634 icm_a=0.1437,-1.7478,9.7205 icm_g=73.5976,10.4878,7.4390 age_icm_ms=0.42 mpu_sat=2 errors=13/0/0/0 m4_ms=356040
seq=17802 t=6008.455823 mpu_a=-1.7166,19.6127,6.5960 mpu_g=7.8855,-55.5802,11.3969 icm_a=-0.2682,-1.5227,10.1801 icm_g=87.2561,17.2561,8.9634 age_icm_ms=0.44 mpu_sat=2 errors=13/0/0/0 m4_ms=356060
seq=17803 t=6008.475822 mpu_a=-1.0127,19.6127,7.5836 mpu_g=15.4580,-71.4962,10.0763 icm_a=-0.1963,-1.5083,9.3326 icm_g=85.4878,16.5854,8.7805 age_icm_ms=0.37 mpu_sat=2 errors=13/0/0/0 m4_ms=356080
seq=17804 t=6008.495820 mpu_a=-0.8739,19.6127,8.9268 mpu_g=21.9542,-84.7023,12.1832 icm_a=-0.2538,-1.4413,8.8059 icm_g=71.7073,7.3780,3.4146 age_icm_ms=0.37 mpu_sat=2 errors=13/0/0/0 m4_ms=356100
seq=17805 t=6008.515820 mpu_a=-1.3827,19.6127,9.6343 mpu_g=21.3435,-83.2519,12.0687 icm_a=-0.2729,-1.4126,8.6910 icm_g=62.6220,-4.0244,-0.4878 age_icm_ms=0.38 mpu_sat=2 errors=13/0/0/0 m4_ms=356120
seq=17806 t=6008.535820 mpu_a=-1.2821,19.6127,9.2967 mpu_g=12.5115,-69.9847,6.4504 icm_a=-0.1915,-1.3503,8.8777 icm_g=61.5244,-9.4512,-0.4878 age_icm_ms=0.38 mpu_sat=2 errors=13/0/0/0 m4_ms=356140
seq=17807 t=6008.555819 mpu_a=-0.9325,19.6127,8.0996 mpu_g=1.0763,-60.3206,2.0458 icm_a=-0.5507,-0.9146,10.6398 icm_g=67.2561,-9.2073,5.0610 age_icm_ms=0.36 mpu_sat=2 errors=13/0/0/0 m4_ms=356160
seq=17808 t=6008.575819 mpu_a=-0.4872,19.6127,7.7333 mpu_g=-4.8397,-58.8015,1.7634 icm_a=-0.7614,-0.7087,10.5393 icm_g=68.9024,-12.8659,16.3415 age_icm_ms=0.36 mpu_sat=2 errors=13/0/0/0 m4_ms=356180
seq=17809 t=6008.595818 mpu_a=0.8655,19.6127,9.9419 mpu_g=-4.5420,-63.8168,6.7481 icm_a=-0.0958,-0.3831,10.0652 icm_g=58.7195,-20.6707,20.7317 age_icm_ms=0.36 mpu_sat=2 errors=13/0/0/0 m4_ms=356200
seq=17810 t=6008.615816 mpu_a=0.4130,19.6127,10.8733 mpu_g=-6.7939,-67.2443,17.7557 icm_a=0.4549,0.2155,9.9311 icm_g=51.9512,-21.5854,13.4756 age_icm_ms=0.35 mpu_sat=2 errors=13/0/0/0 m4_ms=356220
seq=17811 t=6008.635816 mpu_a=-0.0874,19.6127,8.2911 mpu_g=-17.2595,-49.5191,17.7863 icm_a=0.5602,0.6800,9.5002 icm_g=50.5488,-18.5976,4.6341 age_icm_ms=0.36 mpu_sat=2 errors=13/0/0/0 m4_ms=356240
seq=17812 t=6008.655816 mpu_a=0.8212,19.6127,8.3905 mpu_g=-14.5420,-48.5344,7.9847 icm_a=0.3735,0.8045,9.5816 icm_g=47.8049,-18.1098,-0.0610 age_icm_ms=0.36 mpu_sat=2 errors=13/0/0/0 m4_ms=356260
seq=17813 t=6008.675816 mpu_a=0.8452,19.6127,8.8621 mpu_g=-12.8473,-45.6870,2.8321 icm_a=0.0431,0.7230,9.4475 icm_g=48.0488,-20.5488,-2.3171 age_icm_ms=0.39 mpu_sat=2 errors=13/0/0/0 m4_ms=356280
seq=17814 t=6008.695817 mpu_a=1.1277,19.6127,7.9440 mpu_g=-15.6336,-45.6718,-0.1527 icm_a=0.2921,1.0534,9.5433 icm_g=52.5000,-17.1951,-2.0122 age_icm_ms=0.39 mpu_sat=2 errors=13/0/0/0 m4_ms=356300
seq=17815 t=6008.715818 mpu_a=1.2641,19.6127,7.0569 mpu_g=-14.2137,-48.3053,0.1908 icm_a=0.4741,1.0965,9.6151 icm_g=63.2317,-8.2927,-3.8415 age_icm_ms=0.40 mpu_sat=2 errors=13/0/0/0 m4_ms=356320
seq=17816 t=6008.735818 mpu_a=1.1037,19.6127,7.0210 mpu_g=-6.8092,-57.3817,-0.6641 icm_a=0.4070,1.0582,9.8593 icm_g=78.5366,-5.0610,-6.4024 age_icm_ms=0.39 mpu_sat=2 errors=13/0/0/0 m4_ms=356340
seq=17817 t=6008.755818 mpu_a=1.3180,19.6127,8.3007 mpu_g=-0.3053,-70.9695,-2.4656 icm_a=0.0096,1.0678,10.0987 icm_g=87.2561,-9.7561,-5.1220 age_icm_ms=0.38 mpu_sat=2 errors=13/0/0/0 m4_ms=356360
seq=17818 t=6008.775818 mpu_a=2.1895,19.6127,9.7779 mpu_g=-2.3435,-83.1985,-2.9084 icm_a=-0.0862,1.3216,10.3573 icm_g=83.3537,-16.3415,2.6220 age_icm_ms=0.37 mpu_sat=2 errors=13/0/0/0 m4_ms=356380
seq=17819 t=6008.795820 mpu_a=2.7294,19.6127,10.2101 mpu_g=-9.3817,-84.0305,2.7481 icm_a=0.3448,1.8100,9.8593 icm_g=74.8171,-18.0488,6.4024 age_icm_ms=0.40 mpu_sat=2 errors=13/0/0/0 m4_ms=356400
seq=17820 t=6008.815820 mpu_a=1.9992,19.6127,8.8573 mpu_g=-13.2901,-75.0305,9.4809 icm_a=0.5602,2.1069,9.2225 icm_g=71.7073,-18.8415,0.9146 age_icm_ms=0.39 mpu_sat=2 errors=13/0/0/0 m4_ms=356420
seq=17821 t=6008.835820 mpu_a=1.7801,19.6127,8.2145 mpu_g=-13.5725,-69.6031,7.2366 icm_a=0.8332,2.7533,9.5577 icm_g=63.5976,-23.2317,-4.5122 age_icm_ms=0.36 mpu_sat=2 errors=13/0/0/0 m4_ms=356440
seq=17822 t=6008.855819 mpu_a=3.2908,19.6127,9.8653 mpu_g=-15.7328,-66.2366,0.1221 icm_a=0.8236,3.0933,10.1610 icm_g=54.3293,-29.6341,-2.0122 age_icm_ms=0.40 mpu_sat=2 errors=13/0/0/0 m4_ms=356460
seq=17823 t=6008.875819 mpu_a=4.0701,19.6127,9.8126 mpu_g=-22.2519,-55.9008,-1.4351 icm_a=0.1867,2.9832,9.8162 icm_g=52.8659,-27.8049,2.8659 age_icm_ms=0.42 mpu_sat=2 errors=13/0/0/0 m4_ms=356480
seq=17824 t=6008.895819 mpu_a=3.6679,19.6127,7.8602 mpu_g=-25.4580,-49.9237,2.9313 icm_a=0.2251,2.7438,9.0788 icm_g=59.6951,-20.9756,4.0854 age_icm_ms=0.41 mpu_sat=2 errors=13/0/0/0 m4_ms=356500
seq=17825 t=6008.915818 mpu_a=2.8084,19.6127,6.6307 mpu_g=-19.9237,-52.4580,6.5725 icm_a=0.5986,3.0550,8.8155 icm_g=71.8902,-18.2927,0.5488 age_icm_ms=0.36 mpu_sat=2 errors=13/0/0/0 m4_ms=356520
seq=17826 t=6008.935817 mpu_a=2.9066,19.6127,6.9504 mpu_g=-13.9695,-62.5191,5.6794 icm_a=1.1540,3.4381,8.8059 icm_g=76.3415,-22.0732,-3.4146 age_icm_ms=0.36 mpu_sat=2 errors=13/0/0/0 m4_ms=356540
seq=17827 t=6008.955817 mpu_a=3.5817,19.6127,8.5138 mpu_g=-14.3282,-73.2977,1.9695 icm_a=1.2354,4.1037,8.6957 icm_g=62.3171,-25.7317,-4.9390 age_icm_ms=0.36 mpu_sat=2 errors=13/0/0/0 m4_ms=356560
seq=17828 t=6008.975817 mpu_a=4.6172,19.6127,8.6550 mpu_g=-18.9771,-70.1221,-1.3053 icm_a=1.2641,4.1899,8.6143 icm_g=48.4756,-27.2561,-5.7317 age_icm_ms=0.37 mpu_sat=2 errors=13/0/0/0 m4_ms=356580
seq=17829 t=6008.995816 mpu_a=4.6328,19.6127,8.1547 mpu_g=-22.3664,-54.3282,-2.5954 icm_a=1.0056,3.9648,8.3175 icm_g=40.4878,-22.5610,-6.5854 age_icm_ms=0.38 mpu_sat=2 errors=13/0/0/0 m4_ms=356600
seq=17830 t=6009.015816 mpu_a=4.2665,19.6127,6.9516 mpu_g=-21.7557,-42.9237,-3.8321 icm_a=0.8236,3.7445,8.6048 icm_g=42.8049,-15.6098,-9.2073 age_icm_ms=0.36 mpu_sat=2 errors=13/0/0/0 m4_ms=356620
seq=17831 t=6009.035815 mpu_a=3.8032,19.6127,6.1519 mpu_g=-15.7023,-37.9008,-5.4885 icm_a=1.3982,4.0175,9.1746 icm_g=44.8171,-6.5854,-9.0244 age_icm_ms=0.36 mpu_sat=2 errors=13/0/0/0 m4_ms=356640
seq=17832 t=6009.055815 mpu_a=4.4257,19.6127,7.2760 mpu_g=-8.4122,-42.7557,-7.7176 icm_a=1.6712,4.5921,9.2847 icm_g=36.8902,2.2561,-6.6463 age_icm_ms=0.37 mpu_sat=2 errors=13/0/0/0 m4_ms=356660
seq=17833 t=6009.075815 mpu_a=5.2780,19.6127,7.9368 mpu_g=0.7786,-41.0992,-6.4809 icm_a=1.5036,4.4915,8.9591 icm_g=34.2683,5.7317,-8.0488 age_icm_ms=0.37 mpu_sat=2 errors=13/0/0/0 m4_ms=356680
seq=17834 t=6009.095815 mpu_a=4.7537,19.6127,7.8290 mpu_g=8.2901,-33.3588,-5.2901 icm_a=1.0918,4.4005,8.6191 icm_g=39.6341,6.1585,-9.3902 age_icm_ms=0.35 mpu_sat=2 errors=13/0/0/0 m4_ms=356700
seq=17835 t=6009.115813 mpu_a=4.5203,19.6127,6.9767 mpu_g=10.3435,-32.7710,-7.1679 icm_a=0.6512,4.7022,8.6335 icm_g=46.3415,8.5366,-10.1829 age_icm_ms=0.36 mpu_sat=2 errors=13/0/0/0 m4_ms=356720
seq=17836 t=6009.135813 mpu_a=4.9440,19.6127,6.8438 mpu_g=10.9618,-39.6336,-8.1298 icm_a=0.9529,4.7597,8.6383 icm_g=45.8537,10.9756,-9.7561 age_icm_ms=0.38 mpu_sat=2 errors=13/0/0/0 m4_ms=356740
seq=17837 t=6009.155816 mpu_a=5.3008,19.6127,7.4148 mpu_g=13.6565,-45.1450,-8.5038 icm_a=1.1444,4.7262,8.4755 icm_g=41.4024,8.0488,-7.1341 age_icm_ms=0.46 mpu_sat=2 errors=13/0/0/0 m4_ms=356760
seq=17838 t=6009.175818 mpu_a=5.4983,19.6127,8.1223 mpu_g=15.3511,-43.3359,-7.9008 icm_a=0.8140,4.7788,8.0732 icm_g=40.0610,1.1585,-1.7073 age_icm_ms=0.42 mpu_sat=2 errors=13/0/0/0 m4_ms=356780
seq=17839 t=6009.195821 mpu_a=5.7569,19.6127,7.8063 mpu_g=11.6565,-38.9084,-4.9847 icm_a=0.7566,4.7262,8.3127 icm_g=43.5976,-3.2927,2.7439 age_icm_ms=0.58 mpu_sat=2 errors=13/0/0/0 m4_ms=356800
seq=17840 t=6009.215822 mpu_a=5.4731,19.6127,7.0294 mpu_g=4.6641,-37.9008,0.5878 icm_a=1.0822,5.2672,8.2648 icm_g=45.9756,-0.6098,2.5610 age_icm_ms=0.42 mpu_sat=2 errors=13/0/0/0 m4_ms=356820
seq=17841 t=6009.235824 mpu_a=5.2732,19.6127,6.7193 mpu_g=1.2366,-41.7252,4.7176 icm_a=1.3024,5.7365,7.7668 icm_g=41.4634,0.8537,-0.9146 age_icm_ms=0.45 mpu_sat=2 errors=13/0/0/0 m4_ms=356840
seq=17842 t=6009.255824 mpu_a=5.7413,19.6127,7.0581 mpu_g=4.2519,-43.6336,4.1756 icm_a=1.3024,5.4875,7.6375 icm_g=34.7561,1.8293,-5.6098 age_icm_ms=0.39 mpu_sat=2 errors=13/0/0/0 m4_ms=356860
seq=17843 t=6009.275824 mpu_a=5.6120,19.6127,6.8271 mpu_g=5.5420,-38.8473,0.3817 icm_a=1.0678,5.2864,7.7955 icm_g=30.2439,3.5976,-7.0122 age_icm_ms=0.38 mpu_sat=2 errors=13/0/0/0 m4_ms=356880
seq=17844 t=6009.295825 mpu_a=5.6180,19.6127,6.5853 mpu_g=6.3664,-32.4656,-4.5267 icm_a=1.0199,5.5258,7.9296 icm_g=25.7927,7.5610,-5.6707 age_icm_ms=0.42 mpu_sat=2 errors=13/0/0/0 m4_ms=356900
seq=17845 t=6009.315826 mpu_a=5.9412,19.6127,6.5888 mpu_g=8.1069,-28.2214,-6.0153 icm_a=1.2019,5.7174,7.9583 icm_g=22.5000,10.6098,-7.1341 age_icm_ms=0.40 mpu_sat=2 errors=13/0/0/0 m4_ms=356920
seq=17846 t=6009.335826 mpu_a=5.8778,19.6127,6.6894 mpu_g=12.0000,-23.9542,-4.7634 icm_a=1.0391,5.6455,7.7189 icm_g=19.3293,9.2073,-7.3171 age_icm_ms=0.36 mpu_sat=2 errors=13/0/0/0 m4_ms=356940
seq=17847 t=6009.355827 mpu_a=5.9687,19.6127,7.0617 mpu_g=15.1527,-20.6489,-6.2977 icm_a=0.6608,5.7317,7.8243 icm_g=14.5732,5.3659,-3.5366 age_icm_ms=0.39 mpu_sat=2 errors=13/0/0/0 m4_ms=356960
seq=17848 t=6009.375828 mpu_a=6.4787,19.6127,7.2891 mpu_g=13.8244,-17.7405,-6.9313 icm_a=0.4501,5.8754,8.0589 icm_g=13.9634,2.6220,0.2439 age_icm_ms=0.41 mpu_sat=2 errors=13/0/0/0 m4_ms=356980
seq=17849 t=6009.395827 mpu_a=6.5864,19.6127,7.0581 mpu_g=10.0000,-12.7099,-3.5573 icm_a=0.6847,5.9041,7.9823 icm_g=18.1098,2.5610,-0.3049 age_icm_ms=0.38 mpu_sat=2 errors=13/0/0/0 m4_ms=357000
seq=17850 t=6009.415828 mpu_a=6.1172,19.6127,6.6343 mpu_g=7.1679,-11.7557,0.4809 icm_a=1.0056,5.9664,7.6998 icm_g=19.9390,3.2927,-1.8293 age_icm_ms=0.39 mpu_sat=2 errors=13/0/0/0 m4_ms=357020
seq=17851 t=6009.435829 mpu_a=6.0394,19.6127,6.4356 mpu_g=6.8931,-15.6260,0.5191 icm_a=0.8667,6.1339,7.6040 icm_g=17.4390,1.8902,-2.6220 age_icm_ms=0.40 mpu_sat=2 errors=13/0/0/0 m4_ms=357040
seq=17852 t=6009.455830 mpu_a=6.6367,19.6127,6.8510 mpu_g=6.8092,-16.1221,-1.9847 icm_a=0.6991,6.3303,7.7859 icm_g=12.7439,1.5244,-1.8902 age_icm_ms=0.40 mpu_sat=2 errors=13/0/0/0 m4_ms=357060
seq=17853 t=6009.475831 mpu_a=6.8546,19.6127,6.6930 mpu_g=5.7405,-11.7328,-1.8473 icm_a=0.8475,6.3542,7.7716 icm_g=10.3659,2.5000,-1.9512 age_icm_ms=0.40 mpu_sat=2 errors=13/0/0/0 m4_ms=357080
seq=17854 t=6009.495830 mpu_a=6.5038,19.6127,6.5194 mpu_g=6.8168,-8.8015,-1.4198 icm_a=0.8667,6.2584,7.5800 icm_g=10.7317,2.7439,-4.0854 age_icm_ms=0.40 mpu_sat=2 errors=13/0/0/0 m4_ms=357100
seq=17855 t=6009.515829 mpu_a=6.2692,19.6127,6.2441 mpu_g=7.1221,-8.6947,-3.0687 icm_a=0.8236,6.1770,7.4124 icm_g=9.0854,3.7805,-6.7073 age_icm_ms=0.40 mpu_sat=2 errors=13/0/0/0 m4_ms=357120
seq=17856 t=6009.535828 mpu_a=6.4643,19.6127,6.4931 mpu_g=7.8702,-8.4351,-5.8626 icm_a=0.8092,6.1675,7.6136 icm_g=4.2683,3.6585,-6.7683 age_icm_ms=0.41 mpu_sat=2 errors=13/0/0/0 m4_ms=357140
seq=17857 t=6009.555827 mpu_a=6.7540,19.6127,6.8546 mpu_g=8.2519,-4.1985,-7.0382 icm_a=0.7709,6.1723,7.8051 icm_g=1.9512,2.0122,-4.0244 age_icm_ms=0.41 mpu_sat=2 errors=13/0/0/0 m4_ms=357160
seq=17858 t=6009.575826 mpu_a=6.8558,19.6127,6.7971 mpu_g=6.9847,-0.4504,-5.2519 icm_a=0.7805,6.1531,7.6854 icm_g=2.2561,0.8537,-1.0976 age_icm_ms=0.41 mpu_sat=2 errors=13/0/0/0 m4_ms=357180
seq=17859 t=6009.595824 mpu_a=6.6212,19.6127,6.4835 mpu_g=5.5115,-0.3435,-2.0458 icm_a=0.7278,6.1292,7.5274 icm_g=1.5854,1.7683,0.2439 age_icm_ms=0.34 mpu_sat=2 errors=13/0/0/0 m4_ms=357200
seq=17860 t=6009.615824 mpu_a=6.4799,19.6127,6.2333 mpu_g=5.7405,-0.0763,-0.1221 icm_a=0.7278,6.1244,7.5034 icm_g=0.3659,2.9878,0.1220 age_icm_ms=0.37 mpu_sat=2 errors=13/0/0/0 m4_ms=357220
seq=17861 t=6009.635824 mpu_a=6.4476,19.6127,6.3398 mpu_g=7.1298,0.9237,0.0458 icm_a=0.6608,6.0908,7.5848 icm_g=-0.7317,2.8659,0.3049 age_icm_ms=0.36 mpu_sat=2 errors=13/0/0/0 m4_ms=357240
seq=17862 t=6009.655824 mpu_a=6.4715,19.6127,6.4691 mpu_g=7.4885,2.2824,-0.0458 icm_a=0.6895,6.1579,7.5705 icm_g=-0.6707,2.1951,0.3659 age_icm_ms=0.39 mpu_sat=2 errors=13/0/0/0 m4_ms=357260
seq=17863 t=6009.675824 mpu_a=6.4596,19.6127,6.4763 mpu_g=7.0000,2.6336,0.1832 icm_a=0.6416,6.1770,7.4412 icm_g=-1.1585,1.4634,-0.3659 age_icm_ms=0.35 mpu_sat=2 errors=13/0/0/0 m4_ms=357280
seq=17864 t=6009.695823 mpu_a=6.4524,19.6127,6.3590 mpu_g=6.2137,2.6107,-0.2901 icm_a=0.6177,6.1483,7.5417 icm_g=-1.4024,1.4634,-0.6098 age_icm_ms=0.36 mpu_sat=2 errors=13/0/0/0 m4_ms=357300
seq=17865 t=6009.715822 mpu_a=6.4296,19.6127,6.3015 mpu_g=5.8168,3.3130,-0.7634 icm_a=0.5746,6.1148,7.5226 icm_g=-0.6098,2.0122,-0.6098 age_icm_ms=0.36 mpu_sat=2 errors=13/0/0/0 m4_ms=357320
seq=17866 t=6009.735821 mpu_a=6.4272,19.6127,6.2680 mpu_g=6.1756,2.8473,-0.8397 icm_a=0.6656,6.1483,7.6758 icm_g=0.2439,2.4390,-0.7317 age_icm_ms=0.35 mpu_sat=2 errors=13/0/0/0 m4_ms=357340
seq=17867 t=6009.755821 mpu_a=6.4021,19.6127,6.3841 mpu_g=6.7863,2.0382,-0.8550 icm_a=0.7278,6.2058,7.6088 icm_g=0.3049,1.9512,-1.4024 age_icm_ms=0.36 mpu_sat=2 errors=13/0/0/0 m4_ms=357360
seq=17868 t=6009.775819 mpu_a=6.4560,19.6127,6.5398 mpu_g=6.8779,1.2595,-1.1679 icm_a=0.6704,6.1866,7.4651 icm_g=0.1829,1.2805,-1.6463 age_icm_ms=0.36 mpu_sat=2 errors=13/0/0/0 m4_ms=357380
seq=17869 t=6009.795818 mpu_a=6.4715,19.6127,6.3207 mpu_g=6.1069,1.6260,-1.7481 icm_a=0.6560,6.1723,7.4364 icm_g=0.1829,1.2195,-2.1341 age_icm_ms=0.37 mpu_sat=2 errors=13/0/0/0 m4_ms=357400
seq=17870 t=6009.815819 mpu_a=6.4344,19.6127,6.2369 mpu_g=5.5878,1.4809,-1.9695 icm_a=0.6895,6.2201,7.6136 icm_g=0.0000,1.8293,-2.6220 age_icm_ms=0.39 mpu_sat=2 errors=13/0/0/0 m4_ms=357420
seq=17871 t=6009.835820 mpu_a=6.4643,19.6127,6.3698 mpu_g=5.8168,1.6794,-2.4580 icm_a=0.6847,6.3063,7.7189 icm_g=0.0000,2.4390,-2.9878 age_icm_ms=0.39 mpu_sat=2 errors=13/0/0/0 m4_ms=357440
seq=17872 t=6009.855819 mpu_a=6.5769,19.6127,6.5170 mpu_g=6.6107,1.6870,-2.9695 icm_a=0.6321,6.2249,7.5944 icm_g=-1.0976,2.0122,-2.5610 age_icm_ms=0.38 mpu_sat=2 errors=13/0/0/0 m4_ms=357460
seq=17873 t=6009.875820 mpu_a=6.6978,19.6127,6.7062 mpu_g=6.9695,1.7328,-3.1832 icm_a=0.5650,6.1579,7.5082 icm_g=-2.8049,0.4268,-0.1829 age_icm_ms=0.38 mpu_sat=2 errors=13/0/0/0 m4_ms=357480
seq=17874 t=6009.895820 mpu_a=6.7600,19.6127,6.6248 mpu_g=6.0687,3.3893,-2.2519 icm_a=0.5315,6.1962,7.6088 icm_g=-3.9634,-1.0366,1.5854 age_icm_ms=0.38 mpu_sat=2 errors=13/0/0/0 m4_ms=357500
seq=17875 t=6009.915821 mpu_a=6.6427,19.6127,6.5733 mpu_g=4.3130,5.1603,0.1985 icm_a=0.5842,6.1770,7.7764 icm_g=-2.9878,-1.4024,1.4024 age_icm_ms=0.41 mpu_sat=2 errors=13/0/0/0 m4_ms=357520
seq=17876 t=6009.935823 mpu_a=6.4560,19.6127,6.4835 mpu_g=3.1069,5.8397,1.3588 icm_a=0.6321,6.1052,7.6327 icm_g=-1.1585,-0.8537,0.7317 age_icm_ms=0.39 mpu_sat=2 errors=13/0/0/0 m4_ms=357540
seq=17877 t=6009.955823 mpu_a=6.3542,19.6127,6.3327 mpu_g=3.1450,4.3817,1.0153 icm_a=0.6416,6.0238,7.4555 icm_g=0.2439,-0.3659,0.1829 age_icm_ms=0.40 mpu_sat=2 errors=13/0/0/0 m4_ms=357560
seq=17878 t=6009.975821 mpu_a=6.3219,19.6127,6.2130 mpu_g=3.7405,2.5420,0.3511 icm_a=0.6416,6.0094,7.4077 icm_g=0.4878,0.1829,-0.5488 age_icm_ms=0.40 mpu_sat=2 errors=13/0/0/0 m4_ms=357580
seq=17879 t=6009.995821 mpu_a=6.2369,19.6127,6.1711 mpu_g=4.1756,1.4351,-0.0916 icm_a=0.6273,6.0621,7.5513 icm_g=0.6707,1.0366,-1.2195 age_icm_ms=0.41 mpu_sat=2 errors=13/0/0/0 m4_ms=357600
seq=17880 t=6010.015821 mpu_a=6.3207,19.6127,6.1842 mpu_g=4.7099,1.2824,-0.8931 icm_a=0.6416,6.0717,7.6423 icm_g=0.9756,1.7683,-1.0976 age_icm_ms=0.42 mpu_sat=2 errors=13/0/0/0 m4_ms=357620
seq=17881 t=6010.035820 mpu_a=6.4081,19.6127,6.4129 mpu_g=5.6412,1.0840,-1.4198 icm_a=0.6129,6.0190,7.5609 icm_g=1.3415,1.5244,-0.4878 age_icm_ms=0.41 mpu_sat=2 errors=13/0/0/0 m4_ms=357640
seq=17882 t=6010.055819 mpu_a=6.4189,19.6127,6.4919 mpu_g=6.3435,0.7099,-1.2519 icm_a=0.5986,6.0286,7.5226 icm_g=1.4634,0.7927,0.0610 age_icm_ms=0.36 mpu_sat=2 errors=13/0/0/0 m4_ms=357660
seq=17883 t=6010.075819 mpu_a=6.4141,19.6127,6.3973 mpu_g=6.0153,0.4580,-0.5725 icm_a=0.5602,6.1627,7.6567 icm_g=1.9512,0.8537,0.1829 age_icm_ms=0.39 mpu_sat=2 errors=13/0/0/0 m4_ms=357680
seq=17884 t=6010.095818 mpu_a=6.4021,19.6127,6.3865 mpu_g=5.2977,0.3435,-0.0305 icm_a=0.5986,6.2584,7.7285 icm_g=2.0122,0.9756,0.1829 age_icm_ms=0.36 mpu_sat=2 errors=13/0/0/0 m4_ms=357700
seq=17885 t=6010.115817 mpu_a=6.5876,19.6127,6.4787 mpu_g=5.3359,-0.1069,0.0534 icm_a=0.6273,6.2441,7.6519 icm_g=1.5854,0.7317,-0.1829 age_icm_ms=0.37 mpu_sat=2 errors=13/0/0/0 m4_ms=357720
seq=17886 t=6010.135817 mpu_a=6.5517,19.6127,6.5769 mpu_g=5.4733,-0.1985,0.0153 icm_a=0.6656,6.1962,7.5322 icm_g=0.1829,-0.0610,0.1220 age_icm_ms=0.36 mpu_sat=2 errors=13/0/0/0 m4_ms=357740
seq=17887 t=6010.155817 mpu_a=6.6212,19.6127,6.5015 mpu_g=5.1374,0.2061,-0.3435 icm_a=0.7087,6.2441,7.5705 icm_g=-2.6829,-0.6098,0.7927 age_icm_ms=0.38 mpu_sat=2 errors=13/0/0/0 m4_ms=357760
seq=17888 t=6010.175816 mpu_a=6.6355,19.6127,6.6080 mpu_g=4.4733,1.5649,-0.1145 icm_a=0.6752,6.2728,7.6854 icm_g=-5.6707,-0.7317,1.0366 age_icm_ms=0.37 mpu_sat=2 errors=13/0/0/0 m4_ms=357780
seq=17889 t=6010.195816 mpu_a=6.6307,19.6127,6.6176 mpu_g=3.8321,4.2595,0.4275 icm_a=0.6033,6.1962,7.6806 icm_g=-7.6829,-0.1220,1.5854 age_icm_ms=0.36 mpu_sat=2 errors=13/0/0/0 m4_ms=357800
seq=17890 t=6010.215815 mpu_a=6.6307,19.6127,6.5900 mpu_g=3.7557,7.3435,0.5267 icm_a=0.6991,6.1244,7.6806 icm_g=-9.5122,0.2439,3.1098 age_icm_ms=0.36 mpu_sat=2 errors=13/0/0/0 m4_ms=357820
seq=17891 t=6010.235814 mpu_a=6.6499,19.6127,6.4643 mpu_g=4.1832,9.3359,0.8473 icm_a=0.9673,6.2106,7.7476 icm_g=-13.8415,-0.9756,4.0244 age_icm_ms=0.35 mpu_sat=2 errors=13/0/0/0 m4_ms=357840
seq=17892 t=6010.255815 mpu_a=6.5553,19.6127,6.8199 mpu_g=4.8473,11.1298,2.2901 icm_a=0.9098,6.1339,7.8003 icm_g=-20.8537,-2.2561,4.9390 age_icm_ms=0.39 mpu_sat=2 errors=13/0/0/0 m4_ms=357860
seq=17893 t=6010.275815 mpu_a=6.7325,19.6127,7.2377 mpu_g=3.8092,14.7099,3.1450 icm_a=0.7566,6.1196,7.8099 icm_g=-25.9146,-3.1098,4.1463 age_icm_ms=0.38 mpu_sat=2 errors=13/0/0/0 m4_ms=357880
seq=17894 t=6010.295816 mpu_a=6.2824,19.6127,6.8474 mpu_g=1.5573,27.0687,3.2672 icm_a=0.7470,6.1292,7.6758 icm_g=-32.6220,-2.3171,1.5854 age_icm_ms=0.40 mpu_sat=2 errors=13/0/0/0 m4_ms=357900
seq=17895 t=6010.315816 mpu_a=6.5122,19.6127,6.7732 mpu_g=1.5496,32.2748,0.6641 icm_a=0.9337,5.9280,8.0206 icm_g=-43.0488,2.1951,1.4634 age_icm_ms=0.38 mpu_sat=2 errors=13/0/0/0 m4_ms=357920
seq=17896 t=6010.335818 mpu_a=6.4883,19.6127,7.1515 mpu_g=5.2290,41.8168,-0.7405 icm_a=1.0008,5.6647,8.1690 icm_g=-53.2317,5.6098,2.6829 age_icm_ms=0.41 mpu_sat=2 errors=13/0/0/0 m4_ms=357940
seq=17897 t=6010.355822 mpu_a=6.1830,19.6127,7.4436 mpu_g=9.4733,52.3130,0.0611 icm_a=0.7853,5.3678,8.4659 icm_g=-58.5366,5.1220,4.0244 age_icm_ms=0.48 mpu_sat=2 errors=13/0/0/0 m4_ms=357960
seq=17898 t=6010.375823 mpu_a=5.9077,19.6127,7.6591 mpu_g=10.1985,59.5725,0.8550 icm_a=0.5315,5.1619,8.5186 icm_g=-57.5000,0.9146,6.5244 age_icm_ms=0.42 mpu_sat=2 errors=13/0/0/0 m4_ms=357980
seq=17899 t=6010.395825 mpu_a=5.8802,19.6127,7.9009 mpu_g=7.0687,59.5725,2.8473 icm_a=0.4693,5.0518,8.2600 icm_g=-59.0244,-4.5122,9.2683 age_icm_ms=0.55 mpu_sat=2 errors=13/0/0/0 m4_ms=358000
seq=17900 t=6010.415825 mpu_a=5.6360,19.6127,7.5106 mpu_g=1.7252,59.9313,5.8321 icm_a=0.4980,4.9943,8.1547 icm_g=-60.3049,-5.9756,10.4268 age_icm_ms=0.43 mpu_sat=2 errors=13/0/0/0 m4_ms=358020
seq=17901 t=6010.435825 mpu_a=5.3594,19.6127,6.5781 mpu_g=-1.9389,61.7634,7.5954 icm_a=0.6464,4.9033,8.5760 icm_g=-58.2927,-1.7073,8.9634 age_icm_ms=0.47 mpu_sat=2 errors=13/0/0/0 m4_ms=358040
seq=17902 t=6010.455825 mpu_a=5.0111,19.6127,6.6439 mpu_g=0.6641,61.5344,7.0458 icm_a=0.5555,4.5969,8.8921 icm_g=-51.9512,0.9146,7.0732 age_icm_ms=0.43 mpu_sat=2 errors=13/0/0/0 m4_ms=358060
seq=17903 t=6010.475825 mpu_a=4.7633,19.6127,7.4699 mpu_g=5.0305,56.2672,5.1832 icm_a=0.6416,4.6256,8.8059 icm_g=-51.4634,0.6707,3.5366 age_icm_ms=0.43 mpu_sat=2 errors=13/0/0/0 m4_ms=358080
seq=17904 t=6010.495825 mpu_a=4.8722,19.6127,8.3486 mpu_g=5.6183,52.0076,2.6718 icm_a=0.8523,4.5107,8.6239 icm_g=-56.7073,-1.8902,1.9512 age_icm_ms=0.37 mpu_sat=2 errors=13/0/0/0 m4_ms=358100
seq=17905 t=6010.515824 mpu_a=4.9943,19.6127,8.1391 mpu_g=3.8931,55.0840,-0.2519 icm_a=0.9146,4.2521,8.6574 icm_g=-63.2927,-3.7195,2.9878 age_icm_ms=0.35 mpu_sat=2 errors=13/0/0/0 m4_ms=358120
seq=17906 t=6010.535823 mpu_a=4.6819,19.6127,7.6112 mpu_g=1.0229,61.7481,-0.4122 icm_a=0.8811,3.8786,9.0501 icm_g=-64.7561,-4.5122,4.6951 age_icm_ms=0.36 mpu_sat=2 errors=13/0/0/0 m4_ms=358140
seq=17907 t=6010.555824 mpu_a=4.4987,19.6127,7.9679 mpu_g=0.4656,66.2977,0.7710 icm_a=0.7661,3.4620,9.0740 icm_g=-64.1463,-6.8902,5.5488 age_icm_ms=0.38 mpu_sat=2 errors=13/0/0/0 m4_ms=358160
seq=17908 t=6010.575824 mpu_a=3.8942,19.6127,8.1738 mpu_g=-1.0916,65.6183,2.4580 icm_a=0.8523,3.4955,8.9735 icm_g=-65.2439,-6.8293,5.6098 age_icm_ms=0.38 mpu_sat=2 errors=13/0/0/0 m4_ms=358180
seq=17909 t=6010.595824 mpu_a=3.9349,19.6127,7.5405 mpu_g=-3.2443,66.0305,2.7710 icm_a=0.9098,3.4668,9.0884 icm_g=-64.2683,-1.4634,4.2073 age_icm_ms=0.38 mpu_sat=2 errors=13/0/0/0 m4_ms=358200
seq=17910 t=6010.615823 mpu_a=3.6236,19.6127,7.1132 mpu_g=-0.7252,66.7099,2.4046 icm_a=0.7805,3.0789,9.2033 icm_g=-60.5488,4.6951,1.7073 age_icm_ms=0.37 mpu_sat=2 errors=13/0/0/0 m4_ms=358220
seq=17911 t=6010.635822 mpu_a=3.3208,19.6127,7.2975 mpu_g=5.7176,64.2901,0.2672 icm_a=0.9146,2.6863,9.0836 icm_g=-57.2561,6.5854,0.5488 age_icm_ms=0.35 mpu_sat=2 errors=13/0/0/0 m4_ms=358240
seq=17912 t=6010.655821 mpu_a=3.0430,19.6127,7.8889 mpu_g=10.5267,60.2977,-1.7252 icm_a=0.9098,2.4995,9.0166 icm_g=-54.6951,7.3171,0.2439 age_icm_ms=0.36 mpu_sat=2 errors=13/0/0/0 m4_ms=358260
seq=17913 t=6010.675821 mpu_a=2.8180,19.6127,7.5765 mpu_g=10.9847,57.6336,-2.2290 icm_a=0.8859,2.4134,9.0549 icm_g=-51.8293,12.9268,-0.9756 age_icm_ms=0.37 mpu_sat=2 errors=13/0/0/0 m4_ms=358280
seq=17914 t=6010.695819 mpu_a=2.6312,19.6127,6.9528 mpu_g=12.8855,55.1603,-2.6336 icm_a=0.7709,2.2984,9.3422 icm_g=-51.2195,19.2683,-2.5000 age_icm_ms=0.36 mpu_sat=2 errors=13/0/0/0 m4_ms=358300
seq=17915 t=6010.715819 mpu_a=2.5953,19.6127,7.7824 mpu_g=19.6336,52.4504,-4.0534 icm_a=0.5507,2.0063,9.6199 icm_g=-55.3659,16.7683,-2.3171 age_icm_ms=0.36 mpu_sat=2 errors=13/0/0/0 m4_ms=358320
seq=17916 t=6010.735818 mpu_a=2.6540,19.6127,9.5732 mpu_g=24.2519,53.1221,-5.2977 icm_a=0.4884,1.5371,9.4763 icm_g=-60.7927,6.5244,-0.2439 age_icm_ms=0.36 mpu_sat=2 errors=13/0/0/0 m4_ms=358340
seq=17917 t=6010.755819 mpu_a=2.3320,19.6127,9.7468 mpu_g=18.4351,58.3053,-4.6947 icm_a=0.5219,1.3743,9.4475 icm_g=-59.0244,0.1829,1.7073 age_icm_ms=0.39 mpu_sat=2 errors=13/0/0/0 m4_ms=358360
seq=17918 t=6010.775819 mpu_a=1.8471,19.6127,8.4563 mpu_g=8.2595,62.5954,-2.5344 icm_a=0.4980,1.5658,9.5816 icm_g=-49.5122,1.1585,2.5000 age_icm_ms=0.38 mpu_sat=2 errors=13/0/0/0 m4_ms=358380
seq=17919 t=6010.795820 mpu_a=1.8316,19.6127,7.3263 mpu_g=3.7481,58.7557,-0.5344 icm_a=0.5076,1.4940,9.8928 icm_g=-40.3049,5.1829,2.1341 age_icm_ms=0.38 mpu_sat=2 errors=13/0/0/0 m4_ms=358400
seq=17920 t=6010.815819 mpu_a=1.8184,19.6127,7.7967 mpu_g=6.3130,48.5649,0.2595 icm_a=0.5602,1.1923,9.7396 icm_g=-40.5488,2.7439,3.1707 age_icm_ms=0.37 mpu_sat=2 errors=13/0/0/0 m4_ms=358420
seq=17921 t=6010.835819 mpu_a=1.8974,19.6127,9.4451 mpu_g=9.9466,40.7328,0.2443 icm_a=0.5411,0.9098,9.5146 icm_g=-47.9268,-3.3537,2.9878 age_icm_ms=0.38 mpu_sat=2 errors=13/0/0/0 m4_ms=358440
seq=17922 t=6010.855820 mpu_a=1.4473,19.6127,9.5876 mpu_g=6.5420,42.4427,1.2672 icm_a=0.6464,0.8571,9.3757 icm_g=-51.7073,-0.9756,-0.0610 age_icm_ms=0.39 mpu_sat=2 errors=13/0/0/0 m4_ms=358460
seq=17923 t=6010.875820 mpu_a=0.9206,19.6127,8.0744 mpu_g=0.5573,50.1756,0.5344 icm_a=0.5698,0.9577,9.4188 icm_g=-49.3293,9.5122,-2.8049 age_icm_ms=0.37 mpu_sat=2 errors=13/0/0/0 m4_ms=358480
seq=17924 t=6010.895820 mpu_a=1.0403,19.6127,6.8582 mpu_g=3.6107,53.3740,-2.6870 icm_a=0.4549,0.6033,9.6391 icm_g=-45.3659,15.9146,-2.8049 age_icm_ms=0.39 mpu_sat=2 errors=13/0/0/0 m4_ms=358500
seq=17925 t=6010.915820 mpu_a=1.2151,19.6127,7.6303 mpu_g=14.2901,50.4580,-5.2443 icm_a=0.3783,0.0814,9.4667 icm_g=-48.2317,11.5244,-1.0366 age_icm_ms=0.37 mpu_sat=2 errors=13/0/0/0 m4_ms=358520
seq=17926 t=6010.935822 mpu_a=0.9780,19.6127,9.3170 mpu_g=20.4733,46.4351,-5.1527 icm_a=0.4262,-0.0144,9.5912 icm_g=-51.4634,5.5488,0.0610 age_icm_ms=0.40 mpu_sat=2 errors=13/0/0/0 m4_ms=358540
seq=17927 t=6010.955823 mpu_a=0.5171,19.6127,9.2727 mpu_g=15.7863,49.3282,-3.4046 icm_a=0.5363,0.1341,9.6869 icm_g=-47.3780,6.7683,-1.8902 age_icm_ms=0.40 mpu_sat=2 errors=13/0/0/0 m4_ms=358560
seq=17928 t=6010.975823 mpu_a=0.2215,19.6127,8.1163 mpu_g=9.6565,53.0305,-2.3053 icm_a=0.5602,0.0048,10.0748 icm_g=-33.0488,12.0732,-4.6951 age_icm_ms=0.40 mpu_sat=2 errors=13/0/0/0 m4_ms=358580
seq=17929 t=6010.995822 mpu_a=0.0503,19.6127,7.2281 mpu_g=10.5267,48.9924,-4.0687 icm_a=0.1437,-0.3112,9.6582 icm_g=-18.2927,9.9390,-3.2317 age_icm_ms=0.42 mpu_sat=2 errors=13/0/0/0 m4_ms=358600
seq=17930 t=6011.015823 mpu_a=0.2191,19.6127,8.1954 mpu_g=16.1679,35.1756,-6.2824 icm_a=0.3831,-0.3926,9.1411 icm_g=-17.9878,-0.2439,0.7317 age_icm_ms=0.43 mpu_sat=2 errors=13/0/0/0 m4_ms=358620
seq=17931 t=6011.035823 mpu_a=0.4525,19.6127,9.4774 mpu_g=15.2824,19.5573,-4.6870 icm_a=0.4214,-0.3400,9.4092 icm_g=-14.3902,-2.8049,3.1707 age_icm_ms=0.42 mpu_sat=2 errors=13/0/0/0 m4_ms=358640
seq=17932 t=6011.055822 mpu_a=0.2239,19.6127,8.2708 mpu_g=5.0840,19.1450,-0.4885 icm_a=0.4501,-0.2298,9.7731 icm_g=-6.4024,2.3171,5.3659 age_icm_ms=0.42 mpu_sat=2 errors=13/0/0/0 m4_ms=358660
seq=17933 t=6011.075822 mpu_a=0.2239,19.6127,7.2963 mpu_g=0.9924,17.0611,2.0840 icm_a=0.4453,-0.2107,10.0078 icm_g=-2.5610,2.3780,6.2195 age_icm_ms=0.36 mpu_sat=2 errors=13/0/0/0 m4_ms=358680
seq=17934 t=6011.095821 mpu_a=0.1832,19.6127,8.3474 mpu_g=6.1679,9.3893,4.6183 icm_a=0.5698,-0.3208,9.6247 icm_g=-11.0366,-5.1829,4.5122 age_icm_ms=0.36 mpu_sat=2 errors=13/0/0/0 m4_ms=358700
seq=17935 t=6011.115820 mpu_a=-0.2765,19.6127,9.5756 mpu_g=0.8855,10.0305,4.6489 icm_a=0.6321,-0.3831,9.6822 icm_g=-21.1585,-5.3049,0.3659 age_icm_ms=0.35 mpu_sat=2 errors=13/0/0/0 m4_ms=358720
seq=17936 t=6011.135819 mpu_a=-0.3376,19.6127,7.6028 mpu_g=-2.6183,21.6565,0.3359 icm_a=0.6321,-0.2251,9.6438 icm_g=-23.5976,6.6463,-3.5366 age_icm_ms=0.36 mpu_sat=2 errors=13/0/0/0 m4_ms=358740
seq=17937 t=6011.155818 mpu_a=0.1030,19.6127,7.7321 mpu_g=7.5420,24.7099,-3.8473 icm_a=0.3783,-0.1484,10.2999 icm_g=-27.3780,18.0488,-6.6463 age_icm_ms=0.36 mpu_sat=2 errors=13/0/0/0 m4_ms=358760
seq=17938 t=6011.175818 mpu_a=-0.0371,19.6127,8.1738 mpu_g=19.8550,29.1221,-7.5038 icm_a=0.1628,-0.5650,10.0987 icm_g=-21.7073,20.8537,-6.1585 age_icm_ms=0.38 mpu_sat=2 errors=13/0/0/0 m4_ms=358780
seq=17939 t=6011.195819 mpu_a=-0.0048,19.6127,9.5768 mpu_g=25.9618,24.1527,-8.2824 icm_a=0.2825,-0.7518,10.0796 icm_g=-19.3293,13.1098,-4.2073 age_icm_ms=0.40 mpu_sat=2 errors=13/0/0/0 m4_ms=358800
seq=17940 t=6011.215819 mpu_a=-0.3867,19.6127,9.4008 mpu_g=20.1298,21.5344,-5.8015 icm_a=0.1389,-0.7374,10.1418 icm_g=-11.2195,8.1707,-3.2927 age_icm_ms=0.38 mpu_sat=2 errors=13/0/0/0 m4_ms=358820
seq=17941 t=6011.235819 mpu_a=-0.4154,19.6127,8.4396 mpu_g=13.0687,16.0916,-4.3893 icm_a=0.2155,-0.6512,10.3046 icm_g=2.3780,6.8902,-2.6220 age_icm_ms=0.37 mpu_sat=2 errors=13/0/0/0 m4_ms=358840
seq=17942 t=6011.255818 mpu_a=-0.2382,19.6127,8.4803 mpu_g=11.5344,4.5649,-3.2061 icm_a=-0.1820,-0.7183,10.2137 icm_g=15.3659,4.5732,0.9756 age_icm_ms=0.36 mpu_sat=2 errors=13/0/0/0 m4_ms=358860
seq=17943 t=6011.275817 mpu_a=0.1772,19.6127,8.8717 mpu_g=10.1221,-9.6794,-0.6489 icm_a=-0.2490,-0.7709,9.9407 icm_g=22.1951,-0.4878,6.7683 age_icm_ms=0.36 mpu_sat=2 errors=13/0/0/0 m4_ms=358880
seq=17944 t=6011.295818 mpu_a=-0.0419,19.6127,9.4547 mpu_g=6.4962,-18.8015,5.3588 icm_a=-0.0622,-0.6991,9.8737 icm_g=21.1585,-6.6463,8.7195 age_icm_ms=0.40 mpu_sat=2 errors=13/0/0/0 m4_ms=358900
seq=17945 t=6011.315819 mpu_a=-0.3663,19.6127,9.3972 mpu_g=0.3359,-20.0534,9.4046 icm_a=0.2586,-0.6177,9.7300 icm_g=18.0488,-10.0610,7.0122 age_icm_ms=0.39 mpu_sat=2 errors=13/0/0/0 m4_ms=358920
seq=17946 t=6011.335819 mpu_a=-0.4082,19.6127,8.9519 mpu_g=-4.6260,-17.3969,8.7557 icm_a=0.5267,-0.4501,9.6391 icm_g=15.1829,-9.0854,4.6341 age_icm_ms=0.38 mpu_sat=2 errors=13/0/0/0 m4_ms=358940
seq=17947 t=6011.355820 mpu_a=-0.3256,19.6127,8.2959 mpu_g=-5.6336,-14.1603,6.3817 icm_a=0.4310,-0.2634,9.7588 icm_g=13.9634,-3.1098,2.5000 age_icm_ms=0.39 mpu_sat=2 errors=13/0/0/0 m4_ms=358960
seq=17948 t=6011.375820 mpu_a=0.0299,19.6127,7.9128 mpu_g=-2.0992,-12.2290,3.8092 icm_a=0.1963,-0.3639,9.6965 icm_g=11.0366,2.9878,2.6220 age_icm_ms=0.38 mpu_sat=2 errors=13/0/0/0 m4_ms=358980
seq=17949 t=6011.395820 mpu_a=0.1963,19.6127,8.6048 mpu_g=5.0611,-11.2748,2.6260 icm_a=0.2442,-0.4980,9.6534 icm_g=5.8537,3.2927,2.9268 age_icm_ms=0.39 mpu_sat=2 errors=13/0/0/0 m4_ms=359000
seq=17950 t=6011.415821 mpu_a=-0.1305,19.6127,9.0764 mpu_g=8.6183,-6.4656,2.9924 icm_a=0.3160,-0.4070,9.7396 icm_g=4.1463,-0.9146,1.6463 age_icm_ms=0.39 mpu_sat=2 errors=13/0/0/0 m4_ms=359020
seq=17951 t=6011.435821 mpu_a=-0.1915,19.6127,9.1099 mpu_g=6.1832,-2.5954,2.4427 icm_a=0.2873,-0.2394,9.8162 icm_g=4.2683,-4.4512,0.0000 age_icm_ms=0.41 mpu_sat=2 errors=13/0/0/0 m4_ms=359040
seq=17952 t=6011.455822 mpu_a=0.0000,19.6127,8.8609 mpu_g=1.5954,-2.0916,0.9084 icm_a=0.2538,-0.3065,9.8019 icm_g=2.9268,-3.7195,-0.7927 age_icm_ms=0.40 mpu_sat=2 errors=13/0/0/0 m4_ms=359060
seq=17953 t=6011.475821 mpu_a=0.0958,19.6127,8.5808 mpu_g=-0.4962,-2.1985,-0.4504 icm_a=0.1628,-0.3735,9.8545 icm_g=0.0000,1.7073,-0.6707 age_icm_ms=0.37 mpu_sat=2 errors=13/0/0/0 m4_ms=359080
seq=17954 t=6011.495823 mpu_a=0.0622,19.6127,8.2780 mpu_g=2.3664,0.2443,-1.0076 icm_a=0.2251,-0.4262,9.7588 icm_g=-1.7073,5.7317,-0.0610 age_icm_ms=0.40 mpu_sat=2 errors=13/0/0/0 m4_ms=359100
seq=17955 t=6011.515824 mpu_a=-0.0275,19.6127,8.5114 mpu_g=8.1603,2.6489,-0.7557 icm_a=0.2394,-0.3879,9.8785 icm_g=-2.5000,4.3293,-0.1220 age_icm_ms=0.40 mpu_sat=2 errors=13/0/0/0 m4_ms=359120
seq=17956 t=6011.535823 mpu_a=-0.0730,19.6127,8.9759 mpu_g=10.3511,3.9389,-0.3053 icm_a=0.1484,-0.3208,9.9216 icm_g=-0.6098,0.5488,-1.0366 age_icm_ms=0.40 mpu_sat=2 errors=13/0/0/0 m4_ms=359140
seq=17957 t=6011.555825 mpu_a=-0.0790,19.6127,9.0956 mpu_g=7.8473,3.9160,-0.6183 icm_a=0.1628,-0.3543,9.8402 icm_g=0.4268,-1.5244,-1.4024 age_icm_ms=0.57 mpu_sat=2 errors=13/0/0/0 m4_ms=359160
seq=17958 t=6011.575825 mpu_a=0.0563,19.6127,8.8621 mpu_g=3.9618,1.9084,-1.3969 icm_a=0.2298,-0.3879,9.7683 icm_g=0.6098,0.4878,-0.8537 age_icm_ms=0.44 mpu_sat=2 errors=13/0/0/0 m4_ms=359180
seq=17959 t=6011.595826 mpu_a=0.0204,19.6127,8.3270 mpu_g=2.9466,1.2214,-1.4351 icm_a=0.2873,-0.3400,9.7827 icm_g=1.2805,2.0122,-1.1585 age_icm_ms=0.55 mpu_sat=2 errors=13/0/0/0 m4_ms=359200
seq=17960 t=6011.615825 mpu_a=-0.0156,19.6127,8.5617 mpu_g=5.4733,0.9389,-1.0458 icm_a=0.2538,-0.3400,9.8306 icm_g=1.5854,-0.3049,-1.7683 age_icm_ms=0.44 mpu_sat=2 errors=13/0/0/0 m4_ms=359220
seq=17961 t=6011.635828 mpu_a=-0.0215,19.6127,8.9962 mpu_g=6.4275,0.4580,-1.3969 icm_a=0.1532,-0.3543,9.8019 icm_g=1.8293,-4.2073,-1.4634 age_icm_ms=0.50 mpu_sat=2 errors=13/0/0/0 m4_ms=359240
seq=17962 t=6011.655827 mpu_a=0.0850,19.6127,9.1411 mpu_g=3.5496,0.1069,-1.8855 icm_a=0.1676,-0.3783,9.7540 icm_g=0.7927,-6.0976,-0.9756 age_icm_ms=0.38 mpu_sat=2 errors=13/0/0/0 m4_ms=359260
seq=17963 t=6011.675826 mpu_a=0.0263,19.6127,8.8394 mpu_g=-0.2824,0.0458,-1.4275 icm_a=0.1772,-0.3735,9.7540 icm_g=-0.0610,-4.7561,-0.8537 age_icm_ms=0.37 mpu_sat=2 errors=13/0/0/0 m4_ms=359280
seq=17964 t=6011.695826 mpu_a=0.0503,19.6127,8.4994 mpu_g=-1.6947,1.1908,-0.9924 icm_a=0.3065,-0.3304,9.8402 icm_g=0.1829,-3.5366,-1.3415 age_icm_ms=0.38 mpu_sat=2 errors=13/0/0/0 m4_ms=359300
seq=17965 t=6011.715826 mpu_a=-0.0347,19.6127,8.5784 mpu_g=-0.1069,2.0763,-0.9695 icm_a=0.3543,-0.3448,9.8450 icm_g=1.9512,-4.3293,-1.4634 age_icm_ms=0.38 mpu_sat=2 errors=13/0/0/0 m4_ms=359320
seq=17966 t=6011.735826 mpu_a=0.0419,19.6127,8.7724 mpu_g=0.9924,1.7023,-1.4809 icm_a=0.2921,-0.3496,9.9551 icm_g=3.4756,-5.7317,-1.2195 age_icm_ms=0.37 mpu_sat=2 errors=13/0/0/0 m4_ms=359340
seq=17967 t=6011.755826 mpu_a=0.0371,19.6127,8.8813 mpu_g=0.0840,-0.2214,-1.4809 icm_a=0.1676,-0.3543,9.8162 icm_g=2.1951,-7.3171,-1.5854 age_icm_ms=0.38 mpu_sat=2 errors=13/0/0/0 m4_ms=359360
seq=17968 t=6011.775825 mpu_a=0.0263,19.6127,9.0405 mpu_g=-1.2748,-1.7481,-1.1527 icm_a=0.2969,-0.4022,9.7492 icm_g=2.0732,-8.2927,-2.5610 age_icm_ms=0.36 mpu_sat=2 errors=13/0/0/0 m4_ms=359380
seq=17969 t=6011.795824 mpu_a=-0.1221,19.6127,8.7221 mpu_g=-2.9389,-0.4046,-1.5649 icm_a=0.3974,-0.3112,9.5960 icm_g=5.9146,-8.2317,-2.0732 age_icm_ms=0.35 mpu_sat=2 errors=13/0/0/0 m4_ms=359400
seq=17970 t=6011.815824 mpu_a=0.0611,19.6127,8.3187 mpu_g=-3.9237,-0.1985,-2.4427 icm_a=0.5171,-0.1437,9.5193 icm_g=8.8415,-8.1707,-1.5244 age_icm_ms=0.37 mpu_sat=2 errors=13/0/0/0 m4_ms=359420
seq=17971 t=6011.835823 mpu_a=0.0383,19.6127,8.2720 mpu_g=-3.8015,-3.9466,-1.9160 icm_a=0.6991,-0.1101,9.6391 icm_g=6.8293,-4.2683,1.5854 age_icm_ms=0.36 mpu_sat=2 errors=13/0/0/0 m4_ms=359440
seq=17972 t=6011.855822 mpu_a=0.7075,19.6127,8.2648 mpu_g=-3.6947,-7.0305,-1.3130 icm_a=0.7135,-0.1676,9.7779 icm_g=5.6707,3.0488,4.0854 age_icm_ms=0.36 mpu_sat=2 errors=13/0/0/0 m4_ms=359460
seq=17973 t=6011.875821 mpu_a=0.4597,19.6127,7.8901 mpu_g=-0.4427,-4.9695,1.5267 icm_a=0.6129,-0.1389,9.7396 icm_g=2.1951,6.7073,5.7927 age_icm_ms=0.36 mpu_sat=2 errors=13/0/0/0 m4_ms=359480
seq=17974 t=6011.895820 mpu_a=0.4142,19.6127,8.4551 mpu_g=6.9160,-3.5802,3.9466 icm_a=0.5315,-0.1149,9.8019 icm_g=-0.9146,5.3659,5.5488 age_icm_ms=0.36 mpu_sat=2 errors=13/0/0/0 m4_ms=359500
seq=17975 t=6011.915821 mpu_a=0.2670,19.6127,9.0836 mpu_g=11.3664,-0.8244,5.4809 icm_a=0.3974,-0.1197,9.8402 icm_g=0.6707,3.1707,4.5122 age_icm_ms=0.39 mpu_sat=2 errors=13/0/0/0 m4_ms=359520
seq=17976 t=6011.935821 mpu_a=0.0970,19.6127,8.8813 mpu_g=10.2595,2.9237,5.3817 icm_a=0.3304,-0.1532,9.8114 icm_g=0.7927,3.6585,4.4512 age_icm_ms=0.38 mpu_sat=2 errors=13/0/0/0 m4_ms=359540
