seq=15977 t=5888.327990 mpu_a=-0.5028,19.6127,8.4874 mpu_g=3.0458,6.9160,2.3053 icm_a=-0.1245,-0.9673,9.7252 icm_g=-7.9878,0.9756,2.6829 age_icm_ms=0.60 mpu_sat=2 errors=13/0/0/0 m4_ms=319560
seq=15978 t=5888.347985 mpu_a=-0.4860,19.6127,8.7149 mpu_g=4.9237,8.2519,1.8092 icm_a=-0.1628,-1.0918,9.7683 icm_g=-7.0122,1.2805,2.9878 age_icm_ms=0.31 mpu_sat=2 errors=13/0/0/0 m4_ms=319580
seq=15979 t=5888.367979 mpu_a=-0.6644,19.6127,8.4479 mpu_g=5.4427,9.9466,2.1374 icm_a=-0.1341,-1.1732,9.8019 icm_g=-3.9024,0.9146,2.7439 age_icm_ms=0.27 mpu_sat=2 errors=13/0/0/0 m4_ms=319600
seq=15980 t=5888.387973 mpu_a=-0.8559,19.6127,8.5401 mpu_g=5.7557,8.2061,2.4885 icm_a=-0.1101,-1.1636,9.7492 icm_g=-7.5610,-1.5854,2.5000 age_icm_ms=0.27 mpu_sat=2 errors=13/0/0/0 m4_ms=319620
seq=15981 t=5888.407968 mpu_a=-0.7159,19.6127,9.3146 mpu_g=5.1145,5.7710,2.2595 icm_a=-0.1724,-1.1061,9.7971 icm_g=-14.6341,-3.0488,1.0976 age_icm_ms=0.28 mpu_sat=2 errors=13/0/0/0 m4_ms=319640
seq=15982 t=5888.427963 mpu_a=-0.7889,19.6127,9.1147 mpu_g=2.3130,10.6489,1.7634 icm_a=-0.2107,-1.1301,9.8258 icm_g=-15.5488,-0.4878,-1.4024 age_icm_ms=0.27 mpu_sat=2 errors=13/0/0/0 m4_ms=319660
seq=15983 t=5888.447957 mpu_a=-0.9840,19.6127,8.3234 mpu_g=1.3817,17.0611,-0.0916 icm_a=-0.1867,-1.2115,9.8066 icm_g=-11.2195,2.6829,-2.3171 age_icm_ms=0.27 mpu_sat=2 errors=13/0/0/0 m4_ms=319680
seq=15984 t=5888.467953 mpu_a=-0.8894,19.6127,8.1008 mpu_g=4.1374,16.9466,-2.4427 icm_a=-0.0910,-1.2641,9.7157 icm_g=-5.6707,2.6829,-1.7073 age_icm_ms=0.29 mpu_sat=2 errors=13/0/0/0 m4_ms=319700
seq=15985 t=5888.487949 mpu_a=-0.8679,19.6127,8.3629 mpu_g=7.2290,12.3893,-3.0305 icm_a=-0.0383,-1.2450,9.6199 icm_g=-0.6098,-0.3049,-0.8537 age_icm_ms=0.29 mpu_sat=2 errors=13/0/0/0 m4_ms=319720
seq=15986 t=5888.507946 mpu_a=-0.8475,19.6127,8.5736 mpu_g=7.0687,6.9313,-2.1221 icm_a=-0.0239,-1.1732,9.6103 icm_g=4.6341,-2.8659,-0.1220 age_icm_ms=0.33 mpu_sat=2 errors=13/0/0/0 m4_ms=319740
seq=15987 t=5888.527943 mpu_a=-0.8068,19.6127,8.4563 mpu_g=3.8702,2.0763,-1.0305 icm_a=0.0000,-1.0726,9.6151 icm_g=9.0854,-2.1341,0.1829 age_icm_ms=0.33 mpu_sat=2 errors=13/0/0/0 m4_ms=319760
seq=15988 t=5888.547941 mpu_a=-0.7997,19.6127,8.0673 mpu_g=1.4504,-2.9160,-0.1450 icm_a=0.0287,-1.0199,9.5768 icm_g=11.4024,0.6707,0.6098 age_icm_ms=0.34 mpu_sat=2 errors=13/0/0/0 m4_ms=319780
seq=15989 t=5888.567937 mpu_a=-0.6428,19.6127,8.0852 mpu_g=2.2519,-7.3359,0.3893 icm_a=0.0000,-1.0056,9.5960 icm_g=13.9634,3.9024,1.1585 age_icm_ms=0.30 mpu_sat=2 errors=13/0/0/0 m4_ms=319800
seq=15990 t=5888.587934 mpu_a=-0.5782,19.6127,8.0421 mpu_g=4.9542,-9.6183,0.8702 icm_a=-0.0862,-0.9912,9.6391 icm_g=19.5122,5.8537,1.1585 age_icm_ms=0.33 mpu_sat=2 errors=13/0/0/0 m4_ms=319820
seq=15991 t=5888.607932 mpu_a=-0.6800,19.6127,7.9631 mpu_g=8.0916,-11.8931,1.4885 icm_a=-0.0479,-0.9577,9.6774 icm_g=23.4756,5.0000,3.2317 age_icm_ms=0.33 mpu_sat=2 errors=13/0/0/0 m4_ms=319840
seq=15992 t=5888.627929 mpu_a=-0.4405,19.6127,8.2636 mpu_g=10.2137,-16.9160,1.6718 icm_a=-0.1006,-0.7901,9.7252 icm_g=20.7927,1.8293,5.1829 age_icm_ms=0.31 mpu_sat=2 errors=13/0/0/0 m4_ms=319860
seq=15993 t=5888.647926 mpu_a=-0.2215,19.6127,9.1075 mpu_g=9.8168,-21.4809,3.5573 icm_a=-0.1724,-0.6800,9.8019 icm_g=15.9756,0.4268,4.4512 age_icm_ms=0.34 mpu_sat=2 errors=13/0/0/0 m4_ms=319880
seq=15994 t=5888.667924 mpu_a=-0.3352,19.6127,9.1734 mpu_g=6.7557,-19.5344,5.7481 icm_a=-0.2490,-0.6847,9.8450 icm_g=15.2439,2.3171,2.1951 age_icm_ms=0.33 mpu_sat=2 errors=13/0/0/0 m4_ms=319900
seq=15995 t=5888.687922 mpu_a=-0.4980,19.6127,8.5641 mpu_g=4.6794,-14.4809,5.2748 icm_a=-0.2203,-0.7230,9.8641 icm_g=14.2683,4.2073,0.9146 age_icm_ms=0.33 mpu_sat=2 errors=13/0/0/0 m4_ms=319920
seq=15996 t=5888.707918 mpu_a=-0.2286,19.6127,9.1267 mpu_g=8.5038,-13.0076,1.3893 icm_a=-0.1772,-0.6847,9.8881 icm_g=7.9878,4.0854,1.0976 age_icm_ms=0.32 mpu_sat=2 errors=13/0/0/0 m4_ms=319940
seq=15997 t=5888.727916 mpu_a=-0.2442,19.6127,9.3553 mpu_g=8.7710,-7.9389,1.2061 icm_a=-0.1963,-0.6800,9.9072 icm_g=1.2805,2.9268,0.3659 age_icm_ms=0.33 mpu_sat=2 errors=13/0/0/0 m4_ms=319960
seq=15998 t=5888.747916 mpu_a=-0.4621,19.6127,8.9783 mpu_g=7.6107,-0.6412,0.5420 icm_a=-0.2634,-0.7183,9.8881 icm_g=0.6098,2.0122,-1.2805 age_icm_ms=0.36 mpu_sat=2 errors=13/0/0/0 m4_ms=319980
seq=15999 t=5888.767916 mpu_a=-0.5207,19.6127,8.6024 mpu_g=6.5191,1.6565,-1.0229 icm_a=-0.2682,-0.7614,9.8545 icm_g=3.2317,1.3415,-1.8902 age_icm_ms=0.37 mpu_sat=2 errors=13/0/0/0 m4_ms=320000
seq=16000 t=5888.787915 mpu_a=-0.3208,19.6127,8.7137 mpu_g=5.9618,-0.8626,-2.0611 icm_a=-0.2203,-0.7614,9.8210 icm_g=3.6585,0.5488,-1.2195 age_icm_ms=0.37 mpu_sat=2 errors=13/0/0/0 m4_ms=320020
seq=16001 t=5888.807915 mpu_a=-0.3112,19.6127,8.8609 mpu_g=5.2443,-2.2061,-1.5420 icm_a=-0.1867,-0.7278,9.7827 icm_g=2.4390,-0.0610,-1.1585 age_icm_ms=0.39 mpu_sat=2 errors=13/0/0/0 m4_ms=320040
seq=16002 t=5888.827913 mpu_a=-0.4094,19.6127,8.7903 mpu_g=4.4427,-1.2519,-1.0763 icm_a=-0.1580,-0.6895,9.6917 icm_g=0.4268,-0.1220,-2.5610 age_icm_ms=0.38 mpu_sat=2 errors=13/0/0/0 m4_ms=320060
seq=16003 t=5888.847910 mpu_a=-0.4250,19.6127,8.5461 mpu_g=4.1603,0.5573,-2.0687 icm_a=-0.2298,-0.6512,9.7205 icm_g=-0.3659,1.3415,-3.4146 age_icm_ms=0.38 mpu_sat=2 errors=13/0/0/0 m4_ms=320080
seq=16004 t=5888.867910 mpu_a=-0.2203,19.6127,8.3390 mpu_g=4.9008,2.0000,-3.5420 icm_a=-0.2251,-0.5555,9.7588 icm_g=0.1220,3.1098,-2.9268 age_icm_ms=0.44 mpu_sat=2 errors=13/0/0/0 m4_ms=320100
seq=16005 t=5888.887908 mpu_a=-0.0934,19.6127,8.6634 mpu_g=6.9466,1.6107,-3.4885 icm_a=-0.1628,-0.5459,9.7588 icm_g=-0.3659,2.4390,-2.3780 age_icm_ms=0.40 mpu_sat=2 errors=13/0/0/0 m4_ms=320120
seq=16006 t=5888.907906 mpu_a=-0.1053,19.6127,8.8035 mpu_g=7.3740,1.6870,-2.9160 icm_a=-0.1389,-0.6129,9.7396 icm_g=-0.1829,1.0976,-1.3415 age_icm_ms=0.38 mpu_sat=2 errors=13/0/0/0 m4_ms=320140
seq=16007 t=5888.927904 mpu_a=-0.0910,19.6127,8.6419 mpu_g=5.8702,2.1145,-2.1298 icm_a=-0.1676,-0.6033,9.7923 icm_g=1.2805,1.3415,-0.1220 age_icm_ms=0.39 mpu_sat=2 errors=13/0/0/0 m4_ms=320160
seq=16008 t=5888.947903 mpu_a=-0.1903,19.6127,8.3689 mpu_g=5.2901,1.2824,-0.8168 icm_a=-0.1628,-0.5986,9.8497 icm_g=3.1098,2.6829,0.6098 age_icm_ms=0.40 mpu_sat=2 errors=13/0/0/0 m4_ms=320180
seq=16009 t=5888.967900 mpu_a=-0.1891,19.6127,8.5964 mpu_g=6.4504,-0.5573,0.2595 icm_a=-0.1820,-0.5842,9.9024 icm_g=2.8659,2.4390,0.6098 age_icm_ms=0.33 mpu_sat=2 errors=13/0/0/0 m4_ms=320200
seq=16010 t=5888.987899 mpu_a=-0.1772,19.6127,9.0525 mpu_g=7.3130,-1.5573,0.5725 icm_a=-0.2346,-0.5794,9.9024 icm_g=0.6707,0.7317,0.2439 age_icm_ms=0.33 mpu_sat=2 errors=13/0/0/0 m4_ms=320220
seq=16011 t=5889.007897 mpu_a=-0.2131,19.6127,9.1004 mpu_g=6.1374,-0.1603,0.3740 icm_a=-0.2729,-0.5794,9.9072 icm_g=-0.7927,0.0610,-0.2439 age_icm_ms=0.34 mpu_sat=2 errors=13/0/0/0 m4_ms=320240
seq=16012 t=5889.027895 mpu_a=-0.2370,19.6127,8.8178 mpu_g=4.5954,1.9160,-0.1145 icm_a=-0.3017,-0.5986,9.8833 icm_g=-0.6707,0.1220,-0.5488 age_icm_ms=0.34 mpu_sat=2 errors=13/0/0/0 m4_ms=320260
seq=16013 t=5889.047893 mpu_a=-0.2119,19.6127,8.7041 mpu_g=4.4046,2.5496,-0.6947 icm_a=-0.3017,-0.6321,9.8785 icm_g=-0.1220,0.0000,0.0610 age_icm_ms=0.34 mpu_sat=2 errors=13/0/0/0 m4_ms=320280
seq=16014 t=5889.067892 mpu_a=-0.1580,19.6127,8.7736 mpu_g=4.5878,2.0534,-0.6260 icm_a=-0.2490,-0.6416,9.8354 icm_g=-0.3049,-0.7927,0.3049 age_icm_ms=0.35 mpu_sat=2 errors=13/0/0/0 m4_ms=320300
seq=16015 t=5889.087891 mpu_a=-0.2837,19.6127,8.8190 mpu_g=4.1679,1.8244,0.0992 icm_a=-0.2729,-0.6177,9.7827 icm_g=-0.3659,-1.2805,-0.6707 age_icm_ms=0.38 mpu_sat=2 errors=13/0/0/0 m4_ms=320320
seq=16016 t=5889.107890 mpu_a=-0.3484,19.6127,8.6754 mpu_g=3.3435,2.1298,-0.1374 icm_a=-0.2634,-0.5842,9.7492 icm_g=-0.0610,-0.9146,-1.4024 age_icm_ms=0.36 mpu_sat=2 errors=13/0/0/0 m4_ms=320340
seq=16017 t=5889.127889 mpu_a=-0.2969,19.6127,8.5808 mpu_g=3.1832,2.0076,-1.1221 icm_a=-0.2203,-0.5794,9.7300 icm_g=-0.1220,-0.4268,-1.3415 age_icm_ms=0.36 mpu_sat=2 errors=13/0/0/0 m4_ms=320360
seq=16018 t=5889.147889 mpu_a=-0.1628,19.6127,8.6107 mpu_g=3.6489,1.7176,-1.6718 icm_a=-0.2059,-0.6033,9.7300 icm_g=-0.1220,-0.2439,-0.3659 age_icm_ms=0.39 mpu_sat=2 errors=13/0/0/0 m4_ms=320380
seq=16019 t=5889.167888 mpu_a=-0.1173,19.6127,8.6048 mpu_g=4.0229,1.8473,-1.3893 icm_a=-0.1820,-0.6129,9.7013 icm_g=0.2439,-0.2439,0.1829 age_icm_ms=0.38 mpu_sat=2 errors=13/0/0/0 m4_ms=320400
seq=16020 t=5889.187887 mpu_a=-0.1927,19.6127,8.5844 mpu_g=4.2290,1.7863,-0.3664 icm_a=-0.1628,-0.6273,9.6965 icm_g=1.0366,-0.1829,0.3049 age_icm_ms=0.35 mpu_sat=2 errors=13/0/0/0 m4_ms=320420
seq=16021 t=5889.207886 mpu_a=-0.2682,19.6127,8.4886 mpu_g=4.1374,1.3817,0.1069 icm_a=-0.2059,-0.6416,9.7157 icm_g=1.9512,0.4878,0.2439 age_icm_ms=0.37 mpu_sat=2 errors=13/0/0/0 m4_ms=320440
seq=16022 t=5889.227886 mpu_a=-0.2454,19.6127,8.4527 mpu_g=4.3130,0.4885,0.1221 icm_a=-0.2107,-0.6081,9.7779 icm_g=2.7439,0.9756,0.4878 age_icm_ms=0.38 mpu_sat=2 errors=13/0/0/0 m4_ms=320460
seq=16023 t=5889.247885 mpu_a=-0.2478,19.6127,8.5688 mpu_g=5.0076,-0.3817,0.1679 icm_a=-0.2059,-0.6416,9.7683 icm_g=2.9878,0.2439,0.7317 age_icm_ms=0.38 mpu_sat=2 errors=13/0/0/0 m4_ms=320480
seq=16024 t=5889.267885 mpu_a=-0.2071,19.6127,8.7376 mpu_g=5.3817,-1.0076,0.4656 icm_a=-0.2059,-0.6416,9.7396 icm_g=3.2927,-0.4878,0.4268 age_icm_ms=0.39 mpu_sat=2 errors=13/0/0/0 m4_ms=320500
seq=16025 t=5889.287886 mpu_a=-0.2993,19.6127,8.7269 mpu_g=4.5725,-1.2061,0.5954 icm_a=-0.2203,-0.6752,9.7492 icm_g=3.2927,-0.2439,-0.1220 age_icm_ms=0.39 mpu_sat=2 errors=13/0/0/0 m4_ms=320520
seq=16026 t=5889.307886 mpu_a=-0.3376,19.6127,8.5317 mpu_g=3.8626,-1.4198,0.3206 icm_a=-0.2394,-0.6369,9.7779 icm_g=2.7439,0.5488,-0.2439 age_icm_ms=0.40 mpu_sat=2 errors=13/0/0/0 m4_ms=320540
seq=16027 t=5889.327888 mpu_a=-0.2454,19.6127,8.6012 mpu_g=4.2137,-1.4733,-0.1679 icm_a=-0.2682,-0.6560,9.7971 icm_g=1.9512,0.9146,-0.1220 age_icm_ms=0.40 mpu_sat=2 errors=13/0/0/0 m4_ms=320560
seq=16028 t=5889.347888 mpu_a=-0.2418,19.6127,8.7113 mpu_g=4.9771,-0.9771,-0.3664 icm_a=-0.2298,-0.6608,9.7827 icm_g=1.8293,0.9146,-0.7317 age_icm_ms=0.39 mpu_sat=2 errors=13/0/0/0 m4_ms=320580
seq=16029 t=5889.367888 mpu_a=-0.3531,19.6127,8.6969 mpu_g=5.3130,-0.1985,-0.2748 icm_a=-0.2346,-0.6369,9.8162 icm_g=2.0122,0.6098,-1.2195 age_icm_ms=0.39 mpu_sat=2 errors=13/0/0/0 m4_ms=320600
seq=16030 t=5889.387888 mpu_a=-0.3077,19.6127,8.6682 mpu_g=5.2366,-0.0916,-0.8168 icm_a=-0.2538,-0.6081,9.8066 icm_g=2.2561,0.1829,-1.0366 age_icm_ms=0.38 mpu_sat=2 errors=13/0/0/0 m4_ms=320620
seq=16031 t=5889.407887 mpu_a=-0.2251,19.6127,8.6957 mpu_g=5.0534,-0.3130,-1.2901 icm_a=-0.2394,-0.5794,9.8019 icm_g=1.8902,-0.3049,-0.8537 age_icm_ms=0.37 mpu_sat=2 errors=13/0/0/0 m4_ms=320640
seq=16032 t=5889.427888 mpu_a=-0.1700,19.6127,8.7795 mpu_g=4.6260,-0.5267,-1.1679 icm_a=-0.2251,-0.5411,9.7683 icm_g=1.6463,-0.1220,-1.0366 age_icm_ms=0.39 mpu_sat=2 errors=13/0/0/0 m4_ms=320660
seq=16033 t=5889.447891 mpu_a=-0.2095,19.6127,8.6706 mpu_g=4.0687,-0.1985,-0.9618 icm_a=-0.2251,-0.5602,9.7875 icm_g=1.7073,0.6707,-1.0976 age_icm_ms=0.43 mpu_sat=2 errors=13/0/0/0 m4_ms=320680
seq=16034 t=5889.467890 mpu_a=-0.1796,19.6127,8.5521 mpu_g=4.1756,0.0305,-1.0992 icm_a=-0.2251,-0.5171,9.8066 icm_g=1.9512,0.7927,-0.7317 age_icm_ms=0.38 mpu_sat=2 errors=13/0/0/0 m4_ms=320700
seq=16035 t=5889.487890 mpu_a=-0.1341,19.6127,8.6239 mpu_g=4.9084,0.0687,-1.2748 icm_a=-0.2011,-0.4980,9.7971 icm_g=2.3171,0.4268,-0.4878 age_icm_ms=0.36 mpu_sat=2 errors=13/0/0/0 m4_ms=320720
seq=16036 t=5889.507890 mpu_a=-0.0922,19.6127,8.7329 mpu_g=5.3206,-0.2137,-0.9618 icm_a=-0.2011,-0.4788,9.7971 icm_g=2.1951,0.1220,-0.6098 age_icm_ms=0.37 mpu_sat=2 errors=13/0/0/0 m4_ms=320740
seq=16037 t=5889.527891 mpu_a=-0.1257,19.6127,8.6838 mpu_g=4.5573,-0.4580,-0.7405 icm_a=-0.2155,-0.4693,9.7540 icm_g=1.9512,0.2439,-0.9146 age_icm_ms=0.39 mpu_sat=2 errors=13/0/0/0 m4_ms=320760
seq=16038 t=5889.547891 mpu_a=-0.1053,19.6127,8.6467 mpu_g=4.6031,-0.2366,-0.9389 icm_a=-0.2011,-0.4836,9.7779 icm_g=2.1341,0.2439,-0.5488 age_icm_ms=0.39 mpu_sat=2 errors=13/0/0/0 m4_ms=320780
seq=16039 t=5889.567892 mpu_a=-0.0072,19.6127,8.6969 mpu_g=4.5878,-0.3206,-0.8015 icm_a=-0.2203,-0.5076,9.8066 icm_g=2.5000,-0.1220,0.2439 age_icm_ms=0.39 mpu_sat=2 errors=13/0/0/0 m4_ms=320800
seq=16040 t=5889.587893 mpu_a=-0.0826,19.6127,8.7005 mpu_g=4.4122,-0.6947,-0.0076 icm_a=-0.2346,-0.5124,9.7971 icm_g=2.6220,-0.3049,0.7927 age_icm_ms=0.41 mpu_sat=2 errors=13/0/0/0 m4_ms=320820
seq=16041 t=5889.607891 mpu_a=-0.1604,19.6127,8.6790 mpu_g=4.1221,-0.8473,0.6031 icm_a=-0.2490,-0.5076,9.7492 icm_g=2.0732,-0.1220,0.2439 age_icm_ms=0.41 mpu_sat=2 errors=13/0/0/0 m4_ms=320840
seq=16042 t=5889.627890 mpu_a=-0.1951,19.6127,8.5808 mpu_g=4.1985,-0.4427,0.3282 icm_a=-0.2394,-0.5028,9.7683 icm_g=1.7683,0.3659,-0.4268 age_icm_ms=0.41 mpu_sat=2 errors=13/0/0/0 m4_ms=320860
seq=16043 t=5889.647889 mpu_a=-0.1305,19.6127,8.6383 mpu_g=4.5573,-0.0611,-0.4351 icm_a=-0.2538,-0.5171,9.7923 icm_g=1.4634,0.8537,-0.1829 age_icm_ms=0.41 mpu_sat=2 errors=13/0/0/0 m4_ms=320880
seq=16044 t=5889.667888 mpu_a=-0.1053,19.6127,8.6598 mpu_g=5.0305,0.1527,-0.4733 icm_a=-0.2442,-0.5315,9.7827 icm_g=1.7073,0.5488,0.0000 age_icm_ms=0.40 mpu_sat=2 errors=13/0/0/0 m4_ms=320900
seq=16045 t=5889.687888 mpu_a=-0.1676,19.6127,8.7436 mpu_g=5.2214,0.1527,-0.1603 icm_a=-0.2298,-0.5315,9.7923 icm_g=2.4390,-0.2439,-0.3049 age_icm_ms=0.45 mpu_sat=2 errors=13/0/0/0 m4_ms=320920
seq=16046 t=5889.707886 mpu_a=-0.1736,19.6127,8.6778 mpu_g=4.4809,-0.3511,-0.2824 icm_a=-0.2298,-0.5124,9.7300 icm_g=2.3780,-0.6098,-0.6098 age_icm_ms=0.35 mpu_sat=2 errors=13/0/0/0 m4_ms=320940
seq=16047 t=5889.727885 mpu_a=-0.1233,19.6127,8.6574 mpu_g=3.8855,-0.8244,-0.5878 icm_a=-0.2490,-0.4884,9.7588 icm_g=1.7073,0.0000,-0.4268 age_icm_ms=0.36 mpu_sat=2 errors=13/0/0/0 m4_ms=320960
seq=16048 t=5889.747884 mpu_a=-0.1018,19.6127,8.4934 mpu_g=3.9313,-0.1832,-0.7328 icm_a=-0.2634,-0.4884,9.7875 icm_g=2.1341,1.2195,-0.4878 age_icm_ms=0.36 mpu_sat=2 errors=13/0/0/0 m4_ms=320980
seq=16049 t=5889.767883 mpu_a=-0.1616,19.6127,8.5832 mpu_g=5.1221,-0.1221,-0.5496 icm_a=-0.2490,-0.4884,9.7875 icm_g=2.5610,1.1585,-0.8537 age_icm_ms=0.36 mpu_sat=2 errors=13/0/0/0 m4_ms=321000
seq=16050 t=5889.787883 mpu_a=-0.1844,19.6127,8.7496 mpu_g=5.9313,-0.6412,-0.7557 icm_a=-0.2298,-0.4645,9.7683 icm_g=2.5000,-0.0610,-1.4024 age_icm_ms=0.37 mpu_sat=2 errors=13/0/0/0 m4_ms=321020
seq=16051 t=5889.807882 mpu_a=-0.1772,19.6127,8.8286 mpu_g=5.0611,-0.8321,-1.1450 icm_a=-0.2490,-0.4597,9.7252 icm_g=2.0122,-0.4878,-1.9512 age_icm_ms=0.36 mpu_sat=2 errors=13/0/0/0 m4_ms=321040
seq=16052 t=5889.827881 mpu_a=-0.0850,19.6127,8.6119 mpu_g=3.8473,-0.5573,-1.8321 icm_a=-0.2490,-0.3879,9.8019 icm_g=2.5000,0.8537,-1.5244 age_icm_ms=0.36 mpu_sat=2 errors=13/0/0/0 m4_ms=321060
seq=16053 t=5889.847880 mpu_a=0.0275,19.6127,8.4539 mpu_g=4.2519,-0.3053,-1.9771 icm_a=-0.2155,-0.3735,9.7923 icm_g=2.9268,1.4634,-1.0976 age_icm_ms=0.36 mpu_sat=2 errors=13/0/0/0 m4_ms=321080
seq=16054 t=5889.867879 mpu_a=0.0347,19.6127,8.7376 mpu_g=5.8397,-1.1145,-1.4198 icm_a=-0.2059,-0.3879,9.7683 icm_g=3.2927,0.7927,-0.9146 age_icm_ms=0.35 mpu_sat=2 errors=13/0/0/0 m4_ms=321100
seq=16055 t=5889.887878 mpu_a=-0.0251,19.6127,8.6754 mpu_g=5.7023,-1.2672,-1.0687 icm_a=-0.2155,-0.3831,9.8162 icm_g=3.2927,0.6098,-0.6707 age_icm_ms=0.36 mpu_sat=2 errors=13/0/0/0 m4_ms=321120
seq=16056 t=5889.907878 mpu_a=0.0395,19.6127,8.6778 mpu_g=5.0229,-1.6641,-0.9313 icm_a=-0.2394,-0.3639,9.8497 icm_g=2.1951,0.9756,0.2439 age_icm_ms=0.37 mpu_sat=2 errors=13/0/0/0 m4_ms=321140
seq=16057 t=5889.927876 mpu_a=0.0754,19.6127,8.8214 mpu_g=5.0534,-1.2748,-0.4122 icm_a=-0.2634,-0.3687,9.8833 icm_g=1.0366,1.0976,0.2439 age_icm_ms=0.36 mpu_sat=2 errors=13/0/0/0 m4_ms=321160
seq=16058 t=5889.947876 mpu_a=0.0024,19.6127,8.8178 mpu_g=5.4580,0.0153,0.1832 icm_a=-0.2729,-0.3831,9.8737 icm_g=0.7317,0.9146,-0.1829 age_icm_ms=0.37 mpu_sat=2 errors=13/0/0/0 m4_ms=321180
seq=16059 t=5889.967875 mpu_a=-0.0694,19.6127,8.7580 mpu_g=5.5115,0.9008,0.0153 icm_a=-0.2921,-0.3926,9.8689 icm_g=-0.2439,0.4268,-0.1829 age_icm_ms=0.36 mpu_sat=2 errors=13/0/0/0 m4_ms=321200
seq=16060 t=5889.987876 mpu_a=0.0563,19.6127,8.8933 mpu_g=5.3359,1.1603,-0.4122 icm_a=-0.3017,-0.4166,9.8402 icm_g=-1.4024,0.1220,0.1829 age_icm_ms=0.38 mpu_sat=2 errors=13/0/0/0 m4_ms=321220
seq=16061 t=5890.007875 mpu_a=0.0204,19.6127,8.7783 mpu_g=4.8321,2.3893,-0.4198 icm_a=-0.2921,-0.4166,9.8066 icm_g=-0.6098,0.1220,-0.1220 age_icm_ms=0.39 mpu_sat=2 errors=13/0/0/0 m4_ms=321240
seq=16062 t=5890.027877 mpu_a=-0.1161,19.6127,8.6503 mpu_g=4.5038,3.1374,-0.1145 icm_a=-0.2394,-0.4118,9.7827 icm_g=0.2439,0.0610,-0.9146 age_icm_ms=0.41 mpu_sat=2 errors=13/0/0/0 m4_ms=321260
seq=16063 t=5890.047878 mpu_a=-0.1329,19.6127,8.6227 mpu_g=4.5725,2.1221,-0.4504 icm_a=-0.2251,-0.3974,9.7588 icm_g=-0.5488,-0.1829,-0.9756 age_icm_ms=0.40 mpu_sat=2 errors=13/0/0/0 m4_ms=321280
seq=16064 t=5890.067879 mpu_a=0.0120,19.6127,8.7472 mpu_g=4.3664,1.3969,-1.1450 icm_a=-0.2490,-0.3783,9.7636 icm_g=-0.9146,0.4878,-0.1829 age_icm_ms=0.39 mpu_sat=2 errors=13/0/0/0 m4_ms=321300
seq=16065 t=5890.087882 mpu_a=0.0862,19.6127,8.5724 mpu_g=4.2061,2.3053,-1.0611 icm_a=-0.2394,-0.3783,9.7348 icm_g=-0.6098,0.9146,-0.1829 age_icm_ms=0.45 mpu_sat=2 errors=13/0/0/0 m4_ms=321320
seq=16066 t=5890.107884 mpu_a=-0.0455,19.6127,8.5401 mpu_g=4.9313,2.6718,-0.3206 icm_a=-0.2251,-0.3974,9.7683 icm_g=-0.0610,0.9146,-0.1220 age_icm_ms=0.40 mpu_sat=2 errors=13/0/0/0 m4_ms=321340
seq=16067 t=5890.127884 mpu_a=-0.0072,19.6127,8.6095 mpu_g=5.3053,2.3053,-0.4046 icm_a=-0.2346,-0.3879,9.7492 icm_g=0.2439,0.5488,0.6098 age_icm_ms=0.38 mpu_sat=2 errors=13/0/0/0 m4_ms=321360
seq=16068 t=5890.147884 mpu_a=0.0730,19.6127,8.6730 mpu_g=5.2748,1.7557,-0.2595 icm_a=-0.2442,-0.3974,9.8066 icm_g=1.4634,0.5488,1.0976 age_icm_ms=0.37 mpu_sat=2 errors=13/0/0/0 m4_ms=321380
seq=16069 t=5890.167885 mpu_a=0.0048,19.6127,8.5617 mpu_g=4.9313,1.3817,0.4427 icm_a=-0.2442,-0.3783,9.7731 icm_g=1.4634,0.6098,0.9756 age_icm_ms=0.40 mpu_sat=2 errors=13/0/0/0 m4_ms=321400
seq=16070 t=5890.187886 mpu_a=-0.0311,19.6127,8.6814 mpu_g=5.0000,0.2901,0.9160 icm_a=-0.2298,-0.4070,9.8258 icm_g=0.3049,0.6707,0.4268 age_icm_ms=0.40 mpu_sat=2 errors=13/0/0/0 m4_ms=321420
seq=16071 t=5890.207887 mpu_a=-0.0599,19.6127,8.7616 mpu_g=5.0687,0.2672,0.7786 icm_a=-0.2442,-0.4262,9.8450 icm_g=-0.0610,0.9146,0.0000 age_icm_ms=0.39 mpu_sat=2 errors=13/0/0/0 m4_ms=321440
seq=16072 t=5890.227888 mpu_a=-0.0694,19.6127,8.7269 mpu_g=5.0611,1.4198,0.2061 icm_a=-0.2682,-0.4357,9.8354 icm_g=0.3049,0.6098,0.1829 age_icm_ms=0.39 mpu_sat=2 errors=13/0/0/0 m4_ms=321460
seq=16073 t=5890.247887 mpu_a=-0.0132,19.6127,8.7376 mpu_g=5.3435,1.8931,-0.1908 icm_a=-0.2634,-0.4357,9.8162 icm_g=0.6098,0.0000,0.4878 age_icm_ms=0.40 mpu_sat=2 errors=13/0/0/0 m4_ms=321480
seq=16074 t=5890.267886 mpu_a=-0.0072,19.6127,8.7879 mpu_g=5.0992,1.5115,-0.1069 icm_a=-0.2442,-0.4405,9.8019 icm_g=0.6707,-0.6098,0.4878 age_icm_ms=0.41 mpu_sat=2 errors=13/0/0/0 m4_ms=321500
seq=16075 t=5890.287885 mpu_a=-0.0575,19.6127,8.7520 mpu_g=4.4733,1.2137,0.2748 icm_a=-0.2825,-0.4453,9.8066 icm_g=0.9146,-0.3659,0.3049 age_icm_ms=0.41 mpu_sat=2 errors=13/0/0/0 m4_ms=321520
seq=16076 t=5890.307885 mpu_a=-0.0814,19.6127,8.6431 mpu_g=3.8702,1.1450,0.3359 icm_a=-0.2873,-0.4549,9.7923 icm_g=0.7927,0.2439,0.1220 age_icm_ms=0.41 mpu_sat=2 errors=13/0/0/0 m4_ms=321540
seq=16077 t=5890.327884 mpu_a=-0.0994,19.6127,8.5964 mpu_g=3.9695,0.9237,0.1603 icm_a=-0.2873,-0.4405,9.7779 icm_g=0.1829,0.3659,-0.0610 age_icm_ms=0.37 mpu_sat=2 errors=13/0/0/0 m4_ms=321560
seq=16078 t=5890.347884 mpu_a=-0.0910,19.6127,8.7221 mpu_g=4.8092,1.4427,-0.2137 icm_a=-0.3017,-0.4262,9.7540 icm_g=-0.3659,0.1220,-0.3049 age_icm_ms=0.38 mpu_sat=2 errors=13/0/0/0 m4_ms=321580
seq=16079 t=5890.367884 mpu_a=-0.1030,19.6127,8.6431 mpu_g=4.5954,2.0382,-0.4656 icm_a=-0.2873,-0.4214,9.7396 icm_g=0.0000,-0.0610,-0.6098 age_icm_ms=0.40 mpu_sat=2 errors=13/0/0/0 m4_ms=321600
seq=16080 t=5890.387883 mpu_a=-0.1257,19.6127,8.5162 mpu_g=4.3893,1.8702,-0.7405 icm_a=-0.2634,-0.4310,9.7252 icm_g=0.9146,0.1829,-0.8537 age_icm_ms=0.36 mpu_sat=2 errors=13/0/0/0 m4_ms=321620
seq=16081 t=5890.407883 mpu_a=-0.0048,19.6127,8.5677 mpu_g=4.5115,0.9542,-1.0534 icm_a=-0.2490,-0.4022,9.7396 icm_g=1.4024,0.0000,-0.4878 age_icm_ms=0.37 mpu_sat=2 errors=13/0/0/0 m4_ms=321640
seq=16082 t=5890.427883 mpu_a=0.0419,19.6127,8.6239 mpu_g=4.5496,0.3511,-0.7939 icm_a=-0.2586,-0.4022,9.7540 icm_g=1.7073,-0.0610,0.1220 age_icm_ms=0.40 mpu_sat=2 errors=13/0/0/0 m4_ms=321660
seq=16083 t=5890.447883 mpu_a=0.0048,19.6127,8.5808 mpu_g=4.3817,0.1679,-0.1298 icm_a=-0.2586,-0.3783,9.7588 icm_g=1.7073,0.1220,0.1829 age_icm_ms=0.39 mpu_sat=2 errors=13/0/0/0 m4_ms=321680
seq=16084 t=5890.467883 mpu_a=-0.0156,19.6127,8.6311 mpu_g=4.4427,-0.0458,0.1756 icm_a=-0.2682,-0.3687,9.7971 icm_g=1.4024,0.6098,0.0000 age_icm_ms=0.39 mpu_sat=2 errors=13/0/0/0 m4_ms=321700
seq=16085 t=5890.487884 mpu_a=-0.0323,19.6127,8.6167 mpu_g=4.7863,0.2595,-0.0916 icm_a=-0.2921,-0.3879,9.8162 icm_g=1.2195,0.9146,-0.1829 age_icm_ms=0.38 mpu_sat=2 errors=13/0/0/0 m4_ms=321720
seq=16086 t=5890.507884 mpu_a=-0.0215,19.6127,8.6359 mpu_g=5.1832,0.4733,-0.3359 icm_a=-0.2634,-0.3831,9.8162 icm_g=1.8293,0.7317,-0.1829 age_icm_ms=0.38 mpu_sat=2 errors=13/0/0/0 m4_ms=321740
seq=16087 t=5890.527884 mpu_a=-0.0227,19.6127,8.7460 mpu_g=5.3817,0.2977,-0.3893 icm_a=-0.2634,-0.3687,9.7779 icm_g=2.3780,-0.1220,-0.1220 age_icm_ms=0.40 mpu_sat=2 errors=13/0/0/0 m4_ms=321760
seq=16088 t=5890.547885 mpu_a=0.0227,19.6127,8.7065 mpu_g=4.6412,-0.4962,-0.2519 icm_a=-0.2729,-0.3591,9.8306 icm_g=2.5000,-0.1220,0.0000 age_icm_ms=0.39 mpu_sat=2 errors=13/0/0/0 m4_ms=321780
seq=16089 t=5890.567884 mpu_a=0.0527,19.6127,8.6275 mpu_g=4.0916,-0.8244,-0.1374 icm_a=-0.2442,-0.3496,9.8450 icm_g=1.5854,0.5488,0.0000 age_icm_ms=0.36 mpu_sat=2 errors=13/0/0/0 m4_ms=321800
seq=16090 t=5890.587884 mpu_a=0.0599,19.6127,8.7688 mpu_g=4.6870,-0.4046,-0.0458 icm_a=-0.2203,-0.3735,9.8497 icm_g=0.3659,0.4268,-0.3049 age_icm_ms=0.37 mpu_sat=2 errors=13/0/0/0 m4_ms=321820
seq=16091 t=5890.607884 mpu_a=-0.0419,19.6127,8.7939 mpu_g=4.9008,0.9771,-0.2672 icm_a=-0.2682,-0.3783,9.8545 icm_g=0.2439,0.1829,-0.4878 age_icm_ms=0.36 mpu_sat=2 errors=13/0/0/0 m4_ms=321840
seq=16092 t=5890.627885 mpu_a=0.0239,19.6127,8.7233 mpu_g=4.7023,1.5344,-0.6718 icm_a=-0.2634,-0.3926,9.8450 icm_g=0.5488,0.0610,0.0000 age_icm_ms=0.41 mpu_sat=2 errors=13/0/0/0 m4_ms=321860
seq=16093 t=5890.647883 mpu_a=0.0706,19.6127,8.7041 mpu_g=4.5496,1.3740,-0.5115 icm_a=-0.2586,-0.4166,9.8210 icm_g=0.3659,-0.2439,0.3049 age_icm_ms=0.39 mpu_sat=2 errors=13/0/0/0 m4_ms=321880
seq=16094 t=5890.667882 mpu_a=-0.0215,19.6127,8.7580 mpu_g=4.4122,1.1756,0.0305 icm_a=-0.2777,-0.4453,9.8066 icm_g=0.0000,-0.6098,0.3049 age_icm_ms=0.40 mpu_sat=2 errors=13/0/0/0 m4_ms=321900
seq=16095 t=5890.687882 mpu_a=-0.0682,19.6127,8.6969 mpu_g=3.9389,1.5115,0.1069 icm_a=-0.3112,-0.4214,9.7636 icm_g=-0.4878,-0.1829,0.2439 age_icm_ms=0.40 mpu_sat=2 errors=13/0/0/0 m4_ms=321920
seq=16096 t=5890.707883 mpu_a=-0.0347,19.6127,8.6036 mpu_g=3.8321,1.9542,0.1069 icm_a=-0.3160,-0.4022,9.7492 icm_g=-0.4878,0.3659,-0.1829 age_icm_ms=0.47 mpu_sat=2 errors=13/0/0/0 m4_ms=321940
seq=16097 t=5890.727883 mpu_a=-0.1233,19.6127,8.6179 mpu_g=4.4809,2.2901,-0.0992 icm_a=-0.2729,-0.3783,9.7157 icm_g=-0.2439,0.3049,-1.2805 age_icm_ms=0.42 mpu_sat=2 errors=13/0/0/0 m4_ms=321960
seq=16098 t=5890.747882 mpu_a=-0.1437,19.6127,8.6526 mpu_g=4.7710,2.0763,-0.6718 icm_a=-0.3017,-0.3591,9.7779 icm_g=0.4878,0.4268,-1.6463 age_icm_ms=0.41 mpu_sat=2 errors=13/0/0/0 m4_ms=321980
seq=16099 t=5890.767882 mpu_a=0.0335,19.6127,8.5210 mpu_g=4.6336,1.8092,-1.7710 icm_a=-0.2682,-0.2873,9.7827 icm_g=1.3415,0.7317,-1.1585 age_icm_ms=0.41 mpu_sat=2 errors=13/0/0/0 m4_ms=322000
seq=16100 t=5890.787880 mpu_a=0.1053,19.6127,8.6479 mpu_g=5.0076,0.8855,-1.6718 icm_a=-0.2346,-0.2873,9.7827 icm_g=1.0976,-0.1829,-0.8537 age_icm_ms=0.35 mpu_sat=2 errors=13/0/0/0 m4_ms=322020
seq=16101 t=5890.807880 mpu_a=0.1377,19.6127,8.8346 mpu_g=4.9847,0.3359,-1.2214 icm_a=-0.2251,-0.3112,9.8210 icm_g=0.5488,-0.4268,-0.0610 age_icm_ms=0.36 mpu_sat=2 errors=13/0/0/0 m4_ms=322040
seq=16102 t=5890.827879 mpu_a=0.1951,19.6127,8.7029 mpu_g=3.9542,0.7939,-0.8855 icm_a=-0.2394,-0.3543,9.8497 icm_g=0.7927,0.5488,1.0976 age_icm_ms=0.37 mpu_sat=2 errors=13/0/0/0 m4_ms=322060
seq=16103 t=5890.847878 mpu_a=0.1377,19.6127,8.5856 mpu_g=4.0840,1.2137,0.0076 icm_a=-0.2634,-0.3879,9.8593 icm_g=0.7927,1.0366,1.5854 age_icm_ms=0.37 mpu_sat=2 errors=13/0/0/0 m4_ms=322080
seq=16104 t=5890.867878 mpu_a=0.0479,19.6127,8.7329 mpu_g=5.2366,1.0305,1.1069 icm_a=-0.2873,-0.3687,9.8402 icm_g=0.4268,0.1220,0.8537 age_icm_ms=0.35 mpu_sat=2 errors=13/0/0/0 m4_ms=322100
seq=16105 t=5890.887878 mpu_a=-0.0694,19.6127,8.8777 mpu_g=5.4351,1.0000,1.3893 icm_a=-0.2969,-0.3974,9.7875 icm_g=-0.3049,-1.2195,-0.0610 age_icm_ms=0.37 mpu_sat=2 errors=13/0/0/0 m4_ms=322120
seq=16106 t=5890.907877 mpu_a=-0.0706,19.6127,8.8813 mpu_g=4.2672,1.4656,0.4733 icm_a=-0.3304,-0.4022,9.7731 icm_g=-0.7927,-1.1585,0.0000 age_icm_ms=0.36 mpu_sat=2 errors=13/0/0/0 m4_ms=322140
seq=16107 t=5890.927876 mpu_a=0.0072,19.6127,8.6072 mpu_g=3.0611,2.1985,-0.3130 icm_a=-0.3160,-0.4118,9.7827 icm_g=-0.2439,0.1829,0.2439 age_icm_ms=0.35 mpu_sat=2 errors=13/0/0/0 m4_ms=322160
seq=16108 t=5890.947878 mpu_a=-0.0180,19.6127,8.4384 mpu_g=3.2977,2.5344,-0.2366 icm_a=-0.2729,-0.4214,9.7683 icm_g=0.1829,0.7317,0.0000 age_icm_ms=0.39 mpu_sat=2 errors=13/0/0/0 m4_ms=322180
seq=16109 t=5890.967877 mpu_a=-0.0922,19.6127,8.6072 mpu_g=4.6870,1.9237,0.1145 icm_a=-0.2538,-0.3926,9.7300 icm_g=-0.3049,-0.1829,-0.8537 age_icm_ms=0.38 mpu_sat=2 errors=13/0/0/0 m4_ms=322200
seq=16110 t=5890.987876 mpu_a=-0.1125,19.6127,8.7604 mpu_g=5.1679,1.5267,-0.2672 icm_a=-0.2825,-0.3687,9.7252 icm_g=-0.4268,-0.6098,-1.0976 age_icm_ms=0.36 mpu_sat=2 errors=13/0/0/0 m4_ms=322220
seq=16111 t=5891.007876 mpu_a=-0.0407,19.6127,8.6862 mpu_g=4.0916,1.9313,-1.1527 icm_a=-0.2921,-0.3448,9.7444 icm_g=0.6098,0.1829,-0.2439 age_icm_ms=0.36 mpu_sat=2 errors=13/0/0/0 m4_ms=322240
seq=16112 t=5891.027877 mpu_a=0.1065,19.6127,8.4120 mpu_g=3.7328,2.1069,-1.3130 icm_a=-0.2490,-0.3400,9.7683 icm_g=1.4024,0.5488,0.4268 age_icm_ms=0.41 mpu_sat=2 errors=13/0/0/0 m4_ms=322260
seq=16113 t=5891.047876 mpu_a=0.0658,19.6127,8.5437 mpu_g=4.5954,1.1221,-0.3969 icm_a=-0.2442,-0.3591,9.7540 icm_g=1.2195,0.1220,0.4268 age_icm_ms=0.37 mpu_sat=2 errors=13/0/0/0 m4_ms=322280
seq=16114 t=5891.067877 mpu_a=0.0359,19.6127,8.7329 mpu_g=5.0458,0.3588,0.2672 icm_a=-0.2394,-0.3735,9.7827 icm_g=0.3659,0.2439,0.0610 age_icm_ms=0.39 mpu_sat=2 errors=13/0/0/0 m4_ms=322300
seq=16115 t=5891.087878 mpu_a=0.0132,19.6127,8.6646 mpu_g=4.5649,0.4885,0.2595 icm_a=-0.2490,-0.3687,9.7923 icm_g=-0.2439,1.1585,-0.4268 age_icm_ms=0.40 mpu_sat=2 errors=13/0/0/0 m4_ms=322320
seq=16116 t=5891.107879 mpu_a=-0.0168,19.6127,8.6251 mpu_g=4.6412,1.3282,-0.1450 icm_a=-0.2634,-0.3783,9.8785 icm_g=0.0000,1.9512,-0.3659 age_icm_ms=0.39 mpu_sat=2 errors=13/0/0/0 m4_ms=322340
seq=16117 t=5891.127879 mpu_a=-0.0048,19.6127,8.6491 mpu_g=5.4351,1.9160,-0.5954 icm_a=-0.2490,-0.3926,9.8976 icm_g=0.7317,1.2805,0.0610 age_icm_ms=0.37 mpu_sat=2 errors=13/0/0/0 m4_ms=322360
seq=16118 t=5891.147879 mpu_a=0.0527,19.6127,8.7556 mpu_g=6.2519,1.7939,-0.6718 icm_a=-0.2394,-0.3974,9.8641 icm_g=0.6098,-0.3659,0.2439 age_icm_ms=0.37 mpu_sat=2 errors=13/0/0/0 m4_ms=322380
seq=16119 t=5891.167880 mpu_a=0.0156,19.6127,8.9627 mpu_g=5.8855,1.1679,-0.1527 icm_a=-0.2346,-0.3783,9.8497 icm_g=0.1829,-1.3415,0.0000 age_icm_ms=0.39 mpu_sat=2 errors=13/0/0/0 m4_ms=322400
seq=16120 t=5891.187879 mpu_a=-0.0024,19.6127,8.7340 mpu_g=3.0687,1.4427,-0.0992 icm_a=-0.2777,-0.3496,9.8641 icm_g=-0.3659,-0.7927,-0.4268 age_icm_ms=0.38 mpu_sat=2 errors=13/0/0/0 m4_ms=322420
seq=16121 t=5891.207879 mpu_a=0.0551,19.6127,8.6455 mpu_g=3.3206,1.9771,-0.5496 icm_a=-0.2729,-0.3687,9.8450 icm_g=-0.8537,0.1220,-0.1220 age_icm_ms=0.37 mpu_sat=2 errors=13/0/0/0 m4_ms=322440
seq=16122 t=5891.227879 mpu_a=0.0431,19.6127,8.7352 mpu_g=4.4275,2.4046,-0.4809 icm_a=-0.2921,-0.3783,9.8114 icm_g=-0.9146,-0.0610,0.2439 age_icm_ms=0.37 mpu_sat=2 errors=13/0/0/0 m4_ms=322460
seq=16123 t=5891.247878 mpu_a=-0.0251,19.6127,8.7089 mpu_g=4.5191,2.6870,0.0076 icm_a=-0.2873,-0.3926,9.7636 icm_g=-0.6098,-0.9146,-0.0610 age_icm_ms=0.37 mpu_sat=2 errors=13/0/0/0 m4_ms=322480
seq=16124 t=5891.267878 mpu_a=-0.1077,19.6127,8.7137 mpu_g=3.8321,2.4427,-0.1298 icm_a=-0.2729,-0.3974,9.7348 icm_g=-0.6098,-1.3415,-0.7927 age_icm_ms=0.38 mpu_sat=2 errors=13/0/0/0 m4_ms=322500
seq=16125 t=5891.287880 mpu_a=-0.0706,19.6127,8.5222 mpu_g=3.0763,2.3282,-0.8168 icm_a=-0.2586,-0.4214,9.7252 icm_g=-0.6098,-0.7927,-0.7927 age_icm_ms=0.41 mpu_sat=2 errors=13/0/0/0 m4_ms=322520
seq=16126 t=5891.307881 mpu_a=0.0287,19.6127,8.5593 mpu_g=3.2901,2.2824,-1.0534 icm_a=-0.2586,-0.4310,9.7636 icm_g=-0.9756,0.0000,-0.0610 age_icm_ms=0.42 mpu_sat=2 errors=13/0/0/0 m4_ms=322540
seq=16127 t=5891.327883 mpu_a=0.0215,19.6127,8.6095 mpu_g=4.0992,2.5038,-0.6031 icm_a=-0.3065,-0.3974,9.7252 icm_g=-1.7073,0.0000,0.2439 age_icm_ms=0.41 mpu_sat=2 errors=13/0/0/0 m4_ms=322560
seq=16128 t=5891.347885 mpu_a=-0.1281,19.6127,8.7053 mpu_g=4.5573,3.1221,0.0000 icm_a=-0.3112,-0.4357,9.7300 icm_g=-1.7073,0.0610,-0.7317 age_icm_ms=0.46 mpu_sat=2 errors=13/0/0/0 m4_ms=322580
seq=16129 t=5891.367884 mpu_a=-0.2071,19.6127,8.4420 mpu_g=4.2748,3.6718,-0.5649 icm_a=-0.2634,-0.4501,9.7444 icm_g=-0.3049,0.4878,-1.2195 age_icm_ms=0.39 mpu_sat=2 errors=13/0/0/0 m4_ms=322600
seq=16130 t=5891.387884 mpu_a=-0.0563,19.6127,8.5210 mpu_g=4.6794,2.6412,-1.5038 icm_a=-0.2490,-0.4453,9.7588 icm_g=0.7927,0.1829,-0.4268 age_icm_ms=0.42 mpu_sat=2 errors=13/0/0/0 m4_ms=322620
seq=16131 t=5891.407883 mpu_a=0.0347,19.6127,8.6538 mpu_g=4.8244,1.3130,-1.1450 icm_a=-0.2346,-0.3974,9.7588 icm_g=1.7683,-0.6098,0.1829 age_icm_ms=0.42 mpu_sat=2 errors=13/0/0/0 m4_ms=322640
seq=16132 t=5891.427883 mpu_a=-0.0359,19.6127,8.6287 mpu_g=4.1603,0.4427,-0.0916 icm_a=-0.2155,-0.3448,9.7396 icm_g=2.0122,-0.8537,-0.4268 age_icm_ms=0.36 mpu_sat=2 errors=13/0/0/0 m4_ms=322660
seq=16133 t=5891.447881 mpu_a=-0.0539,19.6127,8.6095 mpu_g=3.5573,-0.2901,-0.0305 icm_a=-0.1867,-0.3400,9.7875 icm_g=1.1585,0.2439,-0.8537 age_icm_ms=0.35 mpu_sat=2 errors=13/0/0/0 m4_ms=322680
seq=16134 t=5891.467881 mpu_a=0.0862,19.6127,8.6263 mpu_g=3.9313,-0.0458,-0.8931 icm_a=-0.1915,-0.3639,9.8162 icm_g=-0.0610,1.4634,-0.1220 age_icm_ms=0.36 mpu_sat=2 errors=13/0/0/0 m4_ms=322700
seq=16135 t=5891.487880 mpu_a=0.1389,19.6127,8.6981 mpu_g=5.3435,1.0840,-0.8626 icm_a=-0.2155,-0.3974,9.8402 icm_g=-0.5488,1.4634,0.9756 age_icm_ms=0.36 mpu_sat=2 errors=13/0/0/0 m4_ms=322720
seq=16136 t=5891.507879 mpu_a=0.0395,19.6127,8.7939 mpu_g=6.0305,2.1527,0.1145 icm_a=-0.2490,-0.4214,9.8258 icm_g=0.4878,0.4878,1.2195 age_icm_ms=0.36 mpu_sat=2 errors=13/0/0/0 m4_ms=322740
seq=16137 t=5891.527879 mpu_a=-0.0599,19.6127,8.7712 mpu_g=5.5573,2.0458,0.9313 icm_a=-0.2729,-0.4453,9.8354 icm_g=1.1585,-0.4268,1.2195 age_icm_ms=0.37 mpu_sat=2 errors=13/0/0/0 m4_ms=322760
seq=16138 t=5891.547879 mpu_a=-0.0670,19.6127,8.6993 mpu_g=4.4351,1.0000,0.9924 icm_a=-0.2777,-0.4645,9.8306 icm_g=1.1585,-0.3659,1.0366 age_icm_ms=0.40 mpu_sat=2 errors=13/0/0/0 m4_ms=322780
seq=16139 t=5891.567879 mpu_a=-0.1161,19.6127,8.6838 mpu_g=3.8473,0.5954,1.0687 icm_a=-0.2921,-0.4741,9.8402 icm_g=0.7317,0.4268,0.4268 age_icm_ms=0.40 mpu_sat=2 errors=13/0/0/0 m4_ms=322800
seq=16140 t=5891.587878 mpu_a=-0.1604,19.6127,8.6251 mpu_g=4.2290,0.6870,0.7099 icm_a=-0.3208,-0.4405,9.8545 icm_g=0.4878,0.7317,-0.2439 age_icm_ms=0.36 mpu_sat=2 errors=13/0/0/0 m4_ms=322820
seq=16141 t=5891.607879 mpu_a=-0.1269,19.6127,8.8047 mpu_g=5.0305,1.0840,-0.0763 icm_a=-0.3065,-0.4501,9.8402 icm_g=-0.3049,0.0000,-0.4268 age_icm_ms=0.39 mpu_sat=2 errors=13/0/0/0 m4_ms=322840
seq=16142 t=5891.627879 mpu_a=-0.0539,19.6127,8.8753 mpu_g=5.0611,1.4809,-0.5802 icm_a=-0.2921,-0.4501,9.7875 icm_g=-0.8537,-0.6707,-0.5488 age_icm_ms=0.40 mpu_sat=2 errors=13/0/0/0 m4_ms=322860
seq=16143 t=5891.647879 mpu_a=-0.0898,19.6127,8.7664 mpu_g=4.1603,2.2748,-0.7099 icm_a=-0.2921,-0.4405,9.7827 icm_g=-0.4878,-0.2439,-0.8537 age_icm_ms=0.38 mpu_sat=2 errors=13/0/0/0 m4_ms=322880
seq=16144 t=5891.667880 mpu_a=-0.1209,19.6127,8.5210 mpu_g=3.6641,2.6870,-0.8779 icm_a=-0.2586,-0.4405,9.7588 icm_g=0.5488,0.4878,-0.8537 age_icm_ms=0.39 mpu_sat=2 errors=13/0/0/0 m4_ms=322900
seq=16145 t=5891.687882 mpu_a=-0.0587,19.6127,8.4659 mpu_g=4.3435,1.9618,-1.1603 icm_a=-0.2059,-0.4070,9.7061 icm_g=0.5488,0.0000,-0.7317 age_icm_ms=0.45 mpu_sat=2 errors=13/0/0/0 m4_ms=322920
seq=16146 t=5891.707883 mpu_a=-0.0156,19.6127,8.6945 mpu_g=4.9389,0.9618,-1.0000 icm_a=-0.2298,-0.3591,9.7396 icm_g=0.2439,-0.5488,-0.6707 age_icm_ms=0.42 mpu_sat=2 errors=13/0/0/0 m4_ms=322940
seq=16147 t=5891.727885 mpu_a=-0.0132,19.6127,8.6239 mpu_g=4.2214,1.2672,-0.8931 icm_a=-0.2777,-0.3160,9.7875 icm_g=1.7073,0.3659,-0.1829 age_icm_ms=0.41 mpu_sat=2 errors=13/0/0/0 m4_ms=322960
seq=16148 t=5891.747885 mpu_a=0.0730,19.6127,8.4527 mpu_g=3.9466,1.3130,-0.7863 icm_a=-0.2251,-0.3160,9.7683 icm_g=2.1951,0.4268,0.1220 age_icm_ms=0.38 mpu_sat=2 errors=13/0/0/0 m4_ms=322980
seq=16149 t=5891.767886 mpu_a=0.0874,19.6127,8.7053 mpu_g=4.8321,-0.1832,-0.2672 icm_a=-0.2346,-0.3400,9.7779 icm_g=0.9146,-0.4268,0.7927 age_icm_ms=0.39 mpu_sat=2 errors=13/0/0/0 m4_ms=323000
seq=16150 t=5891.787886 mpu_a=0.1329,19.6127,8.7963 mpu_g=4.7863,-0.2977,0.0611 icm_a=-0.2538,-0.3974,9.8019 icm_g=0.6707,0.0000,1.4024 age_icm_ms=0.38 mpu_sat=2 errors=13/0/0/0 m4_ms=323020
seq=16151 t=5891.807885 mpu_a=0.0611,19.6127,8.6155 mpu_g=3.9008,0.9466,0.7328 icm_a=-0.2729,-0.4070,9.8019 icm_g=1.6463,1.0366,1.3415 age_icm_ms=0.37 mpu_sat=2 errors=13/0/0/0 m4_ms=323040
seq=16152 t=5891.827884 mpu_a=-0.0718,19.6127,8.4683 mpu_g=4.3664,1.2061,1.2290 icm_a=-0.2921,-0.4262,9.8593 icm_g=2.1951,1.0366,0.9756 age_icm_ms=0.36 mpu_sat=2 errors=13/0/0/0 m4_ms=323060
seq=16153 t=5891.847884 mpu_a=-0.1006,19.6127,8.6598 mpu_g=5.5496,0.1374,1.2137 icm_a=-0.2969,-0.4310,9.8737 icm_g=1.4634,-0.1220,0.7317 age_icm_ms=0.36 mpu_sat=2 errors=13/0/0/0 m4_ms=323080
seq=16154 t=5891.867884 mpu_a=-0.0491,19.6127,8.8957 mpu_g=5.5725,-0.3969,0.8397 icm_a=-0.3160,-0.4166,9.8402 icm_g=0.4268,-0.7927,0.3659 age_icm_ms=0.38 mpu_sat=2 errors=13/0/0/0 m4_ms=323100
seq=16155 t=5891.887885 mpu_a=-0.0694,19.6127,8.9052 mpu_g=4.3817,0.2443,0.5802 icm_a=-0.3112,-0.4262,9.8114 icm_g=-0.0610,-0.2439,-0.2439 age_icm_ms=0.40 mpu_sat=2 errors=13/0/0/0 m4_ms=323120
seq=16156 t=5891.907886 mpu_a=-0.1041,19.6127,8.6933 mpu_g=3.5954,1.3206,0.2519 icm_a=-0.2873,-0.4357,9.8162 icm_g=-0.0610,0.3049,-0.4268 age_icm_ms=0.40 mpu_sat=2 errors=13/0/0/0 m4_ms=323140
seq=16157 t=5891.927885 mpu_a=-0.0778,19.6127,8.6060 mpu_g=4.0229,1.7939,-0.3893 icm_a=-0.2490,-0.4357,9.8306 icm_g=0.7927,-0.0610,-0.0610 age_icm_ms=0.39 mpu_sat=2 errors=13/0/0/0 m4_ms=323160
seq=16158 t=5891.947883 mpu_a=-0.0335,19.6127,8.6682 mpu_g=4.6183,1.7786,-0.6718 icm_a=-0.2490,-0.4118,9.8019 icm_g=0.7317,-0.7927,-0.0610 age_icm_ms=0.40 mpu_sat=2 errors=13/0/0/0 m4_ms=323180
seq=16159 t=5891.967884 mpu_a=-0.0347,19.6127,8.8083 mpu_g=4.5267,1.0916,-0.2977 icm_a=-0.2777,-0.3735,9.7540 icm_g=0.0610,-0.3659,-0.6098 age_icm_ms=0.49 mpu_sat=2 errors=13/0/0/0 m4_ms=323200
seq=16160 t=5891.987886 mpu_a=-0.0599,19.6127,8.6862 mpu_g=3.6947,0.9389,-0.1756 icm_a=-0.2729,-0.3543,9.7492 icm_g=-0.0610,0.6707,-0.9756 age_icm_ms=0.48 mpu_sat=2 errors=13/0/0/0 m4_ms=323220
seq=16161 t=5892.007885 mpu_a=0.0180,19.6127,8.5078 mpu_g=4.8244,1.8550,-1.1679 icm_a=-0.2394,-0.3639,9.7731 icm_g=0.4878,0.7927,-0.7317 age_icm_ms=0.37 mpu_sat=2 errors=13/0/0/0 m4_ms=323240
seq=16162 t=5892.027884 mpu_a=0.0515,19.6127,8.7340 mpu_g=5.3588,1.4275,-1.0305 icm_a=-0.1963,-0.3543,9.7588 icm_g=1.3415,-0.1829,-0.1829 age_icm_ms=0.36 mpu_sat=2 errors=13/0/0/0 m4_ms=323260
seq=16163 t=5892.047883 mpu_a=0.0120,19.6127,8.6838 mpu_g=4.5267,0.5420,-0.4656 icm_a=-0.2011,-0.3591,9.7636 icm_g=1.9512,-0.8537,0.1829 age_icm_ms=0.35 mpu_sat=2 errors=13/0/0/0 m4_ms=323280
seq=16164 t=5892.067882 mpu_a=0.0299,19.6127,8.5509 mpu_g=3.5191,-0.1603,-0.0229 icm_a=-0.2442,-0.3304,9.7923 icm_g=1.8293,0.3659,0.4878 age_icm_ms=0.37 mpu_sat=2 errors=13/0/0/0 m4_ms=323300
seq=16165 t=5892.087881 mpu_a=0.0527,19.6127,8.5569 mpu_g=4.2137,-0.2290,0.2748 icm_a=-0.2586,-0.3591,9.8450 icm_g=1.2805,1.9512,0.6707 age_icm_ms=0.35 mpu_sat=2 errors=13/0/0/0 m4_ms=323320
seq=16166 t=5892.107880 mpu_a=0.0072,19.6127,8.7412 mpu_g=6.0076,0.2366,0.4198 icm_a=-0.2586,-0.3687,9.8737 icm_g=0.9756,1.4634,0.1829 age_icm_ms=0.36 mpu_sat=2 errors=13/0/0/0 m4_ms=323340
seq=16167 t=5892.127880 mpu_a=-0.0730,19.6127,8.9471 mpu_g=6.3664,0.6794,0.2214 icm_a=-0.2634,-0.3496,9.8450 icm_g=1.2805,-0.1829,-0.5488 age_icm_ms=0.37 mpu_sat=2 errors=13/0/0/0 m4_ms=323360
seq=16168 t=5892.147880 mpu_a=-0.0323,19.6127,8.7915 mpu_g=4.7328,0.6031,-0.4580 icm_a=-0.2538,-0.3352,9.8354 icm_g=1.7683,-0.6098,-0.4878 age_icm_ms=0.38 mpu_sat=2 errors=13/0/0/0 m4_ms=323380
seq=16169 t=5892.167879 mpu_a=0.1077,19.6127,8.6311 mpu_g=3.6565,0.0458,-0.8168 icm_a=-0.2442,-0.3448,9.8258 icm_g=1.5854,-0.1220,0.2439 age_icm_ms=0.37 mpu_sat=2 errors=13/0/0/0 m4_ms=323400
seq=16170 t=5892.187878 mpu_a=0.0826,19.6127,8.6874 mpu_g=4.0916,0.0229,-0.1832 icm_a=-0.2155,-0.3591,9.8258 icm_g=1.0366,-0.3049,0.4878 age_icm_ms=0.36 mpu_sat=2 errors=13/0/0/0 m4_ms=323420
seq=16171 t=5892.207879 mpu_a=-0.0323,19.6127,8.8394 mpu_g=4.3664,0.4504,0.3817 icm_a=-0.2298,-0.4118,9.7827 icm_g=0.6707,-1.3415,0.3659 age_icm_ms=0.40 mpu_sat=2 errors=13/0/0/0 m4_ms=323440
seq=16172 t=5892.227880 mpu_a=-0.0311,19.6127,8.7077 mpu_g=3.4962,1.0458,0.1679 icm_a=-0.2394,-0.3831,9.7588 icm_g=0.6098,-0.9756,0.1220 age_icm_ms=0.39 mpu_sat=2 errors=13/0/0/0 m4_ms=323460
seq=16173 t=5892.247880 mpu_a=-0.0814,19.6127,8.5329 mpu_g=2.9695,1.1832,0.0763 icm_a=-0.2586,-0.4022,9.7348 icm_g=0.1829,0.0610,0.2439 age_icm_ms=0.38 mpu_sat=2 errors=13/0/0/0 m4_ms=323480
seq=16174 t=5892.267880 mpu_a=0.0311,19.6127,8.5892 mpu_g=3.9924,1.2595,-0.0840 icm_a=-0.2921,-0.4118,9.7300 icm_g=-0.6098,0.1220,0.4878 age_icm_ms=0.38 mpu_sat=2 errors=13/0/0/0 m4_ms=323500
seq=16175 t=5892.287881 mpu_a=-0.0515,19.6127,8.6538 mpu_g=4.6489,2.0458,0.2214 icm_a=-0.3065,-0.4166,9.7013 icm_g=-0.1829,-0.2439,-0.1220 age_icm_ms=0.39 mpu_sat=2 errors=13/0/0/0 m4_ms=323520
seq=16176 t=5892.307881 mpu_a=-0.1065,19.6127,8.5868 mpu_g=4.3817,2.2366,0.0305 icm_a=-0.2729,-0.4022,9.7252 icm_g=0.8537,0.0000,-0.9756 age_icm_ms=0.37 mpu_sat=2 errors=13/0/0/0 m4_ms=323540
seq=16177 t=5892.327881 mpu_a=-0.1077,19.6127,8.4563 mpu_g=4.0611,1.4656,-0.7099 icm_a=-0.2682,-0.3831,9.7636 icm_g=1.3415,0.7317,-0.9146 age_icm_ms=0.38 mpu_sat=2 errors=13/0/0/0 m4_ms=323560
seq=16178 t=5892.347881 mpu_a=0.0395,19.6127,8.5724 mpu_g=4.7328,0.6183,-1.1985 icm_a=-0.2682,-0.3591,9.7731 icm_g=1.2805,0.6098,-0.6098 age_icm_ms=0.38 mpu_sat=2 errors=13/0/0/0 m4_ms=323580
seq=16179 t=5892.367881 mpu_a=0.0455,19.6127,8.7520 mpu_g=5.0992,0.2595,-0.9618 icm_a=-0.2777,-0.3352,9.8066 icm_g=1.0366,0.3049,-0.6098 age_icm_ms=0.37 mpu_sat=2 errors=13/0/0/0 m4_ms=323600
seq=16180 t=5892.387882 mpu_a=0.0275,19.6127,8.6910 mpu_g=4.8702,0.5496,-0.7023 icm_a=-0.2490,-0.3017,9.8066 icm_g=0.8537,0.4878,-1.0366 age_icm_ms=0.41 mpu_sat=2 errors=13/0/0/0 m4_ms=323620
seq=16181 t=5892.407883 mpu_a=0.0491,19.6127,8.6371 mpu_g=4.6031,0.6947,-0.9160 icm_a=-0.2155,-0.2969,9.8114 icm_g=0.4878,0.7317,-1.0976 age_icm_ms=0.40 mpu_sat=2 errors=13/0/0/0 m4_ms=323640
seq=16182 t=5892.427885 mpu_a=0.0838,19.6127,8.6981 mpu_g=5.0229,0.9237,-1.3053 icm_a=-0.2011,-0.3208,9.8306 icm_g=0.1829,0.3659,-0.4878 age_icm_ms=0.40 mpu_sat=2 errors=13/0/0/0 m4_ms=323660
seq=16183 t=5892.447886 mpu_a=0.1317,19.6127,8.7580 mpu_g=5.1069,1.3588,-1.1679 icm_a=-0.2059,-0.3065,9.8354 icm_g=0.4268,-0.2439,0.1220 age_icm_ms=0.40 mpu_sat=2 errors=13/0/0/0 m4_ms=323680
seq=16184 t=5892.467887 mpu_a=0.1413,19.6127,8.7352 mpu_g=4.6260,1.5267,-0.4733 icm_a=-0.2346,-0.3208,9.8354 icm_g=0.9756,-0.1829,0.7317 age_icm_ms=0.40 mpu_sat=2 errors=13/0/0/0 m4_ms=323700
seq=16185 t=5892.487888 mpu_a=0.1065,19.6127,8.6395 mpu_g=4.0611,1.2901,0.1298 icm_a=-0.2442,-0.3304,9.8450 icm_g=1.1585,0.3049,0.9146 age_icm_ms=0.39 mpu_sat=2 errors=13/0/0/0 m4_ms=323720
seq=16186 t=5892.507887 mpu_a=0.0670,19.6127,8.6467 mpu_g=4.3130,0.7481,0.6260 icm_a=-0.2825,-0.3496,9.8354 icm_g=0.5488,0.3659,0.6707 age_icm_ms=0.40 mpu_sat=2 errors=13/0/0/0 m4_ms=323740
seq=16187 t=5892.527886 mpu_a=0.0036,19.6127,8.7975 mpu_g=4.8244,0.7405,0.6870 icm_a=-0.2825,-0.3639,9.8545 icm_g=-0.5488,-0.2439,0.1220 age_icm_ms=0.40 mpu_sat=2 errors=13/0/0/0 m4_ms=323760
seq=16188 t=5892.547884 mpu_a=-0.0311,19.6127,8.8478 mpu_g=4.6641,1.3435,0.4198 icm_a=-0.2634,-0.3639,9.7971 icm_g=-1.1585,-0.4268,-0.7927 age_icm_ms=0.35 mpu_sat=2 errors=13/0/0/0 m4_ms=323780
seq=16189 t=5892.567885 mpu_a=-0.0611,19.6127,8.7376 mpu_g=4.0458,2.3664,-0.2443 icm_a=-0.2346,-0.4070,9.7827 icm_g=-0.9146,-0.1220,-0.9756 age_icm_ms=0.40 mpu_sat=2 errors=13/0/0/0 m4_ms=323800
seq=16190 t=5892.587884 mpu_a=0.0036,19.6127,8.6024 mpu_g=3.9542,2.8702,-1.0992 icm_a=-0.2298,-0.4166,9.7492 icm_g=-0.5488,0.1220,-0.6098 age_icm_ms=0.38 mpu_sat=2 errors=13/0/0/0 m4_ms=323820
seq=16191 t=5892.607883 mpu_a=0.0072,19.6127,8.5952 mpu_g=4.2672,2.5954,-1.2290 icm_a=-0.2538,-0.3926,9.7492 icm_g=0.1220,0.0610,-0.4878 age_icm_ms=0.37 mpu_sat=2 errors=13/0/0/0 m4_ms=323840
seq=16192 t=5892.627886 mpu_a=-0.0084,19.6127,8.6335 mpu_g=4.5267,2.1832,-0.7710 icm_a=-0.2634,-0.3687,9.7252 icm_g=1.2195,-0.1220,-0.4878 age_icm_ms=0.44 mpu_sat=2 errors=13/0/0/0 m4_ms=323860
seq=16193 t=5892.647885 mpu_a=-0.0251,19.6127,8.5916 mpu_g=4.4656,1.4885,-0.6183 icm_a=-0.2394,-0.3687,9.7252 icm_g=1.0976,-0.4268,-0.3659 age_icm_ms=0.37 mpu_sat=2 errors=13/0/0/0 m4_ms=323880
seq=16194 t=5892.667884 mpu_a=0.0144,19.6127,8.6467 mpu_g=4.2061,0.4656,-0.6031 icm_a=-0.2490,-0.3735,9.7540 icm_g=0.3049,0.5488,-0.6098 age_icm_ms=0.35 mpu_sat=2 errors=13/0/0/0 m4_ms=323900
seq=16195 t=5892.687883 mpu_a=0.0000,19.6127,8.5210 mpu_g=4.0687,0.6031,-0.5420 icm_a=-0.2394,-0.3160,9.7636 icm_g=0.6707,1.3415,-0.8537 age_icm_ms=0.36 mpu_sat=2 errors=13/0/0/0 m4_ms=323920
seq=16196 t=5892.707882 mpu_a=0.0132,19.6127,8.5629 mpu_g=4.8855,1.4656,-0.7939 icm_a=-0.2203,-0.3112,9.7683 icm_g=1.1585,0.0610,-0.9146 age_icm_ms=0.36 mpu_sat=2 errors=13/0/0/0 m4_ms=323940
seq=16197 t=5892.727882 mpu_a=0.0587,19.6127,8.8059 mpu_g=5.7405,1.0458,-1.0992 icm_a=-0.2538,-0.3400,9.8066 icm_g=2.1341,-0.7317,0.1220 age_icm_ms=0.40 mpu_sat=2 errors=13/0/0/0 m4_ms=323960
seq=16198 t=5892.747882 mpu_a=0.1365,19.6127,8.6754 mpu_g=4.5649,0.6412,-1.1603 icm_a=-0.2298,-0.3256,9.8402 icm_g=2.6829,0.4268,1.2195 age_icm_ms=0.38 mpu_sat=2 errors=13/0/0/0 m4_ms=323980
seq=16199 t=5892.767882 mpu_a=0.1437,19.6127,8.5186 mpu_g=3.6489,-0.2672,-0.1221 icm_a=-0.2634,-0.3256,9.8593 icm_g=1.7683,1.0976,1.0366 age_icm_ms=0.39 mpu_sat=2 errors=13/0/0/0 m4_ms=324000
seq=16200 t=5892.787881 mpu_a=0.0467,19.6127,8.6981 mpu_g=4.6947,-0.9771,1.1527 icm_a=-0.2729,-0.2538,9.8450 icm_g=0.6707,0.4268,-0.3659 age_icm_ms=0.36 mpu_sat=2 errors=13/0/0/0 m4_ms=324020
seq=16201 t=5892.807880 mpu_a=-0.0431,19.6127,8.8897 mpu_g=5.5115,-0.1679,1.0687 icm_a=-0.2873,-0.2873,9.8833 icm_g=0.4268,-0.3659,-1.0976 age_icm_ms=0.37 mpu_sat=2 errors=13/0/0/0 m4_ms=324040
seq=16202 t=5892.827881 mpu_a=0.1676,19.6127,8.7700 mpu_g=4.0305,1.3664,-1.3511 icm_a=-0.2538,-0.3496,9.8737 icm_g=0.7317,-0.7927,0.1220 age_icm_ms=0.39 mpu_sat=2 errors=13/0/0/0 m4_ms=324060
seq=16203 t=5892.847881 mpu_a=0.1688,19.6127,8.8083 mpu_g=3.7023,1.0000,-0.4046 icm_a=-0.2682,-0.3496,9.8258 icm_g=0.7317,-0.9146,1.3415 age_icm_ms=0.39 mpu_sat=2 errors=13/0/0/0 m4_ms=324080
seq=16204 t=5892.867882 mpu_a=-0.0156,19.6127,8.6921 mpu_g=3.5038,1.0992,1.0992 icm_a=-0.2873,-0.3496,9.8162 icm_g=0.7927,-0.6098,0.6098 age_icm_ms=0.41 mpu_sat=2 errors=13/0/0/0 m4_ms=324100
seq=16205 t=5892.887884 mpu_a=-0.0970,19.6127,8.6036 mpu_g=3.7252,0.9847,0.8168 icm_a=-0.2682,-0.3256,9.8066 icm_g=0.1829,0.1220,-0.7317 age_icm_ms=0.41 mpu_sat=2 errors=13/0/0/0 m4_ms=324120
seq=16206 t=5892.907885 mpu_a=-0.0144,19.6127,8.7376 mpu_g=4.3664,1.1832,-0.5725 icm_a=-0.2634,-0.3304,9.7875 icm_g=-1.2805,0.3659,-1.1585 age_icm_ms=0.42 mpu_sat=2 errors=13/0/0/0 m4_ms=324140
seq=16207 t=5892.927886 mpu_a=0.1221,19.6127,8.7185 mpu_g=4.8092,2.5267,-1.4427 icm_a=-0.2777,-0.3304,9.7875 icm_g=-1.1585,-0.0610,-0.4268 age_icm_ms=0.40 mpu_sat=2 errors=13/0/0/0 m4_ms=324160
seq=16208 t=5892.947886 mpu_a=0.0694,19.6127,8.6634 mpu_g=4.5573,3.1527,-0.8855 icm_a=-0.2538,-0.3304,9.7444 icm_g=0.3049,-1.0366,-0.1829 age_icm_ms=0.37 mpu_sat=2 errors=13/0/0/0 m4_ms=324180
seq=16209 t=5892.967888 mpu_a=0.0227,19.6127,8.6084 mpu_g=3.7099,1.9924,-0.3359 icm_a=-0.2011,-0.3400,9.6965 icm_g=1.1585,-1.2195,-0.3659 age_icm_ms=0.40 mpu_sat=2 errors=13/0/0/0 m4_ms=324200
seq=16210 t=5892.987887 mpu_a=0.0419,19.6127,8.4168 mpu_g=3.0763,0.8168,-0.4504 icm_a=-0.1724,-0.3543,9.7061 icm_g=1.2195,0.0000,-0.3049 age_icm_ms=0.37 mpu_sat=2 errors=13/0/0/0 m4_ms=324220
seq=16211 t=5893.007887 mpu_a=0.0706,19.6127,8.4288 mpu_g=3.7863,0.4275,-0.4733 icm_a=-0.2011,-0.3496,9.7540 icm_g=0.7317,1.0366,0.3049 age_icm_ms=0.40 mpu_sat=2 errors=13/0/0/0 m4_ms=324240
seq=16212 t=5893.027887 mpu_a=0.1030,19.6127,8.6682 mpu_g=5.1679,0.6947,-0.1145 icm_a=-0.2394,-0.3496,9.7971 icm_g=0.1220,1.0976,0.7927 age_icm_ms=0.37 mpu_sat=2 errors=13/0/0/0 m4_ms=324260
seq=16213 t=5893.047888 mpu_a=0.0443,19.6127,8.7173 mpu_g=5.6031,1.5573,0.4885 icm_a=-0.2442,-0.3543,9.8258 icm_g=0.6707,0.3049,0.6707 age_icm_ms=0.39 mpu_sat=2 errors=13/0/0/0 m4_ms=324280
seq=16214 t=5893.067889 mpu_a=-0.0611,19.6127,8.7412 mpu_g=5.1221,1.5420,0.6870 icm_a=-0.2394,-0.3543,9.8306 icm_g=1.5244,-0.4878,-0.1220 age_icm_ms=0.39 mpu_sat=2 errors=13/0/0/0 m4_ms=324300
seq=16215 t=5893.087890 mpu_a=-0.0682,19.6127,8.6862 mpu_g=4.1298,0.6565,0.0840 icm_a=-0.2107,-0.3400,9.7971 icm_g=1.5854,-0.4878,-0.6707 age_icm_ms=0.40 mpu_sat=2 errors=13/0/0/0 m4_ms=324320
seq=16216 t=5893.107890 mpu_a=0.0443,19.6127,8.6730 mpu_g=3.7405,0.0763,-0.5878 icm_a=-0.2298,-0.3352,9.8210 icm_g=0.6098,0.1829,-0.5488 age_icm_ms=0.39 mpu_sat=2 errors=13/0/0/0 m4_ms=324340
seq=16217 t=5893.127888 mpu_a=0.0922,19.6127,8.7472 mpu_g=4.1985,0.5649,-0.7863 icm_a=-0.2538,-0.3352,9.8114 icm_g=-0.6098,0.4878,-0.3659 age_icm_ms=0.37 mpu_sat=2 errors=13/0/0/0 m4_ms=324360
seq=16218 t=5893.147888 mpu_a=0.0587,19.6127,8.7759 mpu_g=4.8626,1.7939,-0.6412 icm_a=-0.2251,-0.3352,9.7923 icm_g=-0.3049,-0.0610,-0.5488 age_icm_ms=0.41 mpu_sat=2 errors=13/0/0/0 m4_ms=324380
seq=16219 t=5893.167886 mpu_a=0.0060,19.6127,8.7556 mpu_g=4.7863,2.4427,-0.6947 icm_a=-0.2298,-0.3352,9.7731 icm_g=1.1585,-1.0366,-0.3659 age_icm_ms=0.41 mpu_sat=2 errors=13/0/0/0 m4_ms=324400
seq=16220 t=5893.187885 mpu_a=0.0898,19.6127,8.6479 mpu_g=3.9618,1.5115,-0.7557 icm_a=-0.2155,-0.3065,9.7875 icm_g=1.9512,-1.0366,0.3049 age_icm_ms=0.41 mpu_sat=2 errors=13/0/0/0 m4_ms=324420
seq=16221 t=5893.207884 mpu_a=0.1077,19.6127,8.6036 mpu_g=3.2595,0.1603,-0.2443 icm_a=-0.2107,-0.3112,9.8210 icm_g=1.0976,0.0000,0.4878 age_icm_ms=0.40 mpu_sat=2 errors=13/0/0/0 m4_ms=324440
seq=16222 t=5893.227883 mpu_a=0.0467,19.6127,8.6921 mpu_g=3.6489,-0.1069,0.3359 icm_a=-0.2346,-0.3160,9.8019 icm_g=-0.5488,0.3659,0.0000 age_icm_ms=0.43 mpu_sat=2 errors=13/0/0/0 m4_ms=324460
seq=16223 t=5893.247885 mpu_a=0.0024,19.6127,8.7604 mpu_g=4.6107,1.1069,0.2290 icm_a=-0.2682,-0.3256,9.7779 icm_g=-0.9146,0.3659,-0.5488 age_icm_ms=0.48 mpu_sat=2 errors=13/0/0/0 m4_ms=324480
seq=16224 t=5893.267884 mpu_a=-0.0036,19.6127,8.6981 mpu_g=4.8015,2.5573,-0.3511 icm_a=-0.2682,-0.3352,9.7923 icm_g=0.1829,0.1220,-0.6707 age_icm_ms=0.37 mpu_sat=2 errors=13/0/0/0 m4_ms=324500
seq=16225 t=5893.287884 mpu_a=0.0168,19.6127,8.5844 mpu_g=4.7710,2.4275,-0.8473 icm_a=-0.2251,-0.3256,9.8066 icm_g=0.6707,-0.1220,-0.4268 age_icm_ms=0.36 mpu_sat=2 errors=13/0/0/0 m4_ms=324520
seq=16226 t=5893.307882 mpu_a=0.0970,19.6127,8.6910 mpu_g=4.3893,1.2824,-0.8321 icm_a=-0.2203,-0.3065,9.7540 icm_g=0.4268,-0.4878,-0.3049 age_icm_ms=0.36 mpu_sat=2 errors=13/0/0/0 m4_ms=324540
seq=16227 t=5893.327881 mpu_a=0.0682,19.6127,8.7053 mpu_g=4.2366,1.0076,-0.4198 icm_a=-0.1915,-0.2969,9.7348 icm_g=0.4268,-0.7317,-0.7927 age_icm_ms=0.36 mpu_sat=2 errors=13/0/0/0 m4_ms=324560
seq=16228 t=5893.347881 mpu_a=0.0180,19.6127,8.6155 mpu_g=3.8092,1.3740,-0.4809 icm_a=-0.1867,-0.3017,9.7205 icm_g=0.9146,-0.3659,-0.9146 age_icm_ms=0.35 mpu_sat=2 errors=13/0/0/0 m4_ms=324580
seq=16229 t=5893.367880 mpu_a=0.0802,19.6127,8.5222 mpu_g=3.6183,1.3359,-1.1069 icm_a=-0.1915,-0.3017,9.7683 icm_g=1.6463,0.6098,0.0610 age_icm_ms=0.37 mpu_sat=2 errors=13/0/0/0 m4_ms=324600
seq=16230 t=5893.387879 mpu_a=0.1772,19.6127,8.4874 mpu_g=4.1145,0.6947,-0.9847 icm_a=-0.1867,-0.3112,9.7923 icm_g=2.3171,0.7317,1.3415 age_icm_ms=0.35 mpu_sat=2 errors=13/0/0/0 m4_ms=324620
seq=16231 t=5893.407878 mpu_a=0.1472,19.6127,8.6407 mpu_g=5.0687,0.0534,0.1221 icm_a=-0.2155,-0.2586,9.8114 icm_g=2.5610,-0.4878,1.5244 age_icm_ms=0.35 mpu_sat=2 errors=13/0/0/0 m4_ms=324640
seq=16232 t=5893.427877 mpu_a=0.0766,19.6127,8.8035 mpu_g=5.0916,-0.5573,1.3740 icm_a=-0.2586,-0.3065,9.8114 icm_g=3.1707,-1.5854,1.8293 age_icm_ms=0.37 mpu_sat=2 errors=13/0/0/0 m4_ms=324660
seq=16233 t=5893.447876 mpu_a=0.1209,19.6127,8.7520 mpu_g=3.7863,-0.8473,1.4656 icm_a=-0.2634,-0.2777,9.7827 icm_g=2.0732,-0.9756,1.2195 age_icm_ms=0.36 mpu_sat=2 errors=13/0/0/0 m4_ms=324680
seq=16234 t=5893.467876 mpu_a=0.0275,19.6127,8.6802 mpu_g=2.7634,-1.3435,1.7405 icm_a=-0.2634,-0.3065,9.8066 icm_g=1.1585,0.2439,0.8537 age_icm_ms=0.36 mpu_sat=2 errors=13/0/0/0 m4_ms=324700
seq=16235 t=5893.487875 mpu_a=0.0263,19.6127,8.6060 mpu_g=3.4809,-0.2061,1.1145 icm_a=-0.2298,-0.3112,9.7875 icm_g=1.3415,0.0610,0.9756 age_icm_ms=0.37 mpu_sat=2 errors=13/0/0/0 m4_ms=324720
seq=16236 t=5893.507875 mpu_a=0.0754,19.6127,8.7185 mpu_g=4.6412,0.7176,0.7328 icm_a=-0.1963,-0.3208,9.7636 icm_g=3.2317,-1.5854,1.4024 age_icm_ms=0.38 mpu_sat=2 errors=13/0/0/0 m4_ms=324740
seq=16237 t=5893.527876 mpu_a=0.0934,19.6127,8.7221 mpu_g=4.5496,0.4504,0.7939 icm_a=-0.2059,-0.2586,9.7731 icm_g=5.0610,-2.4390,1.8293 age_icm_ms=0.39 mpu_sat=2 errors=13/0/0/0 m4_ms=324760
seq=16238 t=5893.547877 mpu_a=0.0922,19.6127,8.6131 mpu_g=2.9924,-1.3664,1.4198 icm_a=-0.1915,-0.2538,9.7923 icm_g=5.4268,-1.0976,1.6463 age_icm_ms=0.39 mpu_sat=2 errors=13/0/0/0 m4_ms=324780
seq=16239 t=5893.567877 mpu_a=0.1041,19.6127,8.5102 mpu_g=1.9847,-3.2366,1.8550 icm_a=-0.1772,-0.2538,9.7875 icm_g=3.7195,0.3049,1.4024 age_icm_ms=0.37 mpu_sat=2 errors=13/0/0/0 m4_ms=324800
seq=16240 t=5893.587878 mpu_a=0.1329,19.6127,8.6514 mpu_g=3.2366,-3.6336,1.6794 icm_a=-0.1772,-0.2490,9.7875 icm_g=3.5366,0.0610,0.9146 age_icm_ms=0.39 mpu_sat=2 errors=13/0/0/0 m4_ms=324820
seq=16241 t=5893.607884 mpu_a=0.0563,19.6127,8.7053 mpu_g=4.6489,-2.0763,1.3817 icm_a=-0.1867,-0.2107,9.8162 icm_g=5.2439,-1.4024,1.4024 age_icm_ms=0.54 mpu_sat=2 errors=13/0/0/0 m4_ms=324840
seq=16242 t=5893.627884 mpu_a=0.1389,19.6127,8.7604 mpu_g=4.7176,-1.5573,0.8397 icm_a=-0.2203,-0.1245,9.8497 icm_g=8.0488,-0.8537,2.9268 age_icm_ms=0.42 mpu_sat=2 errors=13/0/0/0 m4_ms=324860
seq=16243 t=5893.647889 mpu_a=0.3316,19.6127,8.4934 mpu_g=3.0763,-3.0382,1.2519 icm_a=-0.1149,-0.1149,9.7588 icm_g=10.9756,-0.4878,4.0244 age_icm_ms=0.51 mpu_sat=2 errors=13/0/0/0 m4_ms=324880
seq=16244 t=5893.667889 mpu_a=0.0682,19.6127,8.6574 mpu_g=4.1756,-8.5573,4.1832 icm_a=-0.1484,-0.0766,9.6822 icm_g=14.3902,-2.1951,3.0488 age_icm_ms=0.37 mpu_sat=2 errors=13/0/0/0 m4_ms=324900
seq=16245 t=5893.687888 mpu_a=0.1520,19.6127,8.1104 mpu_g=2.5038,-11.4962,3.5649 icm_a=-0.2490,-0.0431,9.6438 icm_g=21.2805,-1.2195,2.3780 age_icm_ms=0.38 mpu_sat=2 errors=13/0/0/0 m4_ms=324920
seq=16246 t=5893.707888 mpu_a=0.2047,19.6127,7.3825 mpu_g=2.3511,-17.4809,3.1298 icm_a=-0.1915,-0.0910,9.7157 icm_g=30.2439,4.0854,1.9512 age_icm_ms=0.39 mpu_sat=2 errors=13/0/0/0 m4_ms=324940
seq=16247 t=5893.727889 mpu_a=0.3172,19.6127,7.9799 mpu_g=7.2061,-26.4275,2.9618 icm_a=-0.1053,-0.0287,9.8497 icm_g=31.6463,6.7073,2.8049 age_icm_ms=0.41 mpu_sat=2 errors=13/0/0/0 m4_ms=324960
seq=16248 t=5893.747891 mpu_a=0.6177,19.6127,9.5313 mpu_g=11.2443,-30.4962,3.5115 icm_a=-0.0144,0.1772,9.9503 icm_g=19.5732,3.6585,3.2317 age_icm_ms=0.40 mpu_sat=2 errors=13/0/0/0 m4_ms=324980
seq=16249 t=5893.767888 mpu_a=0.7350,19.6127,10.4184 mpu_g=9.8168,-22.3206,4.1221 icm_a=-0.3112,0.4262,10.0509 icm_g=4.3293,-0.9146,0.7927 age_icm_ms=0.38 mpu_sat=2 errors=13/0/0/0 m4_ms=325000
seq=16250 t=5893.787887 mpu_a=0.4274,19.6127,9.5840 mpu_g=4.6641,-6.5038,2.2137 icm_a=-0.3831,0.3926,10.2568 icm_g=-1.0366,-0.1829,-3.9634 age_icm_ms=0.39 mpu_sat=2 errors=13/0/0/0 m4_ms=325020
seq=16251 t=5893.807887 mpu_a=0.3819,19.6127,8.6407 mpu_g=3.0153,2.6183,-2.6794 icm_a=-0.3496,0.3304,10.1610 icm_g=-0.1829,2.8049,-6.2805 age_icm_ms=0.40 mpu_sat=2 errors=13/0/0/0 m4_ms=325040
seq=16252 t=5893.827885 mpu_a=0.7183,19.6127,8.9783 mpu_g=6.4122,2.0534,-6.1221 icm_a=-0.2203,0.2155,10.0844 icm_g=0.4268,2.1341,-5.6098 age_icm_ms=0.40 mpu_sat=2 errors=13/0/0/0 m4_ms=325060
seq=16253 t=5893.847884 mpu_a=0.6823,19.6127,9.1051 mpu_g=7.2672,1.4580,-6.3740 icm_a=-0.2203,0.2298,9.9407 icm_g=2.5610,-0.9146,-4.7561 age_icm_ms=0.41 mpu_sat=2 errors=13/0/0/0 m4_ms=325080
seq=16254 t=5893.867884 mpu_a=0.5662,19.6127,8.9088 mpu_g=5.0229,0.2901,-5.0763 icm_a=-0.2490,0.3256,9.8881 icm_g=8.2927,-2.3171,-5.4268 age_icm_ms=0.42 mpu_sat=2 errors=13/0/0/0 m4_ms=325100
seq=16255 t=5893.887885 mpu_a=0.4274,19.6127,8.1989 mpu_g=2.0916,-3.4809,-4.7710 icm_a=-0.1532,0.3926,9.8258 icm_g=15.0000,-0.1829,-7.2561 age_icm_ms=0.46 mpu_sat=2 errors=13/0/0/0 m4_ms=325120
seq=16256 t=5893.907884 mpu_a=0.5638,19.6127,8.1032 mpu_g=2.7710,-10.4504,-5.8473 icm_a=-0.1101,0.4405,9.6869 icm_g=17.6220,2.0122,-7.8659 age_icm_ms=0.35 mpu_sat=2 errors=13/0/0/0 m4_ms=325140
seq=16257 t=5893.927883 mpu_a=0.8679,19.6127,8.3881 mpu_g=5.4122,-15.5038,-7.2901 icm_a=-0.1006,0.4214,9.6630 icm_g=17.1341,3.1707,-7.5000 age_icm_ms=0.35 mpu_sat=2 errors=13/0/0/0 m4_ms=325160
seq=16258 t=5893.947882 mpu_a=0.8511,19.6127,8.3953 mpu_g=7.0382,-15.9695,-7.1069 icm_a=-0.2155,0.4453,9.7396 icm_g=17.5610,4.1463,-5.9756 age_icm_ms=0.38 mpu_sat=2 errors=13/0/0/0 m4_ms=325180
seq=16259 t=5893.967882 mpu_a=0.9505,19.6127,8.2636 mpu_g=7.9313,-15.6489,-6.3359 icm_a=-0.0575,0.4980,9.8402 icm_g=15.7927,2.8049,-3.9634 age_icm_ms=0.39 mpu_sat=2 errors=13/0/0/0 m4_ms=325200
seq=16260 t=5893.987881 mpu_a=1.1983,19.6127,9.6295 mpu_g=8.7634,-16.2977,-4.6412 icm_a=-0.2155,0.6847,9.7109 icm_g=2.1341,-4.2073,-2.3171 age_icm_ms=0.37 mpu_sat=2 errors=13/0/0/0 m4_ms=325220
seq=16261 t=5894.007881 mpu_a=1.3156,19.6127,10.3250 mpu_g=5.0000,-9.6260,-2.7328 icm_a=-0.2682,0.5650,9.7683 icm_g=-7.6220,-7.5000,-3.4756 age_icm_ms=0.38 mpu_sat=2 errors=13/0/0/0 m4_ms=325240
seq=16262 t=5894.027881 mpu_a=0.7877,19.6127,8.7544 mpu_g=-2.1985,4.6489,-2.5802 icm_a=-0.3448,0.5315,9.7109 icm_g=-6.4024,-3.1707,-6.0366 age_icm_ms=0.39 mpu_sat=2 errors=13/0/0/0 m4_ms=325260
seq=16263 t=5894.047880 mpu_a=0.6345,19.6127,7.8015 mpu_g=-2.4733,9.8550,-4.7786 icm_a=-0.3112,0.4980,9.6869 icm_g=-4.3902,1.6463,-6.8293 age_icm_ms=0.37 mpu_sat=2 errors=13/0/0/0 m4_ms=325280
seq=16264 t=5894.067881 mpu_a=0.9146,19.6127,8.0469 mpu_g=3.0458,7.0840,-6.9771 icm_a=-0.1772,0.4357,9.7109 icm_g=-2.8659,1.8902,-4.6341 age_icm_ms=0.38 mpu_sat=2 errors=13/0/0/0 m4_ms=325300
seq=16265 t=5894.087881 mpu_a=1.0882,19.6127,8.7113 mpu_g=6.8168,5.2290,-6.7405 icm_a=-0.1341,0.4693,9.5864 icm_g=-2.1951,-2.6220,-2.0732 age_icm_ms=0.38 mpu_sat=2 errors=13/0/0/0 m4_ms=325320
seq=16266 t=5894.107880 mpu_a=1.0379,19.6127,8.9842 mpu_g=5.3053,4.0840,-4.0458 icm_a=-0.2203,0.4645,9.6630 icm_g=1.5854,-4.5122,0.0000 age_icm_ms=0.38 mpu_sat=2 errors=13/0/0/0 m4_ms=325340
seq=16267 t=5894.127880 mpu_a=0.9385,19.6127,8.2157 mpu_g=0.6718,3.3206,-1.6870 icm_a=-0.2873,0.5076,9.7109 icm_g=6.5854,-1.7073,0.9146 age_icm_ms=0.37 mpu_sat=2 errors=13/0/0/0 m4_ms=325360
seq=16268 t=5894.147881 mpu_a=0.9026,19.6127,7.9045 mpu_g=0.0916,-1.0763,0.2519 icm_a=-0.2586,0.5507,9.6869 icm_g=7.5610,0.9756,0.9756 age_icm_ms=0.39 mpu_sat=2 errors=13/0/0/0 m4_ms=325380
seq=16269 t=5894.167881 mpu_a=0.8918,19.6127,8.3761 mpu_g=3.5191,-5.4275,1.1756 icm_a=-0.2394,0.6081,9.7636 icm_g=7.0122,2.6220,-0.9756 age_icm_ms=0.38 mpu_sat=2 errors=13/0/0/0 m4_ms=325400
seq=16270 t=5894.187882 mpu_a=0.7051,19.6127,8.4683 mpu_g=5.7710,-5.7634,0.9313 icm_a=-0.2586,0.6608,9.8737 icm_g=7.9268,4.6341,-3.3537 age_icm_ms=0.42 mpu_sat=2 errors=13/0/0/0 m4_ms=325420
seq=16271 t=5894.207882 mpu_a=0.8009,19.6127,8.4144 mpu_g=7.3282,-5.3740,-1.3511 icm_a=-0.2251,0.7183,9.9359 icm_g=11.1585,6.5244,-4.6951 age_icm_ms=0.39 mpu_sat=2 errors=13/0/0/0 m4_ms=325440
seq=16272 t=5894.227881 mpu_a=0.9601,19.6127,8.3737 mpu_g=9.2901,-6.6947,-3.5725 icm_a=-0.1628,0.7997,9.8402 icm_g=16.7073,6.8293,-6.4634 age_icm_ms=0.38 mpu_sat=2 errors=13/0/0/0 m4_ms=325460
seq=16273 t=5894.247882 mpu_a=0.9900,19.6127,8.4755 mpu_g=11.1603,-10.3435,-4.6794 icm_a=-0.1820,0.8428,9.8689 icm_g=22.9268,6.6463,-7.6829 age_icm_ms=0.40 mpu_sat=2 errors=13/0/0/0 m4_ms=325480
seq=16274 t=5894.267882 mpu_a=1.0283,19.6127,8.3917 mpu_g=11.1221,-15.8015,-6.1527 icm_a=-0.1915,0.8571,9.8593 icm_g=29.6951,8.2927,-7.6220 age_icm_ms=0.38 mpu_sat=2 errors=13/0/0/0 m4_ms=325500
seq=16275 t=5894.287882 mpu_a=1.2258,19.6127,8.1547 mpu_g=10.9542,-21.9695,-6.9389 icm_a=-0.1772,0.9385,9.8497 icm_g=37.3780,11.1585,-7.1951 age_icm_ms=0.39 mpu_sat=2 errors=13/0/0/0 m4_ms=325520
seq=16276 t=5894.307883 mpu_a=1.2833,19.6127,7.9128 mpu_g=12.6641,-28.6489,-6.5038 icm_a=-0.1628,1.1013,9.7396 icm_g=43.9634,12.1951,-7.1951 age_icm_ms=0.40 mpu_sat=2 errors=13/0/0/0 m4_ms=325540
seq=16277 t=5894.327883 mpu_a=1.4317,19.6127,8.2636 mpu_g=15.6641,-36.1221,-5.7863 icm_a=-0.3496,1.2785,9.6534 icm_g=46.4024,11.1585,-7.3171 age_icm_ms=0.36 mpu_sat=2 errors=13/0/0/0 m4_ms=325560
seq=16278 t=5894.347884 mpu_a=1.6101,19.6127,8.5293 mpu_g=16.5420,-42.2290,-5.5573 icm_a=-0.4022,1.3886,9.8402 icm_g=50.0610,13.4146,-6.0366 age_icm_ms=0.40 mpu_sat=2 errors=13/0/0/0 m4_ms=325580
seq=16279 t=5894.367885 mpu_a=1.8579,19.6127,8.1535 mpu_g=15.5115,-44.6641,-5.6260 icm_a=-0.3974,1.6520,9.9551 icm_g=49.2683,16.9512,-5.2439 age_icm_ms=0.40 mpu_sat=2 errors=13/0/0/0 m4_ms=325600
seq=16280 t=5894.387887 mpu_a=2.0482,19.6127,8.3881 mpu_g=17.6260,-47.9313,-4.2672 icm_a=-0.3783,1.7765,10.0317 icm_g=39.3902,14.6341,-5.1220 age_icm_ms=0.39 mpu_sat=2 errors=13/0/0/0 m4_ms=325620
seq=16281 t=5894.407885 mpu_a=2.2553,19.6127,9.7085 mpu_g=21.4046,-47.4962,-3.5115 icm_a=-0.5076,1.8771,9.9742 icm_g=27.1341,6.5854,-6.4024 age_icm_ms=0.38 mpu_sat=2 errors=13/0/0/0 m4_ms=325640
seq=16282 t=5894.427883 mpu_a=2.2649,19.6127,10.5177 mpu_g=19.7252,-38.2824,-3.7023 icm_a=-0.6752,1.9058,9.9264 icm_g=23.5366,1.0976,-7.5610 age_icm_ms=0.40 mpu_sat=2 errors=13/0/0/0 m4_ms=325660
seq=16283 t=5894.447882 mpu_a=2.2637,19.6127,9.6031 mpu_g=11.6718,-26.3969,-5.2672 icm_a=-0.7518,1.9201,9.8066 icm_g=28.9024,-1.4634,-7.8659 age_icm_ms=0.41 mpu_sat=2 errors=13/0/0/0 m4_ms=325680
seq=16284 t=5894.467882 mpu_a=2.2003,19.6127,8.5820 mpu_g=5.6412,-21.4809,-6.6336 icm_a=-0.7470,1.9154,9.4810 icm_g=33.7805,-5.7927,-7.3780 age_icm_ms=0.41 mpu_sat=2 errors=13/0/0/0 m4_ms=325700
seq=16285 t=5894.487880 mpu_a=2.4696,19.6127,8.3641 mpu_g=-0.5725,-31.5496,-6.2366 icm_a=-0.7757,2.0063,9.4236 icm_g=36.5854,-7.4390,-5.1220 age_icm_ms=0.34 mpu_sat=2 errors=13/0/0/0 m4_ms=325720
seq=16286 t=5894.507881 mpu_a=2.6133,19.6127,8.0744 mpu_g=-3.2290,-34.5878,-4.0305 icm_a=-0.7805,2.1548,9.5146 icm_g=34.3902,-4.0854,-3.5366 age_icm_ms=0.41 mpu_sat=2 errors=13/0/0/0 m4_ms=325740
seq=16287 t=5894.527881 mpu_a=2.4624,19.6127,8.2468 mpu_g=-0.7710,-33.4122,-2.2366 icm_a=-0.6273,2.2697,9.3853 icm_g=27.9268,-1.0976,-6.2805 age_icm_ms=0.37 mpu_sat=2 errors=13/0/0/0 m4_ms=325760
seq=16288 t=5894.547880 mpu_a=2.2242,19.6127,8.5569 mpu_g=2.9237,-28.3740,-3.7710 icm_a=-0.6321,2.3176,9.3565 icm_g=21.5244,-0.3659,-10.4878 age_icm_ms=0.37 mpu_sat=2 errors=13/0/0/0 m4_ms=325780
seq=16289 t=5894.567879 mpu_a=2.4852,19.6127,8.4827 mpu_g=4.0458,-21.5344,-8.6107 icm_a=-0.6464,2.4229,9.2273 icm_g=18.1707,-0.8537,-13.0488 age_icm_ms=0.36 mpu_sat=2 errors=13/0/0/0 m4_ms=325800
seq=16290 t=5894.587879 mpu_a=2.8503,19.6127,7.8590 mpu_g=3.6031,-17.2137,-11.8244 icm_a=-0.6847,2.4612,9.3134 icm_g=20.9146,0.0000,-11.0976 age_icm_ms=0.37 mpu_sat=2 errors=13/0/0/0 m4_ms=325820
seq=16291 t=5894.607878 mpu_a=3.1735,19.6127,7.7548 mpu_g=3.9618,-17.7176,-11.5954 icm_a=-0.6369,2.5857,9.2560 icm_g=25.6707,-1.3415,-5.9146 age_icm_ms=0.36 mpu_sat=2 errors=13/0/0/0 m4_ms=325840
seq=16292 t=5894.627877 mpu_a=3.4285,19.6127,8.5365 mpu_g=4.3511,-22.5725,-7.0840 icm_a=-0.5938,2.7629,9.2512 icm_g=22.4390,-5.7927,-1.8902 age_icm_ms=0.36 mpu_sat=2 errors=13/0/0/0 m4_ms=325860
seq=16293 t=5894.647877 mpu_a=3.6021,19.6127,8.9543 mpu_g=0.5573,-22.9771,-2.2901 icm_a=-0.5363,2.9592,9.0214 icm_g=14.2073,-9.9390,1.0976 age_icm_ms=0.36 mpu_sat=2 errors=13/0/0/0 m4_ms=325880
seq=16294 t=5894.667876 mpu_a=3.6296,19.6127,8.6814 mpu_g=-3.8397,-15.9847,0.7405 icm_a=-0.6129,2.8587,9.0644 icm_g=8.9634,-9.6341,3.9634 age_icm_ms=0.35 mpu_sat=2 errors=13/0/0/0 m4_ms=325900
seq=16295 t=5894.687874 mpu_a=3.5961,19.6127,7.2891 mpu_g=-6.5573,-7.9618,2.8931 icm_a=-0.5602,2.8347,9.1267 icm_g=9.2073,-2.6829,7.3780 age_icm_ms=0.35 mpu_sat=2 errors=13/0/0/0 m4_ms=325920
seq=16296 t=5894.707874 mpu_a=3.4405,19.6127,7.4567 mpu_g=-1.6794,-7.0534,6.2214 icm_a=-0.4836,2.8204,9.0836 icm_g=2.1951,-0.2439,9.0244 age_icm_ms=0.36 mpu_sat=2 errors=13/0/0/0 m4_ms=325940
seq=16297 t=5894.727873 mpu_a=3.4081,19.6127,8.9088 mpu_g=4.4885,-4.6031,8.5191 icm_a=-0.4788,2.7581,9.0214 icm_g=-9.5122,-4.0854,8.4146 age_icm_ms=0.36 mpu_sat=2 errors=13/0/0/0 m4_ms=325960
seq=16298 t=5894.747872 mpu_a=3.0742,19.6127,8.9280 mpu_g=2.9008,6.0840,8.6641 icm_a=-0.5507,2.6719,9.1650 icm_g=-15.7317,-6.1585,6.4634 age_icm_ms=0.36 mpu_sat=2 errors=13/0/0/0 m4_ms=325980
seq=16299 t=5894.767872 mpu_a=2.8910,19.6127,8.0673 mpu_g=-1.2519,15.7405,6.6794 icm_a=-0.5315,2.6097,9.2273 icm_g=-20.3049,-5.1220,5.7927 age_icm_ms=0.37 mpu_sat=2 errors=13/0/0/0 m4_ms=326000
seq=16300 t=5894.787873 mpu_a=3.1376,19.6127,8.2863 mpu_g=-1.3359,19.5420,4.8931 icm_a=-0.5746,2.6384,9.2847 icm_g=-30.1829,-3.4146,7.1951 age_icm_ms=0.39 mpu_sat=2 errors=13/0/0/0 m4_ms=326020
seq=16301 t=5894.807872 mpu_a=3.2585,19.6127,8.6191 mpu_g=0.2137,26.0000,5.0763 icm_a=-0.5363,2.5522,9.3374 icm_g=-38.9634,-1.9512,8.2927 age_icm_ms=0.37 mpu_sat=2 errors=13/0/0/0 m4_ms=326040
seq=16302 t=5894.827873 mpu_a=3.0789,19.6127,8.3582 mpu_g=1.6947,36.3206,6.0229 icm_a=-0.4310,2.3320,9.3901 icm_g=-41.5244,-0.7317,9.6341 age_icm_ms=0.40 mpu_sat=2 errors=13/0/0/0 m4_ms=326060
seq=16303 t=5894.847874 mpu_a=2.9137,19.6127,8.0972 mpu_g=3.0992,42.8168,6.7176 icm_a=-0.4166,2.0686,9.7683 icm_g=-37.1951,-0.7317,12.1341 age_icm_ms=0.38 mpu_sat=2 errors=13/0/0/0 m4_ms=326080
seq=16304 t=5894.867874 mpu_a=2.7186,19.6127,8.0948 mpu_g=3.9237,42.6870,8.3435 icm_a=-0.3352,2.0734,9.7157 icm_g=-35.3659,-6.2195,13.9024 age_icm_ms=0.38 mpu_sat=2 errors=13/0/0/0 m4_ms=326100
seq=16305 t=5894.887874 mpu_a=2.5402,19.6127,9.6570 mpu_g=3.2061,37.6260,11.2366 icm_a=-0.3879,2.0877,9.6391 icm_g=-37.8049,-16.4634,12.3780 age_icm_ms=0.38 mpu_sat=2 errors=13/0/0/0 m4_ms=326120
seq=16306 t=5894.907874 mpu_a=2.2745,19.6127,9.5792 mpu_g=-4.7405,38.2824,12.1832 icm_a=-0.3256,1.9297,9.9886 icm_g=-33.9024,-19.2683,8.3537 age_icm_ms=0.38 mpu_sat=2 errors=13/0/0/0 m4_ms=326140
seq=16307 t=5894.927874 mpu_a=1.9333,19.6127,8.1582 mpu_g=-14.0840,39.4122,9.6489 icm_a=-0.2729,1.8723,9.8545 icm_g=-30.6098,-15.6707,5.6098 age_icm_ms=0.37 mpu_sat=2 errors=13/0/0/0 m4_ms=326160
seq=16308 t=5894.947875 mpu_a=2.0291,19.6127,8.2337 mpu_g=-14.1603,34.2672,6.0076 icm_a=-0.2107,1.7765,9.8258 icm_g=-29.5122,-10.4268,2.8659 age_icm_ms=0.39 mpu_sat=2 errors=13/0/0/0 m4_ms=326180
seq=16309 t=5894.967876 mpu_a=1.9321,19.6127,8.0744 mpu_g=-9.9313,31.9389,3.5420 icm_a=-0.1293,1.6664,9.8019 icm_g=-26.4024,-5.2439,-0.3049 age_icm_ms=0.41 mpu_sat=2 errors=13/0/0/0 m4_ms=326200
seq=16310 t=5894.987876 mpu_a=1.7466,19.6127,7.9930 mpu_g=-4.5496,30.5420,0.8092 icm_a=-0.1149,1.4940,9.7588 icm_g=-24.1463,-3.4756,-1.5854 age_icm_ms=0.40 mpu_sat=2 errors=13/0/0/0 m4_ms=326220
seq=16311 t=5895.007875 mpu_a=1.8783,19.6127,8.4898 mpu_g=-0.0305,27.2137,-2.0229 icm_a=-0.0527,1.3743,9.8306 icm_g=-21.4634,-3.9634,-1.3415 age_icm_ms=0.41 mpu_sat=2 errors=13/0/0/0 m4_ms=326240
seq=16312 t=5895.027875 mpu_a=1.7681,19.6127,8.5940 mpu_g=0.9924,25.1527,-2.7634 icm_a=-0.0479,1.3503,9.7109 icm_g=-19.3902,-5.9146,-2.8049 age_icm_ms=0.41 mpu_sat=2 errors=13/0/0/0 m4_ms=326260
seq=16313 t=5895.047874 mpu_a=1.5909,19.6127,8.7867 mpu_g=0.1756,22.6183,-2.5496 icm_a=-0.0431,1.3072,9.6295 icm_g=-16.5854,-7.9268,-5.6707 age_icm_ms=0.42 mpu_sat=2 errors=13/0/0/0 m4_ms=326280
seq=16314 t=5895.067873 mpu_a=1.3635,19.6127,8.5162 mpu_g=-1.8779,20.4275,-4.1069 icm_a=-0.1245,1.2498,9.5720 icm_g=-12.6829,-7.3171,-7.4390 age_icm_ms=0.41 mpu_sat=2 errors=13/0/0/0 m4_ms=326300
seq=16315 t=5895.087873 mpu_a=1.5024,19.6127,8.0888 mpu_g=-3.7176,17.4733,-6.7405 icm_a=-0.1006,1.1875,9.6295 icm_g=-7.1951,-3.6585,-6.7683 age_icm_ms=0.43 mpu_sat=2 errors=13/0/0/0 m4_ms=326320
seq=16316 t=5895.107874 mpu_a=1.6472,19.6127,7.8183 mpu_g=-2.7710,13.5038,-8.1603 icm_a=0.0144,1.2163,9.5816 icm_g=-3.4146,-1.0976,-5.0000 age_icm_ms=0.43 mpu_sat=2 errors=13/0/0/0 m4_ms=326340
seq=16317 t=5895.127874 mpu_a=1.6783,19.6127,8.1008 mpu_g=1.0153,8.1145,-7.0153 icm_a=0.0527,1.2689,9.5050 icm_g=-5.1220,-1.9512,-4.8171 age_icm_ms=0.38 mpu_sat=2 errors=13/0/0/0 m4_ms=326360
seq=16318 t=5895.147876 mpu_a=1.6185,19.6127,8.6742 mpu_g=3.3893,4.8855,-5.1221 icm_a=0.0622,1.2546,9.5146 icm_g=-7.9268,-2.5000,-5.4878 age_icm_ms=0.44 mpu_sat=2 errors=13/0/0/0 m4_ms=326380
seq=16319 t=5895.167877 mpu_a=1.6041,19.6127,8.6335 mpu_g=2.4809,6.6260,-5.1832 icm_a=-0.0239,1.2354,9.5337 icm_g=-8.9634,-0.9146,-5.1220 age_icm_ms=0.40 mpu_sat=2 errors=13/0/0/0 m4_ms=326400
seq=16320 t=5895.187875 mpu_a=1.6556,19.6127,8.2887 mpu_g=1.7023,9.3435,-5.8397 icm_a=0.0000,1.1732,9.6774 icm_g=-7.0732,2.0122,-2.9878 age_icm_ms=0.36 mpu_sat=2 errors=13/0/0/0 m4_ms=326420
seq=16321 t=5895.207875 mpu_a=1.7645,19.6127,8.0038 mpu_g=3.1832,10.4275,-5.6641 icm_a=0.0958,1.2019,9.7731 icm_g=-10.0000,2.1951,0.8537 age_icm_ms=0.39 mpu_sat=2 errors=13/0/0/0 m4_ms=326440
seq=16322 t=5895.227876 mpu_a=1.9046,19.6127,8.6443 mpu_g=6.1832,8.7939,-3.6489 icm_a=0.1149,1.1636,9.7636 icm_g=-21.0976,-2.1951,4.0854 age_icm_ms=0.39 mpu_sat=2 errors=13/0/0/0 m4_ms=326460
seq=16323 t=5895.247875 mpu_a=2.0806,19.6127,9.9443 mpu_g=7.0076,11.0000,-0.2519 icm_a=0.0000,1.0726,9.7540 icm_g=-23.6585,-4.0244,4.0854 age_icm_ms=0.37 mpu_sat=2 errors=13/0/0/0 m4_ms=326480
seq=16324 t=5895.267876 mpu_a=1.5538,19.6127,9.1159 mpu_g=2.7710,21.5267,2.7481 icm_a=-0.0575,0.9242,9.7109 icm_g=-20.8537,-2.7439,1.0366 age_icm_ms=0.38 mpu_sat=2 errors=13/0/0/0 m4_ms=326500
seq=16325 t=5895.287876 mpu_a=1.0211,19.6127,8.2516 mpu_g=0.3130,25.8855,3.1603 icm_a=-0.0575,0.8332,9.6726 icm_g=-15.1220,-0.8537,0.0000 age_icm_ms=0.38 mpu_sat=2 errors=13/0/0/0 m4_ms=326520
seq=16326 t=5895.307877 mpu_a=1.1708,19.6127,8.3725 mpu_g=3.4427,17.9466,-0.8626 icm_a=-0.0192,0.7183,9.6151 icm_g=-11.8293,-1.1585,0.4878 age_icm_ms=0.40 mpu_sat=2 errors=13/0/0/0 m4_ms=326540
seq=16327 t=5895.327877 mpu_a=1.1073,19.6127,8.2887 mpu_g=3.2366,13.9695,-0.4733 icm_a=0.0192,0.6225,9.5577 icm_g=-8.5976,-0.6707,1.2195 age_icm_ms=0.41 mpu_sat=2 errors=13/0/0/0 m4_ms=326560
seq=16328 t=5895.347878 mpu_a=1.0020,19.6127,8.0673 mpu_g=3.4122,11.0458,0.4504 icm_a=0.0479,0.5842,9.5337 icm_g=-4.3902,0.9756,1.2195 age_icm_ms=0.39 mpu_sat=2 errors=13/0/0/0 m4_ms=326580
seq=16329 t=5895.367879 mpu_a=0.7673,19.6127,7.9835 mpu_g=4.8397,7.4656,0.9313 icm_a=0.0622,0.6464,9.5672 icm_g=0.0000,2.1951,-0.1220 age_icm_ms=0.40 mpu_sat=2 errors=13/0/0/0 m4_ms=326600
seq=16330 t=5895.387880 mpu_a=0.7470,19.6127,8.2289 mpu_g=6.3893,2.8473,0.0763 icm_a=0.0144,0.6991,9.6199 icm_g=1.8293,2.9268,-2.3780 age_icm_ms=0.39 mpu_sat=2 errors=13/0/0/0 m4_ms=326620
seq=16331 t=5895.407879 mpu_a=0.9409,19.6127,8.4575 mpu_g=7.1679,-0.0153,-1.8702 icm_a=-0.0192,0.7183,9.7971 icm_g=2.5000,3.0488,-3.2317 age_icm_ms=0.38 mpu_sat=2 errors=13/0/0/0 m4_ms=326640
seq=16332 t=5895.427880 mpu_a=1.0953,19.6127,8.8957 mpu_g=7.6031,-0.7099,-3.2672 icm_a=-0.0527,0.7709,9.8354 icm_g=1.5854,0.5488,-3.5976 age_icm_ms=0.37 mpu_sat=2 errors=13/0/0/0 m4_ms=326660
seq=16333 t=5895.447881 mpu_a=1.1073,19.6127,9.0537 mpu_g=6.0992,-0.4198,-3.4962 icm_a=-0.0239,0.7374,9.8258 icm_g=0.7927,-1.2805,-4.1463 age_icm_ms=0.44 mpu_sat=2 errors=13/0/0/0 m4_ms=326680
seq=16334 t=5895.467882 mpu_a=0.9960,19.6127,8.6718 mpu_g=3.3664,0.7176,-3.9847 icm_a=-0.0431,0.7757,9.7971 icm_g=1.2805,-0.1829,-5.3049 age_icm_ms=0.40 mpu_sat=2 errors=13/0/0/0 m4_ms=326700
seq=16335 t=5895.487884 mpu_a=1.0977,19.6127,8.4575 mpu_g=3.3817,0.5420,-4.9542 icm_a=-0.0287,0.8475,9.9072 icm_g=0.4878,1.8293,-5.3049 age_icm_ms=0.41 mpu_sat=2 errors=13/0/0/0 m4_ms=326720
seq=16336 t=5895.507885 mpu_a=1.2641,19.6127,8.8298 mpu_g=5.5496,0.4962,-5.5878 icm_a=0.0575,0.7853,9.8785 icm_g=-2.9268,1.6463,-5.5488 age_icm_ms=0.40 mpu_sat=2 errors=13/0/0/0 m4_ms=326740
seq=16337 t=5895.527885 mpu_a=1.2151,19.6127,9.1435 mpu_g=6.4885,2.6412,-5.6489 icm_a=0.0910,0.6656,9.8497 icm_g=-5.2439,0.1829,-5.6098 age_icm_ms=0.39 mpu_sat=2 errors=13/0/0/0 m4_ms=326760
seq=16338 t=5895.547887 mpu_a=0.9756,19.6127,8.8190 mpu_g=5.1298,6.0153,-5.8092 icm_a=0.0239,0.6369,9.8402 icm_g=-3.9024,0.1829,-5.7317 age_icm_ms=0.41 mpu_sat=2 errors=13/0/0/0 m4_ms=326780
seq=16339 t=5895.567886 mpu_a=1.0127,19.6127,8.4803 mpu_g=4.2595,6.6565,-6.1679 icm_a=-0.0239,0.6991,9.8785 icm_g=-0.9756,0.4878,-5.4878 age_icm_ms=0.40 mpu_sat=2 errors=13/0/0/0 m4_ms=326800
seq=16340 t=5895.587885 mpu_a=1.0989,19.6127,8.5581 mpu_g=4.6870,3.9542,-5.9008 icm_a=0.0718,0.6895,9.8162 icm_g=-0.6098,0.0610,-4.8780 age_icm_ms=0.41 mpu_sat=2 errors=13/0/0/0 m4_ms=326820
seq=16341 t=5895.607884 mpu_a=1.0942,19.6127,8.9759 mpu_g=4.8168,1.6947,-5.3511 icm_a=0.0670,0.6943,9.8593 icm_g=-2.2561,-0.6707,-4.1463 age_icm_ms=0.41 mpu_sat=2 errors=13/0/0/0 m4_ms=326840
seq=16342 t=5895.627883 mpu_a=1.1229,19.6127,8.7628 mpu_g=3.9084,3.0611,-4.7939 icm_a=0.0192,0.6512,9.8258 icm_g=-2.7439,0.3049,-3.7195 age_icm_ms=0.41 mpu_sat=2 errors=13/0/0/0 m4_ms=326860
seq=16343 t=5895.647882 mpu_a=1.1360,19.6127,8.5054 mpu_g=3.8779,3.9008,-4.1908 icm_a=-0.0335,0.6752,9.8354 icm_g=-2.2561,1.3415,-3.8415 age_icm_ms=0.41 mpu_sat=2 errors=13/0/0/0 m4_ms=326880
seq=16344 t=5895.667882 mpu_a=0.9720,19.6127,8.6299 mpu_g=5.2214,4.2214,-3.9847 icm_a=-0.0718,0.6512,9.8306 icm_g=-1.9512,1.0976,-3.7805 age_icm_ms=0.42 mpu_sat=2 errors=13/0/0/0 m4_ms=326900
seq=16345 t=5895.687881 mpu_a=1.0127,19.6127,8.7005 mpu_g=5.7939,3.7634,-4.1145 icm_a=-0.0527,0.6464,9.8450 icm_g=0.4268,0.3659,-4.1463 age_icm_ms=0.35 mpu_sat=2 errors=13/0/0/0 m4_ms=326920
seq=16346 t=5895.707880 mpu_a=0.9062,19.6127,8.5473 mpu_g=5.1985,2.8321,-4.1069 icm_a=-0.0670,0.6464,9.8402 icm_g=4.0854,-0.3049,-5.0000 age_icm_ms=0.36 mpu_sat=2 errors=13/0/0/0 m4_ms=326940
seq=16347 t=5895.727879 mpu_a=0.8942,19.6127,8.5605 mpu_g=4.5649,-0.1679,-4.4962 icm_a=-0.0910,0.7183,9.9311 icm_g=8.2927,0.1829,-5.5488 age_icm_ms=0.36 mpu_sat=2 errors=13/0/0/0 m4_ms=326960
seq=16348 t=5895.747878 mpu_a=0.9816,19.6127,8.4671 mpu_g=4.0916,-3.9695,-5.1221 icm_a=-0.0527,0.8428,9.9886 icm_g=10.6707,0.7317,-7.0732 age_icm_ms=0.36 mpu_sat=2 errors=13/0/0/0 m4_ms=326980
seq=16349 t=5895.767877 mpu_a=1.0008,19.6127,8.7017 mpu_g=4.7328,-7.7328,-5.5725 icm_a=0.0048,0.9481,9.9934 icm_g=12.9878,1.2195,-9.3293 age_icm_ms=0.34 mpu_sat=2 errors=13/0/0/0 m4_ms=327000
seq=16350 t=5895.787878 mpu_a=1.0415,19.6127,8.7305 mpu_g=5.2443,-9.9924,-7.3206 icm_a=0.0814,1.0151,10.0844 icm_g=17.9878,3.4756,-10.3049 age_icm_ms=0.42 mpu_sat=2 errors=13/0/0/0 m4_ms=327020
seq=16351 t=5895.807878 mpu_a=1.2462,19.6127,8.3079 mpu_g=5.7939,-12.4962,-9.2214 icm_a=0.0862,1.1444,10.1658 icm_g=27.0122,7.8049,-9.9390 age_icm_ms=0.37 mpu_sat=2 errors=13/0/0/0 m4_ms=327040
seq=16352 t=5895.827878 mpu_a=1.4269,19.6127,7.8949 mpu_g=8.4809,-18.4504,-9.6641 icm_a=0.1245,1.1492,10.0413 icm_g=38.9024,12.8659,-8.1098 age_icm_ms=0.37 mpu_sat=2 errors=13/0/0/0 m4_ms=327060
seq=16353 t=5895.847876 mpu_a=1.6269,19.6127,7.7572 mpu_g=13.1527,-28.1374,-8.6565 icm_a=0.1437,1.2594,9.9742 icm_g=50.4268,16.5244,-5.5488 age_icm_ms=0.36 mpu_sat=2 errors=13/0/0/0 m4_ms=327080
seq=16354 t=5895.867876 mpu_a=1.7729,19.6127,7.8219 mpu_g=18.0305,-39.6107,-6.1527 icm_a=0.0670,1.3695,9.7971 icm_g=61.4634,18.5976,-3.2317 age_icm_ms=0.38 mpu_sat=2 errors=13/0/0/0 m4_ms=327100
seq=16355 t=5895.887875 mpu_a=1.8639,19.6127,7.9404 mpu_g=21.2519,-50.6031,-3.2137 icm_a=-0.0192,1.6568,9.7157 icm_g=69.8171,19.1463,-1.8293 age_icm_ms=0.38 mpu_sat=2 errors=13/0/0/0 m4_ms=327120
seq=16356 t=5895.907874 mpu_a=2.0303,19.6127,8.0732 mpu_g=23.1069,-60.6260,-0.7481 icm_a=-0.1580,1.9249,9.4906 icm_g=75.3049,16.9512,-2.6220 age_icm_ms=0.37 mpu_sat=2 errors=13/0/0/0 m4_ms=327140
seq=16357 t=5895.927873 mpu_a=2.1416,19.6127,8.5090 mpu_g=23.5267,-68.5038,0.8244 icm_a=-0.3926,2.1261,9.2799 icm_g=81.2195,15.2439,-1.5854 age_icm_ms=0.36 mpu_sat=2 errors=13/0/0/0 m4_ms=327160
seq=16358 t=5895.947875 mpu_a=2.6540,19.6127,8.0170 mpu_g=21.2443,-73.5420,0.2443 icm_a=-0.5124,2.1883,9.2799 icm_g=92.1951,16.4024,3.0488 age_icm_ms=0.39 mpu_sat=2 errors=13/0/0/0 m4_ms=327180
seq=16359 t=5895.967875 mpu_a=3.0694,19.6127,7.1910 mpu_g=19.5267,-79.1603,1.5954 icm_a=-0.4118,2.4373,9.1842 icm_g=103.6585,17.1951,7.8049 age_icm_ms=0.40 mpu_sat=2 errors=13/0/0/0 m4_ms=327200
seq=16360 t=5895.987875 mpu_a=3.3100,19.6127,7.2580 mpu_g=20.9084,-89.6489,6.6031 icm_a=-0.3831,2.6863,9.0261 icm_g=104.6951,12.8659,9.3293 age_icm_ms=0.38 mpu_sat=2 errors=13/0/0/0 m4_ms=327220
seq=16361 t=5896.007876 mpu_a=3.3267,19.6127,8.3366 mpu_g=21.9695,-100.6947,11.8550 icm_a=-0.6177,3.1412,9.0357 icm_g=98.7195,8.1098,7.7439 age_icm_ms=0.37 mpu_sat=2 errors=13/0/0/0 m4_ms=327240
seq=16362 t=5896.027876 mpu_a=3.4979,19.6127,8.7951 mpu_g=17.8855,-102.2672,13.4351 icm_a=-0.6991,3.5482,9.2416 icm_g=93.4146,9.8780,4.4512 age_icm_ms=0.40 mpu_sat=2 errors=13/0/0/0 m4_ms=327260
seq=16363 t=5896.047877 mpu_a=3.6380,19.6127,7.8925 mpu_g=12.7939,-96.0611,11.8702 icm_a=-0.9337,4.2760,8.7915 icm_g=84.3293,10.6098,-1.4634 age_icm_ms=0.39 mpu_sat=2 errors=13/0/0/0 m4_ms=327280
seq=16364 t=5896.067877 mpu_a=3.9887,19.6127,8.3163 mpu_g=14.1832,-91.0916,8.4656 icm_a=-0.8523,4.1132,8.6574 icm_g=80.1829,6.6463,-6.0366 age_icm_ms=0.38 mpu_sat=2 errors=13/0/0/0 m4_ms=327300
seq=16365 t=5896.087879 mpu_a=4.3287,19.6127,8.2696 mpu_g=15.6870,-82.6641,2.7023 icm_a=-0.7422,4.1228,8.8585 icm_g=86.4024,8.5366,0.0000 age_icm_ms=0.40 mpu_sat=2 errors=13/0/0/0 m4_ms=327320
seq=16366 t=5896.107880 mpu_a=5.0494,19.6127,6.8486 mpu_g=11.2214,-77.4427,-2.8931 icm_a=-0.6464,4.5107,8.7724 icm_g=84.9390,7.8049,7.6220 age_icm_ms=0.40 mpu_sat=2 errors=13/0/0/0 m4_ms=327340
seq=16367 t=5896.127881 mpu_a=5.6180,19.6127,7.5633 mpu_g=12.4962,-82.6947,1.8702 icm_a=-0.5794,4.9081,8.5473 icm_g=73.5976,-1.5244,7.9878 age_icm_ms=0.41 mpu_sat=2 errors=13/0/0/0 m4_ms=327360
seq=16368 t=5896.147883 mpu_a=4.9835,19.6127,9.0202 mpu_g=5.6641,-73.0840,11.7557 icm_a=-0.8475,5.2433,8.0397 icm_g=65.9146,-12.8049,2.6220 age_icm_ms=0.40 mpu_sat=2 errors=13/0/0/0 m4_ms=327380
seq=16369 t=5896.167881 mpu_a=5.5210,19.6127,6.9372 mpu_g=-6.3588,-63.6183,6.5649 icm_a=-0.6847,5.1715,8.0780 icm_g=67.2561,-12.1951,3.9024 age_icm_ms=0.40 mpu_sat=2 errors=13/0/0/0 m4_ms=327400
seq=16370 t=5896.187881 mpu_a=6.4524,19.6127,5.5031 mpu_g=-9.7710,-63.4122,5.1756 icm_a=-0.3160,5.4253,7.9535 icm_g=66.0366,-1.8293,12.6220 age_icm_ms=0.41 mpu_sat=2 errors=13/0/0/0 m4_ms=327420
seq=16371 t=5896.207880 mpu_a=6.6056,19.6127,6.7205 mpu_g=0.3893,-64.8931,13.0153 icm_a=-0.2107,5.7365,7.5992 icm_g=54.0244,2.3171,16.2805 age_icm_ms=0.41 mpu_sat=2 errors=13/0/0/0 m4_ms=327440
seq=16372 t=5896.227879 mpu_a=6.1375,19.6127,7.4316 mpu_g=7.2672,-54.8931,18.4122 icm_a=-0.3974,5.5785,7.3023 icm_g=44.5732,-1.5854,14.7561 age_icm_ms=0.41 mpu_sat=2 errors=13/0/0/0 m4_ms=327460
seq=16373 t=5896.247878 mpu_a=5.8466,19.6127,6.2189 mpu_g=4.5954,-42.8702,16.9542 icm_a=-0.6369,5.6934,7.3694 icm_g=49.1463,-2.6220,13.6585 age_icm_ms=0.42 mpu_sat=2 errors=13/0/0/0 m4_ms=327480
seq=16374 t=5896.267878 mpu_a=5.9388,19.6127,5.2122 mpu_g=1.6565,-43.2214,15.7176 icm_a=-0.6560,5.8131,7.6327 icm_g=54.8780,3.9634,14.2683 age_icm_ms=0.42 mpu_sat=2 errors=13/0/0/0 m4_ms=327500
seq=16375 t=5896.287877 mpu_a=6.4380,19.6127,5.8802 mpu_g=5.7252,-50.9237,15.7099 icm_a=-0.6321,6.1435,7.3837 icm_g=45.1220,8.1707,14.2073 age_icm_ms=0.41 mpu_sat=2 errors=13/0/0/0 m4_ms=327520
seq=16376 t=5896.307878 mpu_a=6.5158,19.6127,7.4160 mpu_g=12.7481,-47.7252,16.4046 icm_a=-0.6321,6.1387,7.3263 icm_g=29.6951,3.4146,10.3659 age_icm_ms=0.45 mpu_sat=2 errors=13/0/0/0 m4_ms=327540
seq=16377 t=5896.327878 mpu_a=6.1160,19.6127,7.4747 mpu_g=10.9847,-32.3969,13.4504 icm_a=-0.6943,6.1339,7.4747 icm_g=23.2317,-2.5610,5.4878 age_icm_ms=0.36 mpu_sat=2 errors=13/0/0/0 m4_ms=327560
seq=16378 t=5896.347878 mpu_a=6.0968,19.6127,6.5134 mpu_g=4.0458,-21.5573,8.1221 icm_a=-0.6895,6.4308,7.2592 icm_g=18.0488,-3.0488,1.8902 age_icm_ms=0.39 mpu_sat=2 errors=13/0/0/0 m4_ms=327580
seq=16379 t=5896.367878 mpu_a=6.7349,19.6127,6.0681 mpu_g=0.6718,-19.0534,3.8397 icm_a=-0.3974,6.5410,7.4077 icm_g=5.9146,3.9634,0.9756 age_icm_ms=0.39 mpu_sat=2 errors=13/0/0/0 m4_ms=327600
seq=16380 t=5896.387877 mpu_a=7.0449,19.6127,6.3805 mpu_g=4.4580,-10.5725,1.4046 icm_a=-0.3974,6.5410,7.3406 icm_g=-11.5244,9.3902,0.5488 age_icm_ms=0.36 mpu_sat=2 errors=13/0/0/0 m4_ms=327620
seq=16381 t=5896.407878 mpu_a=7.0186,19.6127,6.9659 mpu_g=12.1908,4.9084,0.2290 icm_a=-0.4118,6.4596,7.3933 icm_g=-23.9634,7.6829,-1.3415 age_icm_ms=0.41 mpu_sat=2 errors=13/0/0/0 m4_ms=327640
seq=16382 t=5896.427881 mpu_a=6.6451,19.6127,6.8570 mpu_g=13.8015,20.9389,-1.2595 icm_a=-0.3831,6.3829,7.5705 icm_g=-26.8293,4.4512,-3.0488 age_icm_ms=0.44 mpu_sat=2 errors=13/0/0/0 m4_ms=327660
seq=16383 t=5896.447880 mpu_a=6.5960,19.6127,6.8139 mpu_g=10.4962,27.6412,-3.6183 icm_a=-0.3256,6.3446,7.7716 icm_g=-34.6341,2.5610,-3.0488 age_icm_ms=0.37 mpu_sat=2 errors=13/0/0/0 m4_ms=327680
seq=16384 t=5896.467881 mpu_a=7.0246,19.6127,7.3622 mpu_g=7.5802,30.6107,-4.9313 icm_a=-0.2346,6.1962,7.9535 icm_g=-55.3659,2.7439,0.0610 age_icm_ms=0.41 mpu_sat=2 errors=13/0/0/0 m4_ms=327700
seq=16385 t=5896.487881 mpu_a=7.3502,19.6127,8.1678 mpu_g=6.9008,43.3435,-4.0840 icm_a=-0.1580,6.0717,8.1977 icm_g=-83.2927,2.0122,6.0366 age_icm_ms=0.39 mpu_sat=2 errors=13/0/0/0 m4_ms=327720
seq=16386 t=5896.507881 mpu_a=7.4340,19.6127,8.8813 mpu_g=7.1527,67.7099,-0.7328 icm_a=-0.3065,6.1531,7.8290 icm_g=-110.6707,-3.9634,8.5366 age_icm_ms=0.38 mpu_sat=2 errors=13/0/0/0 m4_ms=327740
seq=16387 t=5896.527880 mpu_a=6.9719,19.6127,8.9280 mpu_g=4.7634,96.0534,3.5038 icm_a=-0.7661,5.7892,7.4555 icm_g=-118.6585,-11.8902,3.6585 age_icm_ms=0.36 mpu_sat=2 errors=13/0/0/0 m4_ms=327760
seq=16388 t=5896.547881 mpu_a=6.0944,19.6127,6.2968 mpu_g=-2.7634,118.7710,2.4809 icm_a=-0.4405,4.7214,8.4084 icm_g=-91.7073,-6.2195,2.4390 age_icm_ms=0.40 mpu_sat=2 errors=13/0/0/0 m4_ms=327780
seq=16389 t=5896.567882 mpu_a=5.1056,19.6127,3.5338 mpu_g=-8.1298,115.2214,-2.4046 icm_a=-0.1101,4.4053,8.3893 icm_g=-69.1463,3.2317,9.8171 age_icm_ms=0.38 mpu_sat=2 errors=13/0/0/0 m4_ms=327800
seq=16390 t=5896.587881 mpu_a=5.6324,19.6127,5.9029 mpu_g=1.2443,84.3359,-0.2748 icm_a=0.0431,4.6783,8.3989 icm_g=-83.9634,-0.7927,19.7561 age_icm_ms=0.37 mpu_sat=2 errors=13/0/0/0 m4_ms=327820
seq=16391 t=5896.607882 mpu_a=6.2920,19.6127,9.3697 mpu_g=8.5344,70.9618,9.1069 icm_a=-0.2729,4.4341,8.7340 icm_g=-106.3415,-10.9756,25.1220 age_icm_ms=0.37 mpu_sat=2 errors=13/0/0/0 m4_ms=327840
seq=16392 t=5896.627882 mpu_a=5.8526,19.6127,9.5229 mpu_g=1.8321,91.3053,17.3893 icm_a=-0.4597,3.9169,8.7005 icm_g=-103.9634,-18.5366,24.4512 age_icm_ms=0.39 mpu_sat=2 errors=13/0/0/0 m4_ms=327860
seq=16393 t=5896.647883 mpu_a=4.3634,19.6127,7.4460 mpu_g=-8.4504,110.3969,20.7328 icm_a=-0.5602,3.6344,8.6000 icm_g=-83.4756,-20.6707,18.6585 age_icm_ms=0.39 mpu_sat=2 errors=13/0/0/0 m4_ms=327880
seq=16394 t=5896.667884 mpu_a=3.3603,19.6127,6.0478 mpu_g=-14.9008,103.5496,19.2748 icm_a=-0.4214,3.3088,8.8202 icm_g=-69.2683,-16.1585,14.4512 age_icm_ms=0.38 mpu_sat=2 errors=13/0/0/0 m4_ms=327900
seq=16395 t=5896.687884 mpu_a=3.4884,19.6127,6.1758 mpu_g=-15.8702,82.4122,14.1527 icm_a=-0.3065,2.7533,9.2799 icm_g=-69.8171,-7.3171,19.7561 age_icm_ms=0.41 mpu_sat=2 errors=13/0/0/0 m4_ms=327920
seq=16396 t=5896.707886 mpu_a=4.1659,19.6127,7.1910 mpu_g=-10.5115,70.0611,11.3969 icm_a=-0.1197,2.5714,9.3422 icm_g=-78.5976,-1.2805,25.1220 age_icm_ms=0.40 mpu_sat=2 errors=13/0/0/0 m4_ms=327940
seq=16397 t=5896.727887 mpu_a=3.6871,19.6127,8.2648 mpu_g=-1.6412,72.5573,17.1679 icm_a=-0.1772,2.4948,9.2225 icm_g=-82.8659,-1.2805,19.2683 age_icm_ms=0.40 mpu_sat=2 errors=13/0/0/0 m4_ms=327960
seq=16398 t=5896.747888 mpu_a=2.3044,19.6127,8.3163 mpu_g=3.7023,81.6260,21.4122 icm_a=0.0239,2.4134,9.3853 icm_g=-81.5854,-0.3659,5.9146 age_icm_ms=0.40 mpu_sat=2 errors=13/0/0/0 m4_ms=327980
seq=16399 t=5896.767889 mpu_a=1.5203,19.6127,7.7476 mpu_g=3.1832,85.0840,14.7557 icm_a=-0.0239,2.0207,10.0556 icm_g=-79.3902,9.1463,-0.3049 age_icm_ms=0.39 mpu_sat=2 errors=13/0/0/0 m4_ms=328000
seq=16400 t=5896.787888 mpu_a=2.1919,19.6127,7.2939 mpu_g=4.1756,82.7099,1.5878 icm_a=0.0718,1.5850,10.3621 icm_g=-88.5366,14.4512,5.6707 age_icm_ms=0.39 mpu_sat=2 errors=13/0/0/0 m4_ms=328020
seq=16401 t=5896.807887 mpu_a=3.0682,19.6127,9.1482 mpu_g=13.5649,80.4962,-4.2977 icm_a=0.0239,1.5419,10.1323 icm_g=-103.4146,4.4512,10.3659 age_icm_ms=0.41 mpu_sat=2 errors=13/0/0/0 m4_ms=328040
seq=16402 t=5896.827886 mpu_a=2.7342,19.6127,11.2300 mpu_g=19.0763,89.7710,1.2901 icm_a=-0.2346,1.4222,9.8210 icm_g=-113.9024,-11.4634,6.0366 age_icm_ms=0.41 mpu_sat=2 errors=13/0/0/0 m4_ms=328060
seq=16403 t=5896.847885 mpu_a=1.8256,19.6127,11.1797 mpu_g=9.4122,104.1374,5.6947 icm_a=-0.2825,0.7709,10.0030 icm_g=-106.2805,-13.6585,-2.0732 age_icm_ms=0.41 mpu_sat=2 errors=13/0/0/0 m4_ms=328080
seq=16404 t=5896.867884 mpu_a=0.8906,19.6127,8.2373 mpu_g=-7.0229,114.8168,1.5725 icm_a=0.0287,0.0527,10.1706 icm_g=-93.9024,-6.8902,-2.4390 age_icm_ms=0.41 mpu_sat=2 errors=13/0/0/0 m4_ms=328100
seq=16405 t=5896.887882 mpu_a=0.8751,19.6127,7.3107 mpu_g=-10.2824,107.7634,-6.3664 icm_a=0.1437,0.0096,10.0556 icm_g=-97.2561,-7.1341,0.4878 age_icm_ms=0.34 mpu_sat=2 errors=13/0/0/0 m4_ms=328120
seq=16406 t=5896.907881 mpu_a=0.8272,19.6127,9.1315 mpu_g=-3.0611,95.3588,-7.0229 icm_a=0.0144,-0.0670,9.5193 icm_g=-116.2195,-12.5000,-2.3171 age_icm_ms=0.35 mpu_sat=2 errors=13/0/0/0 m4_ms=328140
seq=16407 t=5896.927880 mpu_a=0.7147,19.6127,10.5752 mpu_g=-1.9695,96.5649,-3.9618 icm_a=0.1532,-0.5698,9.6774 icm_g=-134.7561,-7.7439,-10.1220 age_icm_ms=0.35 mpu_sat=2 errors=13/0/0/0 m4_ms=328160
seq=16408 t=5896.947879 mpu_a=-0.0120,19.6127,9.3889 mpu_g=-7.8092,113.3511,-6.2824 icm_a=0.3543,-0.9625,10.0700 icm_g=-132.8049,10.9756,-16.4024 age_icm_ms=0.35 mpu_sat=2 errors=13/0/0/0 m4_ms=328180
seq=16409 t=5896.967878 mpu_a=-0.3208,19.6127,7.6710 mpu_g=11.3740,133.6031,-21.7939 icm_a=0.2107,-1.1540,9.9359 icm_g=-139.6341,21.9512,-13.8415 age_icm_ms=0.35 mpu_sat=2 errors=13/0/0/0 m4_ms=328200
seq=16410 t=5896.987877 mpu_a=0.5578,19.6127,10.5931 mpu_g=25.5115,135.6412,-21.4122 icm_a=-0.3017,-1.4605,9.2608 icm_g=-168.6585,21.2805,-7.7439 age_icm_ms=0.36 mpu_sat=2 errors=13/0/0/0 m4_ms=328220
seq=16411 t=5897.007876 mpu_a=0.2430,19.6127,10.2592 mpu_g=25.7863,160.2214,-16.2290 icm_a=-0.5794,-2.8826,9.0692 icm_g=-191.2195,18.8415,0.1220 age_icm_ms=0.36 mpu_sat=2 errors=13/0/0/0 m4_ms=328240
seq=16412 t=5897.027875 mpu_a=-1.8675,19.6127,6.6248 mpu_g=22.4122,189.1069,-10.4275 icm_a=-0.0383,-4.0462,9.1171 icm_g=-172.7439,23.5976,3.3537 age_icm_ms=0.36 mpu_sat=2 errors=13/0/0/0 m4_ms=328260
seq=16413 t=5897.047875 mpu_a=-4.1791,19.6127,5.0601 mpu_g=25.3740,181.7939,-4.6641 icm_a=0.1293,-4.5490,9.1363 icm_g=-127.1951,22.6829,-1.1585 age_icm_ms=0.36 mpu_sat=2 errors=13/0/0/0 m4_ms=328280
seq=16414 t=5897.067873 mpu_a=-4.7824,19.6127,7.4244 mpu_g=28.9618,141.7023,-5.8626 icm_a=-0.0958,-4.1563,8.5856 icm_g=-103.9634,5.9756,-6.5244 age_icm_ms=0.35 mpu_sat=2 errors=13/0/0/0 m4_ms=328300
seq=16415 t=5897.087872 mpu_a=-3.8726,19.6127,9.1494 mpu_g=16.3511,105.9389,-9.6336 icm_a=0.0383,-4.3000,8.6574 icm_g=-106.7073,-7.1951,-8.2927 age_icm_ms=0.36 mpu_sat=2 errors=13/0/0/0 m4_ms=328320
seq=16416 t=5897.107874 mpu_a=-3.3758,19.6127,7.7189 mpu_g=-0.6947,103.9313,-13.1298 icm_a=0.0622,-4.5155,8.8298 icm_g=-105.1829,-2.9878,-5.6707 age_icm_ms=0.40 mpu_sat=2 errors=13/0/0/0 m4_ms=328340
seq=16417 t=5897.127874 mpu_a=-3.5422,19.6127,6.4691 mpu_g=-2.7863,106.3740,-11.4580 icm_a=0.0766,-4.8507,8.4180 icm_g=-106.8293,6.5244,-1.6463 age_icm_ms=0.39 mpu_sat=2 errors=13/0/0/0 m4_ms=328360
seq=16418 t=5897.147874 mpu_a=-4.1204,19.6127,6.9492 mpu_g=7.6641,105.4656,-7.7405 icm_a=0.1580,-5.4013,8.1786 icm_g=-110.2439,10.3049,-1.2805 age_icm_ms=0.37 mpu_sat=2 errors=13/0/0/0 m4_ms=328380
seq=16419 t=5897.167875 mpu_a=-5.2445,19.6127,6.6906 mpu_g=13.8092,110.6641,-5.7863 icm_a=0.1149,-5.5929,8.0254 icm_g=-99.8171,7.5000,-4.1463 age_icm_ms=0.39 mpu_sat=2 errors=13/0/0/0 m4_ms=328400
seq=16420 t=5897.187875 mpu_a=-5.2804,19.6127,6.6595 mpu_g=13.5496,105.5649,-7.7023 icm_a=0.1293,-5.7700,7.9966 icm_g=-84.3293,0.9146,-5.1220 age_icm_ms=0.39 mpu_sat=2 errors=13/0/0/0 m4_ms=328420
seq=16421 t=5897.207875 mpu_a=-5.3534,19.6127,7.0413 mpu_g=8.5573,92.3740,-9.2061 icm_a=0.0575,-6.0382,7.5992 icm_g=-73.4756,-8.7805,-4.0854 age_icm_ms=0.38 mpu_sat=2 errors=13/0/0/0 m4_ms=328440
seq=16422 t=5897.227875 mpu_a=-5.4971,19.6127,6.9659 mpu_g=0.4885,78.9924,-8.1832 icm_a=0.0670,-6.5027,7.4843 icm_g=-65.9756,-11.0976,-0.6098 age_icm_ms=0.40 mpu_sat=2 errors=13/0/0/0 m4_ms=328460
seq=16423 t=5897.247878 mpu_a=-5.6000,19.6127,5.4121 mpu_g=-7.5725,70.7023,-5.9313 icm_a=0.0958,-6.7229,7.5657 icm_g=-57.6220,-3.3537,5.4878 age_icm_ms=0.43 mpu_sat=2 errors=13/0/0/0 m4_ms=328480
seq=16424 t=5897.267879 mpu_a=-5.8921,19.6127,5.0865 mpu_g=-4.1527,63.4198,-0.6107 icm_a=0.0814,-6.7516,7.4268 icm_g=-53.1707,0.1829,7.1951 age_icm_ms=0.42 mpu_sat=2 errors=13/0/0/0 m4_ms=328500
seq=16425 t=5897.287881 mpu_a=-6.4536,19.6127,6.4811 mpu_g=4.1679,56.2901,4.4504 icm_a=-0.0048,-6.8187,7.1826 icm_g=-54.0854,-5.4268,3.5366 age_icm_ms=0.41 mpu_sat=2 errors=13/0/0/0 m4_ms=328520
seq=16426 t=5897.307880 mpu_a=-6.7205,19.6127,6.9791 mpu_g=3.2901,54.4427,3.6489 icm_a=-0.0096,-7.1204,7.1922 icm_g=-49.2683,-8.5366,0.0610 age_icm_ms=0.39 mpu_sat=2 errors=13/0/0/0 m4_ms=328540
seq=16427 t=5897.327879 mpu_a=-7.0150,19.6127,5.3594 mpu_g=-3.3359,55.0153,-0.4885 icm_a=-0.0048,-7.2496,7.2640 icm_g=-35.0000,-7.4390,-1.4024 age_icm_ms=0.41 mpu_sat=2 errors=13/0/0/0 m4_ms=328560
seq=16428 t=5897.347878 mpu_a=-7.1216,19.6127,5.1739 mpu_g=-4.0458,45.9313,-2.7023 icm_a=-0.0287,-7.1491,7.2257 icm_g=-29.5732,-8.1707,-2.9878 age_icm_ms=0.41 mpu_sat=2 errors=13/0/0/0 m4_ms=328580
seq=16429 t=5897.367878 mpu_a=-6.9384,19.6127,6.3913 mpu_g=-2.8779,32.5191,-3.2824 icm_a=-0.0622,-7.1443,7.0725 icm_g=-34.8780,-8.5976,-5.0610 age_icm_ms=0.41 mpu_sat=2 errors=13/0/0/0 m4_ms=328600
seq=16430 t=5897.387878 mpu_a=-6.8989,19.6127,6.3985 mpu_g=-4.1527,31.7099,-4.9389 icm_a=-0.1532,-7.2975,6.9480 icm_g=-35.6707,-7.1951,-6.0976 age_icm_ms=0.42 mpu_sat=2 errors=13/0/0/0 m4_ms=328620
seq=16431 t=5897.407877 mpu_a=-6.8941,19.6127,5.4696 mpu_g=-4.1908,37.1603,-7.2061 icm_a=-0.1963,-7.4124,6.4548 icm_g=-35.0610,-9.2683,-4.6951 age_icm_ms=0.36 mpu_sat=2 errors=13/0/0/0 m4_ms=328640
seq=16432 t=5897.427876 mpu_a=-6.7780,19.6127,5.9927 mpu_g=-2.7252,36.4504,-7.5191 icm_a=-0.1101,-7.5465,6.3590 icm_g=-30.9756,-12.2561,-3.7805 age_icm_ms=0.36 mpu_sat=2 errors=13/0/0/0 m4_ms=328660
seq=16433 t=5897.447876 mpu_a=-7.1383,19.6127,5.1116 mpu_g=-5.8931,35.8397,-5.9313 icm_a=-0.0335,-7.6375,6.2728 icm_g=-25.0000,-10.9146,-2.9878 age_icm_ms=0.36 mpu_sat=2 errors=13/0/0/0 m4_ms=328680
seq=16434 t=5897.467875 mpu_a=-7.2101,19.6127,4.6400 mpu_g=-8.0534,30.9313,-4.9313 icm_a=0.0670,-7.6423,5.9855 icm_g=-22.3171,-6.9512,-2.2561 age_icm_ms=0.36 mpu_sat=2 errors=13/0/0/0 m4_ms=328700
seq=16435 t=5897.487874 mpu_a=-7.2305,19.6127,4.4736 mpu_g=-5.9313,25.5344,-3.9084 icm_a=0.1676,-7.6567,5.6695 icm_g=-14.3293,-3.3537,-3.4146 age_icm_ms=0.36 mpu_sat=2 errors=13/0/0/0 m4_ms=328720
seq=16436 t=5897.507874 mpu_a=-7.5609,19.6127,3.7589 mpu_g=-1.9847,22.8321,-3.3359 icm_a=0.1676,-7.6327,5.5402 icm_g=7.8659,-2.7439,-5.1829 age_icm_ms=0.37 mpu_sat=2 errors=13/0/0/0 m4_ms=328740
seq=16437 t=5897.527873 mpu_a=-7.7572,19.6127,2.9401 mpu_g=1.2901,13.3817,-4.3893 icm_a=0.0192,-7.3406,5.7174 icm_g=34.6951,-9.0854,-3.6585 age_icm_ms=0.37 mpu_sat=2 errors=13/0/0/0 m4_ms=328760
seq=16438 t=5897.547873 mpu_a=-7.2377,19.6127,3.6895 mpu_g=1.4122,-9.8931,-4.8473 icm_a=0.1006,-7.1204,5.9424 icm_g=47.0122,-19.0244,1.5244 age_icm_ms=0.39 mpu_sat=2 errors=13/0/0/0 m4_ms=328780
seq=16439 t=5897.567874 mpu_a=-6.3075,19.6127,5.2756 mpu_g=-5.4351,-35.3053,-1.6794 icm_a=0.4118,-6.8714,6.1387 icm_g=54.6341,-19.9390,1.9512 age_icm_ms=0.40 mpu_sat=2 errors=13/0/0/0 m4_ms=328800
seq=16440 t=5897.587873 mpu_a=-6.7445,19.6127,4.5203 mpu_g=-15.0763,-45.8473,3.9695 icm_a=0.6416,-6.8857,6.1339 icm_g=70.6707,-13.1707,-1.8902 age_icm_ms=0.37 mpu_sat=2 errors=13/0/0/0 m4_ms=328820
seq=16441 t=5897.607873 mpu_a=-7.0629,19.6127,3.3495 mpu_g=-15.3130,-53.0000,4.3130 icm_a=0.6847,-6.8426,6.6463 icm_g=96.5854,-3.7195,-2.5000 age_icm_ms=0.38 mpu_sat=2 errors=13/0/0/0 m4_ms=328840
seq=16442 t=5897.627874 mpu_a=-6.9073,19.6127,2.5402 mpu_g=-8.3817,-69.0687,0.9771 icm_a=0.6847,-6.4212,6.6990 icm_g=112.7439,1.7683,5.5488 age_icm_ms=0.39 mpu_sat=2 errors=13/0/0/0 m4_ms=328860
seq=16443 t=5897.647874 mpu_a=-5.2924,19.6127,4.3132 mpu_g=1.1832,-94.4809,1.5573 icm_a=0.6847,-6.0478,6.9671 icm_g=106.1585,5.4878,15.4268 age_icm_ms=0.39 mpu_sat=2 errors=13/0/0/0 m4_ms=328880
seq=16444 t=5897.667874 mpu_a=-4.4293,19.6127,6.2010 mpu_g=7.0000,-110.5115,10.0458 icm_a=0.6369,-5.9616,7.2640 icm_g=109.3902,19.7561,19.7561 age_icm_ms=0.39 mpu_sat=2 errors=13/0/0/0 m4_ms=328900
seq=16445 t=5897.687877 mpu_a=-5.0697,19.6127,4.4412 mpu_g=9.8168,-103.2519,19.5038 icm_a=0.1963,-5.7892,7.9440 icm_g=129.8780,34.2683,22.0122 age_icm_ms=0.44 mpu_sat=2 errors=13/0/0/0 m4_ms=328920
seq=16446 t=5897.707879 mpu_a=-5.3271,19.6127,3.5183 mpu_g=23.3588,-105.0000,23.8779 icm_a=-0.2346,-5.4348,8.4803 icm_g=137.8659,34.0244,26.1585 age_icm_ms=0.40 mpu_sat=2 errors=13/0/0/0 m4_ms=328940
seq=16447 t=5897.727879 mpu_a=-4.4365,19.6127,6.5936 mpu_g=38.8244,-124.3282,26.4656 icm_a=-0.4357,-4.8937,8.4180 icm_g=121.8293,22.2561,30.3049 age_icm_ms=0.39 mpu_sat=2 errors=13/0/0/0 m4_ms=328960
seq=16448 t=5897.747881 mpu_a=-3.6404,19.6127,9.7839 mpu_g=40.1756,-134.2214,30.6947 icm_a=-0.3831,-4.7022,8.8585 icm_g=104.6341,19.3902,27.3171 age_icm_ms=0.42 mpu_sat=2 errors=13/0/0/0 m4_ms=328980
seq=16449 t=5897.767883 mpu_a=-3.9983,19.6127,9.2955 mpu_g=28.6183,-121.0534,34.8397 icm_a=-0.4501,-4.7357,9.3230 icm_g=104.9390,30.4268,23.7805 age_icm_ms=0.41 mpu_sat=2 errors=13/0/0/0 m4_ms=329000
seq=16450 t=5897.787882 mpu_a=-3.9696,19.6127,7.6758 mpu_g=33.0763,-100.5878,27.6718 icm_a=-0.7566,-4.3096,9.2943 icm_g=101.5244,36.2805,22.5610 age_icm_ms=0.38 mpu_sat=2 errors=13/0/0/0 m4_ms=329020
seq=16451 t=5897.807882 mpu_a=-3.5374,19.6127,9.1303 mpu_g=41.0534,-99.3359,26.2290 icm_a=-0.8092,-4.0223,9.1650 icm_g=91.4634,33.2927,19.6951 age_icm_ms=0.37 mpu_sat=2 errors=13/0/0/0 m4_ms=329040
seq=16452 t=5897.827884 mpu_a=-3.7014,19.6127,8.5832 mpu_g=38.9084,-90.0687,23.7023 icm_a=-0.9864,-3.8259,9.4379 icm_g=91.9512,31.0976,16.6463 age_icm_ms=0.40 mpu_sat=2 errors=13/0/0/0 m4_ms=329060
seq=16453 t=5897.847882 mpu_a=-3.0023,19.6127,7.8590 mpu_g=35.5725,-86.7786,19.9771 icm_a=-0.8236,-3.4237,9.4906 icm_g=92.9878,30.3659,19.7561 age_icm_ms=0.40 mpu_sat=2 errors=13/0/0/0 m4_ms=329080
seq=16454 t=5897.867881 mpu_a=-1.9956,19.6127,9.7540 mpu_g=35.5344,-90.9313,21.6870 icm_a=-1.0918,-2.9018,9.5002 icm_g=75.4878,27.0122,23.1707 age_icm_ms=0.41 mpu_sat=2 errors=13/0/0/0 m4_ms=329100
seq=16455 t=5897.887880 mpu_a=-2.1883,19.6127,9.6331 mpu_g=32.4885,-77.7710,25.4046 icm_a=-1.0056,-2.6671,9.5002 icm_g=59.1463,26.8902,18.9634 age_icm_ms=0.41 mpu_sat=2 errors=13/0/0/0 m4_ms=329120
seq=16456 t=5897.907879 mpu_a=-3.0335,19.6127,8.5126 mpu_g=30.8397,-59.6183,23.4809 icm_a=-0.9673,-2.5474,9.2416 icm_g=53.8415,30.5488,9.8171 age_icm_ms=0.41 mpu_sat=2 errors=13/0/0/0 m4_ms=329140
seq=16457 t=5897.927877 mpu_a=-2.7186,19.6127,7.4675 mpu_g=33.0229,-51.7786,14.6947 icm_a=-1.2641,-2.4708,9.4954 icm_g=56.0366,39.0854,5.1220 age_icm_ms=0.39 mpu_sat=2 errors=13/0/0/0 m4_ms=329160
seq=16458 t=5897.947877 mpu_a=-1.7992,19.6127,6.8486 mpu_g=39.3817,-51.5496,7.3817 icm_a=-1.5083,-2.3128,9.7875 icm_g=57.0122,46.0366,10.7927 age_icm_ms=0.37 mpu_sat=2 errors=13/0/0/0 m4_ms=329180
seq=16459 t=5897.967876 mpu_a=-0.8380,19.6127,9.8186 mpu_g=49.3130,-55.9237,9.0992 icm_a=-1.7238,-2.0686,9.6917 icm_g=38.9024,36.4634,15.7317 age_icm_ms=0.36 mpu_sat=2 errors=13/0/0/0 m4_ms=329200
seq=16460 t=5897.987875 mpu_a=-1.2869,19.6127,11.2013 mpu_g=47.2214,-45.4275,15.6489 icm_a=-1.8244,-1.9728,9.7348 icm_g=24.2073,22.1951,12.5610 age_icm_ms=0.36 mpu_sat=2 errors=13/0/0/0 m4_ms=329220
seq=16461 t=5898.007875 mpu_a=-2.2386,19.6127,9.9599 mpu_g=32.5344,-26.6031,15.8626 icm_a=-2.0063,-1.8579,9.6822 icm_g=21.2195,16.2195,4.2073 age_icm_ms=0.37 mpu_sat=2 errors=13/0/0/0 m4_ms=329240
seq=16462 t=5898.027874 mpu_a=-2.2386,19.6127,8.3079 mpu_g=21.5344,-19.0153,8.7099 icm_a=-2.1835,-1.7909,9.5864 icm_g=22.2561,21.8902,-1.5244 age_icm_ms=0.37 mpu_sat=2 errors=13/0/0/0 m4_ms=329260
seq=16463 t=5898.047873 mpu_a=-1.6245,19.6127,7.3478 mpu_g=21.8244,-19.6260,1.0382 icm_a=-2.2984,-1.7909,9.3996 icm_g=22.9268,31.5854,-1.7683 age_icm_ms=0.38 mpu_sat=2 errors=13/0/0/0 m4_ms=329280
seq=16464 t=5898.067873 mpu_a=-1.1995,19.6127,7.3263 mpu_g=30.7710,-20.9618,-1.8168 icm_a=-2.4229,-1.7142,9.2847 icm_g=23.8415,39.7561,0.2439 age_icm_ms=0.38 mpu_sat=2 errors=13/0/0/0 m4_ms=329300
seq=16465 t=5898.087873 mpu_a=-1.0487,19.6127,7.1994 mpu_g=39.7328,-21.3969,-0.6489 icm_a=-2.6863,-1.6328,9.3278 icm_g=23.9634,48.3537,3.2927 age_icm_ms=0.37 mpu_sat=2 errors=13/0/0/0 m4_ms=329320
seq=16466 t=5898.107871 mpu_a=-0.9529,19.6127,7.3382 mpu_g=47.7634,-22.2595,1.8626 icm_a=-2.6336,-1.6616,9.5289 icm_g=24.0854,54.3902,2.5000 age_icm_ms=0.36 mpu_sat=2 errors=13/0/0/0 m4_ms=329340
seq=16467 t=5898.127870 mpu_a=-1.6041,19.6127,7.8554 mpu_g=55.4733,-21.7023,3.8244 icm_a=-2.4517,-1.6712,9.5337 icm_g=23.6585,53.8415,-1.3415 age_icm_ms=0.36 mpu_sat=2 errors=13/0/0/0 m4_ms=329360
seq=16468 t=5898.147870 mpu_a=-1.6460,19.6127,8.7867 mpu_g=59.4504,-22.1908,1.3282 icm_a=-2.6288,-1.4700,9.3565 icm_g=22.5610,45.8537,-4.6341 age_icm_ms=0.37 mpu_sat=2 errors=13/0/0/0 m4_ms=329380
seq=16469 t=5898.167870 mpu_a=-1.3431,19.6127,9.1351 mpu_g=55.6107,-21.3740,-2.5878 icm_a=-2.8443,-1.2881,9.3805 icm_g=24.6341,38.1707,-5.7927 age_icm_ms=0.39 mpu_sat=2 errors=13/0/0/0 m4_ms=329400
seq=16470 t=5898.187871 mpu_a=-0.8607,19.6127,8.3857 mpu_g=46.5344,-21.0840,-5.1450 icm_a=-2.8539,-1.3120,9.3518 icm_g=27.8049,34.9390,-3.6585 age_icm_ms=0.40 mpu_sat=2 errors=13/0/0/0 m4_ms=329420
seq=16471 t=5898.207872 mpu_a=-0.6129,19.6127,8.2971 mpu_g=40.8397,-24.0534,-4.9466 icm_a=-2.8730,-1.2019,9.2560 icm_g=27.0122,30.4878,-1.1585 age_icm_ms=0.39 mpu_sat=2 errors=13/0/0/0 m4_ms=329440
seq=16472 t=5898.227873 mpu_a=-0.5770,19.6127,8.7329 mpu_g=37.9771,-26.0840,-2.1527 icm_a=-2.8635,-0.9385,9.0644 icm_g=23.7195,25.3659,-1.3415 age_icm_ms=0.39 mpu_sat=2 errors=13/0/0/0 m4_ms=329460
seq=16473 t=5898.247873 mpu_a=-0.7254,19.6127,8.5222 mpu_g=33.1221,-24.2443,-0.2595 icm_a=-3.0789,-0.8140,9.0788 icm_g=22.6220,25.3659,-1.5244 age_icm_ms=0.37 mpu_sat=2 errors=13/0/0/0 m4_ms=329480
seq=16474 t=5898.267873 mpu_a=-0.3460,19.6127,7.5609 mpu_g=28.7634,-21.3130,-1.0916 icm_a=-3.2465,-0.8045,9.2512 icm_g=25.0610,30.0000,2.5610 age_icm_ms=0.39 mpu_sat=2 errors=13/0/0/0 m4_ms=329500
seq=16475 t=5898.287875 mpu_a=0.0443,19.6127,7.1718 mpu_g=30.4504,-21.0000,-0.4962 icm_a=-3.2322,-0.5650,9.3087 icm_g=25.9756,32.4390,5.3049 age_icm_ms=0.40 mpu_sat=2 errors=13/0/0/0 m4_ms=329520
seq=16476 t=5898.307876 mpu_a=-0.1365,19.6127,7.9104 mpu_g=35.2366,-23.6336,3.9847 icm_a=-3.5338,-0.5986,8.8107 icm_g=19.8171,35.8537,1.9512 age_icm_ms=0.40 mpu_sat=2 errors=13/0/0/0 m4_ms=329540
seq=16477 t=5898.327875 mpu_a=-0.4705,19.6127,8.0493 mpu_g=37.5496,-23.8550,5.3511 icm_a=-3.6152,-0.5171,9.0836 icm_g=5.0000,33.7805,1.2805 age_icm_ms=0.37 mpu_sat=2 errors=13/0/0/0 m4_ms=329560
seq=16478 t=5898.347875 mpu_a=-0.0084,19.6127,8.8538 mpu_g=40.2977,-15.3817,1.8092 icm_a=-3.8307,-0.6321,9.1363 icm_g=4.8780,31.0976,-1.2195 age_icm_ms=0.38 mpu_sat=2 errors=13/0/0/0 m4_ms=329580
seq=16479 t=5898.367875 mpu_a=-0.5207,19.6127,7.8985 mpu_g=37.6183,-1.9771,0.3969 icm_a=-3.9265,-0.6033,8.8442 icm_g=9.1463,22.8659,-1.7073 age_icm_ms=0.38 mpu_sat=2 errors=13/0/0/0 m4_ms=329600
seq=16480 t=5898.387875 mpu_a=-0.2957,19.6127,8.2337 mpu_g=34.6031,-3.3588,-1.7328 icm_a=-4.1563,-0.6225,8.7245 icm_g=12.5000,13.7195,-0.6707 age_icm_ms=0.37 mpu_sat=2 errors=13/0/0/0 m4_ms=329620
seq=16481 t=5898.407877 mpu_a=-0.0766,19.6127,8.1187 mpu_g=26.0840,-7.8397,-1.7328 icm_a=-4.3000,-0.5938,8.7676 icm_g=14.6341,10.9146,3.1707 age_icm_ms=0.40 mpu_sat=2 errors=13/0/0/0 m4_ms=329640
seq=16482 t=5898.427879 mpu_a=0.1233,19.6127,7.5034 mpu_g=17.3282,-10.8473,-0.2366 icm_a=-4.3144,-0.5890,8.8777 icm_g=14.3902,13.0488,6.2805 age_icm_ms=0.40 mpu_sat=2 errors=13/0/0/0 m4_ms=329660
seq=16483 t=5898.447879 mpu_a=0.0611,19.6127,7.2449 mpu_g=15.1145,-12.6870,3.6336 icm_a=-4.0366,-0.5076,8.9352 icm_g=12.2561,17.1341,5.7927 age_icm_ms=0.39 mpu_sat=2 errors=13/0/0/0 m4_ms=329680
seq=16484 t=5898.467881 mpu_a=-0.2658,19.6127,7.2664 mpu_g=17.5496,-12.3969,6.5267 icm_a=-3.9409,-0.4118,8.8011 icm_g=9.4512,18.5976,1.0976 age_icm_ms=0.40 mpu_sat=2 errors=13/0/0/0 m4_ms=329700
seq=16485 t=5898.487881 mpu_a=-0.5339,19.6127,7.7476 mpu_g=21.6412,-10.1374,5.9237 icm_a=-4.0510,-0.2825,8.7293 icm_g=5.3659,15.6098,-3.7805 age_icm_ms=0.38 mpu_sat=2 errors=13/0/0/0 m4_ms=329720
seq=16486 t=5898.507881 mpu_a=-0.3591,19.6127,7.9954 mpu_g=23.1374,-7.4733,1.1069 icm_a=-4.2665,-0.2969,8.9830 icm_g=5.1220,11.6463,-3.6585 age_icm_ms=0.41 mpu_sat=2 errors=13/0/0/0 m4_ms=329740
seq=16487 t=5898.527880 mpu_a=0.0910,19.6127,7.9859 mpu_g=20.0840,-3.8855,-3.9008 icm_a=-4.2713,-0.2586,8.9064 icm_g=8.2317,7.9878,-0.1220 age_icm_ms=0.40 mpu_sat=2 errors=13/0/0/0 m4_ms=329760
seq=16488 t=5898.547880 mpu_a=0.4417,19.6127,7.8111 mpu_g=16.0458,-3.1603,-4.0763 icm_a=-4.0558,-0.1293,8.8107 icm_g=10.4878,0.4268,3.6585 age_icm_ms=0.41 mpu_sat=2 errors=13/0/0/0 m4_ms=329780
seq=16489 t=5898.567879 mpu_a=0.5112,19.6127,8.0864 mpu_g=12.6565,-6.0687,-0.3282 icm_a=-4.0270,-0.1389,8.9160 icm_g=11.4634,-10.1829,8.9024 age_icm_ms=0.42 mpu_sat=2 errors=13/0/0/0 m4_ms=329800
seq=16490 t=5898.587878 mpu_a=0.6800,19.6127,8.4719 mpu_g=6.2519,-8.2672,3.3282 icm_a=-3.9983,-0.2251,9.0884 icm_g=9.5732,-22.6829,14.6341 age_icm_ms=0.42 mpu_sat=2 errors=13/0/0/0 m4_ms=329820
seq=16491 t=5898.607878 mpu_a=0.8487,19.6127,8.8789 mpu_g=-3.7176,-9.0763,8.1908 icm_a=-3.8882,-0.2107,9.0166 icm_g=0.5488,-35.8537,14.2073 age_icm_ms=0.43 mpu_sat=2 errors=13/0/0/0 m4_ms=329840
seq=16492 t=5898.627878 mpu_a=-0.4477,19.6127,9.4559 mpu_g=-28.3969,-0.6565,15.3053 icm_a=-3.5961,-0.0958,8.8873 icm_g=-11.2195,-45.7927,6.0366 age_icm_ms=0.43 mpu_sat=2 errors=13/0/0/0 m4_ms=329860
seq=16493 t=5898.647877 mpu_a=-0.3555,19.6127,8.6790 mpu_g=-39.2977,10.6794,8.1374 icm_a=-3.3998,-0.0287,8.8633 icm_g=-19.2073,-51.5244,-0.4268 age_icm_ms=0.37 mpu_sat=2 errors=13/0/0/0 m4_ms=329880
seq=16494 t=5898.667877 mpu_a=0.3448,19.6127,7.8805 mpu_g=-45.8550,19.8779,0.0534 icm_a=-3.4524,-0.0287,9.0166 icm_g=-17.1951,-55.6707,0.7927 age_icm_ms=0.37 mpu_sat=2 errors=13/0/0/0 m4_ms=329900
seq=16495 t=5898.687876 mpu_a=1.0558,19.6127,7.9787 mpu_g=-49.7176,20.1374,-0.8550 icm_a=-3.7828,-0.2442,8.9783 icm_g=-13.7195,-60.2439,8.2317 age_icm_ms=0.37 mpu_sat=2 errors=13/0/0/0 m4_ms=329920
seq=16496 t=5898.707875 mpu_a=0.6285,19.6127,7.8171 mpu_g=-53.8931,16.8244,5.7328 icm_a=-3.6344,-0.3687,8.9064 icm_g=-6.0366,-64.6341,12.9268 age_icm_ms=0.36 mpu_sat=2 errors=13/0/0/0 m4_ms=329940
seq=16497 t=5898.727875 mpu_a=-0.0994,19.6127,7.1994 mpu_g=-58.3053,11.4885,12.2137 icm_a=-3.1747,-0.3208,9.0980 icm_g=8.7805,-66.8902,11.0976 age_icm_ms=0.37 mpu_sat=2 errors=13/0/0/0 m4_ms=329960
seq=16498 t=5898.747876 mpu_a=-0.7374,19.6127,7.0054 mpu_g=-61.5496,-0.9924,13.3282 icm_a=-2.5522,-0.5028,9.0070 icm_g=18.5366,-68.2927,6.4634 age_icm_ms=0.39 mpu_sat=2 errors=13/0/0/0 m4_ms=329980
seq=16499 t=5898.767876 mpu_a=-0.2143,19.6127,8.1032 mpu_g=-62.3969,-14.5420,8.9847 icm_a=-2.4517,-0.3687,9.1985 icm_g=13.1707,-72.2561,8.0488 age_icm_ms=0.39 mpu_sat=2 errors=13/0/0/0 m4_ms=330000
seq=16500 t=5898.787875 mpu_a=0.6919,19.6127,9.2751 mpu_g=-65.1679,-14.7939,7.8397 icm_a=-2.4373,-0.3543,9.4667 icm_g=-1.2195,-76.8293,14.0244 age_icm_ms=0.36 mpu_sat=2 errors=13/0/0/0 m4_ms=330020
seq=16501 t=5898.807875 mpu_a=0.8009,19.6127,9.5193 mpu_g=-69.9924,-3.1145,12.2214 icm_a=-2.2458,0.0910,9.6199 icm_g=-11.7683,-81.0976,15.4878 age_icm_ms=0.38 mpu_sat=2 errors=13/0/0/0 m4_ms=330040
seq=16502 t=5898.827875 mpu_a=-0.0898,19.6127,9.0285 mpu_g=-73.8244,11.3435,16.6260 icm_a=-1.7526,0.3496,9.5768 icm_g=-7.8659,-87.1341,4.2073 age_icm_ms=0.42 mpu_sat=2 errors=13/0/0/0 m4_ms=330060
seq=16503 t=5898.847875 mpu_a=-0.6919,19.6127,8.1930 mpu_g=-79.1145,14.1145,10.8092 icm_a=-1.5945,0.0192,9.7636 icm_g=4.2683,-93.7805,-1.8902 age_icm_ms=0.38 mpu_sat=2 errors=13/0/0/0 m4_ms=330080
seq=16504 t=5898.867875 mpu_a=0.7039,19.6127,8.4910 mpu_g=-85.6870,3.2061,-0.3588 icm_a=-1.3599,-0.4070,9.9359 icm_g=7.2561,-97.0732,7.4390 age_icm_ms=0.39 mpu_sat=2 errors=13/0/0/0 m4_ms=330100
seq=16505 t=5898.887876 mpu_a=1.2342,19.6127,9.1375 mpu_g=-90.9237,-6.1679,2.6107 icm_a=-0.9625,-0.0718,9.8450 icm_g=-2.5000,-97.5610,15.9146 age_icm_ms=0.41 mpu_sat=2 errors=13/0/0/0 m4_ms=330120
seq=16506 t=5898.907877 mpu_a=0.6716,19.6127,9.4846 mpu_g=-92.0382,-1.5649,13.8626 icm_a=-0.4118,0.0670,9.7683 icm_g=-12.1951,-99.2683,11.7073 age_icm_ms=0.42 mpu_sat=2 errors=13/0/0/0 m4_ms=330140
seq=16507 t=5898.927878 mpu_a=-0.3208,19.6127,9.2237 mpu_g=-92.6718,10.1756,16.2214 icm_a=-0.3783,-0.3543,10.0365 icm_g=-13.1707,-99.8171,5.4268 age_icm_ms=0.40 mpu_sat=2 errors=13/0/0/0 m4_ms=330160
seq=16508 t=5898.947879 mpu_a=-0.0850,19.6127,8.4659 mpu_g=-95.0992,15.6183,8.6107 icm_a=-0.3496,-0.5171,10.2137 icm_g=-17.5610,-89.2683,5.0610 age_icm_ms=0.40 mpu_sat=2 errors=13/0/0/0 m4_ms=330180
seq=16509 t=5898.967878 mpu_a=-0.0958,19.6127,7.6854 mpu_g=-92.4122,15.6107,5.3817 icm_a=0.0144,-0.4693,10.1131 icm_g=-32.2561,-72.3171,2.4390 age_icm_ms=0.36 mpu_sat=2 errors=13/0/0/0 m4_ms=330200
seq=16510 t=5898.987879 mpu_a=-0.1592,19.6127,8.8921 mpu_g=-76.8473,23.5573,4.3282 icm_a=0.3687,-0.5938,10.1849 icm_g=-44.1463,-70.7317,-3.5366 age_icm_ms=0.39 mpu_sat=2 errors=13/0/0/0 m4_ms=330220
seq=16511 t=5899.007881 mpu_a=-0.7482,19.6127,9.9790 mpu_g=-63.8168,39.8626,-0.2519 icm_a=0.7422,-0.9816,10.1179 icm_g=-37.8659,-85.6707,-12.1951 age_icm_ms=0.40 mpu_sat=2 errors=13/0/0/0 m4_ms=330240
seq=16512 t=5899.027881 mpu_a=-1.2845,19.6127,10.2544 mpu_g=-69.6412,44.9466,-7.7405 icm_a=0.9816,-1.2258,10.1562 icm_g=-31.5244,-90.7317,-14.6341 age_icm_ms=0.37 mpu_sat=2 errors=13/0/0/0 m4_ms=330260
seq=16513 t=5899.047880 mpu_a=-0.6776,19.6127,8.1858 mpu_g=-85.4198,35.8473,-14.5038 icm_a=1.3551,-1.2354,10.2568 icm_g=-30.0610,-75.4878,-11.2805 age_icm_ms=0.36 mpu_sat=2 errors=13/0/0/0 m4_ms=330280
seq=16514 t=5899.067880 mpu_a=-0.3232,19.6127,7.5274 mpu_g=-82.9389,30.8092,-14.3893 icm_a=1.6424,-1.1827,10.0221 icm_g=-37.3171,-67.4390,-8.2317 age_icm_ms=0.37 mpu_sat=2 errors=13/0/0/0 m4_ms=330300
seq=16515 t=5899.087879 mpu_a=-0.4513,19.6127,9.4463 mpu_g=-66.3435,32.3359,-10.6489 icm_a=2.1308,-0.9673,9.5241 icm_g=-42.6829,-78.9024,-12.8659 age_icm_ms=0.37 mpu_sat=2 errors=13/0/0/0 m4_ms=330320
seq=16516 t=5899.107880 mpu_a=-1.2031,19.6127,10.4483 mpu_g=-63.5115,40.5649,-9.3206 icm_a=2.4469,-1.1492,9.5385 icm_g=-31.5854,-85.6707,-18.0488 age_icm_ms=0.39 mpu_sat=2 errors=13/0/0/0 m4_ms=330340
seq=16517 t=5899.127880 mpu_a=-1.0331,19.6127,7.6148 mpu_g=-77.5038,42.8626,-15.4275 icm_a=2.8491,-1.3360,9.1363 icm_g=-15.9146,-76.7073,-12.9878 age_icm_ms=0.38 mpu_sat=2 errors=13/0/0/0 m4_ms=330360
seq=16518 t=5899.147881 mpu_a=-0.3077,19.6127,6.2848 mpu_g=-80.4275,28.7176,-18.0534 icm_a=2.9497,-1.2641,8.8681 icm_g=-10.6707,-70.1220,-5.1220 age_icm_ms=0.41 mpu_sat=2 errors=13/0/0/0 m4_ms=330380
seq=16519 t=5899.167882 mpu_a=-0.1616,19.6127,7.2077 mpu_g=-69.9313,15.1069,-11.1679 icm_a=2.9640,-1.1923,8.7197 icm_g=-6.9512,-77.0732,-2.5610 age_icm_ms=0.40 mpu_sat=2 errors=13/0/0/0 m4_ms=330400
seq=16520 t=5899.187884 mpu_a=-0.8128,19.6127,8.5940 mpu_g=-65.0458,11.6260,-3.7710 icm_a=3.2034,-1.3216,8.6526 icm_g=0.7317,-86.0366,-1.6463 age_icm_ms=0.41 mpu_sat=2 errors=13/0/0/0 m4_ms=330420
seq=16521 t=5899.207883 mpu_a=-0.8284,19.6127,8.0182 mpu_g=-73.6641,7.6565,-1.7863 icm_a=3.6583,-1.2546,8.6622 icm_g=7.3171,-76.2195,1.7073 age_icm_ms=0.40 mpu_sat=2 errors=13/0/0/0 m4_ms=330440
seq=16522 t=5899.227882 mpu_a=-0.6129,19.6127,5.9604 mpu_g=-81.2595,0.0382,-0.3206 icm_a=3.9073,-1.4317,8.6000 icm_g=10.1220,-58.7195,3.1098 age_icm_ms=0.41 mpu_sat=2 errors=13/0/0/0 m4_ms=330460
seq=16523 t=5899.247881 mpu_a=-1.0032,19.6127,5.6802 mpu_g=-69.7863,-5.9237,3.0687 icm_a=3.7828,-1.2977,8.5473 icm_g=13.2317,-52.6829,0.0610 age_icm_ms=0.40 mpu_sat=2 errors=13/0/0/0 m4_ms=330480
seq=16524 t=5899.267881 mpu_a=-1.4497,19.6127,7.0425 mpu_g=-52.2977,-8.3511,4.0992 icm_a=3.8595,-1.2785,8.6957 icm_g=18.6585,-58.9634,-4.1463 age_icm_ms=0.41 mpu_sat=2 errors=13/0/0/0 m4_ms=330500
seq=16525 t=5899.287880 mpu_a=-1.4856,19.6127,8.1271 mpu_g=-47.2061,-11.2366,1.0687 icm_a=4.2521,-1.3072,8.4755 icm_g=21.5244,-56.7683,-0.1829 age_icm_ms=0.41 mpu_sat=2 errors=13/0/0/0 m4_ms=330520
seq=16526 t=5899.307879 mpu_a=-0.5004,19.6127,7.2269 mpu_g=-53.9847,-16.5191,-2.8321 icm_a=4.6400,-1.2354,8.4898 icm_g=17.1951,-46.0976,5.2439 age_icm_ms=0.37 mpu_sat=2 errors=13/0/0/0 m4_ms=330540
seq=16527 t=5899.327879 mpu_a=-0.2717,19.6127,6.6930 mpu_g=-52.4504,-19.7786,0.8855 icm_a=4.6591,-1.0199,8.4659 icm_g=13.0488,-38.4146,4.2683 age_icm_ms=0.36 mpu_sat=2 errors=13/0/0/0 m4_ms=330560
seq=16528 t=5899.347878 mpu_a=-0.9337,19.6127,6.8091 mpu_g=-41.9313,-15.1298,6.3130 icm_a=4.6448,-0.7518,8.3127 icm_g=5.1829,-44.2073,-1.2195 age_icm_ms=0.37 mpu_sat=2 errors=13/0/0/0 m4_ms=330580
seq=16529 t=5899.367877 mpu_a=-0.9421,19.6127,8.7532 mpu_g=-33.1679,-11.3053,5.3969 icm_a=4.9991,-1.0391,8.3031 icm_g=3.8415,-45.1220,-2.9878 age_icm_ms=0.35 mpu_sat=2 errors=13/0/0/0 m4_ms=330600
seq=16530 t=5899.387877 mpu_a=-0.6261,19.6127,7.7357 mpu_g=-38.4504,-3.9237,-0.0229 icm_a=5.3247,-1.2641,8.3558 icm_g=11.0976,-35.2439,-0.0610 age_icm_ms=0.37 mpu_sat=2 errors=13/0/0/0 m4_ms=330620
seq=16531 t=5899.407876 mpu_a=-0.6129,19.6127,5.7281 mpu_g=-41.6107,-1.6412,-2.6641 icm_a=5.0230,-1.0918,8.2935 icm_g=13.7195,-31.7683,0.8537 age_icm_ms=0.37 mpu_sat=2 errors=13/0/0/0 m4_ms=330640
seq=16532 t=5899.427875 mpu_a=-0.7614,19.6127,6.7074 mpu_g=-31.9008,-7.9542,0.0763 icm_a=4.9704,-1.0343,8.1882 icm_g=8.9634,-37.6829,-3.6585 age_icm_ms=0.36 mpu_sat=2 errors=13/0/0/0 m4_ms=330660
seq=16533 t=5899.447875 mpu_a=-1.1432,19.6127,7.3191 mpu_g=-31.9847,-8.4122,-1.6870 icm_a=5.3534,-1.1061,8.2839 icm_g=7.0732,-32.3171,-8.5976 age_icm_ms=0.37 mpu_sat=2 errors=13/0/0/0 m4_ms=330680
seq=16534 t=5899.467874 mpu_a=-1.1001,19.6127,5.5881 mpu_g=-30.7939,-5.4046,-7.1603 icm_a=5.5402,-1.1636,8.2025 icm_g=7.5000,-17.4390,-10.9756 age_icm_ms=0.36 mpu_sat=2 errors=13/0/0/0 m4_ms=330700
seq=16535 t=5899.487873 mpu_a=-0.7410,19.6127,6.6403 mpu_g=-16.0076,-6.1221,-10.2901 icm_a=5.4779,-1.0822,8.1930 icm_g=4.6341,-9.6951,-11.5854 age_icm_ms=0.36 mpu_sat=2 errors=13/0/0/0 m4_ms=330720
seq=16536 t=5899.507872 mpu_a=-0.8643,19.6127,7.0892 mpu_g=-6.1069,-3.6489,-11.1145 icm_a=5.4875,-1.0439,8.2408 icm_g=7.0732,-10.0610,-12.8049 age_icm_ms=0.36 mpu_sat=2 errors=13/0/0/0 m4_ms=330740
seq=16537 t=5899.527872 mpu_a=-0.6321,19.6127,7.4579 mpu_g=-4.6641,-4.4962,-12.1908 icm_a=5.5641,-0.9337,8.2552 icm_g=6.6463,-9.5732,-11.0366 age_icm_ms=0.37 mpu_sat=2 errors=13/0/0/0 m4_ms=330760
seq=16538 t=5899.547872 mpu_a=-0.0467,19.6127,7.0952 mpu_g=-6.1450,-6.1603,-11.7252 icm_a=5.7269,-0.8475,8.2217 icm_g=-0.0610,0.4268,-7.1951 age_icm_ms=0.39 mpu_sat=2 errors=13/0/0/0 m4_ms=330780
seq=16539 t=5899.567873 mpu_a=-0.1269,19.6127,6.2429 mpu_g=0.2137,-1.0000,-8.3206 icm_a=5.8083,-0.9146,8.0541 icm_g=-6.4024,16.5244,-6.0976 age_icm_ms=0.39 mpu_sat=2 errors=13/0/0/0 m4_ms=330800
seq=16540 t=5899.587874 mpu_a=-0.8021,19.6127,5.8203 mpu_g=15.3282,6.5954,-6.2977 icm_a=5.5545,-0.9960,8.2025 icm_g=-2.0732,28.5976,-8.8415 age_icm_ms=0.38 mpu_sat=2 errors=13/0/0/0 m4_ms=330820
seq=16541 t=5899.607873 mpu_a=-1.1121,19.6127,5.8838 mpu_g=29.4656,7.1832,-8.2137 icm_a=5.3008,-0.9481,8.4659 icm_g=8.0488,33.9024,-9.6341 age_icm_ms=0.37 mpu_sat=2 errors=13/0/0/0 m4_ms=330840
seq=16542 t=5899.627874 mpu_a=-0.3759,19.6127,7.4460 mpu_g=37.0916,-3.4885,-10.2443 icm_a=5.1427,-0.7566,8.3414 icm_g=-0.7317,36.5244,-7.9268 age_icm_ms=0.39 mpu_sat=2 errors=13/0/0/0 m4_ms=330860
seq=16543 t=5899.647874 mpu_a=0.0000,19.6127,8.1965 mpu_g=39.3511,-4.4733,-9.0076 icm_a=5.0422,-0.7230,8.3701 icm_g=-20.5488,45.7927,-8.4146 age_icm_ms=0.39 mpu_sat=2 errors=13/0/0/0 m4_ms=330880
seq=16544 t=5899.667874 mpu_a=-0.5698,19.6127,7.0820 mpu_g=44.6489,13.7634,-8.8321 icm_a=5.0613,-0.9098,8.3941 icm_g=-25.9146,58.2317,-13.1707 age_icm_ms=0.38 mpu_sat=2 errors=13/0/0/0 m4_ms=330900
seq=16545 t=5899.687874 mpu_a=-1.2294,19.6127,5.8993 mpu_g=56.5115,28.0458,-12.5496 icm_a=4.9464,-1.1109,8.4132 icm_g=-10.6098,68.7195,-16.5244 age_icm_ms=0.39 mpu_sat=2 errors=13/0/0/0 m4_ms=330920
seq=16546 t=5899.707874 mpu_a=-1.1624,19.6127,5.1104 mpu_g=67.7481,21.2366,-17.1527 icm_a=4.6495,-0.9625,8.6910 icm_g=10.8537,75.1220,-13.7805 age_icm_ms=0.38 mpu_sat=2 errors=13/0/0/0 m4_ms=330940
seq=16547 t=5899.727875 mpu_a=-0.0563,19.6127,6.7552 mpu_g=76.7634,-0.4885,-17.0992 icm_a=4.3766,-0.6033,8.3653 icm_g=3.7195,72.3780,-4.4512 age_icm_ms=0.39 mpu_sat=2 errors=13/0/0/0 m4_ms=330960
seq=16548 t=5899.747875 mpu_a=1.0798,19.6127,9.8102 mpu_g=79.2824,-11.8168,-10.2901 icm_a=4.1994,-0.6033,8.5760 icm_g=-23.2317,69.2683,1.8902 age_icm_ms=0.40 mpu_sat=2 errors=13/0/0/0 m4_ms=330980
seq=16549 t=5899.767877 mpu_a=0.0455,19.6127,8.6898 mpu_g=73.8931,10.3435,-1.8092 icm_a=3.9217,-0.8284,9.0980 icm_g=-27.1341,77.3171,-0.9756 age_icm_ms=0.40 mpu_sat=2 errors=13/0/0/0 m4_ms=331000
seq=16550 t=5899.787879 mpu_a=-1.1360,19.6127,6.2225 mpu_g=74.9084,30.7939,-0.6412 icm_a=3.7302,-1.0391,9.2991 icm_g=-11.0366,86.7683,-5.5488 age_icm_ms=0.40 mpu_sat=2 errors=13/0/0/0 m4_ms=331020
seq=16551 t=5899.807880 mpu_a=-1.2917,19.6127,6.5338 mpu_g=85.8702,23.4275,-5.1298 icm_a=3.3136,-0.9768,9.3757 icm_g=-0.2439,89.1463,-6.8293 age_icm_ms=0.41 mpu_sat=2 errors=13/0/0/0 m4_ms=331040
seq=16552 t=5899.827882 mpu_a=-0.5734,19.6127,8.3354 mpu_g=92.2366,6.1832,-7.9924 icm_a=2.9544,-0.9768,9.3134 icm_g=-11.5854,83.5366,-5.3049 age_icm_ms=0.40 mpu_sat=2 errors=13/0/0/0 m4_ms=331060
seq=16553 t=5899.847882 mpu_a=-0.1592,19.6127,10.2544 mpu_g=91.4962,2.9237,-7.7634 icm_a=2.6049,-1.1061,9.6151 icm_g=-25.7927,74.5122,-5.2439 age_icm_ms=0.37 mpu_sat=2 errors=13/0/0/0 m4_ms=331080
seq=16554 t=5899.867881 mpu_a=-0.7422,19.6127,10.1694 mpu_g=84.4351,18.6870,-6.7863 icm_a=2.3272,-1.2785,9.5912 icm_g=-28.4756,66.1585,-10.1829 age_icm_ms=0.41 mpu_sat=2 errors=13/0/0/0 m4_ms=331100
seq=16555 t=5899.887880 mpu_a=-1.5706,19.6127,9.1734 mpu_g=75.1145,29.6794,-8.4885 icm_a=2.2122,-1.5131,9.3805 icm_g=-16.8293,63.8415,-19.0854 age_icm_ms=0.40 mpu_sat=2 errors=13/0/0/0 m4_ms=331120
seq=16556 t=5899.907880 mpu_a=-2.2470,19.6127,7.3765 mpu_g=67.9084,27.5725,-14.4962 icm_a=2.0590,-1.5802,9.4427 icm_g=0.7317,70.3659,-27.3171 age_icm_ms=0.41 mpu_sat=2 errors=13/0/0/0 m4_ms=331140
seq=16557 t=5899.927879 mpu_a=-2.0494,19.6127,6.5170 mpu_g=68.2137,12.5191,-23.0763 icm_a=1.8531,-1.1971,9.4715 icm_g=0.4878,73.4146,-24.2073 age_icm_ms=0.36 mpu_sat=2 errors=13/0/0/0 m4_ms=331160
seq=16558 t=5899.947881 mpu_a=-0.1760,19.6127,8.9902 mpu_g=75.6641,-2.6260,-28.4504 icm_a=1.6759,-1.0343,9.7444 icm_g=-19.0244,64.5732,-15.3659 age_icm_ms=0.43 mpu_sat=2 errors=13/0/0/0 m4_ms=331180
seq=16559 t=5899.967882 mpu_a=0.4609,19.6127,10.9930 mpu_g=76.5802,2.7328,-23.8015 icm_a=1.7382,-1.0870,9.8833 icm_g=-27.5000,54.5732,-13.3537 age_icm_ms=0.39 mpu_sat=2 errors=13/0/0/0 m4_ms=331200
seq=16560 t=5899.987880 mpu_a=-0.6979,19.6127,10.0724 mpu_g=66.5496,22.5878,-16.0458 icm_a=1.6233,-1.2019,9.7013 icm_g=-15.6098,47.8049,-17.5000 age_icm_ms=0.36 mpu_sat=2 errors=13/0/0/0 m4_ms=331220
seq=16561 t=5900.007880 mpu_a=-1.4688,19.6127,8.3857 mpu_g=56.8779,28.2137,-15.4122 icm_a=1.3312,-1.3551,9.9886 icm_g=15.8537,46.9512,-18.3537 age_icm_ms=0.38 mpu_sat=2 errors=13/0/0/0 m4_ms=331240
seq=16562 t=5900.027880 mpu_a=-1.2845,19.6127,6.5350 mpu_g=50.8092,13.9313,-19.1145 icm_a=1.2258,-1.2019,9.8689 icm_g=56.8902,44.5122,-10.1829 age_icm_ms=0.39 mpu_sat=2 errors=13/0/0/0 m4_ms=331260
seq=16563 t=5900.047880 mpu_a=-0.4118,19.6127,6.8115 mpu_g=50.7710,-18.9084,-17.6870 icm_a=0.9912,-0.8571,9.7683 icm_g=68.8415,29.6951,-4.0244 age_icm_ms=0.37 mpu_sat=2 errors=13/0/0/0 m4_ms=331280
seq=16564 t=5900.067880 mpu_a=0.1161,19.6127,9.8797 mpu_g=48.2824,-57.4733,-7.6565 icm_a=1.0104,-0.5698,9.4284 icm_g=71.0976,15.9756,-5.9146 age_icm_ms=0.39 mpu_sat=2 errors=13/0/0/0 m4_ms=331300
seq=16565 t=5900.087880 mpu_a=-0.4669,19.6127,9.8186 mpu_g=33.1756,-67.6107,-1.2443 icm_a=0.7183,-0.3543,9.6438 icm_g=74.2073,14.6951,-11.6463 age_icm_ms=0.39 mpu_sat=2 errors=13/0/0/0 m4_ms=331320
seq=16566 t=5900.107880 mpu_a=-0.6297,19.6127,8.0661 mpu_g=19.6718,-69.3969,-3.1756 icm_a=0.7230,-0.2777,10.2663 icm_g=75.3659,22.2561,-9.1463 age_icm_ms=0.39 mpu_sat=2 errors=13/0/0/0 m4_ms=331340
seq=16567 t=5900.127882 mpu_a=0.5219,19.6127,7.6219 mpu_g=18.5725,-72.2595,-8.8321 icm_a=0.7326,0.1197,9.9886 icm_g=49.3902,14.9390,-3.6585 age_icm_ms=0.41 mpu_sat=2 errors=13/0/0/0 m4_ms=331360
seq=16568 t=5900.147881 mpu_a=1.3755,19.6127,11.6454 mpu_g=26.8244,-73.5267,-6.6336 icm_a=0.5938,0.3639,9.8114 icm_g=16.5854,-3.8415,-10.4878 age_icm_ms=0.37 mpu_sat=2 errors=13/0/0/0 m4_ms=331380
seq=16569 t=5900.167883 mpu_a=0.5100,19.6127,12.9969 mpu_g=20.5878,-49.2595,-1.8244 icm_a=0.3926,0.1245,10.0078 icm_g=15.5488,-10.6098,-24.2073 age_icm_ms=0.40 mpu_sat=2 errors=13/0/0/0 m4_ms=331400
seq=16570 t=5900.187882 mpu_a=-0.8499,19.6127,9.4858 mpu_g=1.2824,-15.7710,-8.7634 icm_a=0.2059,0.1101,9.8689 icm_g=35.3659,-2.6220,-27.9268 age_icm_ms=0.38 mpu_sat=2 errors=13/0/0/0 m4_ms=331420
seq=16571 t=5900.207882 mpu_a=-0.1221,19.6127,6.6080 mpu_g=-7.3740,-12.6718,-22.5573 icm_a=0.4357,0.1676,9.5050 icm_g=51.2195,5.7317,-22.2561 age_icm_ms=0.37 mpu_sat=2 errors=13/0/0/0 m4_ms=331440
seq=16572 t=5900.227882 mpu_a=0.9661,19.6127,6.7959 mpu_g=0.2519,-32.1374,-26.8931 icm_a=0.5459,0.2729,9.2464 icm_g=59.3902,12.7439,-17.3780 age_icm_ms=0.38 mpu_sat=2 errors=13/0/0/0 m4_ms=331460
seq=16573 t=5900.247883 mpu_a=1.1253,19.6127,7.0988 mpu_g=9.1527,-48.8626,-21.0916 icm_a=0.5459,0.6321,9.1075 icm_g=63.9634,20.6707,-17.2561 age_icm_ms=0.41 mpu_sat=2 errors=13/0/0/0 m4_ms=331480
seq=16574 t=5900.267884 mpu_a=0.7039,19.6127,7.0078 mpu_g=16.0840,-57.1832,-15.3740 icm_a=0.3879,0.9290,9.2847 icm_g=64.0854,30.8537,-14.5122 age_icm_ms=0.40 mpu_sat=2 errors=13/0/0/0 m4_ms=331500
seq=16575 t=5900.287885 mpu_a=2.1500,19.6127,7.4388 mpu_g=33.1069,-62.4656,-13.2595 icm_a=0.4549,1.1396,9.2033 icm_g=63.7195,37.0732,-9.3902 age_icm_ms=0.40 mpu_sat=2 errors=13/0/0/0 m4_ms=331520
seq=16576 t=5900.307887 mpu_a=2.0327,19.6127,7.9823 mpu_g=40.8092,-61.7481,-8.0992 icm_a=0.4980,1.4557,9.1554 icm_g=66.7073,34.8171,-8.0488 age_icm_ms=0.40 mpu_sat=2 errors=13/0/0/0 m4_ms=331540
seq=16577 t=5900.327885 mpu_a=1.8639,19.6127,8.0673 mpu_g=40.3130,-63.2672,-5.5649 icm_a=0.3591,1.7621,9.2895 icm_g=79.1463,26.5854,-6.5244 age_icm_ms=0.39 mpu_sat=2 errors=13/0/0/0 m4_ms=331560
seq=16578 t=5900.347885 mpu_a=2.9317,19.6127,8.2061 mpu_g=33.4504,-72.8702,-4.8473 icm_a=0.1532,2.0686,9.4188 icm_g=92.4390,16.8293,1.6463 age_icm_ms=0.41 mpu_sat=2 errors=13/0/0/0 m4_ms=331580
seq=16579 t=5900.367884 mpu_a=3.7194,19.6127,8.6287 mpu_g=23.7939,-87.2443,2.1985 icm_a=0.0958,2.3367,9.4763 icm_g=93.7195,12.2561,11.4634 age_icm_ms=0.41 mpu_sat=2 errors=13/0/0/0 m4_ms=331600
seq=16580 t=5900.387883 mpu_a=3.6655,19.6127,8.9854 mpu_g=17.3740,-92.2443,12.5573 icm_a=-0.0048,2.7438,9.2225 icm_g=79.8171,12.5610,14.2073 age_icm_ms=0.41 mpu_sat=2 errors=13/0/0/0 m4_ms=331620
seq=16581 t=5900.407882 mpu_a=3.0478,19.6127,8.7496 mpu_g=16.7939,-82.3053,17.7481 icm_a=0.0096,3.0215,9.2799 icm_g=65.6707,16.4634,7.3171 age_icm_ms=0.35 mpu_sat=2 errors=13/0/0/0 m4_ms=331640
seq=16582 t=5900.427882 mpu_a=2.7809,19.6127,8.0709 mpu_g=19.3053,-66.6183,13.1145 icm_a=-0.1676,3.2609,9.4236 icm_g=59.2683,20.6098,0.4268 age_icm_ms=0.35 mpu_sat=2 errors=13/0/0/0 m4_ms=331660
seq=16583 t=5900.447880 mpu_a=3.6428,19.6127,8.4455 mpu_g=23.9618,-58.5420,4.4275 icm_a=-0.3160,3.3998,9.1937 icm_g=54.1463,18.4146,0.1829 age_icm_ms=0.35 mpu_sat=2 errors=13/0/0/0 m4_ms=331680
seq=16584 t=5900.467880 mpu_a=4.1683,19.6127,8.8095 mpu_g=24.9618,-53.6336,1.3893 icm_a=-0.2490,3.3327,9.3422 icm_g=56.0366,14.6951,2.1341 age_icm_ms=0.38 mpu_sat=2 errors=13/0/0/0 m4_ms=331700
seq=16585 t=5900.487880 mpu_a=3.8319,19.6127,7.8650 mpu_g=20.1908,-51.1908,3.1985 icm_a=-0.1628,3.5291,9.1075 icm_g=58.7805,12.3780,2.9268 age_icm_ms=0.36 mpu_sat=2 errors=13/0/0/0 m4_ms=331720
seq=16586 t=5900.507879 mpu_a=4.0127,19.6127,8.5054 mpu_g=18.0458,-56.2519,4.8397 icm_a=-0.2155,3.8499,8.7915 icm_g=52.5610,9.2073,0.4878 age_icm_ms=0.36 mpu_sat=2 errors=13/0/0/0 m4_ms=331740
seq=16587 t=5900.527877 mpu_a=4.0354,19.6127,8.1235 mpu_g=15.0382,-53.8168,4.1908 icm_a=-0.3160,3.8355,8.9878 icm_g=50.6098,10.1220,-1.2805 age_icm_ms=0.36 mpu_sat=2 errors=13/0/0/0 m4_ms=331760
seq=16588 t=5900.547877 mpu_a=4.2904,19.6127,7.3837 mpu_g=13.5344,-47.9618,0.9389 icm_a=-0.3926,3.8978,8.9639 icm_g=51.1585,11.4024,1.1585 age_icm_ms=0.38 mpu_sat=2 errors=13/0/0/0 m4_ms=331780
seq=16589 t=5900.567877 mpu_a=4.6795,19.6127,7.8243 mpu_g=15.4656,-48.9771,1.3359 icm_a=-0.3400,4.2377,8.9160 icm_g=46.6463,10.9146,1.8902 age_icm_ms=0.37 mpu_sat=2 errors=13/0/0/0 m4_ms=331800
seq=16590 t=5900.587876 mpu_a=4.5214,19.6127,8.3701 mpu_g=16.0534,-47.4885,4.0305 icm_a=-0.3208,4.4724,8.7388 icm_g=38.1098,7.3171,-1.5244 age_icm_ms=0.36 mpu_sat=2 errors=13/0/0/0 m4_ms=331820
seq=16591 t=5900.607875 mpu_a=4.6196,19.6127,8.3809 mpu_g=14.2901,-40.6565,2.2824 icm_a=-0.4214,4.4293,8.5186 icm_g=37.8659,3.7195,-4.2683 age_icm_ms=0.36 mpu_sat=2 errors=13/0/0/0 m4_ms=331840
seq=16592 t=5900.627875 mpu_a=4.6340,19.6127,7.2856 mpu_g=10.0763,-34.2672,-1.4427 icm_a=-0.4597,4.4149,8.8107 icm_g=47.0122,6.2805,-3.1098 age_icm_ms=0.37 mpu_sat=2 errors=13/0/0/0 m4_ms=331860
seq=16593 t=5900.647874 mpu_a=4.8985,19.6127,6.3339 mpu_g=8.0000,-38.3053,-2.8855 icm_a=-0.3879,4.8698,8.8059 icm_g=45.4878,11.2195,0.2439 age_icm_ms=0.36 mpu_sat=2 errors=13/0/0/0 m4_ms=331880
seq=16594 t=5900.667874 mpu_a=5.7054,19.6127,7.8147 mpu_g=12.6718,-46.8626,-0.2672 icm_a=-0.3448,5.0613,8.8298 icm_g=25.6707,11.6463,4.2073 age_icm_ms=0.39 mpu_sat=2 errors=13/0/0/0 m4_ms=331900
seq=16595 t=5900.687875 mpu_a=6.0813,19.6127,9.2584 mpu_g=16.7328,-38.6718,2.9389 icm_a=-0.4118,4.9704,8.4946 icm_g=6.6463,5.8537,4.2683 age_icm_ms=0.38 mpu_sat=2 errors=13/0/0/0 m4_ms=331920
seq=16596 t=5900.707875 mpu_a=5.3882,19.6127,8.9962 mpu_g=15.2214,-16.6565,5.3206 icm_a=-0.5986,4.7501,8.5712 icm_g=9.0854,1.1585,2.0732 age_icm_ms=0.39 mpu_sat=2 errors=13/0/0/0 m4_ms=331940
seq=16597 t=5900.727876 mpu_a=4.7681,19.6127,6.9168 mpu_g=8.2672,-2.3893,3.6641 icm_a=-0.6752,4.9273,8.5760 icm_g=19.2073,1.9512,-0.1220 age_icm_ms=0.38 mpu_sat=2 errors=13/0/0/0 m4_ms=331960
seq=16598 t=5900.747876 mpu_a=4.8985,19.6127,6.5613 mpu_g=5.2824,-9.7328,1.8092 icm_a=-0.6177,4.9799,8.6431 icm_g=15.4268,3.4756,-0.4878 age_icm_ms=0.36 mpu_sat=2 errors=13/0/0/0 m4_ms=331980
seq=16599 t=5900.767876 mpu_a=5.5103,19.6127,7.7943 mpu_g=6.8321,-18.0611,0.1985 icm_a=-0.5986,4.9273,8.4659 icm_g=1.4024,1.9512,1.1585 age_icm_ms=0.38 mpu_sat=2 errors=13/0/0/0 m4_ms=332000
seq=16600 t=5900.787875 mpu_a=5.6802,19.6127,8.5569 mpu_g=8.0076,-11.2290,0.1221 icm_a=-0.5938,4.8219,8.4851 icm_g=-6.6463,-0.4268,1.4634 age_icm_ms=0.36 mpu_sat=2 errors=13/0/0/0 m4_ms=332020
seq=16601 t=5900.807876 mpu_a=5.1739,19.6127,7.7871 mpu_g=5.8931,2.9313,1.1374 icm_a=-0.6991,4.9177,8.6095 icm_g=-9.0244,1.2805,0.4268 age_icm_ms=0.40 mpu_sat=2 errors=13/0/0/0 m4_ms=332040
seq=16602 t=5900.827878 mpu_a=5.0913,19.6127,7.0737 mpu_g=3.8550,9.2824,0.8779 icm_a=-0.5555,4.9847,8.6622 icm_g=-16.4634,3.4146,0.3049 age_icm_ms=0.41 mpu_sat=2 errors=13/0/0/0 m4_ms=332060
seq=16603 t=5900.847879 mpu_a=5.4181,19.6127,7.8482 mpu_g=6.1374,11.3817,-0.2290 icm_a=-0.4788,4.8554,8.8107 icm_g=-30.6098,-0.4268,1.1585 age_icm_ms=0.40 mpu_sat=2 errors=13/0/0/0 m4_ms=332080
seq=16604 t=5900.867880 mpu_a=5.6000,19.6127,8.8442 mpu_g=7.8244,19.6107,-0.6718 icm_a=-0.3639,4.5921,8.9495 icm_g=-43.4146,-7.6829,3.5366 age_icm_ms=0.40 mpu_sat=2 errors=13/0/0/0 m4_ms=332100
seq=16605 t=5900.887879 mpu_a=5.4576,19.6127,9.2021 mpu_g=3.5191,33.6412,-0.2137 icm_a=-0.4884,4.5298,8.8633 icm_g=-58.2927,-17.5000,6.0366 age_icm_ms=0.42 mpu_sat=2 errors=13/0/0/0 m4_ms=332120
seq=16606 t=5900.907878 mpu_a=5.3941,19.6127,9.5804 mpu_g=-3.8550,46.0992,1.7405 icm_a=-0.6512,4.5490,9.1219 icm_g=-70.9146,-21.4634,6.6463 age_icm_ms=0.42 mpu_sat=2 errors=13/0/0/0 m4_ms=332140
seq=16607 t=5900.927878 mpu_a=5.2194,19.6127,8.7556 mpu_g=-13.4275,60.6947,3.5725 icm_a=-0.4836,4.2521,9.3134 icm_g=-77.8049,-20.6098,7.8049 age_icm_ms=0.42 mpu_sat=2 errors=13/0/0/0 m4_ms=332160
seq=16608 t=5900.947877 mpu_a=5.1176,19.6127,8.1199 mpu_g=-17.2672,72.9160,3.7252 icm_a=-0.4645,4.0079,9.1842 icm_g=-87.1341,-27.7439,8.8415 age_icm_ms=0.36 mpu_sat=2 errors=13/0/0/0 m4_ms=332180
seq=16609 t=5900.967876 mpu_a=4.9285,19.6127,9.4320 mpu_g=-15.9466,79.6641,4.4504 icm_a=-0.3208,3.6919,9.2225 icm_g=-89.6341,-38.2927,8.0488 age_icm_ms=0.37 mpu_sat=2 errors=13/0/0/0 m4_ms=332200
seq=16610 t=5900.987876 mpu_a=4.4987,19.6127,9.1901 mpu_g=-22.8473,88.5344,5.1756 icm_a=-0.1628,3.3519,9.1506 icm_g=-81.9512,-42.6220,7.2561 age_icm_ms=0.37 mpu_sat=2 errors=13/0/0/0 m4_ms=332220
seq=16611 t=5901.007876 mpu_a=3.9588,19.6127,7.9344 mpu_g=-33.5573,91.4504,4.5420 icm_a=0.0287,3.0789,9.2177 icm_g=-71.0366,-35.9756,10.0000 age_icm_ms=0.36 mpu_sat=2 errors=13/0/0/0 m4_ms=332240
seq=16612 t=5901.027875 mpu_a=3.9193,19.6127,6.6834 mpu_g=-38.4504,84.1221,4.0000 icm_a=0.1772,2.8539,8.9304 icm_g=-62.1341,-23.3537,14.1463 age_icm_ms=0.36 mpu_sat=2 errors=13/0/0/0 m4_ms=332260
seq=16613 t=5901.047873 mpu_a=3.8188,19.6127,6.1591 mpu_g=-32.4275,73.5725,6.7481 icm_a=0.3831,2.6288,8.8107 icm_g=-56.5244,-11.4634,15.6098 age_icm_ms=0.35 mpu_sat=2 errors=13/0/0/0 m4_ms=332280
seq=16614 t=5901.067873 mpu_a=3.2801,19.6127,6.1914 mpu_g=-20.0763,64.4580,11.1221 icm_a=0.5315,2.4612,8.9256 icm_g=-55.4268,-0.6098,16.4634 age_icm_ms=0.37 mpu_sat=2 errors=13/0/0/0 m4_ms=332300
seq=16615 t=5901.087873 mpu_a=3.0287,19.6127,6.4560 mpu_g=-8.0534,59.0382,13.0840 icm_a=0.5459,2.3511,9.1698 icm_g=-58.5976,7.8049,17.8659 age_icm_ms=0.37 mpu_sat=2 errors=13/0/0/0 m4_ms=332320
seq=16616 t=5901.107871 mpu_a=2.9377,19.6127,7.5262 mpu_g=11.1832,60.1145,14.7176 icm_a=0.5267,2.1979,9.1889 icm_g=-59.0244,13.0488,20.3049 age_icm_ms=0.37 mpu_sat=2 errors=13/0/0/0 m4_ms=332340
seq=16617 t=5901.127872 mpu_a=2.7964,19.6127,7.6902 mpu_g=17.0534,61.3206,16.7405 icm_a=0.3831,2.0159,9.1889 icm_g=-57.1341,16.7683,23.3537 age_icm_ms=0.37 mpu_sat=2 errors=13/0/0/0 m4_ms=332360
seq=16618 t=5901.147872 mpu_a=2.6324,19.6127,6.8941 mpu_g=20.0992,60.1145,19.5573 icm_a=0.2586,1.8818,9.2751 icm_g=-53.8415,27.1341,25.5488 age_icm_ms=0.39 mpu_sat=2 errors=13/0/0/0 m4_ms=332380
seq=16619 t=5901.167872 mpu_a=2.1237,19.6127,6.5817 mpu_g=28.4275,56.8244,22.3282 icm_a=0.2442,1.4461,9.2703 icm_g=-48.9024,38.7805,25.1220 age_icm_ms=0.40 mpu_sat=2 errors=13/0/0/0 m4_ms=332400
seq=16620 t=5901.187871 mpu_a=1.2737,19.6127,6.9707 mpu_g=40.7099,52.8321,22.5344 icm_a=0.1867,1.2354,9.1411 icm_g=-39.6951,44.4512,20.4268 age_icm_ms=0.36 mpu_sat=2 errors=13/0/0/0 m4_ms=332420
seq=16621 t=5901.207872 mpu_a=0.6189,19.6127,6.8630 mpu_g=47.8550,44.9237,19.6107 icm_a=-0.0192,1.1827,9.3039 icm_g=-27.6829,49.0854,13.7195 age_icm_ms=0.39 mpu_sat=2 errors=13/0/0/0 m4_ms=332440
seq=16622 t=5901.227873 mpu_a=1.1289,19.6127,6.9264 mpu_g=51.6718,33.1679,13.0229 icm_a=-0.2682,1.2019,9.7205 icm_g=-17.0732,55.9146,12.3780 age_icm_ms=0.39 mpu_sat=2 errors=13/0/0/0 m4_ms=332460
seq=16623 t=5901.247872 mpu_a=1.5646,19.6127,7.5549 mpu_g=57.6870,21.8702,10.2366 icm_a=-0.4070,1.2258,9.8019 icm_g=-11.6463,61.5854,11.2805 age_icm_ms=0.38 mpu_sat=2 errors=13/0/0/0 m4_ms=332480
seq=16624 t=5901.267873 mpu_a=1.2091,19.6127,8.2576 mpu_g=64.4046,14.9542,10.4656 icm_a=-0.5267,1.0391,9.9455 icm_g=-8.1707,62.8049,7.6829 age_icm_ms=0.39 mpu_sat=2 errors=13/0/0/0 m4_ms=332500
seq=16625 t=5901.287874 mpu_a=0.9768,19.6127,8.6514 mpu_g=66.8855,11.2137,7.8473 icm_a=-0.8667,1.1396,10.0413 icm_g=-7.5000,63.4146,2.6829 age_icm_ms=0.39 mpu_sat=2 errors=13/0/0/0 m4_ms=332520
seq=16626 t=5901.307875 mpu_a=0.9744,19.6127,8.9040 mpu_g=67.0153,8.9237,3.7328 icm_a=-1.3024,1.1444,10.0796 icm_g=-9.3293,65.2439,-4.5732 age_icm_ms=0.41 mpu_sat=2 errors=13/0/0/0 m4_ms=332540
seq=16627 t=5901.327876 mpu_a=0.7781,19.6127,8.7927 mpu_g=67.9466,9.6870,-2.2366 icm_a=-1.7765,0.9673,10.0173 icm_g=-11.2805,71.4634,-10.5488 age_icm_ms=0.40 mpu_sat=2 errors=13/0/0/0 m4_ms=332560
seq=16628 t=5901.347877 mpu_a=1.0654,19.6127,7.9583 mpu_g=71.3969,11.7099,-9.7023 icm_a=-2.0255,0.7278,10.0700 icm_g=-12.1951,80.3659,-11.1585 age_icm_ms=0.39 mpu_sat=2 errors=13/0/0/0 m4_ms=332580
seq=16629 t=5901.367878 mpu_a=1.2558,19.6127,8.0852 mpu_g=79.7328,12.9237,-13.2061 icm_a=-2.1931,0.6800,10.1275 icm_g=-13.5976,82.8659,-10.9756 age_icm_ms=0.41 mpu_sat=2 errors=13/0/0/0 m4_ms=332600
seq=16630 t=5901.387879 mpu_a=0.8894,19.6127,9.4260 mpu_g=87.1298,13.6718,-12.3664 icm_a=-2.3320,0.5507,10.0556 icm_g=-16.8902,71.7683,-14.8171 age_icm_ms=0.40 mpu_sat=2 errors=13/0/0/0 m4_ms=332620
seq=16631 t=5901.407879 mpu_a=0.4274,19.6127,10.7811 mpu_g=83.6565,16.0992,-13.9160 icm_a=-2.3990,0.4836,9.9168 icm_g=-16.6463,51.7073,-19.5732 age_icm_ms=0.39 mpu_sat=2 errors=13/0/0/0 m4_ms=332640
seq=16632 t=5901.427879 mpu_a=0.3926,19.6127,10.5093 mpu_g=67.3206,18.3053,-18.6336 icm_a=-2.7054,0.4836,9.6391 icm_g=-11.4024,36.2805,-20.7927 age_icm_ms=0.38 mpu_sat=2 errors=13/0/0/0 m4_ms=332660
seq=16633 t=5901.447881 mpu_a=0.9254,19.6127,9.0369 mpu_g=47.5496,15.5420,-22.0153 icm_a=-2.7964,0.5698,9.6055 icm_g=-3.9634,33.5976,-17.8659 age_icm_ms=0.40 mpu_sat=2 errors=13/0/0/0 m4_ms=332680
seq=16634 t=5901.467882 mpu_a=1.1648,19.6127,7.7333 mpu_g=37.2977,9.4427,-20.8855 icm_a=-2.8443,0.6895,9.4044 icm_g=-0.1220,37.6829,-14.9390 age_icm_ms=0.40 mpu_sat=2 errors=13/0/0/0 m4_ms=332700
seq=16635 t=5901.487881 mpu_a=1.3408,19.6127,7.5717 mpu_g=38.4656,2.7634,-17.2748 icm_a=-2.5235,0.5986,9.2751 icm_g=-0.3049,45.6707,-13.3537 age_icm_ms=0.40 mpu_sat=2 errors=13/0/0/0 m4_ms=332720
seq=16636 t=5901.507880 mpu_a=0.9708,19.6127,7.3562 mpu_g=43.9389,0.7786,-14.5267 icm_a=-2.5857,0.4788,8.8202 icm_g=-11.2805,47.4390,-13.3537 age_icm_ms=0.40 mpu_sat=2 errors=13/0/0/0 m4_ms=332740
seq=16637 t=5901.527880 mpu_a=1.0774,19.6127,8.6874 mpu_g=51.4733,3.4962,-14.1527 icm_a=-2.9975,0.4980,8.8969 icm_g=-21.2805,43.2927,-11.7073 age_icm_ms=0.42 mpu_sat=2 errors=13/0/0/0 m4_ms=332760
seq=16638 t=5901.547879 mpu_a=1.1169,19.6127,8.4587 mpu_g=50.4656,16.0763,-14.3282 icm_a=-3.3040,0.5507,8.9399 icm_g=-16.6463,36.5244,-9.5122 age_icm_ms=0.36 mpu_sat=2 errors=13/0/0/0 m4_ms=332780
seq=16639 t=5901.567878 mpu_a=0.9912,19.6127,7.9547 mpu_g=45.7481,23.1527,-12.6718 icm_a=-3.1891,0.4214,8.9160 icm_g=3.9024,26.0976,-6.5244 age_icm_ms=0.35 mpu_sat=2 errors=13/0/0/0 m4_ms=332800
seq=16640 t=5901.587877 mpu_a=0.9038,19.6127,7.0378 mpu_g=38.1450,14.1908,-10.0611 icm_a=-3.0311,0.4741,8.9160 icm_g=22.1951,19.2683,-0.3659 age_icm_ms=0.37 mpu_sat=2 errors=13/0/0/0 m4_ms=332820
seq=16641 t=5901.607877 mpu_a=1.2881,19.6127,7.3047 mpu_g=27.9924,-7.7634,-5.4122 icm_a=-3.2417,0.6608,8.6766 icm_g=20.6707,19.3902,5.9146 age_icm_ms=0.37 mpu_sat=2 errors=13/0/0/0 m4_ms=332840
seq=16642 t=5901.627876 mpu_a=1.6053,19.6127,7.8901 mpu_g=23.1374,-22.2290,1.5954 icm_a=-3.4189,0.8140,8.8585 icm_g=7.5000,21.8902,9.1463 age_icm_ms=0.36 mpu_sat=2 errors=13/0/0/0 m4_ms=332860
seq=16643 t=5901.647876 mpu_a=1.5131,19.6127,8.1139 mpu_g=23.9771,-16.9313,7.1832 icm_a=-3.5386,0.9720,8.9399 icm_g=3.9024,23.1098,7.4390 age_icm_ms=0.38 mpu_sat=2 errors=13/0/0/0 m4_ms=332880
seq=16644 t=5901.667876 mpu_a=1.0355,19.6127,7.5884 mpu_g=26.6718,-3.7634,8.9542 icm_a=-3.7014,0.9242,8.7484 icm_g=8.7805,21.4024,6.3415 age_icm_ms=0.37 mpu_sat=2 errors=13/0/0/0 m4_ms=332900
seq=16645 t=5901.687875 mpu_a=1.1648,19.6127,7.3526 mpu_g=27.5420,-2.2366,6.8321 icm_a=-4.0366,0.8811,9.0022 icm_g=8.4146,20.7927,7.6829 age_icm_ms=0.38 mpu_sat=2 errors=13/0/0/0 m4_ms=332920
seq=16646 t=5901.707874 mpu_a=1.4377,19.6127,7.6136 mpu_g=25.5878,-7.2061,6.1832 icm_a=-4.2282,0.7757,9.1459 icm_g=4.4512,20.0000,9.6341 age_icm_ms=0.35 mpu_sat=2 errors=13/0/0/0 m4_ms=332940
seq=16647 t=5901.727874 mpu_a=1.4617,19.6127,8.1989 mpu_g=25.2443,-6.0992,7.7023 icm_a=-4.2282,0.7326,9.1506 icm_g=4.4512,16.4024,9.7561 age_icm_ms=0.37 mpu_sat=2 errors=13/0/0/0 m4_ms=332960
seq=16648 t=5901.747873 mpu_a=1.0606,19.6127,8.1702 mpu_g=24.3282,-2.1221,9.3740 icm_a=-4.2186,0.8380,9.1650 icm_g=5.9146,11.7073,7.4390 age_icm_ms=0.36 mpu_sat=2 errors=13/0/0/0 m4_ms=332980
seq=16649 t=5901.767872 mpu_a=0.7877,19.6127,8.1846 mpu_g=20.5191,-2.3053,9.3511 icm_a=-4.3000,0.9768,9.1698 icm_g=3.4756,10.4268,1.2805 age_icm_ms=0.37 mpu_sat=2 errors=13/0/0/0 m4_ms=333000
seq=16650 t=5901.787874 mpu_a=0.6524,19.6127,8.0709 mpu_g=16.0153,-3.7786,7.0916 icm_a=-4.3239,0.9385,9.2033 icm_g=-1.6463,8.4756,-4.0244 age_icm_ms=0.39 mpu_sat=2 errors=13/0/0/0 m4_ms=333020
seq=16651 t=5901.807874 mpu_a=0.9720,19.6127,8.3845 mpu_g=14.7023,-1.7634,1.0534 icm_a=-4.2425,0.8284,9.0405 icm_g=1.7683,0.3659,-7.5610 age_icm_ms=0.39 mpu_sat=2 errors=13/0/0/0 m4_ms=333040
seq=16652 t=5901.827876 mpu_a=0.8715,19.6127,8.4120 mpu_g=12.8397,3.1908,-4.3664 icm_a=-4.0366,0.8954,9.0836 icm_g=14.2073,-10.6707,-7.3171 age_icm_ms=0.41 mpu_sat=2 errors=13/0/0/0 m4_ms=333060
seq=16653 t=5901.847877 mpu_a=1.0151,19.6127,8.0601 mpu_g=5.2137,0.2366,-7.6489 icm_a=-3.6631,1.0582,8.9543 icm_g=16.8293,-18.7195,-0.3659 age_icm_ms=0.39 mpu_sat=2 errors=13/0/0/0 m4_ms=333080
seq=16654 t=5901.867878 mpu_a=1.9620,19.6127,8.3306 mpu_g=-5.7557,-11.8626,-6.9847 icm_a=-3.4860,1.1779,8.8777 icm_g=4.5122,-23.0488,8.8415 age_icm_ms=0.40 mpu_sat=2 errors=13/0/0/0 m4_ms=333100
seq=16655 t=5901.887878 mpu_a=2.5905,19.6127,8.8143 mpu_g=-13.7023,-15.8855,-0.4198 icm_a=-3.4620,1.1396,8.7580 icm_g=-6.0976,-25.5488,15.3049 age_icm_ms=0.39 mpu_sat=2 errors=13/0/0/0 m4_ms=333120
seq=16656 t=5901.907879 mpu_a=2.3020,19.6127,8.4731 mpu_g=-18.2977,-4.0000,8.2137 icm_a=-3.3567,0.9960,8.8298 icm_g=-7.0122,-27.0732,17.3171 age_icm_ms=0.39 mpu_sat=2 errors=13/0/0/0 m4_ms=333140
seq=16657 t=5901.927879 mpu_a=1.3599,19.6127,7.2053 mpu_g=-22.3511,10.2137,16.9084 icm_a=-3.3040,0.9529,8.8298 icm_g=-3.2317,-27.1951,19.0854 age_icm_ms=0.37 mpu_sat=2 errors=13/0/0/0 m4_ms=333160
seq=16658 t=5901.947880 mpu_a=1.5562,19.6127,7.8853 mpu_g=-22.0153,6.0534,18.3893 icm_a=-3.2370,0.9529,9.0644 icm_g=-5.1829,-31.1585,22.2561 age_icm_ms=0.40 mpu_sat=2 errors=13/0/0/0 m4_ms=333180
seq=16659 t=5901.967882 mpu_a=2.0578,19.6127,9.3889 mpu_g=-24.3359,6.8550,20.8626 icm_a=-3.2370,0.9673,9.1123 icm_g=-12.9268,-43.7195,29.5122 age_icm_ms=0.40 mpu_sat=2 errors=13/0/0/0 m4_ms=333200
seq=16660 t=5901.987883 mpu_a=2.1452,19.6127,9.7887 mpu_g=-34.6260,13.0458,26.9237 icm_a=-3.1795,1.0678,9.0166 icm_g=-23.4756,-53.9634,33.5366 age_icm_ms=0.40 mpu_sat=2 errors=13/0/0/0 m4_ms=333220
seq=16661 t=5902.007882 mpu_a=1.3168,19.6127,8.2037 mpu_g=-47.1603,23.8244,32.6947 icm_a=-3.1651,1.1588,9.1602 icm_g=-24.8780,-53.6585,29.5122 age_icm_ms=0.39 mpu_sat=2 errors=13/0/0/0 m4_ms=333240
seq=16662 t=5902.027881 mpu_a=0.8188,19.6127,6.7516 mpu_g=-50.0229,29.0382,30.5496 icm_a=-3.1699,1.0630,9.5050 icm_g=-18.8415,-44.8780,23.4146 age_icm_ms=0.40 mpu_sat=2 errors=13/0/0/0 m4_ms=333260
seq=16663 t=5902.047880 mpu_a=1.1169,19.6127,7.0916 mpu_g=-43.2901,23.7481,24.4351 icm_a=-3.0789,0.8763,9.6295 icm_g=-14.2073,-43.9024,22.7439 age_icm_ms=0.40 mpu_sat=2 errors=13/0/0/0 m4_ms=333280
seq=16664 t=5902.067879 mpu_a=1.5263,19.6127,9.8222 mpu_g=-36.3206,18.0458,21.6336 icm_a=-2.8874,0.4022,9.4715 icm_g=-12.1341,-64.5122,26.0976 age_icm_ms=0.41 mpu_sat=2 errors=13/0/0/0 m4_ms=333300
seq=16665 t=5902.087877 mpu_a=1.0534,19.6127,10.6051 mpu_g=-49.5954,15.0916,24.2595 icm_a=-2.6384,0.5602,9.6247 icm_g=-9.8171,-83.3537,26.4024 age_icm_ms=0.35 mpu_sat=2 errors=13/0/0/0 m4_ms=333320
seq=16666 t=5902.107877 mpu_a=0.4046,19.6127,8.8741 mpu_g=-72.6107,13.8779,27.3664 icm_a=-2.4421,0.8715,9.5337 icm_g=-7.0732,-84.3902,19.6341 age_icm_ms=0.36 mpu_sat=2 errors=13/0/0/0 m4_ms=333340
seq=16667 t=5902.127876 mpu_a=0.5375,19.6127,7.2939 mpu_g=-81.3664,10.5344,23.3282 icm_a=-2.2841,0.8380,9.5241 icm_g=-6.2805,-71.3415,14.3902 age_icm_ms=0.37 mpu_sat=2 errors=13/0/0/0 m4_ms=333360
seq=16668 t=5902.147875 mpu_a=0.9960,19.6127,6.4991 mpu_g=-73.5038,8.9466,16.3206 icm_a=-2.1644,0.4932,9.4715 icm_g=-3.9634,-55.3659,14.5732 age_icm_ms=0.36 mpu_sat=2 errors=13/0/0/0 m4_ms=333380
seq=16669 t=5902.167874 mpu_a=0.9661,19.6127,6.8402 mpu_g=-57.1756,7.4885,13.9847 icm_a=-1.5754,0.2921,9.4523 icm_g=-4.9390,-44.0244,13.1098 age_icm_ms=0.36 mpu_sat=2 errors=13/0/0/0 m4_ms=333400
seq=16670 t=5902.187874 mpu_a=0.2059,19.6127,7.7153 mpu_g=-43.5802,6.0687,14.6870 icm_a=-1.2019,0.3496,9.4667 icm_g=-9.9390,-38.4756,6.6463 age_icm_ms=0.37 mpu_sat=2 errors=13/0/0/0 m4_ms=333420
seq=16671 t=5902.207873 mpu_a=0.0587,19.6127,8.4204 mpu_g=-35.4962,9.0000,10.3817 icm_a=-1.1492,0.5267,9.4523 icm_g=-19.5732,-34.2683,0.3659 age_icm_ms=0.37 mpu_sat=2 errors=13/0/0/0 m4_ms=333440
seq=16672 t=5902.227872 mpu_a=0.6788,19.6127,8.3977 mpu_g=-31.9618,15.6336,2.8702 icm_a=-1.2594,0.3687,9.6630 icm_g=-26.2195,-29.4512,0.5488 age_icm_ms=0.37 mpu_sat=2 errors=13/0/0/0 m4_ms=333460
seq=16673 t=5902.247872 mpu_a=1.2845,19.6127,8.0996 mpu_g=-27.2824,25.2595,-1.5496 icm_a=-1.0199,0.1341,9.8689 icm_g=-19.6951,-31.8293,7.4390 age_icm_ms=0.39 mpu_sat=2 errors=13/0/0/0 m4_ms=333480
seq=16674 t=5902.267871 mpu_a=1.1600,19.6127,8.8992 mpu_g=-24.0382,26.8931,1.9771 icm_a=-0.6895,0.2203,9.7636 icm_g=-4.1463,-48.9634,11.2805 age_icm_ms=0.37 mpu_sat=2 errors=13/0/0/0 m4_ms=333500
seq=16675 t=5902.287871 mpu_a=0.4537,19.6127,9.7360 mpu_g=-32.0916,16.4198,9.4046 icm_a=-0.5986,0.3256,9.7636 icm_g=9.2683,-65.4268,10.5488 age_icm_ms=0.36 mpu_sat=2 errors=13/0/0/0 m4_ms=333520
seq=16676 t=5902.307872 mpu_a=0.4764,19.6127,8.9986 mpu_g=-51.8702,0.1527,11.7405 icm_a=-0.4405,0.4980,9.8402 icm_g=11.8293,-63.7195,11.3415 age_icm_ms=0.40 mpu_sat=2 errors=13/0/0/0 m4_ms=333540
seq=16677 t=5902.327872 mpu_a=0.9756,19.6127,7.9643 mpu_g=-62.5038,-9.6947,11.7252 icm_a=-0.2538,0.4645,9.9647 icm_g=5.7317,-51.7683,13.1707 age_icm_ms=0.39 mpu_sat=2 errors=13/0/0/0 m4_ms=333560
seq=16678 t=5902.347873 mpu_a=1.1660,19.6127,7.9499 mpu_g=-55.2137,-8.1069,12.6412 icm_a=0.0910,0.4597,10.1227 icm_g=0.7317,-49.5122,16.3415 age_icm_ms=0.41 mpu_sat=2 errors=13/0/0/0 m4_ms=333580
seq=16679 t=5902.367876 mpu_a=1.1911,19.6127,9.6462 mpu_g=-43.9084,-1.2977,14.5267 icm_a=0.1915,0.5459,9.9647 icm_g=-4.3293,-61.4634,17.5610 age_icm_ms=0.42 mpu_sat=2 errors=13/0/0/0 m4_ms=333600
seq=16680 t=5902.387875 mpu_a=0.9720,19.6127,10.6650 mpu_g=-46.6565,2.9618,17.3511 icm_a=0.2729,0.5124,10.0700 icm_g=-7.6829,-64.6341,12.5610 age_icm_ms=0.37 mpu_sat=2 errors=13/0/0/0 m4_ms=333620
seq=16681 t=5902.407875 mpu_a=0.2682,19.6127,8.7376 mpu_g=-59.0687,8.1450,17.1450 icm_a=0.3974,0.3017,10.3142 icm_g=-3.7805,-53.6585,5.6098 age_icm_ms=0.39 mpu_sat=2 errors=13/0/0/0 m4_ms=333640
seq=16682 t=5902.427878 mpu_a=0.0599,19.6127,7.4017 mpu_g=-58.2901,9.5267,10.8931 icm_a=0.6800,0.3112,9.7875 icm_g=-9.5122,-47.6220,2.5610 age_icm_ms=0.43 mpu_sat=2 errors=13/0/0/0 m4_ms=333660
seq=16683 t=5902.447880 mpu_a=0.5926,19.6127,9.3458 mpu_g=-46.0611,5.6336,4.7634 icm_a=0.8763,0.3783,9.8641 icm_g=-21.4024,-53.7195,1.1585 age_icm_ms=0.43 mpu_sat=2 errors=13/0/0/0 m4_ms=333680
seq=16684 t=5902.467882 mpu_a=0.7685,19.6127,10.2041 mpu_g=-42.9237,13.8168,2.0305 icm_a=1.1301,0.2921,10.0030 icm_g=-20.0610,-58.4756,-1.9512 age_icm_ms=0.43 mpu_sat=2 errors=13/0/0/0 m4_ms=333700
seq=16685 t=5902.487882 mpu_a=0.3256,19.6127,8.8921 mpu_g=-50.2748,23.9466,0.2061 icm_a=1.3647,0.3112,9.7205 icm_g=-15.6098,-59.6341,-4.8171 age_icm_ms=0.38 mpu_sat=2 errors=13/0/0/0 m4_ms=333720
seq=16686 t=5902.507882 mpu_a=0.4357,19.6127,8.6060 mpu_g=-54.1527,20.8702,-2.8092 icm_a=1.4653,0.3735,9.4044 icm_g=-17.7439,-61.4024,-6.7683 age_icm_ms=0.42 mpu_sat=2 errors=13/0/0/0 m4_ms=333740
seq=16687 t=5902.527882 mpu_a=0.6476,19.6127,8.7568 mpu_g=-55.0840,16.9618,-5.3053 icm_a=1.7047,0.3160,9.7540 icm_g=-13.0488,-59.2073,-6.8293 age_icm_ms=0.43 mpu_sat=2 errors=13/0/0/0 m4_ms=333760
seq=16688 t=5902.547881 mpu_a=0.6632,19.6127,7.7237 mpu_g=-56.7328,19.0305,-7.0076 icm_a=2.0207,0.2442,9.7588 icm_g=-7.9878,-54.2683,-3.3537 age_icm_ms=0.41 mpu_sat=2 errors=13/0/0/0 m4_ms=333780
seq=16689 t=5902.567881 mpu_a=0.9732,19.6127,7.9392 mpu_g=-54.1756,13.9237,-6.6641 icm_a=2.1787,0.2346,9.5720 icm_g=-12.5610,-51.7683,2.0122 age_icm_ms=0.42 mpu_sat=2 errors=13/0/0/0 m4_ms=333800
seq=16690 t=5902.587880 mpu_a=1.2881,19.6127,8.8765 mpu_g=-49.1221,9.3359,-2.9466 icm_a=2.2889,0.2107,9.2895 icm_g=-19.9390,-52.5610,2.8049 age_icm_ms=0.35 mpu_sat=2 errors=13/0/0/0 m4_ms=333820
seq=16691 t=5902.607879 mpu_a=0.7889,19.6127,8.9818 mpu_g=-46.7481,14.5802,2.1069 icm_a=2.4804,-0.0287,9.2177 icm_g=-15.3049,-52.8049,-1.3415 age_icm_ms=0.36 mpu_sat=2 errors=13/0/0/0 m4_ms=333840
seq=16692 t=5902.627879 mpu_a=-0.0515,19.6127,7.8278 mpu_g=-47.7939,21.8244,2.4733 icm_a=2.7725,-0.0862,9.0788 icm_g=-6.0976,-53.2927,-3.7805 age_icm_ms=0.35 mpu_sat=2 errors=13/0/0/0 m4_ms=333860
seq=16693 t=5902.647878 mpu_a=-0.1161,19.6127,7.5429 mpu_g=-48.1145,17.1679,-1.4733 icm_a=2.8395,-0.0383,8.9399 icm_g=-10.5488,-54.0244,-0.6098 age_icm_ms=0.37 mpu_sat=2 errors=13/0/0/0 m4_ms=333880
seq=16694 t=5902.667877 mpu_a=0.7470,19.6127,8.3390 mpu_g=-48.3740,7.7786,-3.6565 icm_a=2.8874,-0.0144,8.8825 icm_g=-20.9756,-52.5000,4.9390 age_icm_ms=0.37 mpu_sat=2 errors=13/0/0/0 m4_ms=333900
seq=16695 t=5902.687877 mpu_a=1.1720,19.6127,8.5018 mpu_g=-49.1450,11.0458,-1.0382 icm_a=3.2226,-0.0814,8.9304 icm_g=-22.3780,-46.6463,6.3415 age_icm_ms=0.37 mpu_sat=2 errors=13/0/0/0 m4_ms=333920
seq=16696 t=5902.707877 mpu_a=0.5938,19.6127,7.5633 mpu_g=-48.1374,21.6336,3.9160 icm_a=3.4860,-0.2682,9.1459 icm_g=-9.5732,-37.8049,3.3537 age_icm_ms=0.37 mpu_sat=2 errors=13/0/0/0 m4_ms=333940
seq=16697 t=5902.727876 mpu_a=-0.2729,19.6127,6.2968 mpu_g=-43.0992,25.2366,5.9466 icm_a=3.5865,-0.2634,8.8202 icm_g=-7.2561,-30.3659,2.5610 age_icm_ms=0.36 mpu_sat=2 errors=13/0/0/0 m4_ms=333960
seq=16698 t=5902.747875 mpu_a=-0.1317,19.6127,7.0485 mpu_g=-34.3359,13.9237,3.5191 icm_a=3.5626,-0.2682,8.8298 icm_g=-17.8049,-23.2317,3.2317 age_icm_ms=0.35 mpu_sat=2 errors=13/0/0/0 m4_ms=333980
seq=16699 t=5902.767874 mpu_a=0.1796,19.6127,7.5334 mpu_g=-20.2061,17.1527,2.5420 icm_a=3.5913,-0.4597,9.1602 icm_g=-21.9512,-14.6341,3.4146 age_icm_ms=0.38 mpu_sat=2 errors=13/0/0/0 m4_ms=334000
seq=16700 t=5902.787873 mpu_a=-0.2993,19.6127,7.1742 mpu_g=-12.0076,24.3893,2.4733 icm_a=3.7014,-0.5171,9.1506 icm_g=-16.2195,-8.9024,2.3780 age_icm_ms=0.36 mpu_sat=2 errors=13/0/0/0 m4_ms=334020
seq=16701 t=5902.807872 mpu_a=-0.2646,19.6127,7.6339 mpu_g=-5.2290,19.6718,1.7863 icm_a=3.8164,-0.5794,9.1698 icm_g=-13.4756,-4.7561,2.2561 age_icm_ms=0.36 mpu_sat=2 errors=13/0/0/0 m4_ms=334040
seq=16702 t=5902.827874 mpu_a=-0.2933,19.6127,7.8650 mpu_g=-1.3282,15.4122,1.5267 icm_a=3.8882,-0.5315,9.0597 icm_g=-13.4756,-1.9512,0.1829 age_icm_ms=0.39 mpu_sat=2 errors=13/0/0/0 m4_ms=334060
seq=16703 t=5902.847874 mpu_a=-0.5722,19.6127,8.0613 mpu_g=2.0916,14.9542,0.4885 icm_a=3.9025,-0.6177,9.0357 icm_g=-10.8537,-1.4024,-4.3902 age_icm_ms=0.40 mpu_sat=2 errors=13/0/0/0 m4_ms=334080
seq=16704 t=5902.867875 mpu_a=-0.7230,19.6127,7.3310 mpu_g=2.7328,14.3817,-3.6107 icm_a=3.9313,-0.7278,9.1506 icm_g=2.2561,-0.2439,-6.3415 age_icm_ms=0.39 mpu_sat=2 errors=13/0/0/0 m4_ms=334100
seq=16705 t=5902.887875 mpu_a=-0.4274,19.6127,7.2508 mpu_g=3.6183,4.3130,-6.5267 icm_a=3.8930,-0.5986,9.0788 icm_g=12.3780,2.4390,-5.4878 age_icm_ms=0.38 mpu_sat=2 errors=13/0/0/0 m4_ms=334120
seq=16706 t=5902.907875 mpu_a=-0.2909,19.6127,7.3586 mpu_g=5.6031,-8.2748,-5.6260 icm_a=3.8403,-0.5507,9.0932 icm_g=17.8049,7.9268,-6.7683 age_icm_ms=0.38 mpu_sat=2 errors=13/0/0/0 m4_ms=334140
seq=16707 t=5902.927875 mpu_a=-0.5100,19.6127,7.2089 mpu_g=9.8702,-14.4046,-5.3969 icm_a=3.7254,-0.5890,9.0884 icm_g=22.8049,14.2073,-10.5488 age_icm_ms=0.39 mpu_sat=2 errors=13/0/0/0 m4_ms=334160
seq=16708 t=5902.947877 mpu_a=-0.7123,19.6127,7.1395 mpu_g=16.0687,-19.1450,-8.1527 icm_a=3.5769,-0.6704,9.2464 icm_g=27.9878,20.9756,-14.0244 age_icm_ms=0.40 mpu_sat=2 errors=13/0/0/0 m4_ms=334180
seq=16709 t=5902.967877 mpu_a=-0.3364,19.6127,7.3753 mpu_g=22.2519,-24.6870,-12.1985 icm_a=3.4285,-0.4741,9.2847 icm_g=25.0610,25.0610,-12.0122 age_icm_ms=0.38 mpu_sat=2 errors=13/0/0/0 m4_ms=334200
seq=16710 t=5902.987876 mpu_a=0.4489,19.6127,9.2201 mpu_g=28.6031,-27.0305,-12.7023 icm_a=3.3279,-0.2921,9.3182 icm_g=11.4634,22.5000,-9.9390 age_icm_ms=0.37 mpu_sat=2 errors=13/0/0/0 m4_ms=334220
seq=16711 t=5903.007876 mpu_a=0.2729,19.6127,9.3781 mpu_g=28.5267,-16.6870,-10.1908 icm_a=3.3327,-0.3687,9.3087 icm_g=9.5732,20.0000,-11.5854 age_icm_ms=0.37 mpu_sat=2 errors=13/0/0/0 m4_ms=334240
seq=16712 t=5903.027879 mpu_a=-0.4764,19.6127,7.8530 mpu_g=24.9313,-6.4809,-10.2061 icm_a=3.2801,-0.4022,9.1363 icm_g=28.9024,23.5366,-17.3780 age_icm_ms=0.42 mpu_sat=2 errors=13/0/0/0 m4_ms=334260
seq=16713 t=5903.047878 mpu_a=-1.0858,19.6127,5.5007 mpu_g=24.4198,-14.7405,-13.4809 icm_a=3.2705,-0.4022,9.7779 icm_g=65.0000,35.3049,-23.2317 age_icm_ms=0.41 mpu_sat=2 errors=13/0/0/0 m4_ms=334280
seq=16714 t=5903.067877 mpu_a=-0.5746,19.6127,5.2900 mpu_g=32.1832,-43.3893,-19.1221 icm_a=3.1556,-0.0287,9.4379 icm_g=72.5000,40.3049,-22.0732 age_icm_ms=0.41 mpu_sat=2 errors=13/0/0/0 m4_ms=334300
seq=16715 t=5903.087877 mpu_a=1.0977,19.6127,10.0712 mpu_g=44.0916,-74.2748,-20.8702 icm_a=2.9305,0.5363,9.2177 icm_g=38.7195,30.1220,-19.8171 age_icm_ms=0.41 mpu_sat=2 errors=13/0/0/0 m4_ms=334320
seq=16716 t=5903.107876 mpu_a=1.4856,19.6127,11.9183 mpu_g=42.0458,-60.2366,-18.6107 icm_a=2.8874,0.7039,9.5672 icm_g=13.2317,21.4024,-23.8415 age_icm_ms=0.41 mpu_sat=2 errors=13/0/0/0 m4_ms=334340
seq=16717 t=5903.127874 mpu_a=0.5578,19.6127,9.4631 mpu_g=29.1450,-23.9771,-19.7405 icm_a=2.7007,0.7614,9.9168 icm_g=22.0122,26.7683,-27.9878 age_icm_ms=0.34 mpu_sat=2 errors=13/0/0/0 m4_ms=334360
seq=16718 t=5903.147874 mpu_a=0.8021,19.6127,6.5110 mpu_g=25.1298,-11.0992,-25.6870 icm_a=2.6576,0.7374,9.7444 icm_g=48.9024,38.1707,-24.1463 age_icm_ms=0.37 mpu_sat=2 errors=13/0/0/0 m4_ms=334380
seq=16719 t=5903.167874 mpu_a=1.5706,19.6127,6.0322 mpu_g=34.3740,-29.7252,-26.6641 icm_a=2.4900,0.8906,9.3757 icm_g=72.5610,43.1098,-16.9512 age_icm_ms=0.36 mpu_sat=2 errors=13/0/0/0 m4_ms=334400
seq=16720 t=5903.187875 mpu_a=1.8579,19.6127,7.1658 mpu_g=45.0916,-56.6183,-19.7405 icm_a=2.3320,1.2210,8.9591 icm_g=88.8415,36.7073,-15.4878 age_icm_ms=0.41 mpu_sat=2 errors=13/0/0/0 m4_ms=334420
seq=16721 t=5903.207875 mpu_a=1.3934,19.6127,8.0541 mpu_g=46.6183,-76.9389,-12.6107 icm_a=2.2458,1.6664,8.8394 icm_g=95.3049,29.3902,-21.6463 age_icm_ms=0.38 mpu_sat=2 errors=13/0/0/0 m4_ms=334440
seq=16722 t=5903.227874 mpu_a=1.4593,19.6127,8.0349 mpu_g=38.2366,-90.3282,-13.1679 icm_a=2.1644,2.0590,8.7580 icm_g=87.2561,32.6220,-24.6341 age_icm_ms=0.37 mpu_sat=2 errors=13/0/0/0 m4_ms=334460
seq=16723 t=5903.247873 mpu_a=2.6659,19.6127,7.7333 mpu_g=32.8931,-93.2901,-19.4427 icm_a=2.0255,2.3128,8.4994 icm_g=69.2073,44.8780,-21.8293 age_icm_ms=0.38 mpu_sat=2 errors=13/0/0/0 m4_ms=334480
seq=16724 t=5903.267872 mpu_a=3.4453,19.6127,7.2042 mpu_g=38.6031,-82.1298,-21.2595 icm_a=1.8914,2.6097,8.5425 icm_g=56.0976,60.4268,-23.5366 age_icm_ms=0.37 mpu_sat=2 errors=13/0/0/0 m4_ms=334500
seq=16725 t=5903.287872 mpu_a=2.7186,19.6127,6.4081 mpu_g=52.1832,-63.5573,-19.4275 icm_a=1.4365,2.9066,8.8298 icm_g=57.0122,70.6098,-26.0366 age_icm_ms=0.37 mpu_sat=2 errors=13/0/0/0 m4_ms=334520
seq=16726 t=5903.307871 mpu_a=3.2896,19.6127,6.6331 mpu_g=67.0763,-53.4427,-22.6412 icm_a=1.3264,2.9113,9.1842 icm_g=64.1463,70.1220,-23.1098 age_icm_ms=0.37 mpu_sat=2 errors=13/0/0/0 m4_ms=334540
seq=16727 t=5903.327870 mpu_a=3.7302,19.6127,7.6674 mpu_g=75.1985,-56.1679,-24.4046 icm_a=1.1444,3.0311,9.2703 icm_g=71.0976,57.9268,-19.5122 age_icm_ms=0.36 mpu_sat=2 errors=13/0/0/0 m4_ms=334560
seq=16728 t=5903.347870 mpu_a=3.8583,19.6127,9.1004 mpu_g=73.4885,-63.5191,-20.8397 icm_a=0.9337,3.3375,9.1075 icm_g=76.7073,35.7317,-21.9512 age_icm_ms=0.37 mpu_sat=2 errors=13/0/0/0 m4_ms=334580
seq=16729 t=5903.367869 mpu_a=3.3627,19.6127,9.9539 mpu_g=60.6565,-69.9008,-17.1145 icm_a=0.8954,3.8690,9.0980 icm_g=78.1098,15.5488,-25.0000 age_icm_ms=0.36 mpu_sat=2 errors=13/0/0/0 m4_ms=334600
seq=16730 t=5903.387870 mpu_a=3.7864,19.6127,9.7300 mpu_g=38.3893,-75.4427,-19.2672 icm_a=0.8619,4.0654,9.2081 icm_g=66.0976,11.5244,-15.1829 age_icm_ms=0.38 mpu_sat=2 errors=13/0/0/0 m4_ms=334620
seq=16731 t=5903.407871 mpu_a=5.7425,19.6127,8.9603 mpu_g=18.8550,-76.5725,-21.8168 icm_a=0.7661,4.3383,9.0261 icm_g=50.1220,20.2439,-3.2317 age_icm_ms=0.39 mpu_sat=2 errors=13/0/0/0 m4_ms=334640
seq=16732 t=5903.427872 mpu_a=6.0717,19.6127,7.9499 mpu_g=15.3206,-64.1985,-12.6031 icm_a=0.6321,4.3862,8.8250 icm_g=39.8780,26.5244,-1.0976 age_icm_ms=0.40 mpu_sat=2 errors=13/0/0/0 m4_ms=334660
seq=16733 t=5903.447872 mpu_a=5.1427,19.6127,7.7572 mpu_g=24.3969,-47.9847,-1.5191 icm_a=0.4501,4.4197,8.8729 icm_g=46.3415,23.5366,-8.9024 age_icm_ms=0.38 mpu_sat=2 errors=13/0/0/0 m4_ms=334680
seq=16734 t=5903.467873 mpu_a=3.8858,19.6127,7.5932 mpu_g=31.1756,-37.3740,0.3893 icm_a=0.2873,4.4819,8.8921 icm_g=53.9634,19.5122,-15.3049 age_icm_ms=0.40 mpu_sat=2 errors=13/0/0/0 m4_ms=334700
seq=16735 t=5903.487875 mpu_a=4.0139,19.6127,7.5573 mpu_g=28.2214,-43.3740,-6.7481 icm_a=0.1772,4.6783,8.8585 icm_g=46.6463,19.2683,-11.0976 age_icm_ms=0.41 mpu_sat=2 errors=13/0/0/0 m4_ms=334720
seq=16736 t=5903.507874 mpu_a=5.5797,19.6127,8.2097 mpu_g=23.8855,-52.5267,-13.3435 icm_a=0.1341,4.8171,8.6574 icm_g=32.5000,17.7439,-5.4878 age_icm_ms=0.38 mpu_sat=2 errors=13/0/0/0 m4_ms=334740
seq=16737 t=5903.527876 mpu_a=6.0490,19.6127,8.6814 mpu_g=23.3511,-46.4809,-10.1832 icm_a=0.1389,4.7501,8.4803 icm_g=29.3293,14.1463,-6.5244 age_icm_ms=0.42 mpu_sat=2 errors=13/0/0/0 m4_ms=334760
seq=16738 t=5903.547877 mpu_a=5.1619,19.6127,8.0206 mpu_g=22.4427,-31.8168,-4.7863 icm_a=0.0910,4.8219,8.3414 icm_g=36.8902,10.9756,-12.9268 age_icm_ms=0.44 mpu_sat=2 errors=13/0/0/0 m4_ms=334780
seq=16739 t=5903.567877 mpu_a=4.4005,19.6127,7.0210 mpu_g=18.9924,-26.6565,-4.9618 icm_a=0.0431,4.9464,8.3270 icm_g=38.9634,12.3171,-15.9146 age_icm_ms=0.45 mpu_sat=2 errors=13/0/0/0 m4_ms=334800
seq=16740 t=5903.587876 mpu_a=6.0358,19.6127,7.5214 mpu_g=15.9160,-38.3664,-14.6260 icm_a=0.0383,5.1092,8.3558 icm_g=27.0732,13.7195,-10.4878 age_icm_ms=0.41 mpu_sat=2 errors=13/0/0/0 m4_ms=334820
seq=16741 t=5903.607877 mpu_a=6.4224,19.6127,8.2157 mpu_g=18.0840,-28.8397,-11.0763 icm_a=-0.0239,5.3391,8.4420 icm_g=12.6829,11.7073,-3.2317 age_icm_ms=0.43 mpu_sat=2 errors=13/0/0/0 m4_ms=334840
seq=16742 t=5903.627877 mpu_a=6.4272,19.6127,8.4180 mpu_g=16.9924,-13.8244,-4.3969 icm_a=-0.0048,5.3295,8.4707 icm_g=3.0488,5.5488,2.5000 age_icm_ms=0.44 mpu_sat=2 errors=13/0/0/0 m4_ms=334860
seq=16743 t=5903.647876 mpu_a=5.9987,19.6127,8.2768 mpu_g=11.8092,-2.8015,1.2137 icm_a=-0.0622,5.3439,8.3701 icm_g=-3.4146,-0.6098,4.5122 age_icm_ms=0.37 mpu_sat=2 errors=13/0/0/0 m4_ms=334880
seq=16744 t=5903.667877 mpu_a=5.7054,19.6127,7.9547 mpu_g=5.1832,3.6031,4.1679 icm_a=-0.1149,5.3917,8.5186 icm_g=-10.3659,-3.2927,3.7195 age_icm_ms=0.38 mpu_sat=2 errors=13/0/0/0 m4_ms=334900
seq=16745 t=5903.687877 mpu_a=5.7389,19.6127,7.7464 mpu_g=1.3740,10.3435,3.5420 icm_a=-0.0718,5.3774,8.3222 icm_g=-22.8049,-3.4146,3.9634 age_icm_ms=0.39 mpu_sat=2 errors=13/0/0/0 m4_ms=334920
seq=16746 t=5903.707877 mpu_a=6.1974,19.6127,8.2492 mpu_g=1.1145,19.3893,2.6336 icm_a=-0.1149,5.2050,8.3797 icm_g=-40.1829,-1.0976,7.2561 age_icm_ms=0.39 mpu_sat=2 errors=13/0/0/0 m4_ms=334940
seq=16747 t=5903.727876 mpu_a=6.1471,19.6127,7.4831 mpu_g=1.6794,36.2519,4.1527 icm_a=-0.0814,4.8698,8.2217 icm_g=-55.9756,5.4268,11.2195 age_icm_ms=0.36 mpu_sat=2 errors=13/0/0/0 m4_ms=334960
seq=16748 t=5903.747876 mpu_a=5.6276,19.6127,7.0653 mpu_g=7.2443,52.4580,7.4656 icm_a=-0.0766,4.5011,8.3127 icm_g=-62.9878,11.6463,12.8049 age_icm_ms=0.36 mpu_sat=2 errors=13/0/0/0 m4_ms=334980
seq=16749 t=5903.767875 mpu_a=4.6771,19.6127,6.3530 mpu_g=13.7481,64.1374,9.6489 icm_a=-0.0622,4.3335,8.5425 icm_g=-57.2561,16.8902,9.6951 age_icm_ms=0.37 mpu_sat=2 errors=13/0/0/0 m4_ms=335000
seq=16750 t=5903.787875 mpu_a=4.1001,19.6127,6.4811 mpu_g=19.3893,62.5191,8.5267 icm_a=-0.0862,4.1851,8.5665 icm_g=-53.6585,18.7195,5.1220 age_icm_ms=0.37 mpu_sat=2 errors=13/0/0/0 m4_ms=335020
seq=16751 t=5903.807875 mpu_a=4.2593,19.6127,7.6183 mpu_g=22.8779,55.5344,4.1832 icm_a=-0.0958,4.1085,8.6479 icm_g=-61.0976,20.4268,1.9512 age_icm_ms=0.37 mpu_sat=2 errors=13/0/0/0 m4_ms=335040
seq=16752 t=5903.827874 mpu_a=4.4269,19.6127,7.7033 mpu_g=23.4885,57.9313,0.2595 icm_a=-0.1867,3.9217,8.7724 icm_g=-70.3659,26.6463,1.5244 age_icm_ms=0.36 mpu_sat=2 errors=13/0/0/0 m4_ms=335060
seq=16753 t=5903.847874 mpu_a=4.4245,19.6127,7.1000 mpu_g=27.1374,67.7481,-2.0534 icm_a=-0.3400,3.7445,9.0214 icm_g=-70.4878,34.6951,1.9512 age_icm_ms=0.37 mpu_sat=2 errors=13/0/0/0 m4_ms=335080
seq=16754 t=5903.867873 mpu_a=4.0510,19.6127,6.6726 mpu_g=34.7939,73.3130,-1.9389 icm_a=-0.3591,3.5434,9.4954 icm_g=-61.2195,39.9390,2.9268 age_icm_ms=0.36 mpu_sat=2 errors=13/0/0/0 m4_ms=335100
seq=16755 t=5903.887872 mpu_a=3.9193,19.6127,7.4508 mpu_g=42.1221,68.1450,-1.2290 icm_a=-0.4118,3.4141,9.6869 icm_g=-52.9878,35.9756,5.0000 age_icm_ms=0.36 mpu_sat=2 errors=13/0/0/0 m4_ms=335120
seq=16756 t=5903.907871 mpu_a=3.9409,19.6127,9.2225 mpu_g=44.0687,58.0229,0.6641 icm_a=-0.5555,3.2753,9.7300 icm_g=-52.1341,21.6463,7.1341 age_icm_ms=0.38 mpu_sat=2 errors=13/0/0/0 m4_ms=335140
seq=16757 t=5903.927871 mpu_a=3.8630,19.6127,10.3154 mpu_g=34.9237,52.9695,3.2290 icm_a=-0.6656,3.1220,9.9551 icm_g=-54.3293,10.3659,8.9634 age_icm_ms=0.36 mpu_sat=2 errors=13/0/0/0 m4_ms=335160
seq=16758 t=5903.947872 mpu_a=3.7302,19.6127,9.4068 mpu_g=19.8168,54.6336,5.2824 icm_a=-0.7230,3.0742,9.8450 icm_g=-58.0488,10.4268,10.0610 age_icm_ms=0.40 mpu_sat=2 errors=13/0/0/0 m4_ms=335180
seq=16759 t=5903.967872 mpu_a=3.5925,19.6127,8.6251 mpu_g=13.2214,56.8931,6.8626 icm_a=-0.6656,2.8539,9.7636 icm_g=-62.5000,14.7561,8.8415 age_icm_ms=0.38 mpu_sat=2 errors=13/0/0/0 m4_ms=335200
seq=16760 t=5903.987874 mpu_a=3.1580,19.6127,8.3055 mpu_g=15.8779,61.2672,6.9618 icm_a=-0.6273,2.4612,9.7827 icm_g=-63.1098,16.0976,6.5854 age_icm_ms=0.39 mpu_sat=2 errors=13/0/0/0 m4_ms=335220
seq=16761 t=5904.007874 mpu_a=2.7569,19.6127,8.5964 mpu_g=19.9237,64.4885,4.9542 icm_a=-0.6943,2.2075,9.8066 icm_g=-65.0000,11.8902,5.6098 age_icm_ms=0.38 mpu_sat=2 errors=13/0/0/0 m4_ms=335240
seq=16762 t=5904.027874 mpu_a=2.7378,19.6127,9.4523 mpu_g=19.9313,64.5420,2.9160 icm_a=-0.7470,2.0207,9.6917 icm_g=-73.5366,5.5488,5.7927 age_icm_ms=0.40 mpu_sat=2 errors=13/0/0/0 m4_ms=335260
seq=16763 t=5904.047875 mpu_a=2.6037,19.6127,9.6786 mpu_g=14.5420,67.9542,2.3740 icm_a=-0.8332,1.7334,9.5529 icm_g=-81.0976,3.2317,5.6098 age_icm_ms=0.39 mpu_sat=2 errors=13/0/0/0 m4_ms=335280
seq=16764 t=5904.067875 mpu_a=2.3715,19.6127,8.8190 mpu_g=8.7023,77.1374,2.2061 icm_a=-0.9002,1.3743,9.4571 icm_g=-77.4390,5.7317,5.9146 age_icm_ms=0.38 mpu_sat=2 errors=13/0/0/0 m4_ms=335300
seq=16765 t=5904.087875 mpu_a=1.9573,19.6127,7.4460 mpu_g=7.4046,82.6718,1.7710 icm_a=-0.9768,1.1205,9.7300 icm_g=-68.7195,10.6707,8.3537 age_icm_ms=0.38 mpu_sat=2 errors=13/0/0/0 m4_ms=335320
seq=16766 t=5904.107875 mpu_a=1.7681,19.6127,7.3586 mpu_g=10.8092,77.1908,2.5496 icm_a=-1.0199,0.9529,9.5960 icm_g=-74.0854,8.7805,11.8902 age_icm_ms=0.37 mpu_sat=2 errors=13/0/0/0 m4_ms=335340
seq=16767 t=5904.127877 mpu_a=1.9477,19.6127,9.4786 mpu_g=15.6947,69.6260,5.5420 icm_a=-1.0582,0.6033,9.6007 icm_g=-83.4756,-2.5000,14.0854 age_icm_ms=0.41 mpu_sat=2 errors=13/0/0/0 m4_ms=335360
seq=16768 t=5904.147878 mpu_a=1.5586,19.6127,10.1586 mpu_g=12.3206,77.0382,8.7328 icm_a=-1.0822,0.2873,9.6965 icm_g=-75.7317,-12.8049,12.3780 age_icm_ms=0.41 mpu_sat=2 errors=13/0/0/0 m4_ms=335380
seq=16769 t=5904.167876 mpu_a=0.5315,19.6127,8.6514 mpu_g=0.3817,85.3664,10.2901 icm_a=-1.0199,0.2394,9.7779 icm_g=-62.6220,-20.1829,11.4024 age_icm_ms=0.38 mpu_sat=2 errors=13/0/0/0 m4_ms=335400
seq=16770 t=5904.187876 mpu_a=0.4633,19.6127,8.3905 mpu_g=-9.3282,76.1298,8.9542 icm_a=-0.9625,0.1676,9.6917 icm_g=-69.6341,-28.8415,15.0610 age_icm_ms=0.40 mpu_sat=2 errors=13/0/0/0 m4_ms=335420
seq=16771 t=5904.207875 mpu_a=1.3575,19.6127,10.0521 mpu_g=-16.1145,63.7481,8.7786 icm_a=-0.9577,-0.1820,9.7588 icm_g=-79.3293,-36.8902,19.5122 age_icm_ms=0.41 mpu_sat=2 errors=13/0/0/0 m4_ms=335440
seq=16772 t=5904.227874 mpu_a=1.1564,19.6127,9.8904 mpu_g=-24.7023,71.6412,12.2519 icm_a=-0.8428,-0.7853,10.1801 icm_g=-65.7317,-41.8902,21.0366 age_icm_ms=0.41 mpu_sat=2 errors=13/0/0/0 m4_ms=335460
seq=16773 t=5904.247874 mpu_a=0.0682,19.6127,8.0158 mpu_g=-32.6183,81.2977,16.3206 icm_a=-0.6464,-0.9194,9.9359 icm_g=-43.1707,-54.0854,18.0488 age_icm_ms=0.41 mpu_sat=2 errors=13/0/0/0 m4_ms=335480
seq=16774 t=5904.267873 mpu_a=-1.0523,19.6127,8.6921 mpu_g=-37.1527,68.2672,18.3511 icm_a=-0.6129,-0.7901,9.2703 icm_g=-35.1220,-78.5976,12.0122 age_icm_ms=0.41 mpu_sat=2 errors=13/0/0/0 m4_ms=335500
seq=16775 t=5904.287872 mpu_a=-0.9876,19.6127,10.6434 mpu_g=-48.4122,45.3206,16.5802 icm_a=-0.1532,-1.1205,9.4763 icm_g=-34.8171,-90.9756,7.6829 age_icm_ms=0.36 mpu_sat=2 errors=13/0/0/0 m4_ms=335520
seq=16776 t=5904.307872 mpu_a=-0.7087,19.6127,9.4152 mpu_g=-72.6718,36.5191,11.3664 icm_a=0.0766,-1.6041,10.0700 icm_g=-25.2439,-80.5488,8.2317 age_icm_ms=0.37 mpu_sat=2 errors=13/0/0/0 m4_ms=335540
seq=16777 t=5904.327873 mpu_a=-0.9780,19.6127,6.8055 mpu_g=-86.8168,36.4351,7.1069 icm_a=0.3831,-1.5467,9.2847 icm_g=-25.2439,-70.6098,8.3537 age_icm_ms=0.38 mpu_sat=2 errors=13/0/0/0 m4_ms=335560
seq=16778 t=5904.347872 mpu_a=-1.0918,19.6127,7.5190 mpu_g=-77.1756,28.3359,7.4962 icm_a=0.8092,-1.5514,9.3470 icm_g=-28.2927,-69.7561,-0.3049 age_icm_ms=0.38 mpu_sat=2 errors=13/0/0/0 m4_ms=335580
seq=16779 t=5904.367872 mpu_a=-1.7466,19.6127,8.6167 mpu_g=-65.4351,25.6412,8.3282 icm_a=1.3791,-1.7526,9.4140 icm_g=-14.2073,-62.8659,-12.2561 age_icm_ms=0.37 mpu_sat=2 errors=13/0/0/0 m4_ms=335600
seq=16780 t=5904.387871 mpu_a=-2.6061,19.6127,6.9683 mpu_g=-64.9924,30.6489,0.6641 icm_a=1.4700,-1.6041,9.1506 icm_g=4.1463,-48.1098,-21.2805 age_icm_ms=0.37 mpu_sat=2 errors=13/0/0/0 m4_ms=335620
seq=16781 t=5904.407871 mpu_a=-1.5335,19.6127,6.1112 mpu_g=-46.0305,-0.3969,-19.6565 icm_a=1.5897,-1.4940,8.8777 icm_g=17.8049,-39.6341,-22.9268 age_icm_ms=0.38 mpu_sat=2 errors=13/0/0/0 m4_ms=335640
seq=16782 t=5904.427870 mpu_a=-1.1408,19.6127,7.5022 mpu_g=-35.1145,-14.6183,-21.9924 icm_a=1.8004,-1.3455,8.6766 icm_g=30.3049,-43.7805,-22.0122 age_icm_ms=0.36 mpu_sat=2 errors=13/0/0/0 m4_ms=335660
seq=16783 t=5904.447869 mpu_a=-1.0283,19.6127,7.0809 mpu_g=-37.6031,-26.3664,-20.6412 icm_a=2.0159,-1.1492,8.7436 icm_g=49.2683,-45.6707,-20.7317 age_icm_ms=0.36 mpu_sat=2 errors=13/0/0/0 m4_ms=335680
seq=16784 t=5904.467869 mpu_a=-0.7590,19.6127,5.4372 mpu_g=-42.0153,-42.9542,-18.7252 icm_a=2.2745,-0.9912,8.7580 icm_g=70.9146,-34.4512,-17.3780 age_icm_ms=0.37 mpu_sat=2 errors=13/0/0/0 m4_ms=335700
seq=16785 t=5904.487868 mpu_a=-0.2622,19.6127,4.8914 mpu_g=-34.2061,-64.1679,-15.2290 icm_a=2.4086,-0.7135,8.8729 icm_g=87.0732,-16.0976,-11.8902 age_icm_ms=0.36 mpu_sat=2 errors=13/0/0/0 m4_ms=335720
seq=16786 t=5904.507868 mpu_a=0.2430,19.6127,5.7413 mpu_g=-16.7634,-81.7328,-9.7786 icm_a=2.4804,-0.1197,8.9016 icm_g=86.5854,2.1341,-7.8659 age_icm_ms=0.37 mpu_sat=2 errors=13/0/0/0 m4_ms=335740
seq=16787 t=5904.527868 mpu_a=0.8464,19.6127,6.8750 mpu_g=1.2519,-87.4580,-4.8702 icm_a=2.4900,0.3256,9.1028 icm_g=71.7073,23.5976,-6.3415 age_icm_ms=0.37 mpu_sat=2 errors=13/0/0/0 m4_ms=335760
seq=16788 t=5904.547870 mpu_a=1.1791,19.6127,6.5481 mpu_g=20.6183,-74.8855,-3.7023 icm_a=2.4948,0.5411,9.2320 icm_g=63.1098,47.0732,-4.6341 age_icm_ms=0.42 mpu_sat=2 errors=13/0/0/0 m4_ms=335780
seq=16789 t=5904.567871 mpu_a=1.4234,19.6127,6.0920 mpu_g=43.1832,-62.5115,-3.2672 icm_a=2.2410,0.7757,9.6199 icm_g=62.1341,67.3171,-0.3049 age_icm_ms=0.40 mpu_sat=2 errors=13/0/0/0 m4_ms=335800
seq=16790 t=5904.587872 mpu_a=2.1416,19.6127,7.3346 mpu_g=65.0992,-59.8855,-0.6641 icm_a=2.0159,1.1396,10.0269 icm_g=53.2927,76.4024,8.0488 age_icm_ms=0.40 mpu_sat=2 errors=13/0/0/0 m4_ms=335820
seq=16791 t=5904.607872 mpu_a=2.8575,19.6127,10.4339 mpu_g=79.4580,-56.6336,5.8473 icm_a=1.5802,1.3886,10.4387 icm_g=29.6951,70.5488,16.4024 age_icm_ms=0.39 mpu_sat=2 errors=13/0/0/0 m4_ms=335840
seq=16792 t=5904.627872 mpu_a=2.7809,19.6127,12.1913 mpu_g=79.3130,-37.7328,13.7099 icm_a=1.2354,1.4413,10.5441 icm_g=7.7439,56.2195,18.5366 age_icm_ms=0.38 mpu_sat=2 errors=13/0/0/0 m4_ms=335860
seq=16793 t=5904.647872 mpu_a=1.6640,19.6127,11.8561 mpu_g=67.3969,-13.2901,18.4046 icm_a=0.9337,1.2833,10.4579 icm_g=0.8537,42.1341,12.3171 age_icm_ms=0.37 mpu_sat=2 errors=13/0/0/0 m4_ms=335880
seq=16794 t=5904.667872 mpu_a=0.9254,19.6127,10.0317 mpu_g=52.1069,1.1221,15.1985 icm_a=0.6943,1.0295,10.6494 icm_g=7.4390,37.7439,7.9268 age_icm_ms=0.38 mpu_sat=2 errors=13/0/0/0 m4_ms=335900
seq=16795 t=5904.687873 mpu_a=1.2641,19.6127,8.8765 mpu_g=42.6260,-0.4427,8.7939 icm_a=0.6847,0.9242,10.5153 icm_g=9.6951,36.5854,10.1220 age_icm_ms=0.40 mpu_sat=2 errors=13/0/0/0 m4_ms=335920
seq=16796 t=5904.707873 mpu_a=1.8100,19.6127,10.1825 mpu_g=41.7939,-8.2443,7.8702 icm_a=0.6847,0.8954,10.3286 icm_g=-4.0854,27.3780,12.5000 age_icm_ms=0.38 mpu_sat=2 errors=13/0/0/0 m4_ms=335940
seq=16797 t=5904.727875 mpu_a=1.5251,19.6127,11.6047 mpu_g=38.3893,-3.2748,11.0229 icm_a=0.5986,0.7709,10.1275 icm_g=-19.4512,12.9878,8.8415 age_icm_ms=0.41 mpu_sat=2 errors=13/0/0/0 m4_ms=335960
seq=16798 t=5904.747875 mpu_a=0.6967,19.6127,11.0624 mpu_g=26.1603,13.1221,10.9084 icm_a=0.4788,0.5986,10.2041 icm_g=-24.2073,5.3659,1.5854 age_icm_ms=0.44 mpu_sat=2 errors=13/0/0/0 m4_ms=335980
seq=16799 t=5904.767876 mpu_a=0.3160,19.6127,9.3122 mpu_g=12.8855,24.7023,4.9008 icm_a=0.4070,0.5124,10.1083 icm_g=-23.4756,6.2195,-3.9634 age_icm_ms=0.44 mpu_sat=2 errors=13/0/0/0 m4_ms=336000
seq=16800 t=5904.787876 mpu_a=0.4741,19.6127,8.6658 mpu_g=9.0229,25.6107,-2.0992 icm_a=0.4022,0.4741,10.0269 icm_g=-24.6341,7.0122,-5.6098 age_icm_ms=0.42 mpu_sat=2 errors=13/0/0/0 m4_ms=336020
seq=16801 t=5904.807875 mpu_a=0.8918,19.6127,9.1925 mpu_g=11.1374,24.8550,-6.1985 icm_a=0.4022,0.4118,9.7731 icm_g=-28.5366,3.1707,-5.1829 age_icm_ms=0.44 mpu_sat=2 errors=13/0/0/0 m4_ms=336040
seq=16802 t=5904.827876 mpu_a=0.9409,19.6127,9.4846 mpu_g=10.6183,26.8702,-6.9542 icm_a=0.3065,0.3687,9.7540 icm_g=-28.8415,-2.1951,-4.0854 age_icm_ms=0.45 mpu_sat=2 errors=13/0/0/0 m4_ms=336060
seq=16803 t=5904.847876 mpu_a=0.9110,19.6127,9.0429 mpu_g=5.7557,30.5420,-6.2672 icm_a=0.2011,0.2059,9.7300 icm_g=-25.2439,-4.4512,-2.3171 age_icm_ms=0.42 mpu_sat=2 errors=13/0/0/0 m4_ms=336080
seq=16804 t=5904.867876 mpu_a=0.8056,19.6127,8.4707 mpu_g=1.0382,29.6794,-4.9924 icm_a=0.2203,0.1053,9.6534 icm_g=-19.8780,-5.2439,-0.5488 age_icm_ms=0.43 mpu_sat=2 errors=13/0/0/0 m4_ms=336100
seq=16805 t=5904.887876 mpu_a=0.5890,19.6127,8.2887 mpu_g=-0.4046,25.4733,-2.9847 icm_a=0.3352,-0.0096,9.4763 icm_g=-15.6098,-7.0122,-0.7927 age_icm_ms=0.43 mpu_sat=2 errors=13/0/0/0 m4_ms=336120
seq=16806 t=5904.907876 mpu_a=0.2837,19.6127,8.4096 mpu_g=-1.0153,20.3740,-1.3282 icm_a=0.3400,0.0144,9.4332 icm_g=-12.6829,-8.6585,-2.0732 age_icm_ms=0.38 mpu_sat=2 errors=13/0/0/0 m4_ms=336140
seq=16807 t=5904.927876 mpu_a=0.2274,19.6127,8.2672 mpu_g=-3.0992,16.4733,-1.6794 icm_a=0.3687,0.0239,9.5289 icm_g=-10.9146,-5.0000,-2.3780 age_icm_ms=0.37 mpu_sat=2 errors=13/0/0/0 m4_ms=336160
seq=16808 t=5904.947875 mpu_a=0.4286,19.6127,7.7907 mpu_g=-4.1450,13.7557,-2.8168 icm_a=0.4405,-0.1101,9.5912 icm_g=-9.2073,1.2195,-0.8537 age_icm_ms=0.37 mpu_sat=2 errors=13/0/0/0 m4_ms=336180
seq=16809 t=5904.967875 mpu_a=0.4776,19.6127,7.7835 mpu_g=0.1985,12.1908,-2.8168 icm_a=0.4884,-0.1772,9.4954 icm_g=-8.5976,2.5000,0.5488 age_icm_ms=0.38 mpu_sat=2 errors=13/0/0/0 m4_ms=336200
seq=16810 t=5904.987875 mpu_a=0.2813,19.6127,8.4360 mpu_g=6.2977,10.7557,-1.2443 icm_a=0.5315,-0.1580,9.5241 icm_g=-6.1585,-2.0122,0.2439 age_icm_ms=0.38 mpu_sat=2 errors=13/0/0/0 m4_ms=336220
seq=16811 t=5905.007874 mpu_a=0.0958,19.6127,8.7927 mpu_g=6.7252,10.1908,0.0305 icm_a=0.5363,-0.0910,9.5624 icm_g=-2.5610,-5.4878,-1.0366 age_icm_ms=0.36 mpu_sat=2 errors=13/0/0/0 m4_ms=336240
seq=16812 t=5905.027873 mpu_a=0.0599,19.6127,8.5246 mpu_g=1.9695,7.5573,-0.2290 icm_a=0.5076,-0.1149,9.6534 icm_g=-1.6463,-4.3902,0.4268 age_icm_ms=0.36 mpu_sat=2 errors=13/0/0/0 m4_ms=336260
seq=16813 t=5905.047872 mpu_a=0.5040,19.6127,8.2552 mpu_g=-1.2824,4.0840,-1.2214 icm_a=0.5267,-0.1628,9.7109 icm_g=-4.4512,-0.7317,3.1707 age_icm_ms=0.39 mpu_sat=2 errors=13/0/0/0 m4_ms=336280
seq=16814 t=5905.067871 mpu_a=0.5878,19.6127,8.4324 mpu_g=0.0534,3.4122,0.2137 icm_a=0.5411,-0.2251,9.7061 icm_g=-7.5610,0.3049,4.0854 age_icm_ms=0.36 mpu_sat=2 errors=13/0/0/0 m4_ms=336300
seq=16815 t=5905.087871 mpu_a=0.2909,19.6127,8.7281 mpu_g=3.7481,6.2672,2.8015 icm_a=0.5938,-0.1820,9.7157 icm_g=-8.1098,-1.2805,1.4634 age_icm_ms=0.36 mpu_sat=2 errors=13/0/0/0 m4_ms=336320
seq=16816 t=5905.107872 mpu_a=-0.1125,19.6127,8.8310 mpu_g=4.9084,9.4427,3.6183 icm_a=0.5650,-0.0766,9.8785 icm_g=-8.5976,-1.0366,-2.4390 age_icm_ms=0.39 mpu_sat=2 errors=13/0/0/0 m4_ms=336340
seq=16817 t=5905.127873 mpu_a=-0.1460,19.6127,8.6419 mpu_g=3.2519,9.9618,1.1145 icm_a=0.5411,-0.0766,9.8641 icm_g=-13.2927,1.0366,-3.7195 age_icm_ms=0.39 mpu_sat=2 errors=13/0/0/0 m4_ms=336360
seq=16818 t=5905.147873 mpu_a=0.2514,19.6127,8.8238 mpu_g=3.2137,10.1221,-2.8397 icm_a=0.4453,-0.1724,9.8306 icm_g=-19.0244,2.3171,-2.6220 age_icm_ms=0.39 mpu_sat=2 errors=13/0/0/0 m4_ms=336380
seq=16819 t=5905.167874 mpu_a=0.4477,19.6127,8.9950 mpu_g=5.2214,14.1756,-4.5115 icm_a=0.3831,-0.3496,9.7923 icm_g=-23.8415,2.5610,-0.2439 age_icm_ms=0.40 mpu_sat=2 errors=13/0/0/0 m4_ms=336400
seq=16820 t=5905.187874 mpu_a=0.3891,19.6127,8.9986 mpu_g=6.6718,20.0534,-3.7863 icm_a=0.5076,-0.4788,9.9455 icm_g=-29.5732,0.8537,1.5854 age_icm_ms=0.39 mpu_sat=2 errors=13/0/0/0 m4_ms=336420
seq=16821 t=5905.207873 mpu_a=0.2322,19.6127,9.1219 mpu_g=7.0992,24.8702,-1.7786 icm_a=0.6369,-0.5171,9.8497 icm_g=-40.3049,-4.9390,-0.6098 age_icm_ms=0.36 mpu_sat=2 errors=13/0/0/0 m4_ms=336440
seq=16822 t=5905.227873 mpu_a=-0.5124,19.6127,9.9455 mpu_g=0.7863,39.9466,-1.7710 icm_a=0.6512,-0.6704,9.7636 icm_g=-46.7683,-11.8902,-5.5488 age_icm_ms=0.37 mpu_sat=2 errors=13/0/0/0 m4_ms=336460
seq=16823 t=5905.247873 mpu_a=-0.6608,19.6127,8.7712 mpu_g=-6.6412,47.6641,-6.7786 icm_a=0.5794,-0.8954,9.7396 icm_g=-43.5366,-13.5366,-7.9878 age_icm_ms=0.38 mpu_sat=2 errors=13/0/0/0 m4_ms=336480
seq=16824 t=5905.267873 mpu_a=-0.3795,19.6127,7.7824 mpu_g=-9.7557,46.0611,-9.8473 icm_a=0.5507,-1.1588,9.8402 icm_g=-37.4390,-8.5976,-4.0244 age_icm_ms=0.37 mpu_sat=2 errors=13/0/0/0 m4_ms=336500
seq=16825 t=5905.287875 mpu_a=-0.1018,19.6127,8.2121 mpu_g=-5.7481,39.7557,-7.2901 icm_a=0.6512,-1.2929,9.7636 icm_g=-36.7683,-6.5854,3.1707 age_icm_ms=0.41 mpu_sat=2 errors=13/0/0/0 m4_ms=336520
seq=16826 t=5905.307876 mpu_a=-0.5471,19.6127,9.2895 mpu_g=-1.6260,37.5115,-0.2901 icm_a=0.6895,-1.4317,9.6438 icm_g=-36.7683,-11.7683,4.5732 age_icm_ms=0.40 mpu_sat=2 errors=13/0/0/0 m4_ms=336540
seq=16827 t=5905.327877 mpu_a=-1.4856,19.6127,8.7652 mpu_g=-5.1450,39.1298,3.3359 icm_a=0.7422,-1.5514,9.6534 icm_g=-26.5244,-16.2195,0.0000 age_icm_ms=0.40 mpu_sat=2 errors=13/0/0/0 m4_ms=336560
seq=16828 t=5905.347879 mpu_a=-1.9321,19.6127,7.6315 mpu_g=-10.9466,32.8397,0.6641 icm_a=0.7230,-1.5419,9.7396 icm_g=-11.4024,-14.3293,-4.8171 age_icm_ms=0.39 mpu_sat=2 errors=13/0/0/0 m4_ms=336580
seq=16829 t=5905.367878 mpu_a=-1.5263,19.6127,7.4867 mpu_g=-11.4351,18.0992,-4.1756 icm_a=0.7949,-1.5514,9.6582 icm_g=-3.5976,-10.0610,-5.9756 age_icm_ms=0.40 mpu_sat=2 errors=13/0/0/0 m4_ms=336600
seq=16830 t=5905.387877 mpu_a=-1.1516,19.6127,8.2097 mpu_g=-7.0840,6.5573,-6.2137 icm_a=0.9337,-1.5371,9.6295 icm_g=-2.3780,-7.8659,-6.2195 age_icm_ms=0.41 mpu_sat=2 errors=13/0/0/0 m4_ms=336620
seq=16831 t=5905.407876 mpu_a=-1.3108,19.6127,8.4216 mpu_g=-4.0382,3.9084,-6.1145 icm_a=1.0056,-1.4557,9.6438 icm_g=-0.7317,-6.4634,-8.4146 age_icm_ms=0.40 mpu_sat=2 errors=13/0/0/0 m4_ms=336640
seq=16832 t=5905.427876 mpu_a=-1.3803,19.6127,8.2396 mpu_g=-2.7405,3.1679,-7.4198 icm_a=0.9912,-1.3264,9.7588 icm_g=3.1707,-4.3902,-9.8171 age_icm_ms=0.43 mpu_sat=2 errors=13/0/0/0 m4_ms=336660
seq=16833 t=5905.447875 mpu_a=-0.9110,19.6127,8.2552 mpu_g=-1.1374,0.0687,-9.5725 icm_a=0.9912,-1.2402,9.8114 icm_g=6.2195,-2.5610,-7.6829 age_icm_ms=0.36 mpu_sat=2 errors=13/0/0/0 m4_ms=336680
seq=16834 t=5905.467875 mpu_a=-0.5471,19.6127,8.5521 mpu_g=1.1145,-3.7939,-8.9389 icm_a=1.0056,-1.1875,9.7348 icm_g=6.9512,-2.2561,-4.7561 age_icm_ms=0.36 mpu_sat=2 errors=13/0/0/0 m4_ms=336700
seq=16835 t=5905.487875 mpu_a=-0.5950,19.6127,8.7376 mpu_g=2.1679,-5.4809,-5.8779 icm_a=1.0343,-1.1923,9.7300 icm_g=7.7439,-2.8049,-3.7195 age_icm_ms=0.37 mpu_sat=2 errors=13/0/0/0 m4_ms=336720
seq=16836 t=5905.507874 mpu_a=-0.8487,19.6127,8.6598 mpu_g=1.9237,-5.4427,-3.7863 icm_a=1.0104,-1.1779,9.6438 icm_g=9.0244,-4.2683,-3.9024 age_icm_ms=0.37 mpu_sat=2 errors=13/0/0/0 m4_ms=336740
seq=16837 t=5905.527873 mpu_a=-0.8595,19.6127,8.7676 mpu_g=1.0611,-6.7786,-3.4809 icm_a=1.0439,-1.1588,9.6151 icm_g=9.1463,-6.1585,-3.6585 age_icm_ms=0.37 mpu_sat=2 errors=13/0/0/0 m4_ms=336760
seq=16838 t=5905.547873 mpu_a=-0.7685,19.6127,8.7628 mpu_g=-0.7786,-7.6870,-3.5191 icm_a=1.0774,-1.1157,9.5768 icm_g=7.4390,-5.4268,-3.3537 age_icm_ms=0.36 mpu_sat=2 errors=13/0/0/0 m4_ms=336780
seq=16839 t=5905.567873 mpu_a=-0.7003,19.6127,8.4551 mpu_g=-1.8779,-6.9924,-3.2137 icm_a=1.0726,-1.1636,9.5768 icm_g=6.0976,-2.1951,-3.0488 age_icm_ms=0.37 mpu_sat=2 errors=13/0/0/0 m4_ms=336800
seq=16840 t=5905.587872 mpu_a=-0.7302,19.6127,8.1295 mpu_g=-0.1679,-4.9466,-3.1450 icm_a=1.0965,-1.2019,9.4763 icm_g=5.9756,1.8902,-2.6829 age_icm_ms=0.37 mpu_sat=2 errors=13/0/0/0 m4_ms=336820
seq=16841 t=5905.607871 mpu_a=-0.7901,19.6127,8.1008 mpu_g=3.7481,-4.1908,-2.7557 icm_a=1.0678,-1.3072,9.3805 icm_g=7.5610,5.5488,-2.8049 age_icm_ms=0.36 mpu_sat=2 errors=13/0/0/0 m4_ms=336840
seq=16842 t=5905.627871 mpu_a=-0.9553,19.6127,7.7824 mpu_g=7.5191,-4.4427,-2.6183 icm_a=0.9816,-1.2785,9.3134 icm_g=15.0000,10.9756,-3.4756 age_icm_ms=0.37 mpu_sat=2 errors=13/0/0/0 m4_ms=336860
seq=16843 t=5905.647871 mpu_a=-1.1384,19.6127,7.0844 mpu_g=11.1069,-7.5420,-2.7710 icm_a=0.9242,-1.1732,9.2225 icm_g=31.0366,19.8171,-4.3902 age_icm_ms=0.40 mpu_sat=2 errors=13/0/0/0 m4_ms=336880
seq=16844 t=5905.667872 mpu_a=-1.1205,19.6127,6.0657 mpu_g=17.4733,-17.0229,-3.3359 icm_a=0.8236,-1.0965,9.2656 icm_g=55.0610,30.3049,-3.2317 age_icm_ms=0.39 mpu_sat=2 errors=13/0/0/0 m4_ms=336900
seq=16845 t=5905.687874 mpu_a=-0.7829,19.6127,5.6479 mpu_g=26.9237,-35.3893,-3.1679 icm_a=0.7470,-0.8906,9.0453 icm_g=74.5732,37.3780,-0.0610 age_icm_ms=0.40 mpu_sat=2 errors=13/0/0/0 m4_ms=336920
seq=16846 t=5905.707874 mpu_a=-0.2478,19.6127,6.5745 mpu_g=37.0153,-59.1450,-0.4885 icm_a=0.6560,-0.5698,8.9735 icm_g=84.0854,39.8171,2.6220 age_icm_ms=0.38 mpu_sat=2 errors=13/0/0/0 m4_ms=336940
seq=16847 t=5905.727874 mpu_a=0.0754,19.6127,7.2676 mpu_g=42.7176,-75.4504,3.3664 icm_a=0.5171,-0.2059,9.0549 icm_g=88.2317,43.2927,3.9634 age_icm_ms=0.40 mpu_sat=2 errors=13/0/0/0 m4_ms=336960
seq=16848 t=5905.747875 mpu_a=0.3747,19.6127,7.3777 mpu_g=44.7176,-83.0153,5.9771 icm_a=0.2873,0.0096,9.4379 icm_g=86.0976,48.1707,4.6341 age_icm_ms=0.37 mpu_sat=2 errors=13/0/0/0 m4_ms=336980
seq=16849 t=5905.767877 mpu_a=0.7626,19.6127,7.7440 mpu_g=48.5649,-85.6260,7.0992 icm_a=0.2490,0.3065,9.7396 icm_g=75.4268,47.8659,4.6951 age_icm_ms=0.41 mpu_sat=2 errors=13/0/0/0 m4_ms=337000
seq=16850 t=5905.787878 mpu_a=0.9960,19.6127,9.5589 mpu_g=53.2443,-82.4504,7.5038 icm_a=0.1484,0.7183,9.9790 icm_g=51.0366,38.3537,2.0122 age_icm_ms=0.40 mpu_sat=2 errors=13/0/0/0 m4_ms=337020
seq=16851 t=5905.807880 mpu_a=1.1420,19.6127,11.4371 mpu_g=51.6183,-70.1527,6.7786 icm_a=0.0335,1.0151,10.0365 icm_g=21.8293,25.7317,-3.3537 age_icm_ms=0.41 mpu_sat=2 errors=13/0/0/0 m4_ms=337040
seq=16852 t=5905.827879 mpu_a=1.1420,19.6127,11.9100 mpu_g=41.2137,-45.1908,2.8244 icm_a=-0.1963,1.0678,10.3430 icm_g=3.1098,18.4756,-8.2927 age_icm_ms=0.41 mpu_sat=2 errors=13/0/0/0 m4_ms=337060
seq=16853 t=5905.847878 mpu_a=1.2115,19.6127,10.6003 mpu_g=28.6412,-17.2748,-3.5878 icm_a=-0.3208,1.0630,10.5393 icm_g=-2.4390,16.4024,-8.8415 age_icm_ms=0.40 mpu_sat=2 errors=13/0/0/0 m4_ms=337080
seq=16854 t=5905.867878 mpu_a=1.4736,19.6127,9.6654 mpu_g=22.0229,-0.4046,-8.8397 icm_a=-0.4022,1.0391,10.5058 icm_g=-4.8171,11.6463,-6.4634 age_icm_ms=0.41 mpu_sat=2 errors=13/0/0/0 m4_ms=337100
seq=16855 t=5905.887877 mpu_a=1.7226,19.6127,10.0233 mpu_g=20.4122,4.2366,-9.3206 icm_a=-0.3496,0.9146,10.4866 icm_g=-5.3659,4.5122,-2.3171 age_icm_ms=0.42 mpu_sat=2 errors=13/0/0/0 m4_ms=337120
seq=16856 t=5905.907878 mpu_a=1.7837,19.6127,10.0987 mpu_g=15.8397,6.3282,-6.8855 icm_a=-0.3591,0.7997,10.3908 icm_g=-4.5122,-3.4146,1.1585 age_icm_ms=0.45 mpu_sat=2 errors=13/0/0/0 m4_ms=337140
seq=16857 t=5905.927878 mpu_a=1.5143,19.6127,10.0497 mpu_g=8.7252,7.0229,-2.6870 icm_a=-0.2873,0.7374,10.3238 icm_g=-5.0000,-8.9024,3.2317 age_icm_ms=0.36 mpu_sat=2 errors=13/0/0/0 m4_ms=337160
seq=16858 t=5905.947878 mpu_a=1.3755,19.6127,9.7540 mpu_g=1.0458,6.3359,0.8168 icm_a=-0.2682,0.6943,10.1035 icm_g=-9.3902,-11.6463,2.8659 age_icm_ms=0.40 mpu_sat=2 errors=13/0/0/0 m4_ms=337180
seq=16859 t=5905.967878 mpu_a=1.0714,19.6127,9.6367 mpu_g=-4.3664,6.7252,2.9084 icm_a=-0.3112,0.5842,10.0413 icm_g=-14.5732,-11.0366,1.4024 age_icm_ms=0.39 mpu_sat=2 errors=13/0/0/0 m4_ms=337200
seq=16860 t=5905.987877 mpu_a=0.9469,19.6127,9.2165 mpu_g=-7.0687,10.7939,2.5344 icm_a=-0.3448,0.5028,9.9886 icm_g=-16.7683,-7.8049,-0.4268 age_icm_ms=0.36 mpu_sat=2 errors=13/0/0/0 m4_ms=337220
seq=16861 t=5906.007877 mpu_a=0.7877,19.6127,8.6610 mpu_g=-6.8931,15.9695,0.8702 icm_a=-0.3352,0.4166,9.8976 icm_g=-17.2561,-5.9756,-1.5854 age_icm_ms=0.39 mpu_sat=2 errors=13/0/0/0 m4_ms=337240
seq=16862 t=5906.027878 mpu_a=0.7590,19.6127,8.6419 mpu_g=-3.7710,18.3282,-1.0305 icm_a=-0.2298,0.3112,9.8545 icm_g=-17.0732,-7.1951,-2.7439 age_icm_ms=0.40 mpu_sat=2 errors=13/0/0/0 m4_ms=337260
seq=16863 t=5906.047876 mpu_a=0.4860,19.6127,9.1028 mpu_g=-2.2137,18.5725,-3.3130 icm_a=-0.1484,0.2251,9.7205 icm_g=-18.0488,-10.7927,-4.6951 age_icm_ms=0.37 mpu_sat=2 errors=13/0/0/0 m4_ms=337280
seq=16864 t=5906.067878 mpu_a=0.4154,19.6127,9.0082 mpu_g=-5.4275,19.1908,-4.9847 icm_a=-0.0670,0.1772,9.6869 icm_g=-17.9878,-14.0854,-6.6463 age_icm_ms=0.41 mpu_sat=2 errors=13/0/0/0 m4_ms=337300
seq=16865 t=5906.087879 mpu_a=0.3567,19.6127,8.6455 mpu_g=-9.1298,19.5038,-6.9771 icm_a=-0.0335,0.1915,9.7252 icm_g=-16.0366,-15.7317,-8.3537 age_icm_ms=0.39 mpu_sat=2 errors=13/0/0/0 m4_ms=337320
seq=16866 t=5906.107880 mpu_a=0.5447,19.6127,8.6359 mpu_g=-11.0305,17.9924,-8.7328 icm_a=0.1006,0.2011,9.6295 icm_g=-16.2805,-17.3780,-8.6585 age_icm_ms=0.41 mpu_sat=2 errors=13/0/0/0 m4_ms=337340
seq=16867 t=5906.127881 mpu_a=0.6776,19.6127,8.8717 mpu_g=-12.2977,16.9084,-9.3435 icm_a=0.1628,0.1580,9.7109 icm_g=-17.9878,-19.0854,-7.6220 age_icm_ms=0.39 mpu_sat=2 errors=13/0/0/0 m4_ms=337360
seq=16868 t=5906.147882 mpu_a=0.8116,19.6127,8.7376 mpu_g=-14.2137,18.7863,-8.9008 icm_a=0.2634,0.0910,9.7540 icm_g=-21.1585,-20.1829,-5.4268 age_icm_ms=0.39 mpu_sat=2 errors=13/0/0/0 m4_ms=337380
seq=16869 t=5906.167883 mpu_a=0.6668,19.6127,9.2141 mpu_g=-15.2748,21.0992,-6.9237 icm_a=0.3496,0.0958,9.7252 icm_g=-29.5732,-23.1098,-4.8780 age_icm_ms=0.39 mpu_sat=2 errors=13/0/0/0 m4_ms=337400
seq=16870 t=5906.187882 mpu_a=0.5435,19.6127,9.6798 mpu_g=-17.2748,27.1527,-5.7634 icm_a=0.4453,-0.0287,9.7923 icm_g=-38.8415,-26.4024,-6.8902 age_icm_ms=0.37 mpu_sat=2 errors=13/0/0/0 m4_ms=337420
seq=16871 t=5906.207882 mpu_a=0.1712,19.6127,9.0968 mpu_g=-21.0229,37.3053,-7.2214 icm_a=0.5124,-0.2490,9.9407 icm_g=-38.1098,-26.7073,-9.3902 age_icm_ms=0.38 mpu_sat=2 errors=13/0/0/0 m4_ms=337440
seq=16872 t=5906.227882 mpu_a=-0.0718,19.6127,8.2923 mpu_g=-22.7099,41.1450,-10.0229 icm_a=0.6273,-0.4166,9.9934 icm_g=-31.5244,-26.1585,-9.3902 age_icm_ms=0.38 mpu_sat=2 errors=13/0/0/0 m4_ms=337460
seq=16873 t=5906.247882 mpu_a=0.1305,19.6127,8.7556 mpu_g=-21.7557,35.3282,-11.1756 icm_a=0.6656,-0.4980,9.9024 icm_g=-31.2805,-29.1463,-5.9146 age_icm_ms=0.39 mpu_sat=2 errors=13/0/0/0 m4_ms=337480
seq=16874 t=5906.267883 mpu_a=0.4381,19.6127,9.5864 mpu_g=-22.7405,31.2519,-9.0229 icm_a=0.6752,-0.6321,9.8976 icm_g=-36.0976,-32.5000,-1.5854 age_icm_ms=0.41 mpu_sat=2 errors=13/0/0/0 m4_ms=337500
seq=16875 t=5906.287885 mpu_a=0.1341,19.6127,9.0716 mpu_g=-26.8397,35.0992,-4.6260 icm_a=0.7853,-0.8092,9.9599 icm_g=-35.4268,-31.5854,-0.3049 age_icm_ms=0.41 mpu_sat=2 errors=13/0/0/0 m4_ms=337520
seq=16876 t=5906.307885 mpu_a=-0.5076,19.6127,8.4072 mpu_g=-28.0458,38.1145,-1.7710 icm_a=0.9290,-0.9242,9.6726 icm_g=-31.5854,-30.4268,-2.8049 age_icm_ms=0.40 mpu_sat=2 errors=13/0/0/0 m4_ms=337540
seq=16877 t=5906.327887 mpu_a=-0.9014,19.6127,8.4276 mpu_g=-26.0992,35.0000,-2.4046 icm_a=0.9673,-1.0295,9.6103 icm_g=-26.5854,-31.0366,-5.4268 age_icm_ms=0.40 mpu_sat=2 errors=13/0/0/0 m4_ms=337560
seq=16878 t=5906.347886 mpu_a=-0.7566,19.6127,8.1247 mpu_g=-26.2061,30.6412,-5.4275 icm_a=1.0439,-1.1396,9.8162 icm_g=-22.7439,-28.9634,-3.6585 age_icm_ms=0.39 mpu_sat=2 errors=13/0/0/0 m4_ms=337580
seq=16879 t=5906.367884 mpu_a=-0.2622,19.6127,8.4432 mpu_g=-25.9008,25.5267,-6.2443 icm_a=1.1588,-1.1636,9.6822 icm_g=-27.9268,-28.1707,1.2195 age_icm_ms=0.40 mpu_sat=2 errors=13/0/0/0 m4_ms=337600
seq=16880 t=5906.387883 mpu_a=-0.2239,19.6127,9.4152 mpu_g=-23.3817,24.8931,-2.4122 icm_a=1.2402,-1.2163,9.4715 icm_g=-36.3415,-29.4512,1.0976 age_icm_ms=0.40 mpu_sat=2 errors=13/0/0/0 m4_ms=337620
seq=16881 t=5906.407883 mpu_a=-1.0870,19.6127,8.7233 mpu_g=-24.1832,33.4122,0.9847 icm_a=1.4317,-1.3838,9.5720 icm_g=-32.0122,-26.3415,-5.1829 age_icm_ms=0.43 mpu_sat=2 errors=13/0/0/0 m4_ms=337640
seq=16882 t=5906.427882 mpu_a=-1.7813,19.6127,7.3155 mpu_g=-24.6260,38.0000,-2.1298 icm_a=1.5275,-1.4222,9.5960 icm_g=-22.7439,-20.4268,-9.6341 age_icm_ms=0.38 mpu_sat=2 errors=13/0/0/0 m4_ms=337660
seq=16883 t=5906.447881 mpu_a=-1.3192,19.6127,7.6866 mpu_g=-19.7023,29.4198,-8.4962 icm_a=1.5706,-1.3695,9.6486 icm_g=-22.7439,-19.5122,-8.8415 age_icm_ms=0.35 mpu_sat=2 errors=13/0/0/0 m4_ms=337680
seq=16884 t=5906.467880 mpu_a=-0.7266,19.6127,9.0369 mpu_g=-14.6794,22.6107,-10.7634 icm_a=1.7047,-1.3886,9.6151 icm_g=-27.1951,-25.1220,-7.8049 age_icm_ms=0.35 mpu_sat=2 errors=13/0/0/0 m4_ms=337700
seq=16885 t=5906.487879 mpu_a=-0.8739,19.6127,9.6438 mpu_g=-15.9695,25.0382,-9.2595 icm_a=1.8004,-1.4509,9.5098 icm_g=-27.7439,-31.1585,-9.5732 age_icm_ms=0.37 mpu_sat=2 errors=13/0/0/0 m4_ms=337720
seq=16886 t=5906.507878 mpu_a=-1.2881,19.6127,8.8047 mpu_g=-22.8626,29.1985,-9.0458 icm_a=1.9106,-1.6185,9.6391 icm_g=-21.7073,-30.4268,-10.1829 age_icm_ms=0.35 mpu_sat=2 errors=13/0/0/0 m4_ms=337740
seq=16887 t=5906.527877 mpu_a=-1.1863,19.6127,7.7057 mpu_g=-27.5191,27.9008,-10.9160 icm_a=2.0159,-1.6999,9.6726 icm_g=-16.6463,-26.0366,-6.7073 age_icm_ms=0.36 mpu_sat=2 errors=13/0/0/0 m4_ms=337760
seq=16888 t=5906.547876 mpu_a=-0.9182,19.6127,8.0972 mpu_g=-25.0305,20.9542,-10.2824 icm_a=2.0446,-1.7095,9.4810 icm_g=-21.5244,-26.4634,-4.4512 age_icm_ms=0.37 mpu_sat=2 errors=13/0/0/0 m4_ms=337780
seq=16889 t=5906.567875 mpu_a=-1.0989,19.6127,9.2296 mpu_g=-20.9084,18.1145,-6.3969 icm_a=2.1261,-1.8435,9.3087 icm_g=-26.4024,-28.1098,-7.0122 age_icm_ms=0.36 mpu_sat=2 errors=13/0/0/0 m4_ms=337800
seq=16890 t=5906.587874 mpu_a=-1.6915,19.6127,8.6526 mpu_g=-22.3740,24.1832,-5.3206 icm_a=2.1787,-2.0111,9.2129 icm_g=-22.5000,-24.5122,-11.1585 age_icm_ms=0.36 mpu_sat=2 errors=13/0/0/0 m4_ms=337820
seq=16891 t=5906.607873 mpu_a=-2.0027,19.6127,7.3442 mpu_g=-23.6718,27.6565,-8.6870 icm_a=2.2075,-2.1021,9.2320 icm_g=-14.5122,-16.7073,-10.9756 age_icm_ms=0.36 mpu_sat=2 errors=13/0/0/0 m4_ms=337840
seq=16892 t=5906.627872 mpu_a=-1.6556,19.6127,6.9216 mpu_g=-19.1298,22.5191,-12.2443 icm_a=2.2697,-2.0877,9.0022 icm_g=-10.4268,-11.3415,-7.5610 age_icm_ms=0.36 mpu_sat=2 errors=13/0/0/0 m4_ms=337860
seq=16893 t=5906.647872 mpu_a=-1.3862,19.6127,7.5441 mpu_g=-11.2366,14.7557,-11.2214 icm_a=2.4086,-2.0925,8.9304 icm_g=-6.5244,-8.0488,-5.7927 age_icm_ms=0.37 mpu_sat=2 errors=13/0/0/0 m4_ms=337880
seq=16894 t=5906.667874 mpu_a=-1.6484,19.6127,7.4328 mpu_g=-6.4275,11.3130,-7.6565 icm_a=2.5331,-2.0494,8.7245 icm_g=1.4634,-4.6341,-8.2317 age_icm_ms=0.40 mpu_sat=2 errors=13/0/0/0 m4_ms=337900
seq=16895 t=5906.687874 mpu_a=-2.0674,19.6127,7.0677 mpu_g=-3.3969,7.4885,-6.1527 icm_a=2.6145,-2.0351,8.6862 icm_g=13.2317,2.3780,-8.9634 age_icm_ms=0.38 mpu_sat=2 errors=13/0/0/0 m4_ms=337920
seq=16896 t=5906.707875 mpu_a=-1.9118,19.6127,6.3003 mpu_g=-0.2519,-0.2901,-8.1832 icm_a=2.6815,-1.9537,8.5808 icm_g=26.0976,12.0122,-5.4268 age_icm_ms=0.39 mpu_sat=2 errors=13/0/0/0 m4_ms=337940
seq=16897 t=5906.727876 mpu_a=-1.4018,19.6127,5.8897 mpu_g=6.5038,-11.7176,-8.5878 icm_a=2.5618,-1.8196,9.1459 icm_g=38.7195,19.2683,1.7073 age_icm_ms=0.38 mpu_sat=2 errors=13/0/0/0 m4_ms=337960
seq=16898 t=5906.747876 mpu_a=-1.0319,19.6127,6.1483 mpu_g=16.0382,-24.2366,-4.7252 icm_a=2.4134,-1.5227,8.9447 icm_g=30.9756,12.9878,7.7439 age_icm_ms=0.39 mpu_sat=2 errors=13/0/0/0 m4_ms=337980
seq=16899 t=5906.767877 mpu_a=-0.5794,19.6127,9.3015 mpu_g=24.0305,-36.1756,2.4885 icm_a=2.3176,-1.4365,9.3087 icm_g=13.1707,5.7927,7.7439 age_icm_ms=0.40 mpu_sat=2 errors=13/0/0/0 m4_ms=338000
seq=16900 t=5906.787877 mpu_a=-0.7985,19.6127,10.1454 mpu_g=18.7863,-30.4427,8.5038 icm_a=2.3032,-1.5179,9.6391 icm_g=7.0122,11.7073,3.6585 age_icm_ms=0.38 mpu_sat=2 errors=13/0/0/0 m4_ms=338020
seq=16901 t=5906.807878 mpu_a=-1.4401,19.6127,8.3258 mpu_g=10.0687,-12.3359,8.3817 icm_a=2.2505,-1.6999,9.5672 icm_g=12.6220,23.3537,1.5854 age_icm_ms=0.41 mpu_sat=2 errors=13/0/0/0 m4_ms=338040
seq=16902 t=5906.827879 mpu_a=-1.4916,19.6127,7.0928 mpu_g=14.4427,-4.7176,4.1069 icm_a=2.1452,-1.7286,10.1179 icm_g=25.5488,28.5976,4.7561 age_icm_ms=0.41 mpu_sat=2 errors=13/0/0/0 m4_ms=338060
seq=16903 t=5906.847881 mpu_a=-1.3408,19.6127,7.0126 mpu_g=26.0229,-9.2824,1.5954 icm_a=2.0399,-1.5562,9.5529 icm_g=15.3659,14.8780,7.2561 age_icm_ms=0.40 mpu_sat=2 errors=13/0/0/0 m4_ms=338080
seq=16904 t=5906.867882 mpu_a=-0.8416,19.6127,10.6494 mpu_g=33.6489,-21.8168,4.2901 icm_a=1.9920,-1.5323,9.8066 icm_g=-1.5244,-1.0976,4.8780 age_icm_ms=0.40 mpu_sat=2 errors=13/0/0/0 m4_ms=338100
seq=16905 t=5906.887881 mpu_a=-1.7514,19.6127,9.4619 mpu_g=5.1908,1.2977,5.6031 icm_a=2.0542,-1.5371,10.0509 icm_g=-3.9634,-4.8780,-0.6707 age_icm_ms=0.40 mpu_sat=2 errors=13/0/0/0 m4_ms=338120
seq=16906 t=5906.907880 mpu_a=-1.4593,19.6127,9.1267 mpu_g=-0.7099,6.3664,0.1450 icm_a=2.1117,-1.4988,9.9934 icm_g=-8.1098,-8.0488,-2.0732 age_icm_ms=0.39 mpu_sat=2 errors=13/0/0/0 m4_ms=338140
seq=16907 t=5906.927879 mpu_a=-0.4058,19.6127,10.7224 mpu_g=-2.1527,7.4885,-2.9008 icm_a=2.2170,-1.5802,9.9072 icm_g=-22.6829,-19.2683,3.6585 age_icm_ms=0.40 mpu_sat=2 errors=13/0/0/0 m4_ms=338160
seq=16908 t=5906.947878 mpu_a=-0.4357,19.6127,11.4586 mpu_g=-10.7252,19.4809,0.9618 icm_a=2.2841,-1.6185,9.8833 icm_g=-39.1463,-34.0854,7.1951 age_icm_ms=0.41 mpu_sat=2 errors=13/0/0/0 m4_ms=338180
seq=16909 t=5906.967877 mpu_a=-0.9649,19.6127,10.8206 mpu_g=-25.4733,36.5496,5.4122 icm_a=2.3559,-1.7957,9.5002 icm_g=-52.1951,-45.7317,7.7439 age_icm_ms=0.40 mpu_sat=2 errors=13/0/0/0 m4_ms=338200
seq=16910 t=5906.987877 mpu_a=-1.1768,19.6127,9.6151 mpu_g=-38.0534,50.1756,5.9008 icm_a=2.6432,-2.0255,9.3230 icm_g=-56.6463,-50.0610,6.9512 age_icm_ms=0.41 mpu_sat=2 errors=13/0/0/0 m4_ms=338220
seq=16911 t=5907.007876 mpu_a=-1.9597,19.6127,7.5765 mpu_g=-45.5420,58.4427,5.4962 icm_a=2.8922,-2.1261,9.1219 icm_g=-49.5122,-45.9756,2.6220 age_icm_ms=0.35 mpu_sat=2 errors=13/0/0/0 m4_ms=338240
seq=16912 t=5907.027875 mpu_a=-1.9297,19.6127,7.2209 mpu_g=-43.1985,54.4809,2.3435 icm_a=2.9401,-2.3032,8.7580 icm_g=-45.7927,-42.6829,2.5000 age_icm_ms=0.37 mpu_sat=2 errors=13/0/0/0 m4_ms=338260
seq=16913 t=5907.047874 mpu_a=-1.5227,19.6127,7.6686 mpu_g=-38.8779,47.6183,0.1603 icm_a=2.9497,-2.5953,8.6287 icm_g=-46.7683,-38.5366,7.7439 age_icm_ms=0.36 mpu_sat=2 errors=13/0/0/0 m4_ms=338280
seq=16914 t=5907.067873 mpu_a=-1.2737,19.6127,6.5853 mpu_g=-36.3817,47.9771,3.1298 icm_a=2.9832,-2.8922,8.8490 icm_g=-39.3902,-25.0000,17.4390 age_icm_ms=0.36 mpu_sat=2 errors=13/0/0/0 m4_ms=338300
seq=16915 t=5907.087872 mpu_a=-1.7502,19.6127,5.3319 mpu_g=-27.4122,45.9542,11.3817 icm_a=2.9449,-3.0742,8.7101 icm_g=-29.6341,-7.8659,25.4268 age_icm_ms=0.37 mpu_sat=2 errors=13/0/0/0 m4_ms=338320
seq=16916 t=5907.107872 mpu_a=-2.2793,19.6127,6.3147 mpu_g=-10.2519,35.3664,20.9237 icm_a=2.7677,-3.2034,8.4611 icm_g=-30.3659,3.5976,26.4634 age_icm_ms=0.36 mpu_sat=2 errors=13/0/0/0 m4_ms=338340
seq=16917 t=5907.127871 mpu_a=-3.1819,19.6127,6.6894 mpu_g=3.7710,31.5115,25.5191 icm_a=2.6576,-3.4381,8.3175 icm_g=-30.0000,15.4878,19.4512 age_icm_ms=0.37 mpu_sat=2 errors=13/0/0/0 m4_ms=338360
seq=16918 t=5907.147871 mpu_a=-4.0845,19.6127,5.6407 mpu_g=13.7710,33.3817,22.0305 icm_a=2.5379,-3.6871,8.5808 icm_g=-16.0976,30.9756,8.4756 age_icm_ms=0.38 mpu_sat=2 errors=13/0/0/0 m4_ms=338380
seq=16919 t=5907.167872 mpu_a=-4.6938,19.6127,4.6268 mpu_g=27.2672,27.9542,12.6565 icm_a=2.4469,-3.5961,8.5904 icm_g=6.3415,36.7683,-0.8537 age_icm_ms=0.40 mpu_sat=2 errors=13/0/0/0 m4_ms=338400
seq=16920 t=5907.187871 mpu_a=-4.0941,19.6127,7.1527 mpu_g=40.4885,6.6489,2.7786 icm_a=2.2362,-3.3950,8.5904 icm_g=12.5000,27.3780,-6.7683 age_icm_ms=0.38 mpu_sat=2 errors=13/0/0/0 m4_ms=338420
seq=16921 t=5907.207871 mpu_a=-3.4069,19.6127,8.9184 mpu_g=38.5878,-9.8168,-4.0840 icm_a=2.2889,-3.4141,8.7724 icm_g=9.1463,19.9390,-11.4024 age_icm_ms=0.38 mpu_sat=2 errors=13/0/0/0 m4_ms=338440
seq=16922 t=5907.227871 mpu_a=-3.3567,19.6127,8.0984 mpu_g=26.8168,-10.4580,-8.8473 icm_a=2.4708,-3.3471,9.0022 icm_g=7.6829,27.6220,-14.8780 age_icm_ms=0.39 mpu_sat=2 errors=13/0/0/0 m4_ms=338460
seq=16923 t=5907.247871 mpu_a=-3.3160,19.6127,6.5326 mpu_g=24.7863,-6.7557,-12.9847 icm_a=2.4469,-3.1077,9.1267 icm_g=6.2195,44.2683,-15.0610 age_icm_ms=0.39 mpu_sat=2 errors=13/0/0/0 m4_ms=338480
seq=16924 t=5907.267871 mpu_a=-2.6049,19.6127,6.7816 mpu_g=37.4504,-6.6870,-15.5267 icm_a=2.4660,-3.0215,8.9495 icm_g=-2.7439,55.4268,-11.8902 age_icm_ms=0.39 mpu_sat=2 errors=13/0/0/0 m4_ms=338500
seq=16925 t=5907.287872 mpu_a=-2.1703,19.6127,8.0002 mpu_g=53.5267,-2.6565,-14.6794 icm_a=2.3559,-3.0215,8.9543 icm_g=-8.9024,59.3902,-8.2317 age_icm_ms=0.39 mpu_sat=2 errors=13/0/0/0 m4_ms=338520
seq=16926 t=5907.307874 mpu_a=-2.2517,19.6127,7.8159 mpu_g=61.2061,6.9084,-11.6718 icm_a=2.2458,-3.0358,9.2703 icm_g=-6.6463,62.3171,-2.8659 age_icm_ms=0.41 mpu_sat=2 errors=13/0/0/0 m4_ms=338540
seq=16927 t=5907.327875 mpu_a=-2.1261,19.6127,7.7237 mpu_g=64.2595,10.2290,-8.0382 icm_a=1.9824,-2.8443,9.2703 icm_g=-10.1220,61.4024,2.9268 age_icm_ms=0.41 mpu_sat=2 errors=13/0/0/0 m4_ms=338560
seq=16928 t=5907.347877 mpu_a=-1.9836,19.6127,8.9352 mpu_g=66.6870,8.0305,-2.2595 icm_a=1.7813,-2.8635,9.1315 icm_g=-19.6341,58.1707,3.7195 age_icm_ms=0.42 mpu_sat=2 errors=13/0/0/0 m4_ms=338580
seq=16929 t=5907.367878 mpu_a=-2.3727,19.6127,9.1327 mpu_g=64.7557,13.4122,2.1450 icm_a=1.7430,-3.0598,8.8633 icm_g=-21.2195,57.9878,2.2561 age_icm_ms=0.41 mpu_sat=2 errors=13/0/0/0 m4_ms=338600
seq=16930 t=5907.387879 mpu_a=-2.8407,19.6127,7.7428 mpu_g=61.4885,22.4733,1.7176 icm_a=1.3838,-3.2322,9.1123 icm_g=-5.9756,64.8171,6.4634 age_icm_ms=0.38 mpu_sat=2 errors=13/0/0/0 m4_ms=338620
seq=16931 t=5907.407878 mpu_a=-2.4624,19.6127,5.7090 mpu_g=62.1832,21.7786,0.6641 icm_a=0.9481,-3.2609,9.3182 icm_g=22.4390,70.1220,18.4146 age_icm_ms=0.37 mpu_sat=2 errors=13/0/0/0 m4_ms=338640
seq=16932 t=5907.427878 mpu_a=-2.0016,19.6127,6.2800 mpu_g=70.0763,4.3664,6.6336 icm_a=0.6608,-3.0502,8.8059 icm_g=38.9024,59.6951,24.2683 age_icm_ms=0.37 mpu_sat=2 errors=13/0/0/0 m4_ms=338660
seq=16933 t=5907.447880 mpu_a=-2.3870,19.6127,8.4695 mpu_g=74.3664,-22.9542,19.5496 icm_a=0.4788,-2.8922,8.8394 icm_g=51.5244,46.8293,22.6220 age_icm_ms=0.41 mpu_sat=2 errors=13/0/0/0 m4_ms=338680
seq=16934 t=5907.467881 mpu_a=-2.8240,19.6127,8.2325 mpu_g=62.7099,-37.6412,25.1603 icm_a=0.2107,-2.6240,8.7724 icm_g=68.7195,46.9512,20.9146 age_icm_ms=0.39 mpu_sat=2 errors=13/0/0/0 m4_ms=338700
seq=16935 t=5907.487883 mpu_a=-2.5941,19.6127,6.4488 mpu_g=50.2290,-49.9771,23.8550 icm_a=-0.1101,-2.5091,9.0453 icm_g=88.9634,58.9634,24.9390 age_icm_ms=0.40 mpu_sat=2 errors=13/0/0/0 m4_ms=338720
seq=16936 t=5907.507884 mpu_a=-1.6520,19.6127,5.2265 mpu_g=51.2748,-66.9160,23.0076 icm_a=-0.3735,-2.0686,8.8873 icm_g=105.9146,67.5610,26.6463 age_icm_ms=0.40 mpu_sat=2 errors=13/0/0/0 m4_ms=338740
seq=16937 t=5907.527883 mpu_a=-1.5730,19.6127,6.1339 mpu_g=63.8473,-86.1603,27.6183 icm_a=-0.5986,-1.6759,8.8346 icm_g=107.0122,67.9268,22.4390 age_icm_ms=0.40 mpu_sat=2 errors=13/0/0/0 m4_ms=338760
seq=16938 t=5907.547882 mpu_a=-1.5107,19.6127,7.8171 mpu_g=72.4962,-102.5038,30.0458 icm_a=-0.8236,-1.2641,8.9926 icm_g=99.2073,71.0366,19.2073 age_icm_ms=0.40 mpu_sat=2 errors=13/0/0/0 m4_ms=338780
seq=16939 t=5907.567882 mpu_a=-0.8248,19.6127,7.9248 mpu_g=72.4504,-103.7405,25.8702 icm_a=-1.1444,-1.0630,9.3901 icm_g=86.8902,80.1829,17.6220 age_icm_ms=0.41 mpu_sat=2 errors=13/0/0/0 m4_ms=338800
seq=16940 t=5907.587881 mpu_a=-0.3077,19.6127,7.6938 mpu_g=74.9771,-96.2290,22.2214 icm_a=-1.3695,-1.0151,10.4196 icm_g=77.1951,83.9024,16.8902 age_icm_ms=0.42 mpu_sat=2 errors=13/0/0/0 m4_ms=338820
seq=16941 t=5907.607880 mpu_a=-0.2777,19.6127,8.4168 mpu_g=83.8779,-84.1908,19.9160 icm_a=-1.4988,-0.7039,10.3046 icm_g=56.7073,59.9390,9.5732 age_icm_ms=0.42 mpu_sat=2 errors=13/0/0/0 m4_ms=338840
seq=16942 t=5907.627880 mpu_a=-0.6021,19.6127,12.8569 mpu_g=89.9160,-74.3969,18.8397 icm_a=-1.7573,-0.3974,10.0173 icm_g=32.6829,22.1951,-3.4146 age_icm_ms=0.41 mpu_sat=2 errors=13/0/0/0 m4_ms=338860
seq=16943 t=5907.647879 mpu_a=-0.8966,19.6127,14.3664 mpu_g=68.3282,-56.5954,12.2824 icm_a=-2.0255,-0.1006,10.4339 icm_g=18.5976,-7.0732,-10.3049 age_icm_ms=0.36 mpu_sat=2 errors=13/0/0/0 m4_ms=338880
seq=16944 t=5907.667878 mpu_a=-0.4812,19.6127,13.1190 mpu_g=30.7328,-33.0382,-0.7710 icm_a=-2.1356,-0.0862,10.6925 icm_g=20.0000,-14.2073,-5.4878 age_icm_ms=0.37 mpu_sat=2 errors=13/0/0/0 m4_ms=338900
seq=16945 t=5907.687878 mpu_a=0.6835,19.6127,9.8569 mpu_g=-0.8931,-17.3359,-9.5802 icm_a=-1.9201,-0.1101,10.6829 icm_g=20.3049,-16.8293,5.8537 age_icm_ms=0.37 mpu_sat=2 errors=13/0/0/0 m4_ms=338920
seq=16946 t=5907.707877 mpu_a=0.9900,19.6127,10.5943 mpu_g=-11.2672,-18.8168,4.7099 icm_a=-1.5419,-0.1101,10.3334 icm_g=14.2683,-26.7073,11.0976 age_icm_ms=0.36 mpu_sat=2 errors=13/0/0/0 m4_ms=338940
seq=16947 t=5907.727876 mpu_a=0.0587,19.6127,10.8182 mpu_g=-19.0840,-13.7481,11.6947 icm_a=-1.1923,-0.0527,10.0700 icm_g=10.4268,-40.0610,7.1951 age_icm_ms=0.36 mpu_sat=2 errors=13/0/0/0 m4_ms=338960
seq=16948 t=5907.747876 mpu_a=-0.3675,19.6127,9.5373 mpu_g=-32.5344,-8.1832,9.3588 icm_a=-0.8906,-0.0192,9.6917 icm_g=13.9024,-47.6829,1.5244 age_icm_ms=0.36 mpu_sat=2 errors=13/0/0/0 m4_ms=338980
seq=16949 t=5907.767875 mpu_a=0.1987,19.6127,8.1666 mpu_g=-42.1603,-10.6183,3.5267 icm_a=-0.7805,0.0192,9.3326 icm_g=14.2073,-42.9268,1.4634 age_icm_ms=0.38 mpu_sat=2 errors=13/0/0/0 m4_ms=339000
seq=16950 t=5907.787874 mpu_a=0.9206,19.6127,6.7720 mpu_g=-41.3588,-12.8321,1.6107 icm_a=-0.6847,-0.1676,9.3326 icm_g=12.3171,-27.5000,8.1707 age_icm_ms=0.37 mpu_sat=2 errors=13/0/0/0 m4_ms=339020
seq=16951 t=5907.807874 mpu_a=0.9589,19.6127,6.9097 mpu_g=-27.7099,-10.4885,6.2824 icm_a=-0.4884,-0.2586,9.2368 icm_g=12.6220,-20.6707,15.2439 age_icm_ms=0.36 mpu_sat=2 errors=13/0/0/0 m4_ms=339040
seq=16952 t=5907.827873 mpu_a=0.3172,19.6127,8.7915 mpu_g=-15.3282,-9.7176,14.0000 icm_a=-0.2921,-0.1341,9.2177 icm_g=19.8171,-34.2073,16.5854 age_icm_ms=0.36 mpu_sat=2 errors=13/0/0/0 m4_ms=339060
seq=16953 t=5907.847872 mpu_a=-0.0467,19.6127,9.3146 mpu_g=-22.5115,-13.1908,17.5191 icm_a=-0.2442,0.1149,9.4427 icm_g=34.7561,-52.9268,15.9756 age_icm_ms=0.36 mpu_sat=2 errors=13/0/0/0 m4_ms=339080
seq=16954 t=5907.867871 mpu_a=0.5758,19.6127,8.8478 mpu_g=-41.9618,-26.7939,17.5038 icm_a=-0.2059,0.2107,9.8306 icm_g=35.6707,-58.3537,19.5122 age_icm_ms=0.37 mpu_sat=2 errors=13/0/0/0 m4_ms=339100
seq=16955 t=5907.887871 mpu_a=1.3072,19.6127,9.2081 mpu_g=-53.2595,-35.4504,19.5649 icm_a=-0.0048,0.1532,10.0317 icm_g=18.1098,-57.2561,24.6341 age_icm_ms=0.37 mpu_sat=2 errors=13/0/0/0 m4_ms=339120
seq=16956 t=5907.907872 mpu_a=0.9505,19.6127,10.7919 mpu_g=-51.9008,-23.9237,24.3435 icm_a=0.0575,0.3448,9.8114 icm_g=-1.8902,-67.1341,22.6220 age_icm_ms=0.40 mpu_sat=2 errors=13/0/0/0 m4_ms=339140
seq=16957 t=5907.927871 mpu_a=0.1760,19.6127,11.1055 mpu_g=-55.6641,-2.7634,25.2672 icm_a=0.3496,0.3208,9.6822 icm_g=-7.6220,-84.7561,13.6585 age_icm_ms=0.38 mpu_sat=2 errors=13/0/0/0 m4_ms=339160
seq=16958 t=5907.947871 mpu_a=-0.1760,19.6127,9.9611 mpu_g=-71.5344,9.8473,18.4504 icm_a=0.4453,0.1915,9.9647 icm_g=-9.7561,-88.7805,6.8902 age_icm_ms=0.38 mpu_sat=2 errors=13/0/0/0 m4_ms=339180
seq=16959 t=5907.967873 mpu_a=0.3508,19.6127,7.9990 mpu_g=-85.2595,10.3893,9.6870 icm_a=0.7853,0.1389,10.4100 icm_g=-20.6098,-74.4512,8.5366 age_icm_ms=0.41 mpu_sat=2 errors=13/0/0/0 m4_ms=339200
seq=16960 t=5907.987873 mpu_a=1.3575,19.6127,9.0465 mpu_g=-77.5496,15.4427,6.5878 icm_a=0.9194,0.0814,10.2759 icm_g=-40.6707,-70.7317,15.3049 age_icm_ms=0.40 mpu_sat=2 errors=13/0/0/0 m4_ms=339220
seq=16961 t=5908.007873 mpu_a=1.4569,19.6127,11.0253 mpu_g=-64.2977,32.4656,10.7481 icm_a=1.3264,-0.1149,9.7971 icm_g=-46.4634,-90.4878,17.7439 age_icm_ms=0.38 mpu_sat=2 errors=13/0/0/0 m4_ms=339240
seq=16962 t=5908.027875 mpu_a=0.2658,19.6127,11.1606 mpu_g=-71.5725,48.3435,16.0916 icm_a=1.5131,-0.3543,10.0269 icm_g=-37.1951,-109.4512,15.6707 age_icm_ms=0.41 mpu_sat=2 errors=13/0/0/0 m4_ms=339260
seq=16963 t=5908.047877 mpu_a=-0.0706,19.6127,8.9555 mpu_g=-96.1145,45.6947,15.9313 icm_a=1.8435,-0.3831,10.3765 icm_g=-31.5854,-102.6220,16.4634 age_icm_ms=0.42 mpu_sat=2 errors=13/0/0/0 m4_ms=339280
seq=16964 t=5908.067878 mpu_a=0.2825,19.6127,7.9057 mpu_g=-104.8015,36.0611,15.1527 icm_a=2.2745,-0.3543,9.9742 icm_g=-39.0244,-87.9268,15.1220 age_icm_ms=0.40 mpu_sat=2 errors=13/0/0/0 m4_ms=339300
seq=16965 t=5908.087880 mpu_a=-0.0790,19.6127,8.3749 mpu_g=-92.2901,34.7939,15.9924 icm_a=2.7773,-0.4597,9.5672 icm_g=-44.3293,-81.4024,8.1707 age_icm_ms=0.41 mpu_sat=2 errors=13/0/0/0 m4_ms=339320
seq=16966 t=5908.107879 mpu_a=-0.6823,19.6127,8.3402 mpu_g=-79.3206,43.7634,12.2977 icm_a=3.0502,-0.8284,9.3996 icm_g=-43.2317,-76.8293,6.3415 age_icm_ms=0.41 mpu_sat=2 errors=13/0/0/0 m4_ms=339340
seq=16967 t=5908.127878 mpu_a=-0.0766,19.6127,7.8398 mpu_g=-75.5649,45.6412,5.2824 icm_a=3.3854,-0.9385,9.2991 icm_g=-49.0854,-59.3902,9.6341 age_icm_ms=0.41 mpu_sat=2 errors=13/0/0/0 m4_ms=339360
seq=16968 t=5908.147878 mpu_a=-0.0718,19.6127,6.5314 mpu_g=-68.7328,46.0305,5.8931 icm_a=3.5434,-1.0965,9.3422 icm_g=-47.0732,-37.5000,7.1951 age_icm_ms=0.40 mpu_sat=2 errors=13/0/0/0 m4_ms=339380
seq=16969 t=5908.167877 mpu_a=-1.0307,19.6127,5.9412 mpu_g=-48.8397,51.3969,7.8473 icm_a=3.5578,-1.1157,9.0214 icm_g=-41.0366,-29.7561,0.6098 age_icm_ms=0.41 mpu_sat=2 errors=13/0/0/0 m4_ms=339400
seq=16970 t=5908.187876 mpu_a=-1.4605,19.6127,7.6267 mpu_g=-28.7176,47.4046,4.2061 icm_a=3.6296,-1.2641,8.9016 icm_g=-36.8902,-36.2805,-6.2195 age_icm_ms=0.35 mpu_sat=2 errors=13/0/0/0 m4_ms=339420
seq=16971 t=5908.207875 mpu_a=-1.4138,19.6127,8.6622 mpu_g=-25.4656,41.2061,-2.5191 icm_a=3.7062,-1.4605,8.9639 icm_g=-32.4390,-33.4756,-8.5976 age_icm_ms=0.36 mpu_sat=2 errors=13/0/0/0 m4_ms=339440
seq=16972 t=5908.227875 mpu_a=-1.0666,19.6127,7.1419 mpu_g=-32.5954,37.3206,-8.3130 icm_a=3.8068,-1.6616,8.8633 icm_g=-22.6829,-19.3293,-9.2073 age_icm_ms=0.37 mpu_sat=2 errors=13/0/0/0 m4_ms=339460
seq=16973 t=5908.247874 mpu_a=-1.3934,19.6127,5.7269 mpu_g=-27.6412,32.3359,-9.9313 icm_a=3.6775,-1.5897,8.7484 icm_g=-12.5000,-7.8659,-10.2439 age_icm_ms=0.37 mpu_sat=2 errors=13/0/0/0 m4_ms=339480
seq=16974 t=5908.267874 mpu_a=-1.4964,19.6127,6.2501 mpu_g=-12.7176,22.1908,-10.1221 icm_a=3.6631,-1.4700,8.6000 icm_g=-12.1951,-8.9024,-12.5000 age_icm_ms=0.36 mpu_sat=2 errors=13/0/0/0 m4_ms=339500
seq=16975 t=5908.287874 mpu_a=-1.3563,19.6127,8.1391 mpu_g=-2.5649,12.8702,-10.9847 icm_a=3.6583,-1.4988,8.6670 icm_g=-17.9268,-9.5732,-12.4390 age_icm_ms=0.37 mpu_sat=2 errors=13/0/0/0 m4_ms=339520
seq=16976 t=5908.307873 mpu_a=-0.9433,19.6127,8.0900 mpu_g=-4.6947,13.5115,-13.1221 icm_a=3.7876,-1.5754,8.5281 icm_g=-20.7927,-2.3171,-11.2195 age_icm_ms=0.37 mpu_sat=2 errors=13/0/0/0 m4_ms=339540
