seq=13477 t=5482.899666 mpu_a=4.5047,19.6127,7.4041 mpu_g=-32.4733,-45.5649,-84.8015 icm_a=0.2059,4.3191,8.5617 icm_g=18.2927,-32.7439,-88.1098 age_icm_ms=0.68 mpu_sat=2 errors=13/0/0/0 m4_ms=269560
seq=13478 t=5482.919658 mpu_a=5.8167,19.6127,6.9264 mpu_g=-31.8015,-25.9847,-90.3588 icm_a=1.1157,4.2329,9.4284 icm_g=22.2561,-26.8902,-88.1098 age_icm_ms=0.27 mpu_sat=2 errors=13/0/0/0 m4_ms=269580
seq=13479 t=5482.939649 mpu_a=3.5159,19.6127,7.1192 mpu_g=-25.1527,-18.9313,-84.0534 icm_a=0.9433,4.3718,8.8969 icm_g=32.4390,-28.9634,-97.3171 age_icm_ms=0.21 mpu_sat=2 errors=13/0/0/0 m4_ms=269600
seq=13480 t=5482.959640 mpu_a=4.5514,19.6127,8.4695 mpu_g=-22.5649,-31.0687,-91.1985 icm_a=-0.2442,4.4580,8.2408 icm_g=24.3902,-33.9634,-87.6829 age_icm_ms=0.21 mpu_sat=2 errors=13/0/0/0 m4_ms=269620
seq=13481 t=5482.979631 mpu_a=7.5046,19.6127,7.6734 mpu_g=-28.9695,-33.1221,-93.6947 icm_a=-1.1301,4.7501,8.2265 icm_g=0.7927,-33.8415,-58.2927 age_icm_ms=0.20 mpu_sat=2 errors=13/0/0/0 m4_ms=269640
seq=13482 t=5482.999622 mpu_a=8.4479,19.6127,9.0860 mpu_g=-29.3740,-15.4733,-72.7557 icm_a=0.0622,4.9991,8.6718 icm_g=-26.9512,-40.7317,-36.9512 age_icm_ms=0.24 mpu_sat=2 errors=13/0/0/0 m4_ms=269660
seq=13483 t=5483.019613 mpu_a=6.7696,19.6127,9.6630 mpu_g=-31.8321,13.2824,-45.4885 icm_a=1.3982,5.0757,9.5050 icm_g=-35.1220,-52.7439,-34.5122 age_icm_ms=0.22 mpu_sat=2 errors=13/0/0/0 m4_ms=269680
seq=13484 t=5483.039607 mpu_a=4.7776,19.6127,9.5385 mpu_g=-41.3435,34.3740,-33.9084 icm_a=1.6137,5.4253,9.6007 icm_g=-22.1341,-69.0854,-44.7561 age_icm_ms=0.25 mpu_sat=2 errors=13/0/0/0 m4_ms=269700
seq=13485 t=5483.059601 mpu_a=4.6005,19.6127,8.7640 mpu_g=-55.0534,32.2901,-39.0458 icm_a=0.4645,5.5881,9.7396 icm_g=5.9756,-86.4634,-42.2561 age_icm_ms=0.28 mpu_sat=2 errors=13/0/0/0 m4_ms=269720
seq=13486 t=5483.079595 mpu_a=6.7062,19.6127,8.5078 mpu_g=-72.0840,10.6794,-45.5420 icm_a=0.5507,5.4109,8.8490 icm_g=19.0244,-100.0000,-33.9634 age_icm_ms=0.27 mpu_sat=2 errors=13/0/0/0 m4_ms=269740
seq=13487 t=5483.099588 mpu_a=6.3506,19.6127,8.6155 mpu_g=-87.6412,-14.0153,-36.9924 icm_a=1.0630,4.9799,8.4372 icm_g=15.6707,-106.5854,-31.5854 age_icm_ms=0.28 mpu_sat=2 errors=13/0/0/0 m4_ms=269760
seq=13488 t=5483.119580 mpu_a=5.4372,19.6127,7.7764 mpu_g=-98.8779,-18.6183,-30.2672 icm_a=1.5802,5.0661,8.0828 icm_g=13.1707,-106.0976,-29.5732 age_icm_ms=0.29 mpu_sat=2 errors=13/0/0/0 m4_ms=269780
seq=13489 t=5483.139573 mpu_a=5.4887,19.6127,6.7516 mpu_g=-102.4962,-13.8092,-29.1908 icm_a=1.0582,5.2768,7.9583 icm_g=16.7073,-103.1098,-16.7683 age_icm_ms=0.29 mpu_sat=2 errors=13/0/0/0 m4_ms=269800
seq=13490 t=5483.159567 mpu_a=7.4065,19.6127,5.8526 mpu_g=-100.4122,-12.5649,-25.4504 icm_a=1.0391,5.4109,8.6526 icm_g=26.0976,-98.4756,4.5122 age_icm_ms=0.30 mpu_sat=2 errors=13/0/0/0 m4_ms=269820
seq=13491 t=5483.179561 mpu_a=7.5717,19.6127,6.2297 mpu_g=-96.7252,-17.2443,-8.8244 icm_a=2.0686,5.3056,8.7819 icm_g=37.1951,-92.8049,20.8537 age_icm_ms=0.33 mpu_sat=2 errors=13/0/0/0 m4_ms=269840
seq=13492 t=5483.199555 mpu_a=6.7720,19.6127,6.6475 mpu_g=-91.5573,-26.7328,12.2977 icm_a=2.7725,5.0853,8.2552 icm_g=36.7073,-88.7805,23.5366 age_icm_ms=0.27 mpu_sat=2 errors=13/0/0/0 m4_ms=269860
seq=13493 t=5483.219549 mpu_a=5.0769,19.6127,7.2604 mpu_g=-85.7939,-35.2214,25.3740 icm_a=2.5809,5.2194,7.6088 icm_g=31.2805,-89.3293,18.2927 age_icm_ms=0.28 mpu_sat=2 errors=13/0/0/0 m4_ms=269880
seq=13494 t=5483.239545 mpu_a=4.9728,19.6127,7.1371 mpu_g=-83.1221,-32.5115,24.9542 icm_a=2.9880,5.4875,8.3941 icm_g=44.3293,-87.8049,18.1707 age_icm_ms=0.28 mpu_sat=2 errors=13/0/0/0 m4_ms=269900
seq=13495 t=5483.259539 mpu_a=5.4755,19.6127,5.5952 mpu_g=-84.2519,-29.1527,19.7481 icm_a=3.1939,5.7796,8.7245 icm_g=66.3415,-80.1829,24.0854 age_icm_ms=0.28 mpu_sat=2 errors=13/0/0/0 m4_ms=269920
seq=13496 t=5483.279534 mpu_a=6.4739,19.6127,5.6814 mpu_g=-81.4351,-45.0840,21.5344 icm_a=3.1508,5.6312,7.8003 icm_g=89.7561,-72.6829,34.9390 age_icm_ms=0.27 mpu_sat=2 errors=13/0/0/0 m4_ms=269940
seq=13497 t=5483.299530 mpu_a=6.8738,19.6127,5.3259 mpu_g=-73.1908,-67.0916,29.1603 icm_a=3.7158,5.4636,6.4787 icm_g=97.3171,-67.6829,41.7073 age_icm_ms=0.29 mpu_sat=2 errors=13/0/0/0 m4_ms=269960
seq=13498 t=5483.319526 mpu_a=6.2537,19.6127,5.3678 mpu_g=-66.2977,-88.4962,40.7252 icm_a=4.1994,5.2289,5.5785 icm_g=83.5976,-60.4878,39.6951 age_icm_ms=0.32 mpu_sat=2 errors=13/0/0/0 m4_ms=269980
seq=13499 t=5483.339521 mpu_a=5.3858,19.6127,5.1056 mpu_g=-61.4580,-92.6183,46.2824 icm_a=4.4628,5.8227,6.6272 icm_g=74.0854,-47.0122,42.3171 age_icm_ms=0.30 mpu_sat=2 errors=13/0/0/0 m4_ms=270000
seq=13500 t=5483.359517 mpu_a=6.2142,19.6127,4.1276 mpu_g=-54.0840,-77.9084,43.2595 icm_a=4.3096,6.0669,6.6511 icm_g=78.4756,-31.6463,52.5000 age_icm_ms=0.31 mpu_sat=2 errors=13/0/0/0 m4_ms=270020
seq=13501 t=5483.379514 mpu_a=7.5106,19.6127,4.1863 mpu_g=-40.4351,-69.2901,46.0229 icm_a=4.5155,5.4444,4.9177 icm_g=70.6098,-24.0244,57.7439 age_icm_ms=0.31 mpu_sat=2 errors=13/0/0/0 m4_ms=270040
seq=13502 t=5483.399509 mpu_a=6.7421,19.6127,4.9608 mpu_g=-25.3435,-73.6870,56.0840 icm_a=5.0135,5.2768,3.6631 icm_g=47.6220,-19.6341,56.4634 age_icm_ms=0.30 mpu_sat=2 errors=13/0/0/0 m4_ms=270060
seq=13503 t=5483.419508 mpu_a=5.6563,19.6127,4.2353 mpu_g=-18.4427,-65.6794,60.6641 icm_a=5.2577,5.5450,3.5386 icm_g=23.2317,-6.7683,51.2195 age_icm_ms=0.34 mpu_sat=2 errors=13/0/0/0 m4_ms=270080
seq=13504 t=5483.439509 mpu_a=5.4959,19.6127,2.6276 mpu_g=-14.5191,-42.7099,58.0229 icm_a=5.2912,5.7269,4.6112 icm_g=12.0732,19.7561,47.0122 age_icm_ms=0.43 mpu_sat=2 errors=13/0/0/0 m4_ms=270100
seq=13505 t=5483.459508 mpu_a=5.6443,19.6127,0.9517 mpu_g=-2.2290,-18.8931,51.7328 icm_a=5.0135,5.7844,5.2720 icm_g=15.1220,53.3537,45.8537 age_icm_ms=0.37 mpu_sat=2 errors=13/0/0/0 m4_ms=270120
seq=13506 t=5483.479506 mpu_a=5.9304,19.6127,0.4908 mpu_g=23.4885,-7.6336,46.7481 icm_a=4.7453,5.7030,5.2433 icm_g=19.6341,83.7195,47.6220 age_icm_ms=0.36 mpu_sat=2 errors=13/0/0/0 m4_ms=270140
seq=13507 t=5483.499504 mpu_a=6.3614,19.6127,0.9673 mpu_g=56.3435,-10.4275,45.1527 icm_a=5.3678,5.4684,5.3678 icm_g=5.6098,108.7195,47.0122 age_icm_ms=0.34 mpu_sat=2 errors=13/0/0/0 m4_ms=270160
seq=13508 t=5483.519503 mpu_a=6.0035,19.6127,2.5235 mpu_g=86.3511,-15.7252,46.7863 icm_a=5.3822,5.6982,6.3829 icm_g=-15.1829,126.8293,48.4756 age_icm_ms=0.37 mpu_sat=2 errors=13/0/0/0 m4_ms=270180
seq=13509 t=5483.539499 mpu_a=6.2153,19.6127,4.0677 mpu_g=110.9237,-4.0229,45.6565 icm_a=4.6878,5.5067,6.8905 icm_g=-25.5488,132.8659,53.3537 age_icm_ms=0.35 mpu_sat=2 errors=13/0/0/0 m4_ms=270200
seq=13510 t=5483.559497 mpu_a=6.6403,19.6127,5.5354 mpu_g=129.4733,16.9847,45.4962 icm_a=4.9177,4.9991,6.7900 icm_g=-34.5122,127.0732,53.7805 age_icm_ms=0.38 mpu_sat=2 errors=13/0/0/0 m4_ms=270220
seq=13511 t=5483.579493 mpu_a=4.1743,19.6127,7.7057 mpu_g=132.4580,36.3511,51.1603 icm_a=5.5115,4.8315,7.5369 icm_g=-49.2073,116.3415,41.0976 age_icm_ms=0.37 mpu_sat=2 errors=13/0/0/0 m4_ms=270240
seq=13512 t=5483.599491 mpu_a=3.3136,19.6127,7.9164 mpu_g=121.9466,50.2061,40.5573 icm_a=5.0039,4.8459,8.3366 icm_g=-47.1951,104.2683,23.2317 age_icm_ms=0.39 mpu_sat=2 errors=13/0/0/0 m4_ms=270260
seq=13513 t=5483.619488 mpu_a=3.6464,19.6127,7.3574 mpu_g=110.7634,52.8397,23.3130 icm_a=4.6208,4.6112,8.2935 icm_g=-26.5244,88.0488,10.3049 age_icm_ms=0.37 mpu_sat=2 errors=13/0/0/0 m4_ms=270280
seq=13514 t=5483.639486 mpu_a=3.4500,19.6127,8.9759 mpu_g=97.7863,35.1756,10.6489 icm_a=4.5107,4.3335,8.6766 icm_g=-10.5488,65.6707,-3.4756 age_icm_ms=0.40 mpu_sat=2 errors=13/0/0/0 m4_ms=270300
seq=13515 t=5483.659484 mpu_a=3.2358,19.6127,9.0142 mpu_g=75.1756,15.0534,-0.7405 icm_a=4.2425,4.3431,8.5760 icm_g=-9.8171,50.7927,-15.3659 age_icm_ms=0.34 mpu_sat=2 errors=13/0/0/0 m4_ms=270320
seq=13516 t=5483.679483 mpu_a=4.3335,19.6127,8.7329 mpu_g=58.0840,9.3588,-13.5649 icm_a=3.3662,4.5586,8.2600 icm_g=-13.1707,41.6463,-17.3780 age_icm_ms=0.36 mpu_sat=2 errors=13/0/0/0 m4_ms=270340
seq=13517 t=5483.699481 mpu_a=5.2241,19.6127,7.8673 mpu_g=47.9084,13.2290,-18.9695 icm_a=3.0119,4.5059,7.1491 icm_g=-16.1585,32.4390,-14.8171 age_icm_ms=0.34 mpu_sat=2 errors=13/0/0/0 m4_ms=270360
seq=13518 t=5483.719478 mpu_a=5.0625,19.6127,7.7249 mpu_g=40.2290,15.1374,-16.8473 icm_a=3.1939,4.2713,7.1587 icm_g=-24.0244,24.7561,-14.3902 age_icm_ms=0.35 mpu_sat=2 errors=13/0/0/0 m4_ms=270380
seq=13519 t=5483.739477 mpu_a=4.4640,19.6127,6.7696 mpu_g=30.1298,21.6412,-15.3206 icm_a=3.9744,4.2521,8.3653 icm_g=-30.6707,25.7317,-17.3780 age_icm_ms=0.37 mpu_sat=2 errors=13/0/0/0 m4_ms=270400
seq=13520 t=5483.759476 mpu_a=4.2318,19.6127,7.5022 mpu_g=28.0687,29.4351,-17.2672 icm_a=3.7014,4.4676,8.9591 icm_g=-32.9878,28.6585,-18.6585 age_icm_ms=0.35 mpu_sat=2 errors=13/0/0/0 m4_ms=270420
seq=13521 t=5483.779474 mpu_a=4.9464,19.6127,7.7201 mpu_g=31.6947,34.2137,-20.6489 icm_a=2.4134,4.3958,8.3989 icm_g=-28.0488,26.4634,-18.1098 age_icm_ms=0.36 mpu_sat=2 errors=13/0/0/0 m4_ms=270440
seq=13522 t=5483.799473 mpu_a=4.8135,19.6127,6.7121 mpu_g=31.6412,31.0611,-19.8702 icm_a=2.2984,4.6112,7.4077 icm_g=-21.2195,44.6951,-19.0854 age_icm_ms=0.35 mpu_sat=2 errors=13/0/0/0 m4_ms=270460
seq=13523 t=5483.819471 mpu_a=4.7728,19.6127,3.5482 mpu_g=36.8092,25.0687,-19.7710 icm_a=2.6384,4.5442,8.0062 icm_g=-14.0854,66.0366,-19.6951 age_icm_ms=0.35 mpu_sat=2 errors=13/0/0/0 m4_ms=270480
seq=13524 t=5483.839469 mpu_a=4.6531,19.6127,4.4400 mpu_g=58.9847,17.8397,-20.7939 icm_a=3.5147,4.5681,8.5138 icm_g=-13.1098,87.5610,-25.6707 age_icm_ms=0.35 mpu_sat=2 errors=13/0/0/0 m4_ms=270500
seq=13525 t=5483.859468 mpu_a=4.0618,19.6127,6.0992 mpu_g=80.9389,13.7481,-23.0992 icm_a=2.6767,4.5538,8.6479 icm_g=-12.1951,103.2927,-32.5610 age_icm_ms=0.35 mpu_sat=2 errors=13/0/0/0 m4_ms=270520
seq=13526 t=5483.879466 mpu_a=4.2653,19.6127,5.8239 mpu_g=98.6641,13.6794,-30.6031 icm_a=1.7430,4.4388,8.2025 icm_g=-2.1951,120.9756,-42.7439 age_icm_ms=0.34 mpu_sat=2 errors=13/0/0/0 m4_ms=270540
seq=13527 t=5483.899465 mpu_a=3.0909,19.6127,4.4377 mpu_g=113.9771,8.8779,-37.1679 icm_a=1.7621,4.4245,7.8913 icm_g=17.0122,131.6463,-65.0000 age_icm_ms=0.36 mpu_sat=2 errors=13/0/0/0 m4_ms=270560
seq=13528 t=5483.919463 mpu_a=1.9788,19.6127,5.0051 mpu_g=130.1145,-5.3588,-51.3740 icm_a=1.4269,4.9752,8.2504 icm_g=41.0976,129.9390,-87.9268 age_icm_ms=0.34 mpu_sat=2 errors=13/0/0/0 m4_ms=270580
seq=13529 t=5483.939463 mpu_a=3.6117,19.6127,6.4117 mpu_g=135.2824,-27.9695,-74.8244 icm_a=0.5219,4.8985,8.1642 icm_g=56.2195,120.2439,-95.2439 age_icm_ms=0.39 mpu_sat=2 errors=13/0/0/0 m4_ms=270600
seq=13530 t=5483.959464 mpu_a=5.8550,19.6127,7.8290 mpu_g=130.1527,-50.0534,-92.0763 icm_a=-0.8667,4.5059,7.3981 icm_g=52.9878,98.5976,-83.9024 age_icm_ms=0.39 mpu_sat=2 errors=13/0/0/0 m4_ms=270620
seq=13531 t=5483.979464 mpu_a=6.9983,19.6127,9.6534 mpu_g=116.8702,-60.3130,-91.2824 icm_a=-1.6568,4.1994,6.7708 icm_g=26.4634,69.0244,-71.7073 age_icm_ms=0.38 mpu_sat=2 errors=13/0/0/0 m4_ms=270640
seq=13532 t=5483.999465 mpu_a=5.9652,19.6127,10.2879 mpu_g=92.3740,-47.5954,-78.0153 icm_a=-1.9393,4.7309,7.9631 icm_g=-0.3049,44.0854,-57.6829 age_icm_ms=0.40 mpu_sat=2 errors=13/0/0/0 m4_ms=270660
seq=13533 t=5484.019466 mpu_a=6.8163,19.6127,9.7025 mpu_g=63.2366,-18.3359,-67.4962 icm_a=-1.5945,5.2002,9.6534 icm_g=-11.0976,32.6220,-37.4390 age_icm_ms=0.40 mpu_sat=2 errors=13/0/0/0 m4_ms=270680
seq=13534 t=5484.039466 mpu_a=7.4795,19.6127,9.2201 mpu_g=42.7481,5.3282,-52.5954 icm_a=-1.2546,5.2098,10.0700 icm_g=-3.5366,25.6707,-25.7317 age_icm_ms=0.39 mpu_sat=2 errors=13/0/0/0 m4_ms=270700
seq=13535 t=5484.059466 mpu_a=6.2070,19.6127,8.8933 mpu_g=34.3664,11.6183,-33.6718 icm_a=-1.6233,4.7070,9.1267 icm_g=7.4390,14.3902,-29.3902 age_icm_ms=0.37 mpu_sat=2 errors=13/0/0/0 m4_ms=270720
seq=13536 t=5484.079467 mpu_a=4.3874,19.6127,8.9376 mpu_g=27.4504,1.3435,-25.1450 icm_a=-1.9154,4.1946,7.8578 icm_g=3.9024,2.8659,-41.7683 age_icm_ms=0.39 mpu_sat=2 errors=13/0/0/0 m4_ms=270740
seq=13537 t=5484.099467 mpu_a=3.3531,19.6127,8.3103 mpu_g=15.4733,-8.2290,-31.0076 icm_a=-1.9968,4.4676,7.8721 icm_g=-13.2317,2.9268,-48.6585 age_icm_ms=0.40 mpu_sat=2 errors=13/0/0/0 m4_ms=270760
seq=13538 t=5484.119468 mpu_a=4.3275,19.6127,7.2089 mpu_g=5.2824,-1.7405,-43.7939 icm_a=-2.2553,4.9464,8.7436 icm_g=-21.7073,14.1463,-35.9756 age_icm_ms=0.40 mpu_sat=2 errors=13/0/0/0 m4_ms=270780
seq=13539 t=5484.139469 mpu_a=7.0629,19.6127,6.2549 mpu_g=7.6336,15.4504,-48.6412 icm_a=-2.0351,5.2385,9.1602 icm_g=-9.9390,26.5244,-20.0610 age_icm_ms=0.39 mpu_sat=2 errors=13/0/0/0 m4_ms=270800
seq=13540 t=5484.159471 mpu_a=6.9085,19.6127,5.7928 mpu_g=19.8397,21.7863,-34.6031 icm_a=-1.7957,4.8794,8.6191 icm_g=9.8171,33.5366,-20.5488 age_icm_ms=0.41 mpu_sat=2 errors=13/0/0/0 m4_ms=270820
seq=13541 t=5484.179469 mpu_a=4.7728,19.6127,5.9197 mpu_g=31.8473,8.6336,-19.5115 icm_a=-1.6520,4.4532,7.9248 icm_g=15.0000,36.4024,-35.1220 age_icm_ms=0.40 mpu_sat=2 errors=13/0/0/0 m4_ms=270840
seq=13542 t=5484.199468 mpu_a=3.2765,19.6127,6.4751 mpu_g=38.0153,-10.5725,-21.0534 icm_a=-1.5802,4.4676,7.9057 icm_g=3.8415,37.0732,-49.3293 age_icm_ms=0.40 mpu_sat=2 errors=13/0/0/0 m4_ms=270860
seq=13543 t=5484.219468 mpu_a=3.5003,19.6127,7.3059 mpu_g=40.3435,-14.5725,-35.9542 icm_a=-2.1596,4.4819,7.8578 icm_g=-11.5244,32.2561,-50.9146 age_icm_ms=0.41 mpu_sat=2 errors=13/0/0/0 m4_ms=270880
seq=13544 t=5484.239466 mpu_a=5.2134,19.6127,8.1343 mpu_g=40.7176,-3.4504,-49.9313 icm_a=-2.4086,4.5298,7.8817 icm_g=-29.2683,20.1220,-48.1098 age_icm_ms=0.40 mpu_sat=2 errors=13/0/0/0 m4_ms=270900
seq=13545 t=5484.259465 mpu_a=5.4085,19.6127,8.8214 mpu_g=35.7023,11.7328,-51.8092 icm_a=-2.5235,4.5538,8.3366 icm_g=-43.1098,3.9024,-46.4024 age_icm_ms=0.41 mpu_sat=2 errors=13/0/0/0 m4_ms=270920
seq=13546 t=5484.279464 mpu_a=5.2565,19.6127,9.0776 mpu_g=23.6870,29.0458,-49.3435 icm_a=-2.6240,4.2665,8.4994 icm_g=-56.0366,-10.9756,-47.5000 age_icm_ms=0.42 mpu_sat=2 errors=13/0/0/0 m4_ms=270940
seq=13547 t=5484.299462 mpu_a=4.9297,19.6127,9.3972 mpu_g=8.5954,42.0916,-48.1374 icm_a=-3.0263,3.7110,8.3941 icm_g=-73.9024,-24.2683,-51.3415 age_icm_ms=0.35 mpu_sat=2 errors=13/0/0/0 m4_ms=270960
seq=13548 t=5484.319461 mpu_a=4.3371,19.6127,9.5469 mpu_g=-6.0687,54.1527,-49.2824 icm_a=-3.1556,3.4189,8.9974 icm_g=-89.6341,-31.5244,-52.5610 age_icm_ms=0.36 mpu_sat=2 errors=13/0/0/0 m4_ms=270980
seq=13549 t=5484.339461 mpu_a=4.2581,19.6127,9.2009 mpu_g=-19.2519,70.8015,-53.6107 icm_a=-2.7438,3.3519,9.7492 icm_g=-92.4390,-30.7317,-52.5610 age_icm_ms=0.37 mpu_sat=2 errors=13/0/0/0 m4_ms=271000
seq=13550 t=5484.359460 mpu_a=4.2581,19.6127,8.2061 mpu_g=-27.9313,87.2901,-55.9466 icm_a=-2.6336,3.2513,10.0461 icm_g=-83.5976,-30.3659,-55.6098 age_icm_ms=0.38 mpu_sat=2 errors=13/0/0/0 m4_ms=271020
seq=13551 t=5484.379459 mpu_a=3.3986,19.6127,8.2073 mpu_g=-27.2137,92.2137,-55.6412 icm_a=-2.7869,2.9497,9.8737 icm_g=-74.5732,-32.5610,-54.3902 age_icm_ms=0.37 mpu_sat=2 errors=13/0/0/0 m4_ms=271040
seq=13552 t=5484.399458 mpu_a=3.4979,19.6127,8.8394 mpu_g=-27.9160,74.2824,-57.5496 icm_a=-2.6863,2.6719,9.7827 icm_g=-70.0610,-37.5610,-52.8049 age_icm_ms=0.37 mpu_sat=2 errors=13/0/0/0 m4_ms=271060
seq=13553 t=5484.419457 mpu_a=3.3064,19.6127,8.9938 mpu_g=-32.4351,69.5191,-55.5496 icm_a=-2.6049,2.3655,9.6822 icm_g=-68.2317,-43.4146,-51.3415 age_icm_ms=0.36 mpu_sat=2 errors=13/0/0/0 m4_ms=271080
seq=13554 t=5484.439456 mpu_a=3.0358,19.6127,8.7101 mpu_g=-37.9389,67.4962,-54.0382 icm_a=-2.4565,2.4612,10.0269 icm_g=-64.5732,-48.7195,-49.1463 age_icm_ms=0.35 mpu_sat=2 errors=13/0/0/0 m4_ms=271100
seq=13555 t=5484.459455 mpu_a=3.3866,19.6127,8.8777 mpu_g=-43.4580,64.7939,-51.8931 icm_a=-2.0351,2.5283,10.3765 icm_g=-57.5000,-53.3537,-43.7195 age_icm_ms=0.36 mpu_sat=2 errors=13/0/0/0 m4_ms=271120
seq=13556 t=5484.479454 mpu_a=3.8164,19.6127,9.2656 mpu_g=-47.6794,58.9542,-47.4656 icm_a=-2.2601,2.2266,10.0892 icm_g=-53.2927,-57.9878,-36.5854 age_icm_ms=0.37 mpu_sat=2 errors=13/0/0/0 m4_ms=271140
seq=13557 t=5484.499455 mpu_a=3.5542,19.6127,9.3613 mpu_g=-52.0458,53.2595,-40.3664 icm_a=-2.5426,1.9249,9.4619 icm_g=-53.7195,-65.7927,-26.8902 age_icm_ms=0.39 mpu_sat=2 errors=13/0/0/0 m4_ms=271160
seq=13558 t=5484.519456 mpu_a=3.2813,19.6127,8.9304 mpu_g=-58.6947,52.9542,-31.7863 icm_a=-2.1165,1.8244,9.5481 icm_g=-54.3293,-71.0976,-20.1829 age_icm_ms=0.38 mpu_sat=2 errors=13/0/0/0 m4_ms=271180
seq=13559 t=5484.539457 mpu_a=2.6037,19.6127,8.3354 mpu_g=-65.5420,54.5420,-23.3969 icm_a=-1.4461,1.6233,9.7683 icm_g=-53.0488,-70.5488,-18.2927 age_icm_ms=0.40 mpu_sat=2 errors=13/0/0/0 m4_ms=271200
seq=13560 t=5484.559458 mpu_a=2.1703,19.6127,8.1678 mpu_g=-66.8626,54.0000,-20.0840 icm_a=-1.3503,1.4222,9.4810 icm_g=-52.0732,-68.2317,-16.8293 age_icm_ms=0.42 mpu_sat=2 errors=13/0/0/0 m4_ms=271220
seq=13561 t=5484.579459 mpu_a=2.2194,19.6127,8.1630 mpu_g=-64.3053,52.7252,-19.2366 icm_a=-1.1923,1.1588,9.4236 icm_g=-50.4268,-68.4756,-12.7439 age_icm_ms=0.39 mpu_sat=2 errors=13/0/0/0 m4_ms=271240
seq=13562 t=5484.599459 mpu_a=1.9333,19.6127,8.1858 mpu_g=-63.4122,52.1450,-16.2443 icm_a=-0.9194,0.9625,9.5816 icm_g=-47.2561,-71.5854,-11.9512 age_icm_ms=0.37 mpu_sat=2 errors=13/0/0/0 m4_ms=271260
seq=13563 t=5484.619460 mpu_a=1.3168,19.6127,8.7197 mpu_g=-65.0534,49.3969,-13.1908 icm_a=-1.0151,0.6177,9.3565 icm_g=-45.0610,-77.3780,-12.5000 age_icm_ms=0.40 mpu_sat=2 errors=13/0/0/0 m4_ms=271280
seq=13564 t=5484.639462 mpu_a=1.1600,19.6127,8.7077 mpu_g=-69.6107,46.3893,-13.8397 icm_a=-0.7614,0.4310,9.1985 icm_g=-45.1829,-83.2927,-9.2683 age_icm_ms=0.41 mpu_sat=2 errors=13/0/0/0 m4_ms=271300
seq=13565 t=5484.659463 mpu_a=1.5371,19.6127,8.4060 mpu_g=-75.9618,45.5267,-12.6336 icm_a=-0.5602,0.2682,9.2991 icm_g=-47.5610,-85.6098,-3.9634 age_icm_ms=0.40 mpu_sat=2 errors=13/0/0/0 m4_ms=271320
seq=13566 t=5484.679462 mpu_a=1.2570,19.6127,8.1810 mpu_g=-80.2977,47.1221,-7.7252 icm_a=-0.1820,0.0622,9.7731 icm_g=-47.4390,-81.5854,-0.5488 age_icm_ms=0.42 mpu_sat=2 errors=13/0/0/0 m4_ms=271340
seq=13567 t=5484.699461 mpu_a=0.6776,19.6127,7.6411 mpu_g=-79.7710,49.6718,-3.4351 icm_a=0.2825,0.0239,10.2807 icm_g=-41.1585,-74.0854,3.4146 age_icm_ms=0.41 mpu_sat=2 errors=13/0/0/0 m4_ms=271360
seq=13568 t=5484.719460 mpu_a=0.9182,19.6127,7.9045 mpu_g=-73.4351,46.8321,-0.5191 icm_a=0.7661,0.1484,10.6015 icm_g=-32.3780,-69.0244,8.2317 age_icm_ms=0.41 mpu_sat=2 errors=13/0/0/0 m4_ms=271380
seq=13569 t=5484.739459 mpu_a=0.9493,19.6127,8.8921 mpu_g=-66.1145,38.9160,4.4580 icm_a=0.9098,-0.1245,10.0987 icm_g=-26.3415,-73.7195,11.7073 age_icm_ms=0.42 mpu_sat=2 errors=13/0/0/0 m4_ms=271400
seq=13570 t=5484.759458 mpu_a=0.5662,19.6127,9.7288 mpu_g=-64.1527,31.1527,9.0305 icm_a=1.1684,-0.5411,9.6055 icm_g=-22.5000,-87.0122,11.0366 age_icm_ms=0.43 mpu_sat=2 errors=13/0/0/0 m4_ms=271420
seq=13571 t=5484.779457 mpu_a=-0.3903,19.6127,9.7683 mpu_g=-73.0458,26.4733,11.5496 icm_a=1.5610,-1.1732,9.4188 icm_g=-20.8537,-98.2927,5.9146 age_icm_ms=0.36 mpu_sat=2 errors=13/0/0/0 m4_ms=271440
seq=13572 t=5484.799457 mpu_a=-1.2977,19.6127,8.9711 mpu_g=-86.9695,23.1985,9.3664 icm_a=1.8531,-1.2881,9.5433 icm_g=-22.2561,-100.7317,2.1341 age_icm_ms=0.39 mpu_sat=2 errors=13/0/0/0 m4_ms=271460
seq=13573 t=5484.819455 mpu_a=-0.9457,19.6127,8.4910 mpu_g=-95.4275,22.4656,3.8550 icm_a=1.7095,-1.0008,9.3948 icm_g=-28.2927,-96.9512,8.7805 age_icm_ms=0.35 mpu_sat=2 errors=13/0/0/0 m4_ms=271480
seq=13574 t=5484.839455 mpu_a=0.6261,19.6127,8.5473 mpu_g=-94.9008,25.0763,2.5802 icm_a=1.9154,-1.1205,8.7340 icm_g=-37.5610,-94.5122,20.6098 age_icm_ms=0.37 mpu_sat=2 errors=13/0/0/0 m4_ms=271500
seq=13575 t=5484.859455 mpu_a=0.5842,19.6127,8.2624 mpu_g=-90.6336,33.0229,11.6489 icm_a=2.8012,-1.4269,8.9926 icm_g=-36.1585,-92.8049,26.7683 age_icm_ms=0.38 mpu_sat=2 errors=13/0/0/0 m4_ms=271520
seq=13576 t=5484.879454 mpu_a=-0.7326,19.6127,7.0605 mpu_g=-88.9160,41.4046,22.2214 icm_a=3.3567,-1.4365,9.2512 icm_g=-22.5000,-89.6341,20.6707 age_icm_ms=0.38 mpu_sat=2 errors=13/0/0/0 m4_ms=271540
seq=13577 t=5484.899453 mpu_a=-2.0554,19.6127,6.9695 mpu_g=-86.8931,36.2061,25.5725 icm_a=3.3519,-1.5371,9.0501 icm_g=-9.5122,-84.9390,11.3415 age_icm_ms=0.36 mpu_sat=2 errors=13/0/0/0 m4_ms=271560
seq=13578 t=5484.919453 mpu_a=-2.1081,19.6127,7.0054 mpu_g=-83.4351,21.1374,18.1450 icm_a=3.6152,-1.5562,8.6957 icm_g=-2.6220,-80.4268,8.7805 age_icm_ms=0.37 mpu_sat=2 errors=13/0/0/0 m4_ms=271580
seq=13579 t=5484.939453 mpu_a=-1.3108,19.6127,7.1551 mpu_g=-78.8321,9.3893,10.1756 icm_a=3.6152,-1.4844,8.2169 icm_g=-1.4634,-76.5244,13.5366 age_icm_ms=0.38 mpu_sat=2 errors=13/0/0/0 m4_ms=271600
seq=13580 t=5484.959451 mpu_a=-0.5890,19.6127,6.9875 mpu_g=-74.7939,3.9084,9.3359 icm_a=4.1228,-1.3743,8.5234 icm_g=-0.0610,-70.4268,22.5000 age_icm_ms=0.36 mpu_sat=2 errors=13/0/0/0 m4_ms=271620
seq=13581 t=5484.979451 mpu_a=-0.2538,19.6127,6.6200 mpu_g=-70.7405,3.5420,14.9008 icm_a=4.5825,-1.1732,9.0549 icm_g=7.0732,-65.9146,24.8780 age_icm_ms=0.38 mpu_sat=2 errors=13/0/0/0 m4_ms=271640
seq=13582 t=5484.999451 mpu_a=-0.8751,19.6127,7.1563 mpu_g=-64.5573,2.6794,23.4656 icm_a=3.9983,-1.5036,8.3845 icm_g=18.2317,-71.9512,22.5000 age_icm_ms=0.38 mpu_sat=2 errors=13/0/0/0 m4_ms=271660
seq=13583 t=5485.019450 mpu_a=-1.3767,19.6127,7.9547 mpu_g=-60.5115,-4.8092,25.4962 icm_a=4.4101,-1.8004,7.7668 icm_g=26.4634,-81.8293,21.9512 age_icm_ms=0.36 mpu_sat=2 errors=13/0/0/0 m4_ms=271680
seq=13584 t=5485.039451 mpu_a=-1.5107,19.6127,7.5609 mpu_g=-67.0229,-16.1756,23.6183 icm_a=5.0182,-1.8531,8.0110 icm_g=26.1585,-80.7317,20.9756 age_icm_ms=0.40 mpu_sat=2 errors=13/0/0/0 m4_ms=271700
seq=13585 t=5485.059452 mpu_a=-1.6376,19.6127,6.7624 mpu_g=-77.0229,-23.8931,23.4809 icm_a=5.4253,-1.4030,8.2600 icm_g=24.4512,-70.6707,20.9146 age_icm_ms=0.41 mpu_sat=2 errors=13/0/0/0 m4_ms=271720
seq=13586 t=5485.079453 mpu_a=-1.4305,19.6127,6.3590 mpu_g=-75.8015,-23.5344,22.6947 icm_a=4.8698,-1.1923,7.9535 icm_g=28.9024,-65.2439,25.6707 age_icm_ms=0.41 mpu_sat=2 errors=13/0/0/0 m4_ms=271740
seq=13587 t=5485.099454 mpu_a=-0.4465,19.6127,6.5146 mpu_g=-65.5649,-21.5954,22.3740 icm_a=5.2433,-1.2641,7.9535 icm_g=36.0976,-65.0610,30.6707 age_icm_ms=0.40 mpu_sat=2 errors=13/0/0/0 m4_ms=271760
seq=13588 t=5485.119455 mpu_a=-0.4513,19.6127,6.6798 mpu_g=-59.7634,-25.5878,26.8473 icm_a=6.1244,-1.2833,8.0780 icm_g=40.3049,-62.7439,28.3537 age_icm_ms=0.39 mpu_sat=2 errors=13/0/0/0 m4_ms=271780
seq=13589 t=5485.139456 mpu_a=-1.2989,19.6127,6.7696 mpu_g=-59.7710,-32.2519,32.3588 icm_a=5.6264,-1.3982,7.2736 icm_g=37.8049,-62.0122,22.1951 age_icm_ms=0.40 mpu_sat=2 errors=13/0/0/0 m4_ms=271800
seq=13590 t=5485.159457 mpu_a=-1.7107,19.6127,7.0617 mpu_g=-57.7863,-36.9313,30.8779 icm_a=5.4971,-1.2689,6.9480 icm_g=35.8537,-61.5854,23.5366 age_icm_ms=0.39 mpu_sat=2 errors=13/0/0/0 m4_ms=271820
seq=13591 t=5485.179458 mpu_a=-0.9074,19.6127,6.4392 mpu_g=-56.6183,-35.7176,24.6641 icm_a=5.9999,-1.1971,7.2784 icm_g=43.4146,-55.9756,26.2195 age_icm_ms=0.39 mpu_sat=2 errors=13/0/0/0 m4_ms=271840
seq=13592 t=5485.199457 mpu_a=-0.5794,19.6127,5.2014 mpu_g=-57.0229,-32.5267,24.6489 icm_a=6.4931,-0.9673,8.0685 icm_g=60.6707,-44.2073,25.7317 age_icm_ms=0.37 mpu_sat=2 errors=13/0/0/0 m4_ms=271860
seq=13593 t=5485.219458 mpu_a=-0.9756,19.6127,4.8794 mpu_g=-51.9084,-38.3511,28.1221 icm_a=6.5074,-1.1157,7.7237 icm_g=77.8659,-31.0976,22.8049 age_icm_ms=0.39 mpu_sat=2 errors=13/0/0/0 m4_ms=271880
seq=13594 t=5485.239459 mpu_a=-1.5886,19.6127,5.6874 mpu_g=-27.8702,-71.9466,26.8092 icm_a=6.2537,-1.4222,6.6367 icm_g=87.5000,-28.7195,16.3415 age_icm_ms=0.40 mpu_sat=2 errors=13/0/0/0 m4_ms=271900
seq=13595 t=5485.259461 mpu_a=-1.7753,19.6127,5.4935 mpu_g=-23.1145,-83.3511,21.5344 icm_a=6.3829,-1.3120,6.0190 icm_g=89.0244,-26.5854,8.3537 age_icm_ms=0.40 mpu_sat=2 errors=13/0/0/0 m4_ms=271920
seq=13596 t=5485.279462 mpu_a=-1.5993,19.6127,4.0259 mpu_g=-23.6107,-87.0229,14.3664 icm_a=6.7900,-1.2785,6.1052 icm_g=82.8049,-9.5122,1.5244 age_icm_ms=0.42 mpu_sat=2 errors=13/0/0/0 m4_ms=271940
seq=13597 t=5485.299464 mpu_a=-1.0953,19.6127,3.4117 mpu_g=-11.0305,-82.2519,6.3969 icm_a=6.7181,-0.8380,6.4548 icm_g=72.9878,15.9146,-1.5854 age_icm_ms=0.42 mpu_sat=2 errors=13/0/0/0 m4_ms=271960
seq=13598 t=5485.319464 mpu_a=-0.0682,19.6127,3.8918 mpu_g=13.2443,-73.3969,1.7176 icm_a=6.4500,-0.5171,6.3255 icm_g=64.3902,37.5610,0.0610 age_icm_ms=0.41 mpu_sat=2 errors=13/0/0/0 m4_ms=271980
seq=13599 t=5485.339463 mpu_a=0.2682,19.6127,4.4137 mpu_g=36.7405,-63.9924,1.5115 icm_a=6.5841,-0.2538,6.0861 icm_g=59.3293,47.9268,-1.8293 age_icm_ms=0.42 mpu_sat=2 errors=13/0/0/0 m4_ms=272000
seq=13600 t=5485.359462 mpu_a=-0.5387,19.6127,4.9799 mpu_g=50.2214,-58.5344,1.8779 icm_a=6.8522,-0.1532,6.7133 icm_g=54.5122,56.1585,-11.2805 age_icm_ms=0.41 mpu_sat=2 errors=13/0/0/0 m4_ms=272020
seq=13601 t=5485.379461 mpu_a=-0.6536,19.6127,4.9596 mpu_g=56.8626,-53.8015,-5.8473 icm_a=6.6319,0.1867,7.8003 icm_g=53.4146,69.1463,-20.3659 age_icm_ms=0.36 mpu_sat=2 errors=13/0/0/0 m4_ms=272040
seq=13602 t=5485.399461 mpu_a=0.3352,19.6127,5.9185 mpu_g=68.1603,-51.3664,-16.2137 icm_a=6.1100,0.7901,8.3462 icm_g=58.6585,78.0488,-22.6829 age_icm_ms=0.37 mpu_sat=2 errors=13/0/0/0 m4_ms=272060
seq=13603 t=5485.419459 mpu_a=1.4557,19.6127,6.2357 mpu_g=79.4122,-53.8931,-21.0840 icm_a=5.6360,1.2019,7.9918 icm_g=76.0976,79.3293,-20.5488 age_icm_ms=0.36 mpu_sat=2 errors=13/0/0/0 m4_ms=272080
seq=13604 t=5485.439459 mpu_a=1.8028,19.6127,6.3279 mpu_g=83.8321,-66.5725,-19.4656 icm_a=5.5067,1.2019,7.5561 icm_g=90.2439,76.2195,-23.4756 age_icm_ms=0.36 mpu_sat=2 errors=13/0/0/0 m4_ms=272100
seq=13605 t=5485.459458 mpu_a=1.1911,19.6127,5.8263 mpu_g=80.6489,-84.4046,-18.2137 icm_a=5.8083,1.0439,7.9583 icm_g=88.9024,83.1098,-29.9390 age_icm_ms=0.37 mpu_sat=2 errors=13/0/0/0 m4_ms=272120
seq=13606 t=5485.479457 mpu_a=1.2869,19.6127,6.6846 mpu_g=82.3817,-90.7405,-23.8244 icm_a=5.3870,1.4413,8.2456 icm_g=69.8171,91.6463,-33.7195 age_icm_ms=0.36 mpu_sat=2 errors=13/0/0/0 m4_ms=272140
seq=13607 t=5485.499457 mpu_a=2.5355,19.6127,8.2492 mpu_g=91.7176,-79.4656,-30.2443 icm_a=4.5633,2.1117,8.0445 icm_g=51.4634,87.5000,-27.6220 age_icm_ms=0.37 mpu_sat=2 errors=13/0/0/0 m4_ms=272160
seq=13608 t=5485.519456 mpu_a=3.7481,19.6127,9.1854 mpu_g=95.3740,-58.4962,-30.2824 icm_a=4.1180,2.6767,8.1642 icm_g=47.6220,70.2439,-19.1463 age_icm_ms=0.36 mpu_sat=2 errors=13/0/0/0 m4_ms=272180
seq=13609 t=5485.539455 mpu_a=3.6990,19.6127,8.5964 mpu_g=83.4962,-46.0000,-22.0153 icm_a=4.0941,2.6719,8.6431 icm_g=53.2927,59.8171,-15.8537 age_icm_ms=0.37 mpu_sat=2 errors=13/0/0/0 m4_ms=272200
seq=13610 t=5485.559454 mpu_a=3.2082,19.6127,7.4232 mpu_g=67.0229,-48.2901,-15.4885 icm_a=4.5298,2.7294,9.2991 icm_g=49.7561,61.7683,-16.9512 age_icm_ms=0.36 mpu_sat=2 errors=13/0/0/0 m4_ms=272220
seq=13611 t=5485.579455 mpu_a=3.1915,19.6127,8.4360 mpu_g=63.2214,-51.8626,-14.2824 icm_a=4.0366,2.9209,9.0740 icm_g=34.6341,60.1829,-15.0000 age_icm_ms=0.40 mpu_sat=2 errors=13/0/0/0 m4_ms=272240
seq=13612 t=5485.599456 mpu_a=4.0055,19.6127,9.8078 mpu_g=66.6183,-43.3282,-15.7786 icm_a=3.4093,3.2705,8.9304 icm_g=22.8659,45.3049,-8.1707 age_icm_ms=0.40 mpu_sat=2 errors=13/0/0/0 m4_ms=272260
seq=13613 t=5485.619456 mpu_a=4.4436,19.6127,10.2675 mpu_g=60.6336,-28.0992,-12.4122 icm_a=3.1795,3.5291,8.8011 icm_g=21.4634,28.1098,-2.1341 age_icm_ms=0.39 mpu_sat=2 errors=13/0/0/0 m4_ms=272280
seq=13614 t=5485.639457 mpu_a=4.3586,19.6127,9.1447 mpu_g=43.1756,-19.5267,-5.5725 icm_a=3.3423,3.3040,9.0932 icm_g=23.5366,21.8902,1.2195 age_icm_ms=0.39 mpu_sat=2 errors=13/0/0/0 m4_ms=272300
seq=13615 t=5485.659458 mpu_a=4.0318,19.6127,7.8661 mpu_g=28.5649,-20.1603,-0.1985 icm_a=3.9744,3.2705,9.3948 icm_g=19.0244,24.8780,0.1829 age_icm_ms=0.42 mpu_sat=2 errors=13/0/0/0 m4_ms=272320
seq=13616 t=5485.679459 mpu_a=3.4357,19.6127,8.4396 mpu_g=26.1679,-21.2519,2.0458 icm_a=3.4141,3.2657,9.0453 icm_g=7.0122,23.9024,0.7927 age_icm_ms=0.40 mpu_sat=2 errors=13/0/0/0 m4_ms=272340
seq=13617 t=5485.699461 mpu_a=3.9923,19.6127,9.3757 mpu_g=29.8092,-14.6183,0.0611 icm_a=2.9449,3.3950,8.8059 icm_g=-0.7317,12.1951,6.5854 age_icm_ms=0.41 mpu_sat=2 errors=13/0/0/0 m4_ms=272360
seq=13618 t=5485.719460 mpu_a=4.4580,19.6127,9.5313 mpu_g=26.4885,-2.6870,1.4504 icm_a=3.1125,3.4093,8.9735 icm_g=1.6463,-0.7317,10.3659 age_icm_ms=0.42 mpu_sat=2 errors=13/0/0/0 m4_ms=272380
seq=13619 t=5485.739459 mpu_a=3.9421,19.6127,8.7436 mpu_g=13.4962,3.3588,7.4351 icm_a=3.3279,3.3327,8.8585 icm_g=12.9268,-5.6098,6.1585 age_icm_ms=0.41 mpu_sat=2 errors=13/0/0/0 m4_ms=272400
seq=13620 t=5485.759458 mpu_a=2.9269,19.6127,7.4328 mpu_g=1.7099,-0.9313,10.1679 icm_a=3.2801,3.2034,8.6191 icm_g=23.5366,-0.6098,-1.5244 age_icm_ms=0.41 mpu_sat=2 errors=13/0/0/0 m4_ms=272420
seq=13621 t=5485.779457 mpu_a=2.7234,19.6127,6.4057 mpu_g=-1.3435,-12.9847,5.5115 icm_a=3.1508,3.0742,8.4420 icm_g=26.4024,11.1585,-5.4268 age_icm_ms=0.41 mpu_sat=2 errors=13/0/0/0 m4_ms=272440
seq=13622 t=5485.799456 mpu_a=3.1675,19.6127,6.2189 mpu_g=4.8855,-22.9237,-1.5573 icm_a=2.9544,3.1077,8.2887 icm_g=23.0488,23.5976,-3.7195 age_icm_ms=0.42 mpu_sat=2 errors=13/0/0/0 m4_ms=272460
seq=13623 t=5485.819456 mpu_a=3.7302,19.6127,6.4045 mpu_g=16.8779,-24.7634,-4.7252 icm_a=2.7773,3.2417,8.1355 icm_g=20.5488,31.3415,0.3659 age_icm_ms=0.43 mpu_sat=2 errors=13/0/0/0 m4_ms=272480
seq=13624 t=5485.839456 mpu_a=3.9732,19.6127,6.6319 mpu_g=28.9466,-21.0153,-2.9389 icm_a=2.7964,3.3184,8.0828 icm_g=20.3049,34.3902,5.0000 age_icm_ms=0.37 mpu_sat=2 errors=13/0/0/0 m4_ms=272500
seq=13625 t=5485.859455 mpu_a=4.1563,19.6127,6.8139 mpu_g=36.0458,-18.3588,1.0534 icm_a=3.3567,3.3998,8.5042 icm_g=22.6220,33.7195,3.8415 age_icm_ms=0.37 mpu_sat=2 errors=13/0/0/0 m4_ms=272520
seq=13626 t=5485.879455 mpu_a=3.4836,19.6127,7.1754 mpu_g=38.7176,-18.1679,5.4885 icm_a=3.4620,3.3662,8.7101 icm_g=23.5976,31.8293,-4.3293 age_icm_ms=0.37 mpu_sat=2 errors=13/0/0/0 m4_ms=272540
seq=13627 t=5485.899454 mpu_a=2.9257,19.6127,7.8183 mpu_g=37.9847,-20.3206,4.1985 icm_a=2.9640,3.4381,8.5569 icm_g=24.0244,28.0488,-10.7317 age_icm_ms=0.36 mpu_sat=2 errors=13/0/0/0 m4_ms=272560
seq=13628 t=5485.919453 mpu_a=3.1053,19.6127,8.0086 mpu_g=36.0458,-21.8550,-3.8092 icm_a=2.4134,3.6248,8.4467 icm_g=24.0244,23.8415,-10.3049 age_icm_ms=0.37 mpu_sat=2 errors=13/0/0/0 m4_ms=272580
seq=13629 t=5485.939452 mpu_a=3.9397,19.6127,7.8434 mpu_g=32.2824,-22.5802,-10.1756 icm_a=2.3942,3.8642,8.6479 icm_g=24.2683,22.6829,-5.6098 age_icm_ms=0.36 mpu_sat=2 errors=13/0/0/0 m4_ms=272600
seq=13630 t=5485.959452 mpu_a=4.6663,19.6127,7.5633 mpu_g=27.9847,-22.6794,-9.8779 icm_a=2.7964,3.8738,8.8969 icm_g=28.3537,24.4512,-4.3902 age_icm_ms=0.39 mpu_sat=2 errors=13/0/0/0 m4_ms=272620
seq=13631 t=5485.979450 mpu_a=4.3551,19.6127,7.2544 mpu_g=26.5954,-22.3588,-5.2977 icm_a=2.8395,3.8355,8.6239 icm_g=29.9390,25.7317,-8.5366 age_icm_ms=0.37 mpu_sat=2 errors=13/0/0/0 m4_ms=272640
seq=13632 t=5485.999449 mpu_a=3.7457,19.6127,7.5334 mpu_g=28.3588,-26.0992,-3.3664 icm_a=2.3080,3.8738,8.3366 icm_g=27.0732,24.5732,-10.4878 age_icm_ms=0.37 mpu_sat=2 errors=13/0/0/0 m4_ms=272660
seq=13633 t=5486.019449 mpu_a=4.0103,19.6127,7.6878 mpu_g=29.8931,-28.4275,-7.0840 icm_a=1.9345,4.1132,8.2935 icm_g=20.7317,23.1098,-7.9878 age_icm_ms=0.37 mpu_sat=2 errors=13/0/0/0 m4_ms=272680
seq=13634 t=5486.039449 mpu_a=4.6328,19.6127,7.7428 mpu_g=28.9237,-26.2061,-9.8168 icm_a=2.0782,4.3335,8.7293 icm_g=17.4390,24.5122,-3.6585 age_icm_ms=0.38 mpu_sat=2 errors=13/0/0/0 m4_ms=272700
seq=13635 t=5486.059448 mpu_a=5.0003,19.6127,7.2137 mpu_g=27.9771,-15.6031,-3.9695 icm_a=2.2266,4.4293,8.7867 icm_g=20.4268,28.2927,-1.0976 age_icm_ms=0.38 mpu_sat=2 errors=13/0/0/0 m4_ms=272720
seq=13636 t=5486.079449 mpu_a=4.8183,19.6127,7.1563 mpu_g=31.7481,-17.5191,-0.9542 icm_a=2.0494,4.4436,8.5281 icm_g=25.4878,30.0610,-0.2439 age_icm_ms=0.39 mpu_sat=2 errors=13/0/0/0 m4_ms=272740
seq=13637 t=5486.099449 mpu_a=4.8076,19.6127,7.2784 mpu_g=34.1832,-22.6031,0.2290 icm_a=1.8435,4.5250,8.3893 icm_g=27.8659,29.8780,-0.1829 age_icm_ms=0.38 mpu_sat=2 errors=13/0/0/0 m4_ms=272760
seq=13638 t=5486.119450 mpu_a=4.8267,19.6127,7.1802 mpu_g=34.0992,-25.6336,0.5649 icm_a=1.8292,4.7309,8.6622 icm_g=29.2073,31.2805,-1.4024 age_icm_ms=0.41 mpu_sat=2 errors=13/0/0/0 m4_ms=272780
seq=13639 t=5486.139451 mpu_a=5.0159,19.6127,7.1814 mpu_g=34.8550,-26.7405,-0.2748 icm_a=2.0973,4.9321,9.0644 icm_g=35.2439,33.7195,-3.1098 age_icm_ms=0.40 mpu_sat=2 errors=13/0/0/0 m4_ms=272800
seq=13640 t=5486.159451 mpu_a=5.0709,19.6127,7.2856 mpu_g=37.3130,-30.7557,-1.6794 icm_a=1.8340,4.8794,8.7532 icm_g=44.3902,33.2317,-3.4146 age_icm_ms=0.38 mpu_sat=2 errors=13/0/0/0 m4_ms=272820
seq=13641 t=5486.179450 mpu_a=5.4755,19.6127,7.7596 mpu_g=38.2748,-40.2137,-2.4733 icm_a=1.3503,4.7645,7.9631 icm_g=43.7195,27.7439,-0.3049 age_icm_ms=0.40 mpu_sat=2 errors=13/0/0/0 m4_ms=272840
seq=13642 t=5486.199451 mpu_a=5.6826,19.6127,8.0385 mpu_g=34.2366,-43.7176,-0.1069 icm_a=1.0774,4.9129,7.7476 icm_g=33.3537,23.2927,4.8780 age_icm_ms=0.40 mpu_sat=2 errors=13/0/0/0 m4_ms=272860
seq=13643 t=5486.219453 mpu_a=6.0059,19.6127,7.0449 mpu_g=28.0534,-35.2214,4.0229 icm_a=1.2354,5.0661,8.1451 icm_g=28.7805,26.1585,10.3659 age_icm_ms=0.41 mpu_sat=2 errors=13/0/0/0 m4_ms=272880
seq=13644 t=5486.239454 mpu_a=5.6826,19.6127,6.2130 mpu_g=28.4885,-26.2824,9.3817 icm_a=1.8483,4.9416,8.5425 icm_g=36.2805,31.7683,9.8171 age_icm_ms=0.42 mpu_sat=2 errors=13/0/0/0 m4_ms=272900
seq=13645 t=5486.259454 mpu_a=4.6029,19.6127,6.7026 mpu_g=34.0305,-29.4962,12.1679 icm_a=1.9058,4.9991,8.4851 icm_g=40.1220,33.2317,1.2195 age_icm_ms=0.39 mpu_sat=2 errors=13/0/0/0 m4_ms=272920
seq=13646 t=5486.279456 mpu_a=4.5310,19.6127,7.5920 mpu_g=37.5649,-37.1221,6.9160 icm_a=1.3168,5.1284,8.2313 icm_g=35.9756,30.3049,-4.8780 age_icm_ms=0.41 mpu_sat=2 errors=13/0/0/0 m4_ms=272940
seq=13647 t=5486.299455 mpu_a=5.4612,19.6127,7.9440 mpu_g=36.5725,-36.8626,-1.7786 icm_a=0.8284,5.4444,8.0206 icm_g=30.3049,25.1829,-2.3171 age_icm_ms=0.39 mpu_sat=2 errors=13/0/0/0 m4_ms=272960
seq=13648 t=5486.319454 mpu_a=6.5194,19.6127,7.7177 mpu_g=31.9847,-31.4122,-3.8244 icm_a=0.6512,5.4684,7.7620 icm_g=24.6341,20.3049,5.1220 age_icm_ms=0.41 mpu_sat=2 errors=13/0/0/0 m4_ms=272980
seq=13649 t=5486.339453 mpu_a=6.5709,19.6127,7.3646 mpu_g=26.9466,-25.6412,1.7252 icm_a=0.9529,5.5737,8.0493 icm_g=19.3293,17.3780,8.7195 age_icm_ms=0.40 mpu_sat=2 errors=13/0/0/0 m4_ms=273000
seq=13650 t=5486.359453 mpu_a=5.8921,19.6127,7.2377 mpu_g=22.7557,-19.7481,8.2595 icm_a=1.0726,5.7700,8.4755 icm_g=17.0732,18.0488,7.5000 age_icm_ms=0.41 mpu_sat=2 errors=13/0/0/0 m4_ms=273020
seq=13651 t=5486.379452 mpu_a=5.9448,19.6127,7.1024 mpu_g=21.6183,-15.2137,8.7252 icm_a=0.9673,5.8275,8.5234 icm_g=20.7927,19.1463,7.1341 age_icm_ms=0.41 mpu_sat=2 errors=13/0/0/0 m4_ms=273040
seq=13652 t=5486.399451 mpu_a=6.1196,19.6127,6.9683 mpu_g=22.9084,-15.7710,7.5038 icm_a=0.8859,5.7317,8.1020 icm_g=26.0366,17.6220,6.8293 age_icm_ms=0.41 mpu_sat=2 errors=13/0/0/0 m4_ms=273060
seq=13653 t=5486.419451 mpu_a=5.9843,19.6127,7.0545 mpu_g=23.2672,-20.7634,7.5496 icm_a=0.7518,5.6695,7.4986 icm_g=25.9146,15.0000,5.8537 age_icm_ms=0.43 mpu_sat=2 errors=13/0/0/0 m4_ms=273080
seq=13654 t=5486.439451 mpu_a=5.9819,19.6127,6.8055 mpu_g=20.9160,-24.8168,7.3206 icm_a=0.8380,5.5593,7.4364 icm_g=17.7439,15.5488,4.3293 age_icm_ms=0.42 mpu_sat=2 errors=13/0/0/0 m4_ms=273100
seq=13655 t=5486.459450 mpu_a=5.8490,19.6127,6.6283 mpu_g=18.6336,-22.0611,6.0458 icm_a=1.0343,5.6838,7.7093 icm_g=5.9146,20.7317,2.1341 age_icm_ms=0.37 mpu_sat=2 errors=13/0/0/0 m4_ms=273120
seq=13656 t=5486.479450 mpu_a=5.8873,19.6127,6.6260 mpu_g=21.1985,-12.0534,3.8702 icm_a=0.7997,5.8227,7.9248 icm_g=-2.1951,25.1220,1.5854 age_icm_ms=0.38 mpu_sat=2 errors=13/0/0/0 m4_ms=273140
seq=13657 t=5486.499450 mpu_a=6.1926,19.6127,6.7708 mpu_g=26.7023,-0.8321,1.4046 icm_a=0.7135,5.8802,7.9152 icm_g=-1.4634,24.7561,1.5854 age_icm_ms=0.38 mpu_sat=2 errors=13/0/0/0 m4_ms=273160
seq=13658 t=5486.519449 mpu_a=6.1483,19.6127,6.8271 mpu_g=29.8702,4.7939,1.0840 icm_a=0.6464,5.8179,7.8338 icm_g=5.4878,22.1341,-1.4024 age_icm_ms=0.37 mpu_sat=2 errors=13/0/0/0 m4_ms=273180
seq=13659 t=5486.539449 mpu_a=5.6922,19.6127,6.3003 mpu_g=28.2443,2.0153,0.6412 icm_a=0.7422,5.7700,8.0158 icm_g=10.0610,20.2439,-6.0366 age_icm_ms=0.38 mpu_sat=2 errors=13/0/0/0 m4_ms=273200
seq=13660 t=5486.559449 mpu_a=5.5689,19.6127,6.6679 mpu_g=25.8779,-5.2672,-2.5267 icm_a=0.7087,5.9424,8.2935 icm_g=10.6098,18.9024,-9.0854 age_icm_ms=0.38 mpu_sat=2 errors=13/0/0/0 m4_ms=273220
seq=13661 t=5486.579448 mpu_a=6.0310,19.6127,7.2281 mpu_g=24.1908,-8.9466,-6.8931 icm_a=0.3974,6.0047,8.2169 icm_g=11.2195,13.7195,-6.8293 age_icm_ms=0.37 mpu_sat=2 errors=13/0/0/0 m4_ms=273240
seq=13662 t=5486.599448 mpu_a=6.6954,19.6127,7.6842 mpu_g=22.6031,-9.2748,-8.9542 icm_a=0.1963,5.9233,7.8243 icm_g=10.3049,3.8415,-3.6585 age_icm_ms=0.37 mpu_sat=2 errors=13/0/0/0 m4_ms=273260
seq=13663 t=5486.619448 mpu_a=6.5876,19.6127,7.9164 mpu_g=16.8473,-9.6947,-6.1145 icm_a=0.2059,5.9568,7.5082 icm_g=5.4268,-7.4390,-3.1707 age_icm_ms=0.37 mpu_sat=2 errors=13/0/0/0 m4_ms=273280
seq=13664 t=5486.639447 mpu_a=6.3267,19.6127,7.7871 mpu_g=6.5878,-8.3359,-3.2290 icm_a=0.3256,5.9807,7.8099 icm_g=-2.5610,-12.8659,-3.9024 age_icm_ms=0.38 mpu_sat=2 errors=13/0/0/0 m4_ms=273300
seq=13665 t=5486.659449 mpu_a=6.3255,19.6127,7.2628 mpu_g=-4.3282,-3.0305,-3.1298 icm_a=0.3687,6.1292,7.8865 icm_g=-5.9146,-9.8780,-2.3780 age_icm_ms=0.41 mpu_sat=2 errors=13/0/0/0 m4_ms=273320
seq=13666 t=5486.679450 mpu_a=6.6044,19.6127,5.9915 mpu_g=-8.8168,4.3893,-4.0458 icm_a=0.5411,6.2010,8.1307 icm_g=-5.7927,-4.8171,1.1585 age_icm_ms=0.40 mpu_sat=2 errors=13/0/0/0 m4_ms=273340
seq=13667 t=5486.699450 mpu_a=6.8594,19.6127,6.3015 mpu_g=-5.2290,7.8931,-2.5725 icm_a=0.4214,6.0813,7.9344 icm_g=-1.8902,-3.2317,3.0488 age_icm_ms=0.40 mpu_sat=2 errors=13/0/0/0 m4_ms=273360
seq=13668 t=5486.719450 mpu_a=6.5876,19.6127,6.5086 mpu_g=-0.1298,7.5267,1.0076 icm_a=0.4310,5.8993,7.6088 icm_g=0.4268,-5.9756,0.6098 age_icm_ms=0.37 mpu_sat=2 errors=13/0/0/0 m4_ms=273380
seq=13669 t=5486.739452 mpu_a=5.9747,19.6127,6.7684 mpu_g=1.2824,3.5496,2.8397 icm_a=0.4310,5.7940,7.5944 icm_g=-1.8293,-8.1707,-3.5976 age_icm_ms=0.43 mpu_sat=2 errors=13/0/0/0 m4_ms=273400
seq=13670 t=5486.759453 mpu_a=5.6994,19.6127,6.7050 mpu_g=-1.4580,1.1374,0.6183 icm_a=0.3687,5.9568,7.7285 icm_g=-5.1220,-4.5122,-4.6341 age_icm_ms=0.41 mpu_sat=2 errors=13/0/0/0 m4_ms=273420
seq=13671 t=5486.779454 mpu_a=6.0920,19.6127,6.0705 mpu_g=-3.9313,3.0534,-3.7710 icm_a=0.2586,6.0621,7.9966 icm_g=-2.5610,-1.5854,-0.3049 age_icm_ms=0.40 mpu_sat=2 errors=13/0/0/0 m4_ms=273440
seq=13672 t=5486.799453 mpu_a=6.8127,19.6127,6.2908 mpu_g=-0.1985,6.5725,-5.1527 icm_a=0.4741,5.9568,7.7907 icm_g=2.8049,0.9756,2.0122 age_icm_ms=0.36 mpu_sat=2 errors=13/0/0/0 m4_ms=273460
seq=13673 t=5486.819453 mpu_a=6.5625,19.6127,6.1483 mpu_g=2.6336,4.6183,-1.0534 icm_a=0.6943,5.8610,7.4939 icm_g=4.9390,2.1951,-0.6098 age_icm_ms=0.38 mpu_sat=2 errors=13/0/0/0 m4_ms=273480
seq=13674 t=5486.839453 mpu_a=5.9245,19.6127,6.2201 mpu_g=5.3130,-0.5038,2.0229 icm_a=0.6321,5.8275,7.5082 icm_g=1.4024,2.6220,-4.0244 age_icm_ms=0.38 mpu_sat=2 errors=13/0/0/0 m4_ms=273500
seq=13675 t=5486.859453 mpu_a=5.7329,19.6127,6.4105 mpu_g=6.4962,-3.3282,-0.1145 icm_a=0.5076,6.0334,8.0158 icm_g=-2.6220,2.4390,-3.8415 age_icm_ms=0.37 mpu_sat=2 errors=13/0/0/0 m4_ms=273520
seq=13676 t=5486.879455 mpu_a=6.6930,19.6127,7.0378 mpu_g=6.9313,3.9313,-4.4885 icm_a=0.4788,6.1292,8.2073 icm_g=-0.4268,0.4878,-0.9146 age_icm_ms=0.41 mpu_sat=2 errors=13/0/0/0 m4_ms=273540
seq=13677 t=5486.899456 mpu_a=6.6116,19.6127,7.0306 mpu_g=5.3817,2.9389,-1.6794 icm_a=0.4693,6.1100,8.0206 icm_g=5.1829,-3.4146,1.0366 age_icm_ms=0.41 mpu_sat=2 errors=13/0/0/0 m4_ms=273560
seq=13678 t=5486.919456 mpu_a=6.0920,19.6127,7.0880 mpu_g=1.9924,-2.2443,0.9084 icm_a=0.5363,5.8610,7.5800 icm_g=6.6463,-8.1098,-2.3780 age_icm_ms=0.40 mpu_sat=2 errors=13/0/0/0 m4_ms=273580
seq=13679 t=5486.939458 mpu_a=5.7581,19.6127,6.7325 mpu_g=-2.8168,-5.2977,-0.8168 icm_a=0.5650,5.8610,7.4412 icm_g=3.5366,-10.1220,-5.9146 age_icm_ms=0.40 mpu_sat=2 errors=13/0/0/0 m4_ms=273600
seq=13680 t=5486.959459 mpu_a=6.2130,19.6127,6.5326 mpu_g=-5.7405,-3.4580,-5.0458 icm_a=0.4310,5.9185,7.6710 icm_g=-2.0122,-7.5610,-4.7561 age_icm_ms=0.41 mpu_sat=2 errors=13/0/0/0 m4_ms=273620
seq=13681 t=5486.979460 mpu_a=6.7505,19.6127,6.2345 mpu_g=-4.6336,1.9695,-5.8855 icm_a=0.4693,5.9041,7.8817 icm_g=-3.7195,-2.0732,0.0000 age_icm_ms=0.40 mpu_sat=2 errors=13/0/0/0 m4_ms=273640
seq=13682 t=5486.999462 mpu_a=6.5613,19.6127,6.0501 mpu_g=0.2137,5.4198,-2.0305 icm_a=0.6464,5.9137,7.8769 icm_g=-0.5488,2.7439,2.2561 age_icm_ms=0.40 mpu_sat=2 errors=13/0/0/0 m4_ms=273660
seq=13683 t=5487.019461 mpu_a=6.0202,19.6127,6.1507 mpu_g=5.7176,3.9847,1.7023 icm_a=0.6464,5.8802,7.7333 icm_g=2.3171,4.8780,-0.9146 age_icm_ms=0.41 mpu_sat=2 errors=13/0/0/0 m4_ms=273680
seq=13684 t=5487.039459 mpu_a=5.7760,19.6127,6.4895 mpu_g=8.8092,0.0382,0.7481 icm_a=0.6752,5.8945,7.7237 icm_g=1.4024,5.1829,-4.2073 age_icm_ms=0.40 mpu_sat=2 errors=13/0/0/0 m4_ms=273700
seq=13685 t=5487.059459 mpu_a=6.1256,19.6127,6.7409 mpu_g=9.5573,-0.5802,-3.3740 icm_a=0.5698,6.0238,7.8578 icm_g=0.7317,4.0244,-4.0854 age_icm_ms=0.42 mpu_sat=2 errors=13/0/0/0 m4_ms=273720
seq=13686 t=5487.079459 mpu_a=6.5015,19.6127,6.8259 mpu_g=9.0229,0.9847,-4.7939 icm_a=0.5124,5.9903,7.7620 icm_g=3.9024,1.0976,-1.6463 age_icm_ms=0.45 mpu_sat=2 errors=13/0/0/0 m4_ms=273740
seq=13687 t=5487.099458 mpu_a=6.4584,19.6127,6.7098 mpu_g=6.9237,-0.6412,-2.9542 icm_a=0.5794,5.9280,7.5657 icm_g=5.4878,-2.0122,-1.3415 age_icm_ms=0.37 mpu_sat=2 errors=13/0/0/0 m4_ms=273760
seq=13688 t=5487.119458 mpu_a=6.0753,19.6127,6.6295 mpu_g=3.6794,-3.6183,-0.9313 icm_a=0.4549,5.9185,7.5609 icm_g=2.5000,-3.2317,-3.7805 age_icm_ms=0.37 mpu_sat=2 errors=13/0/0/0 m4_ms=273780
seq=13689 t=5487.139458 mpu_a=6.0166,19.6127,6.6307 mpu_g=1.3969,-2.9542,-2.3359 icm_a=0.3400,6.0621,7.8243 icm_g=-1.6463,-1.7073,-4.4512 age_icm_ms=0.42 mpu_sat=2 errors=13/0/0/0 m4_ms=273800
seq=13690 t=5487.159457 mpu_a=6.5960,19.6127,6.5457 mpu_g=1.4656,1.3511,-4.8931 icm_a=0.3304,6.0765,7.9392 icm_g=-0.5488,0.6098,-0.4268 age_icm_ms=0.38 mpu_sat=2 errors=13/0/0/0 m4_ms=273820
seq=13691 t=5487.179456 mpu_a=6.8666,19.6127,6.4093 mpu_g=3.8168,3.5573,-3.3740 icm_a=0.4788,5.9089,7.7620 icm_g=0.7927,-0.5488,2.1951 age_icm_ms=0.35 mpu_sat=2 errors=13/0/0/0 m4_ms=273840
seq=13692 t=5487.199456 mpu_a=6.2991,19.6127,7.1120 mpu_g=5.3130,1.1221,1.1450 icm_a=0.6943,5.8802,7.5896 icm_g=-2.9268,-5.1220,0.1829 age_icm_ms=0.38 mpu_sat=2 errors=13/0/0/0 m4_ms=273860
seq=13693 t=5487.219454 mpu_a=5.8933,19.6127,7.0904 mpu_g=2.1679,2.1298,1.6489 icm_a=0.4022,6.1339,7.7476 icm_g=-5.1220,-7.7439,-2.0122 age_icm_ms=0.36 mpu_sat=2 errors=13/0/0/0 m4_ms=273880
seq=13694 t=5487.239453 mpu_a=6.2956,19.6127,6.6810 mpu_g=-2.2748,5.6947,-1.1069 icm_a=0.3160,6.1483,7.9583 icm_g=-3.7805,-6.5244,-1.6463 age_icm_ms=0.36 mpu_sat=2 errors=13/0/0/0 m4_ms=273900
seq=13695 t=5487.259452 mpu_a=6.6427,19.6127,6.3853 mpu_g=-3.4733,6.6870,-2.6870 icm_a=0.5267,5.8802,7.8961 icm_g=-1.5244,-4.2073,0.9756 age_icm_ms=0.36 mpu_sat=2 errors=13/0/0/0 m4_ms=273920
seq=13696 t=5487.279450 mpu_a=6.4811,19.6127,6.4967 mpu_g=-1.2977,4.4351,-1.0916 icm_a=0.6656,5.7796,7.6998 icm_g=-2.0122,-2.7439,0.6707 age_icm_ms=0.37 mpu_sat=2 errors=13/0/0/0 m4_ms=273940
seq=13697 t=5487.299449 mpu_a=5.9053,19.6127,6.5158 mpu_g=0.7099,3.0076,1.1374 icm_a=0.5890,5.8706,7.6088 icm_g=-4.0244,-2.0122,-2.5610 age_icm_ms=0.37 mpu_sat=2 errors=13/0/0/0 m4_ms=273960
seq=13698 t=5487.319450 mpu_a=5.8035,19.6127,6.5015 mpu_g=1.9389,4.0458,-0.3511 icm_a=0.4501,5.9951,7.7859 icm_g=-5.0610,-1.2805,-3.0488 age_icm_ms=0.41 mpu_sat=2 errors=13/0/0/0 m4_ms=273980
seq=13699 t=5487.339452 mpu_a=6.3949,19.6127,6.6056 mpu_g=2.4809,5.7939,-3.4580 icm_a=0.4693,5.9089,7.9344 icm_g=-5.8537,-0.9756,-1.1585 age_icm_ms=0.40 mpu_sat=2 errors=13/0/0/0 m4_ms=274000
seq=13700 t=5487.359451 mpu_a=6.5254,19.6127,6.7912 mpu_g=3.2443,6.9237,-3.1527 icm_a=0.5411,5.7413,7.9248 icm_g=-4.5732,-2.0732,0.6098 age_icm_ms=0.36 mpu_sat=2 errors=13/0/0/0 m4_ms=274020
seq=13701 t=5487.379452 mpu_a=6.2273,19.6127,6.8438 mpu_g=3.3053,7.3893,-1.1145 icm_a=0.7278,5.7988,7.8051 icm_g=-2.3171,-3.2927,0.3049 age_icm_ms=0.40 mpu_sat=2 errors=13/0/0/0 m4_ms=274040
seq=13702 t=5487.399453 mpu_a=5.9915,19.6127,6.6128 mpu_g=1.9466,5.9084,0.3359 icm_a=0.6081,5.9568,7.6998 icm_g=-1.1585,-4.0244,-1.6463 age_icm_ms=0.40 mpu_sat=2 errors=13/0/0/0 m4_ms=274060
seq=13703 t=5487.419453 mpu_a=5.9436,19.6127,6.5805 mpu_g=0.8397,3.5649,-0.2061 icm_a=0.3879,5.9616,7.7524 icm_g=-3.9634,-4.0854,-2.8049 age_icm_ms=0.38 mpu_sat=2 errors=13/0/0/0 m4_ms=274080
seq=13704 t=5487.439455 mpu_a=6.2776,19.6127,6.7720 mpu_g=0.3511,3.0992,-2.2901 icm_a=0.3926,5.8754,7.8003 icm_g=-6.4634,-3.2317,0.1220 age_icm_ms=0.42 mpu_sat=2 errors=13/0/0/0 m4_ms=274100
seq=13705 t=5487.459458 mpu_a=6.6248,19.6127,6.6726 mpu_g=0.2977,5.8550,-3.0382 icm_a=0.5602,5.7317,7.8099 icm_g=-8.4146,-1.5244,2.2561 age_icm_ms=0.46 mpu_sat=2 errors=13/0/0/0 m4_ms=274120
seq=13706 t=5487.479457 mpu_a=6.2441,19.6127,6.5769 mpu_g=1.3740,8.4733,0.1298 icm_a=0.7087,5.7844,7.7764 icm_g=-8.1098,0.0610,0.5488 age_icm_ms=0.43 mpu_sat=2 errors=13/0/0/0 m4_ms=274140
seq=13707 t=5487.499457 mpu_a=5.8059,19.6127,6.4320 mpu_g=3.0534,10.2366,1.7176 icm_a=0.6464,5.9137,7.8290 icm_g=-7.9878,0.3659,-1.4634 age_icm_ms=0.42 mpu_sat=2 errors=13/0/0/0 m4_ms=274160
seq=13708 t=5487.519457 mpu_a=5.9795,19.6127,6.6092 mpu_g=4.5267,9.7863,-0.1679 icm_a=0.5315,5.7796,7.9296 icm_g=-8.7805,-0.6098,-1.0366 age_icm_ms=0.44 mpu_sat=2 errors=13/0/0/0 m4_ms=274180
seq=13709 t=5487.539456 mpu_a=6.2501,19.6127,6.8486 mpu_g=4.7099,9.6107,-2.0687 icm_a=0.5890,5.6647,7.9248 icm_g=-8.5976,-2.0732,-0.7927 age_icm_ms=0.42 mpu_sat=2 errors=13/0/0/0 m4_ms=274200
seq=13710 t=5487.559455 mpu_a=5.9891,19.6127,6.9564 mpu_g=3.6641,10.4122,-1.5573 icm_a=0.7470,5.6886,7.9152 icm_g=-7.8659,-2.5000,-1.8902 age_icm_ms=0.36 mpu_sat=2 errors=13/0/0/0 m4_ms=274220
seq=13711 t=5487.579454 mpu_a=5.8562,19.6127,6.7552 mpu_g=2.1832,10.1756,-1.2214 icm_a=0.5986,5.7413,7.8578 icm_g=-8.4756,-1.7073,-2.5610 age_icm_ms=0.36 mpu_sat=2 errors=13/0/0/0 m4_ms=274240
seq=13712 t=5487.599454 mpu_a=5.9975,19.6127,6.6643 mpu_g=1.7710,9.2748,-2.3282 icm_a=0.4501,5.7030,7.8626 icm_g=-11.3415,-0.6098,-0.7927 age_icm_ms=0.38 mpu_sat=2 errors=13/0/0/0 m4_ms=274260
seq=13713 t=5487.619453 mpu_a=6.2584,19.6127,6.7792 mpu_g=2.6183,9.8015,-3.1603 icm_a=0.4884,5.5498,7.9631 icm_g=-12.2561,0.4878,0.9756 age_icm_ms=0.36 mpu_sat=2 errors=13/0/0/0 m4_ms=274280
seq=13714 t=5487.639453 mpu_a=6.2345,19.6127,6.6643 mpu_g=3.7023,12.5878,-1.7557 icm_a=0.6943,5.5067,8.0397 icm_g=-11.6463,1.1585,0.4878 age_icm_ms=0.36 mpu_sat=2 errors=13/0/0/0 m4_ms=274300
seq=13715 t=5487.659452 mpu_a=5.6850,19.6127,6.7600 mpu_g=4.6947,13.9084,0.1679 icm_a=0.7422,5.5737,8.0062 icm_g=-11.2195,1.4634,-1.0366 age_icm_ms=0.37 mpu_sat=2 errors=13/0/0/0 m4_ms=274320
seq=13716 t=5487.679451 mpu_a=5.7006,19.6127,6.8199 mpu_g=5.4275,13.5420,-0.1069 icm_a=0.6081,5.6120,7.8817 icm_g=-13.3537,1.4024,-1.8293 age_icm_ms=0.37 mpu_sat=2 errors=13/0/0/0 m4_ms=274340
seq=13717 t=5487.699451 mpu_a=5.8395,19.6127,6.9743 mpu_g=5.6947,12.6947,-1.4504 icm_a=0.5076,5.4827,7.9152 icm_g=-15.7927,1.6463,-1.0976 age_icm_ms=0.36 mpu_sat=2 errors=13/0/0/0 m4_ms=274360
seq=13718 t=5487.719451 mpu_a=5.8430,19.6127,6.8043 mpu_g=5.7786,17.0382,-2.2290 icm_a=0.5890,5.3439,7.9679 icm_g=-16.9512,1.7683,-0.6707 age_icm_ms=0.37 mpu_sat=2 errors=13/0/0/0 m4_ms=274380
seq=13719 t=5487.739450 mpu_a=5.6527,19.6127,6.8666 mpu_g=6.0458,18.3588,-1.6641 icm_a=0.4357,5.4013,8.2025 icm_g=-18.9634,-0.0610,-1.6463 age_icm_ms=0.36 mpu_sat=2 errors=13/0/0/0 m4_ms=274400
seq=13720 t=5487.759450 mpu_a=5.4372,19.6127,7.4268 mpu_g=5.2672,19.5191,-2.0153 icm_a=0.5650,5.3870,8.4324 icm_g=-15.7317,-5.1829,-2.1951 age_icm_ms=0.39 mpu_sat=2 errors=13/0/0/0 m4_ms=274420
seq=13721 t=5487.779451 mpu_a=5.8083,19.6127,7.6291 mpu_g=0.3893,18.4122,-3.3435 icm_a=0.7518,5.2625,8.4659 icm_g=-12.3780,-9.3293,-1.8293 age_icm_ms=0.39 mpu_sat=2 errors=13/0/0/0 m4_ms=274440
seq=13722 t=5487.799452 mpu_a=5.4420,19.6127,7.3598 mpu_g=-4.0000,14.7634,-2.4733 icm_a=0.6656,5.2194,8.3893 icm_g=-9.0854,-10.4268,-2.4390 age_icm_ms=0.40 mpu_sat=2 errors=13/0/0/0 m4_ms=274460
seq=13723 t=5487.819452 mpu_a=5.5438,19.6127,6.9360 mpu_g=-6.1985,11.4198,-2.7328 icm_a=0.5890,5.2720,8.1738 icm_g=-8.5366,-8.8415,-2.9268 age_icm_ms=0.39 mpu_sat=2 errors=13/0/0/0 m4_ms=274480
seq=13724 t=5487.839453 mpu_a=5.4887,19.6127,6.8283 mpu_g=-5.2290,9.8092,-3.0229 icm_a=0.6273,5.1906,8.2025 icm_g=-10.7927,-6.6463,-2.8659 age_icm_ms=0.38 mpu_sat=2 errors=13/0/0/0 m4_ms=274500
seq=13725 t=5487.859455 mpu_a=5.7640,19.6127,7.0785 mpu_g=-3.0534,11.1221,-3.7405 icm_a=0.6895,5.1427,8.2696 icm_g=-12.5610,-5.1829,-1.0366 age_icm_ms=0.42 mpu_sat=2 errors=13/0/0/0 m4_ms=274520
seq=13726 t=5487.879456 mpu_a=5.5438,19.6127,7.0868 mpu_g=-1.2214,13.7786,-2.3817 icm_a=0.6800,5.0374,8.5281 icm_g=-10.3049,-5.7317,-0.9146 age_icm_ms=0.40 mpu_sat=2 errors=13/0/0/0 m4_ms=274540
seq=13727 t=5487.899457 mpu_a=5.2708,19.6127,7.2987 mpu_g=-0.7405,13.4733,-1.4427 icm_a=0.8092,5.1427,8.5808 icm_g=-8.6585,-3.7195,-0.6707 age_icm_ms=0.39 mpu_sat=2 errors=13/0/0/0 m4_ms=274560
seq=13728 t=5487.919456 mpu_a=5.5402,19.6127,6.6248 mpu_g=-1.4275,10.1603,-1.3282 icm_a=0.6847,5.0613,8.6048 icm_g=-6.2805,-0.1220,-0.7317 age_icm_ms=0.40 mpu_sat=2 errors=13/0/0/0 m4_ms=274580
seq=13729 t=5487.939455 mpu_a=5.3415,19.6127,7.3789 mpu_g=3.6336,9.4962,-1.1908 icm_a=0.7374,5.0709,8.6383 icm_g=-2.9268,0.5488,0.0610 age_icm_ms=0.41 mpu_sat=2 errors=13/0/0/0 m4_ms=274600
seq=13730 t=5487.959455 mpu_a=5.4612,19.6127,7.2796 mpu_g=4.6489,6.1756,-0.8550 icm_a=0.7901,5.0039,8.5473 icm_g=0.3049,0.7927,0.1220 age_icm_ms=0.42 mpu_sat=2 errors=13/0/0/0 m4_ms=274620
seq=13731 t=5487.979455 mpu_a=5.2170,19.6127,7.2939 mpu_g=5.1298,2.7634,0.0763 icm_a=0.7183,5.0805,8.3222 icm_g=1.0976,0.7927,-0.2439 age_icm_ms=0.42 mpu_sat=2 errors=13/0/0/0 m4_ms=274640
seq=13732 t=5487.999453 mpu_a=5.4384,19.6127,7.1970 mpu_g=5.2595,0.4275,-0.2901 icm_a=0.6847,5.0853,8.3366 icm_g=0.1220,0.4268,-0.0610 age_icm_ms=0.40 mpu_sat=2 errors=13/0/0/0 m4_ms=274660
seq=13733 t=5488.019454 mpu_a=5.4289,19.6127,7.1419 mpu_g=4.9924,0.9771,-0.3359 icm_a=0.7422,5.0470,8.4851 icm_g=0.7317,0.4268,0.0610 age_icm_ms=0.46 mpu_sat=2 errors=13/0/0/0 m4_ms=274680
seq=13734 t=5488.039454 mpu_a=5.3510,19.6127,7.2820 mpu_g=4.8626,1.5115,-0.1679 icm_a=0.7566,5.0470,8.3127 icm_g=1.6463,0.5488,-0.1829 age_icm_ms=0.42 mpu_sat=2 errors=13/0/0/0 m4_ms=274700
seq=13735 t=5488.059454 mpu_a=5.2864,19.6127,7.1335 mpu_g=4.7328,0.4351,-0.1069 icm_a=0.7087,5.0757,8.1834 icm_g=0.0000,0.3049,-0.4268 age_icm_ms=0.43 mpu_sat=2 errors=13/0/0/0 m4_ms=274720
seq=13736 t=5488.079453 mpu_a=5.4205,19.6127,7.1994 mpu_g=4.9160,0.2824,-0.4809 icm_a=0.6943,5.0901,8.1882 icm_g=-2.1341,-0.0610,-0.4878 age_icm_ms=0.37 mpu_sat=2 errors=13/0/0/0 m4_ms=274740
seq=13737 t=5488.099453 mpu_a=5.4516,19.6127,7.2772 mpu_g=4.6183,2.3130,-0.7099 icm_a=0.6704,5.0805,8.2361 icm_g=-4.3293,-0.4878,-0.1220 age_icm_ms=0.37 mpu_sat=2 errors=13/0/0/0 m4_ms=274760
seq=13738 t=5488.119453 mpu_a=5.5138,19.6127,7.1347 mpu_g=4.0076,4.5802,-0.7099 icm_a=0.7470,5.0470,8.1834 icm_g=-6.0976,-0.9756,-0.2439 age_icm_ms=0.37 mpu_sat=2 errors=13/0/0/0 m4_ms=274780
seq=13739 t=5488.139452 mpu_a=5.3427,19.6127,7.2951 mpu_g=3.7939,6.4733,-0.5649 icm_a=0.6800,5.0278,8.2696 icm_g=-8.1707,-1.2195,-0.4268 age_icm_ms=0.38 mpu_sat=2 errors=13/0/0/0 m4_ms=274800
seq=13740 t=5488.159452 mpu_a=5.3738,19.6127,7.1515 mpu_g=3.2901,8.3511,-0.8473 icm_a=0.7518,4.9847,8.4851 icm_g=-7.7439,-0.9756,-0.1220 age_icm_ms=0.36 mpu_sat=2 errors=13/0/0/0 m4_ms=274820
seq=13741 t=5488.179452 mpu_a=5.3163,19.6127,7.2365 mpu_g=3.1374,10.0458,-0.8550 icm_a=0.7326,4.9416,8.5329 icm_g=-6.1585,-0.6707,-0.3659 age_icm_ms=0.39 mpu_sat=2 errors=13/0/0/0 m4_ms=274840
seq=13742 t=5488.199451 mpu_a=5.1834,19.6127,7.3035 mpu_g=3.4885,9.0840,-0.6489 icm_a=0.6991,4.9560,8.4707 icm_g=-5.1220,-0.5488,-0.3659 age_icm_ms=0.37 mpu_sat=2 errors=13/0/0/0 m4_ms=274860
seq=13743 t=5488.219451 mpu_a=5.3187,19.6127,7.2604 mpu_g=3.8092,7.3206,-0.9160 icm_a=0.7230,4.9321,8.4611 icm_g=-4.6341,-0.5488,-0.1829 age_icm_ms=0.38 mpu_sat=2 errors=13/0/0/0 m4_ms=274880
seq=13744 t=5488.239451 mpu_a=5.2601,19.6127,7.2496 mpu_g=3.8092,6.5878,-0.7252 icm_a=0.7422,4.9177,8.4420 icm_g=-3.7195,0.1829,-0.3659 age_icm_ms=0.37 mpu_sat=2 errors=13/0/0/0 m4_ms=274900
seq=13745 t=5488.259450 mpu_a=5.1619,19.6127,7.1443 mpu_g=3.9084,6.0611,-0.6260 icm_a=0.7661,4.8554,8.3414 icm_g=-3.7805,0.8537,-0.3659 age_icm_ms=0.36 mpu_sat=2 errors=13/0/0/0 m4_ms=274920
seq=13746 t=5488.279450 mpu_a=5.2756,19.6127,7.1922 mpu_g=4.6107,5.1908,-0.7023 icm_a=0.6847,4.8985,8.2073 icm_g=-6.4024,-0.0610,-0.8537 age_icm_ms=0.36 mpu_sat=2 errors=13/0/0/0 m4_ms=274940
seq=13747 t=5488.299450 mpu_a=5.2984,19.6127,7.3622 mpu_g=5.0458,5.5420,-0.8702 icm_a=0.6560,4.9177,8.1786 icm_g=-9.8171,-0.7317,-0.9146 age_icm_ms=0.39 mpu_sat=2 errors=13/0/0/0 m4_ms=274960
seq=13748 t=5488.319451 mpu_a=5.2888,19.6127,7.3454 mpu_g=4.1374,8.1374,-1.4046 icm_a=0.8045,4.8507,8.3653 icm_g=-13.0488,-1.4634,-0.7927 age_icm_ms=0.39 mpu_sat=2 errors=13/0/0/0 m4_ms=274980
seq=13749 t=5488.339450 mpu_a=5.2481,19.6127,7.3251 mpu_g=3.5649,11.6031,-1.5496 icm_a=0.7949,4.8076,8.5617 icm_g=-14.2683,-2.5000,-0.7927 age_icm_ms=0.37 mpu_sat=2 errors=13/0/0/0 m4_ms=275000
seq=13750 t=5488.359453 mpu_a=5.1272,19.6127,7.4831 mpu_g=2.8397,14.7557,-1.5496 icm_a=0.7661,4.7262,8.6814 icm_g=-12.7439,-2.1951,0.0000 age_icm_ms=0.46 mpu_sat=2 errors=13/0/0/0 m4_ms=275020
seq=13751 t=5488.379453 mpu_a=5.2373,19.6127,7.3682 mpu_g=1.8168,15.8092,-1.5496 icm_a=0.7661,4.6783,8.7197 icm_g=-10.6098,-1.8293,0.0000 age_icm_ms=0.39 mpu_sat=2 errors=13/0/0/0 m4_ms=275040
seq=13752 t=5488.399456 mpu_a=4.9907,19.6127,7.3682 mpu_g=2.0534,14.3282,-0.7099 icm_a=0.7614,4.6543,8.7293 icm_g=-8.5976,-1.4634,-0.1829 age_icm_ms=0.44 mpu_sat=2 errors=13/0/0/0 m4_ms=275060
seq=13753 t=5488.419455 mpu_a=4.9500,19.6127,7.3849 mpu_g=2.5344,12.1985,-0.6336 icm_a=0.7470,4.6591,8.6862 icm_g=-6.8293,-1.4024,-0.3049 age_icm_ms=0.35 mpu_sat=2 errors=13/0/0/0 m4_ms=275080
seq=13754 t=5488.439459 mpu_a=4.8710,19.6127,7.5357 mpu_g=2.9466,10.2672,-0.7405 icm_a=0.7661,4.6448,8.6000 icm_g=-5.9146,-1.2195,-0.2439 age_icm_ms=0.45 mpu_sat=2 errors=13/0/0/0 m4_ms=275100
seq=13755 t=5488.459460 mpu_a=4.9763,19.6127,7.4029 mpu_g=2.8702,8.4580,-0.7939 icm_a=0.7470,4.6352,8.5138 icm_g=-6.2805,-1.0366,-0.4268 age_icm_ms=0.42 mpu_sat=2 errors=13/0/0/0 m4_ms=275120
seq=13756 t=5488.479460 mpu_a=4.9404,19.6127,7.3741 mpu_g=3.0992,7.4809,-0.7176 icm_a=0.7470,4.6352,8.4515 icm_g=-8.2927,-1.7073,-0.1829 age_icm_ms=0.42 mpu_sat=2 errors=13/0/0/0 m4_ms=275140
seq=13757 t=5488.499463 mpu_a=5.0111,19.6127,7.4939 mpu_g=3.3817,7.7099,-0.8092 icm_a=0.7709,4.5633,8.5281 icm_g=-10.3049,-2.2561,-0.1829 age_icm_ms=0.61 mpu_sat=2 errors=13/0/0/0 m4_ms=275160
seq=13758 t=5488.519464 mpu_a=5.0087,19.6127,7.5501 mpu_g=2.8702,9.5115,-0.8321 icm_a=0.8092,4.5538,8.7628 icm_g=-10.0610,-1.7073,-0.2439 age_icm_ms=0.51 mpu_sat=2 errors=13/0/0/0 m4_ms=275180
seq=13759 t=5488.539463 mpu_a=4.9201,19.6127,7.4639 mpu_g=2.4351,12.0611,-0.9389 icm_a=0.8188,4.4772,8.9064 icm_g=-7.3780,-0.9756,0.1829 age_icm_ms=0.38 mpu_sat=2 errors=13/0/0/0 m4_ms=275200
seq=13760 t=5488.559462 mpu_a=4.7848,19.6127,7.5741 mpu_g=3.3053,9.7557,-0.3664 icm_a=0.8236,4.4580,8.8346 icm_g=-4.3293,-0.3659,0.0610 age_icm_ms=0.36 mpu_sat=2 errors=13/0/0/0 m4_ms=275220
seq=13761 t=5488.579462 mpu_a=4.7429,19.6127,7.5022 mpu_g=3.8092,6.5115,-0.3130 icm_a=0.7853,4.4867,8.7149 icm_g=-3.2927,-0.4268,-0.2439 age_icm_ms=0.38 mpu_sat=2 errors=13/0/0/0 m4_ms=275240
seq=13762 t=5488.599460 mpu_a=4.9201,19.6127,7.6231 mpu_g=4.1603,4.8702,-0.6260 icm_a=0.7614,4.4915,8.7101 icm_g=-3.2927,-0.9146,0.1829 age_icm_ms=0.37 mpu_sat=2 errors=13/0/0/0 m4_ms=275260
seq=13763 t=5488.619460 mpu_a=4.7956,19.6127,7.5058 mpu_g=3.5267,4.8550,-0.3359 icm_a=0.8380,4.4293,8.7724 icm_g=-2.1951,-0.3659,0.0610 age_icm_ms=0.37 mpu_sat=2 errors=13/0/0/0 m4_ms=275280
seq=13764 t=5488.639459 mpu_a=4.6866,19.6127,7.4771 mpu_g=3.7481,4.3359,-0.1450 icm_a=0.8380,4.4245,8.9447 icm_g=0.3049,0.4878,-0.1220 age_icm_ms=0.36 mpu_sat=2 errors=13/0/0/0 m4_ms=275300
seq=13765 t=5488.659458 mpu_a=4.6914,19.6127,7.4939 mpu_g=4.5649,2.4427,-0.3130 icm_a=0.8092,4.4197,8.8729 icm_g=3.7195,1.4024,-0.3049 age_icm_ms=0.37 mpu_sat=2 errors=13/0/0/0 m4_ms=275320
seq=13766 t=5488.679457 mpu_a=4.7381,19.6127,7.5286 mpu_g=5.4427,-1.0763,-0.3435 icm_a=0.8092,4.4819,8.5952 icm_g=4.3293,1.4634,-0.1829 age_icm_ms=0.36 mpu_sat=2 errors=13/0/0/0 m4_ms=275340
seq=13767 t=5488.699456 mpu_a=4.8471,19.6127,7.5298 mpu_g=5.9237,-3.0382,-0.2901 icm_a=0.7326,4.5298,8.5856 icm_g=2.5000,0.9146,-0.0610 age_icm_ms=0.37 mpu_sat=2 errors=13/0/0/0 m4_ms=275360
seq=13768 t=5488.719455 mpu_a=4.9560,19.6127,7.6231 mpu_g=5.4809,-1.6260,-0.2061 icm_a=0.8380,4.4484,8.7963 icm_g=2.6220,0.7927,0.1220 age_icm_ms=0.36 mpu_sat=2 errors=13/0/0/0 m4_ms=275380
seq=13769 t=5488.739455 mpu_a=4.6926,19.6127,7.4101 mpu_g=4.8244,-0.3664,-0.0153 icm_a=0.7805,4.4772,8.8969 icm_g=5.5488,1.8902,-0.3049 age_icm_ms=0.36 mpu_sat=2 errors=13/0/0/0 m4_ms=275400
seq=13770 t=5488.759454 mpu_a=4.7824,19.6127,7.5441 mpu_g=5.8244,-2.3969,-0.2214 icm_a=0.7709,4.4915,8.8633 icm_g=8.5366,2.5610,-0.0610 age_icm_ms=0.36 mpu_sat=2 errors=13/0/0/0 m4_ms=275420
seq=13771 t=5488.779453 mpu_a=4.8219,19.6127,7.4927 mpu_g=6.6565,-5.6183,-0.1298 icm_a=0.7230,4.5442,8.8538 icm_g=11.5854,3.5366,-0.0610 age_icm_ms=0.35 mpu_sat=2 errors=13/0/0/0 m4_ms=275440
seq=13772 t=5488.799452 mpu_a=4.8926,19.6127,7.4843 mpu_g=7.3817,-8.4046,0.1298 icm_a=0.7949,4.5681,8.5856 icm_g=13.0488,3.9634,-0.2439 age_icm_ms=0.36 mpu_sat=2 errors=13/0/0/0 m4_ms=275460
seq=13773 t=5488.819453 mpu_a=4.8028,19.6127,7.4328 mpu_g=8.1221,-11.0458,0.2901 icm_a=0.8619,4.6687,8.2600 icm_g=10.8537,3.4146,-0.7927 age_icm_ms=0.40 mpu_sat=2 errors=13/0/0/0 m4_ms=275480
seq=13774 t=5488.839453 mpu_a=5.0159,19.6127,7.5788 mpu_g=8.3511,-10.9771,-0.2137 icm_a=0.7230,4.6735,8.4324 icm_g=6.5244,1.8293,-0.6707 age_icm_ms=0.40 mpu_sat=2 errors=13/0/0/0 m4_ms=275500
seq=13775 t=5488.859454 mpu_a=5.0446,19.6127,7.4795 mpu_g=7.0229,-6.8855,-0.6260 icm_a=0.7326,4.6352,8.6957 icm_g=6.5854,2.0732,-0.6098 age_icm_ms=0.39 mpu_sat=2 errors=13/0/0/0 m4_ms=275520
seq=13776 t=5488.879454 mpu_a=4.9656,19.6127,7.3394 mpu_g=6.0153,-4.2061,-0.5649 icm_a=0.7039,4.6878,8.6718 icm_g=8.2927,2.6220,-0.6098 age_icm_ms=0.39 mpu_sat=2 errors=13/0/0/0 m4_ms=275540
seq=13777 t=5488.899455 mpu_a=4.9728,19.6127,7.4136 mpu_g=6.7710,-5.6565,-0.5115 icm_a=0.6943,4.7501,8.3941 icm_g=8.1707,2.4390,-0.3659 age_icm_ms=0.40 mpu_sat=2 errors=13/0/0/0 m4_ms=275560
seq=13778 t=5488.919456 mpu_a=5.1200,19.6127,7.4555 mpu_g=6.9695,-7.0305,-0.3817 icm_a=0.6704,4.7980,8.1259 icm_g=4.1463,1.2805,-0.1829 age_icm_ms=0.39 mpu_sat=2 errors=13/0/0/0 m4_ms=275580
seq=13779 t=5488.939456 mpu_a=5.2038,19.6127,7.4172 mpu_g=6.3969,-5.5267,-0.1374 icm_a=0.6321,4.7692,8.0445 icm_g=-2.3171,0.1829,-0.4268 age_icm_ms=0.37 mpu_sat=2 errors=13/0/0/0 m4_ms=275600
seq=13780 t=5488.959457 mpu_a=5.1044,19.6127,7.3119 mpu_g=5.1145,-0.4046,-0.2672 icm_a=0.8140,4.7692,8.2361 icm_g=-7.9878,-0.5488,-0.9146 age_icm_ms=0.41 mpu_sat=2 errors=13/0/0/0 m4_ms=275620
seq=13781 t=5488.979458 mpu_a=5.0829,19.6127,7.4196 mpu_g=4.4656,5.6641,-0.9542 icm_a=0.7183,4.7357,8.4994 icm_g=-11.8902,-2.6829,-0.3659 age_icm_ms=0.40 mpu_sat=2 errors=13/0/0/0 m4_ms=275640
seq=13782 t=5488.999459 mpu_a=5.2146,19.6127,7.6926 mpu_g=3.3053,10.9237,-1.4656 icm_a=0.7709,4.5969,8.7532 icm_g=-11.6463,-2.9878,-0.1220 age_icm_ms=0.39 mpu_sat=2 errors=13/0/0/0 m4_ms=275660
seq=13783 t=5489.019460 mpu_a=4.9285,19.6127,7.3801 mpu_g=1.3130,13.8855,-0.9771 icm_a=0.7326,4.5729,8.9495 icm_g=-7.8049,-1.4634,-0.4268 age_icm_ms=0.40 mpu_sat=2 errors=13/0/0/0 m4_ms=275680
seq=13784 t=5489.039459 mpu_a=4.8495,19.6127,7.3550 mpu_g=1.5573,12.7252,-0.8626 icm_a=0.7757,4.5490,9.0405 icm_g=-2.4390,0.0000,-0.3659 age_icm_ms=0.40 mpu_sat=2 errors=13/0/0/0 m4_ms=275700
seq=13785 t=5489.059458 mpu_a=4.8411,19.6127,7.4831 mpu_g=3.1756,8.4656,-0.9695 icm_a=0.7614,4.5681,8.9639 icm_g=2.9878,1.0366,-0.2439 age_icm_ms=0.41 mpu_sat=2 errors=13/0/0/0 m4_ms=275720
seq=13786 t=5489.079457 mpu_a=4.8339,19.6127,7.4699 mpu_g=4.4885,3.0992,-0.5878 icm_a=0.7614,4.5921,8.8298 icm_g=7.1341,2.2561,-0.2439 age_icm_ms=0.41 mpu_sat=2 errors=13/0/0/0 m4_ms=275740
seq=13787 t=5489.099457 mpu_a=4.8542,19.6127,7.4005 mpu_g=5.6183,-2.1450,-0.2824 icm_a=0.7326,4.6352,8.6191 icm_g=8.9634,2.6829,-0.1220 age_icm_ms=0.42 mpu_sat=2 errors=13/0/0/0 m4_ms=275760
seq=13788 t=5489.119455 mpu_a=4.9620,19.6127,7.4484 mpu_g=6.6870,-5.8779,-0.1298 icm_a=0.7278,4.6831,8.4611 icm_g=8.3537,2.5000,-0.2439 age_icm_ms=0.35 mpu_sat=2 errors=13/0/0/0 m4_ms=275780
seq=13789 t=5489.139454 mpu_a=4.9859,19.6127,7.4460 mpu_g=7.0458,-7.2901,0.0153 icm_a=0.6895,4.7405,8.3462 icm_g=5.7317,1.8293,-0.2439 age_icm_ms=0.35 mpu_sat=2 errors=13/0/0/0 m4_ms=275800
seq=13790 t=5489.159453 mpu_a=5.0853,19.6127,7.4939 mpu_g=6.7863,-6.5573,-0.1145 icm_a=0.7087,4.7070,8.2983 icm_g=2.1951,0.7317,-0.1220 age_icm_ms=0.36 mpu_sat=2 errors=13/0/0/0 m4_ms=275820
seq=13791 t=5489.179452 mpu_a=5.1200,19.6127,7.4723 mpu_g=6.1450,-3.8550,-0.2443 icm_a=0.7183,4.7262,8.3366 icm_g=-1.2195,-0.0610,-0.2439 age_icm_ms=0.37 mpu_sat=2 errors=13/0/0/0 m4_ms=275840
seq=13792 t=5489.199451 mpu_a=5.0985,19.6127,7.4160 mpu_g=5.0687,-0.3206,-0.2901 icm_a=0.6943,4.6974,8.4228 icm_g=-4.0244,-0.9146,-0.1829 age_icm_ms=0.37 mpu_sat=2 errors=13/0/0/0 m4_ms=275860
seq=13793 t=5489.219452 mpu_a=5.0913,19.6127,7.5118 mpu_g=4.2977,2.9847,-0.4733 icm_a=0.7183,4.6543,8.5617 icm_g=-5.2439,-1.2805,-0.1220 age_icm_ms=0.40 mpu_sat=2 errors=13/0/0/0 m4_ms=275880
seq=13794 t=5489.239451 mpu_a=5.0254,19.6127,7.4041 mpu_g=3.5038,5.7557,-0.5573 icm_a=0.7039,4.6448,8.6622 icm_g=-4.9390,-1.1585,-0.1829 age_icm_ms=0.37 mpu_sat=2 errors=13/0/0/0 m4_ms=275900
seq=13795 t=5489.259451 mpu_a=4.9895,19.6127,7.3861 mpu_g=3.0916,6.9160,-0.6183 icm_a=0.7278,4.6208,8.7245 icm_g=-3.2927,-0.7927,-0.1829 age_icm_ms=0.37 mpu_sat=2 errors=13/0/0/0 m4_ms=275920
seq=13796 t=5489.279451 mpu_a=4.9464,19.6127,7.4220 mpu_g=3.2061,6.6641,-0.6031 icm_a=0.7374,4.6064,8.7628 icm_g=-0.9756,0.0610,-0.1829 age_icm_ms=0.37 mpu_sat=2 errors=13/0/0/0 m4_ms=275940
seq=13797 t=5489.299450 mpu_a=4.9153,19.6127,7.4292 mpu_g=3.5573,5.1145,-0.4809 icm_a=0.7135,4.6256,8.7340 icm_g=1.0976,0.4268,-0.1829 age_icm_ms=0.38 mpu_sat=2 errors=13/0/0/0 m4_ms=275960
seq=13798 t=5489.319450 mpu_a=4.9333,19.6127,7.4855 mpu_g=4.3206,2.8397,-0.4656 icm_a=0.7183,4.6208,8.6766 icm_g=2.6829,0.8537,-0.1220 age_icm_ms=0.37 mpu_sat=2 errors=13/0/0/0 m4_ms=275980
seq=13799 t=5489.339449 mpu_a=4.9488,19.6127,7.4077 mpu_g=4.8015,0.7176,-0.3664 icm_a=0.7135,4.6448,8.5904 icm_g=3.3537,1.0366,-0.1220 age_icm_ms=0.36 mpu_sat=2 errors=13/0/0/0 m4_ms=276000
seq=13800 t=5489.359448 mpu_a=4.9404,19.6127,7.4304 mpu_g=5.2137,-0.8626,-0.1908 icm_a=0.7230,4.6687,8.5377 icm_g=2.9268,0.9756,-0.0610 age_icm_ms=0.36 mpu_sat=2 errors=13/0/0/0 m4_ms=276020
seq=13801 t=5489.379447 mpu_a=5.0374,19.6127,7.4508 mpu_g=5.3282,-1.3588,-0.1679 icm_a=0.7087,4.6783,8.4898 icm_g=1.7683,0.6707,-0.1220 age_icm_ms=0.36 mpu_sat=2 errors=13/0/0/0 m4_ms=276040
seq=13802 t=5489.399447 mpu_a=5.0625,19.6127,7.4436 mpu_g=5.1145,-0.3511,-0.2443 icm_a=0.7183,4.6639,8.4803 icm_g=0.4878,0.2439,-0.1220 age_icm_ms=0.36 mpu_sat=2 errors=13/0/0/0 m4_ms=276060
seq=13803 t=5489.419448 mpu_a=5.0434,19.6127,7.4520 mpu_g=4.7023,0.9008,-0.3053 icm_a=0.6895,4.6783,8.4946 icm_g=-0.9756,-0.1220,-0.0610 age_icm_ms=0.40 mpu_sat=2 errors=13/0/0/0 m4_ms=276080
seq=13804 t=5489.439449 mpu_a=5.0302,19.6127,7.4819 mpu_g=4.4198,2.3817,-0.4122 icm_a=0.7183,4.6400,8.5473 icm_g=-1.8293,-0.4268,-0.1220 age_icm_ms=0.39 mpu_sat=2 errors=13/0/0/0 m4_ms=276100
seq=13805 t=5489.459449 mpu_a=4.9512,19.6127,7.4005 mpu_g=3.9771,3.4427,-0.3664 icm_a=0.6847,4.6687,8.6048 icm_g=-2.0732,-0.4268,-0.1829 age_icm_ms=0.39 mpu_sat=2 errors=13/0/0/0 m4_ms=276120
seq=13806 t=5489.479450 mpu_a=4.9943,19.6127,7.4531 mpu_g=3.9237,3.7099,-0.4656 icm_a=0.7278,4.6448,8.6431 icm_g=-1.7073,-0.3659,-0.0610 age_icm_ms=0.38 mpu_sat=2 errors=13/0/0/0 m4_ms=276140
seq=13807 t=5489.499450 mpu_a=4.9500,19.6127,7.4113 mpu_g=3.9313,3.6031,-0.3740 icm_a=0.7135,4.6304,8.6574 icm_g=-0.6707,-0.1220,-0.0610 age_icm_ms=0.39 mpu_sat=2 errors=13/0/0/0 m4_ms=276160
seq=13808 t=5489.519451 mpu_a=4.9668,19.6127,7.4172 mpu_g=4.2137,2.7481,-0.4198 icm_a=0.7230,4.6352,8.6526 icm_g=0.4268,0.1829,-0.1829 age_icm_ms=0.38 mpu_sat=2 errors=13/0/0/0 m4_ms=276180
seq=13809 t=5489.539450 mpu_a=4.9440,19.6127,7.4855 mpu_g=4.4427,1.5954,-0.3588 icm_a=0.6895,4.6064,8.6287 icm_g=1.2195,0.3659,-0.0610 age_icm_ms=0.36 mpu_sat=2 errors=13/0/0/0 m4_ms=276200
seq=13810 t=5489.559451 mpu_a=4.9668,19.6127,7.4579 mpu_g=4.7252,0.7252,-0.2748 icm_a=0.7230,4.6112,8.5904 icm_g=2.0122,0.4878,-0.0610 age_icm_ms=0.42 mpu_sat=2 errors=13/0/0/0 m4_ms=276220
seq=13811 t=5489.579452 mpu_a=4.9309,19.6127,7.4041 mpu_g=4.7099,-0.0305,-0.1603 icm_a=0.6847,4.6639,8.5665 icm_g=2.0122,0.4268,0.0000 age_icm_ms=0.40 mpu_sat=2 errors=13/0/0/0 m4_ms=276240
seq=13812 t=5489.599453 mpu_a=5.0530,19.6127,7.4927 mpu_g=4.9160,-0.4809,-0.2290 icm_a=0.7278,4.6304,8.5234 icm_g=1.5244,0.1829,0.0610 age_icm_ms=0.39 mpu_sat=2 errors=13/0/0/0 m4_ms=276260
seq=13813 t=5489.619451 mpu_a=4.9512,19.6127,7.3765 mpu_g=4.6260,-0.0992,-0.0840 icm_a=0.7039,4.6831,8.5186 icm_g=0.7927,0.0610,-0.0610 age_icm_ms=0.40 mpu_sat=2 errors=13/0/0/0 m4_ms=276280
seq=13814 t=5489.639451 mpu_a=5.0278,19.6127,7.5070 mpu_g=4.4885,0.3969,-0.1527 icm_a=0.7087,4.6783,8.5281 icm_g=-0.3049,-0.3659,0.0610 age_icm_ms=0.42 mpu_sat=2 errors=13/0/0/0 m4_ms=276300
seq=13815 t=5489.659451 mpu_a=5.0326,19.6127,7.4939 mpu_g=4.2824,1.4122,-0.1679 icm_a=0.7422,4.6591,8.5665 icm_g=-0.7927,-0.4268,0.0000 age_icm_ms=0.43 mpu_sat=2 errors=13/0/0/0 m4_ms=276320
seq=13816 t=5489.679452 mpu_a=4.9716,19.6127,7.4184 mpu_g=3.9618,2.3511,-0.1527 icm_a=0.7135,4.6831,8.6095 icm_g=-1.2805,-0.3659,-0.0610 age_icm_ms=0.43 mpu_sat=2 errors=13/0/0/0 m4_ms=276340
seq=13817 t=5489.699450 mpu_a=5.0051,19.6127,7.4579 mpu_g=3.9542,2.7481,-0.3130 icm_a=0.7326,4.6400,8.6431 icm_g=-1.1585,-0.3049,-0.0610 age_icm_ms=0.42 mpu_sat=2 errors=13/0/0/0 m4_ms=276360
seq=13818 t=5489.719450 mpu_a=4.9333,19.6127,7.4484 mpu_g=3.8855,3.0687,-0.2977 icm_a=0.7278,4.6160,8.6574 icm_g=-0.1220,-0.1220,-0.1220 age_icm_ms=0.43 mpu_sat=2 errors=13/0/0/0 m4_ms=276380
seq=13819 t=5489.739450 mpu_a=4.9141,19.6127,7.4244 mpu_g=4.1069,2.4962,-0.3130 icm_a=0.7278,4.6448,8.6431 icm_g=0.7927,0.0610,-0.0610 age_icm_ms=0.43 mpu_sat=2 errors=13/0/0/0 m4_ms=276400
seq=13820 t=5489.759449 mpu_a=4.9512,19.6127,7.4292 mpu_g=4.3435,1.4733,-0.2595 icm_a=0.7374,4.6448,8.6191 icm_g=1.2195,0.2439,-0.0610 age_icm_ms=0.36 mpu_sat=2 errors=13/0/0/0 m4_ms=276420
seq=13821 t=5489.779449 mpu_a=4.9572,19.6127,7.4352 mpu_g=4.4733,0.6641,-0.2214 icm_a=0.7230,4.6448,8.5952 icm_g=1.4024,0.2439,0.0000 age_icm_ms=0.37 mpu_sat=2 errors=13/0/0/0 m4_ms=276440
seq=13822 t=5489.799449 mpu_a=4.9775,19.6127,7.4687 mpu_g=4.5954,0.3053,-0.2137 icm_a=0.7326,4.6400,8.5665 icm_g=1.2805,0.2439,0.0000 age_icm_ms=0.40 mpu_sat=2 errors=13/0/0/0 m4_ms=276460
seq=13823 t=5489.819448 mpu_a=4.9919,19.6127,7.4591 mpu_g=4.6336,0.2595,-0.1756 icm_a=0.7326,4.6735,8.5617 icm_g=0.7927,0.1220,-0.0610 age_icm_ms=0.37 mpu_sat=2 errors=13/0/0/0 m4_ms=276480
seq=13824 t=5489.839448 mpu_a=5.0254,19.6127,7.4627 mpu_g=4.5649,0.5420,-0.2137 icm_a=0.7183,4.6543,8.5521 icm_g=0.1220,-0.0610,0.0000 age_icm_ms=0.36 mpu_sat=2 errors=13/0/0/0 m4_ms=276500
seq=13825 t=5489.859448 mpu_a=5.0135,19.6127,7.4651 mpu_g=4.4809,1.0916,-0.2748 icm_a=0.7230,4.6543,8.5760 icm_g=-0.2439,-0.0610,-0.0610 age_icm_ms=0.37 mpu_sat=2 errors=13/0/0/0 m4_ms=276520
seq=13826 t=5489.879447 mpu_a=4.9632,19.6127,7.3897 mpu_g=4.3435,1.6870,-0.2519 icm_a=0.7135,4.6687,8.5904 icm_g=-0.5488,-0.1829,-0.0610 age_icm_ms=0.36 mpu_sat=2 errors=13/0/0/0 m4_ms=276540
seq=13827 t=5489.899446 mpu_a=5.0147,19.6127,7.4496 mpu_g=4.3206,2.0382,-0.3206 icm_a=0.7326,4.6448,8.5952 icm_g=-0.6098,-0.1220,-0.0610 age_icm_ms=0.36 mpu_sat=2 errors=13/0/0/0 m4_ms=276560
seq=13828 t=5489.919446 mpu_a=4.9536,19.6127,7.4986 mpu_g=4.2824,2.2901,-0.3282 icm_a=0.7039,4.6448,8.6383 icm_g=-0.6098,0.0610,-0.1829 age_icm_ms=0.36 mpu_sat=2 errors=13/0/0/0 m4_ms=276580
seq=13829 t=5489.939445 mpu_a=4.9811,19.6127,7.4424 mpu_g=4.2901,2.3588,-0.3511 icm_a=0.7326,4.6352,8.6335 icm_g=-0.3659,0.0610,-0.1220 age_icm_ms=0.37 mpu_sat=2 errors=13/0/0/0 m4_ms=276600
seq=13830 t=5489.959445 mpu_a=4.9955,19.6127,7.4412 mpu_g=4.4427,2.2748,-0.4275 icm_a=0.7374,4.6591,8.6239 icm_g=0.0610,0.3659,-0.1829 age_icm_ms=0.37 mpu_sat=2 errors=13/0/0/0 m4_ms=276620
seq=13831 t=5489.979446 mpu_a=4.9572,19.6127,7.4436 mpu_g=4.4885,1.9389,-0.3740 icm_a=0.7230,4.6495,8.6239 icm_g=0.0610,0.4268,-0.1829 age_icm_ms=0.41 mpu_sat=2 errors=13/0/0/0 m4_ms=276640
seq=13832 t=5489.999447 mpu_a=5.0075,19.6127,7.5202 mpu_g=4.7481,1.5038,-0.4656 icm_a=0.7326,4.6400,8.6095 icm_g=0.1829,0.5488,-0.2439 age_icm_ms=0.38 mpu_sat=2 errors=13/0/0/0 m4_ms=276660
seq=13833 t=5490.019448 mpu_a=4.9740,19.6127,7.4280 mpu_g=4.7863,1.5878,-0.4198 icm_a=0.7183,4.6256,8.5952 icm_g=0.4268,0.5488,-0.2439 age_icm_ms=0.40 mpu_sat=2 errors=13/0/0/0 m4_ms=276680
seq=13834 t=5490.039449 mpu_a=4.9799,19.6127,7.4508 mpu_g=4.9008,1.4580,-0.4504 icm_a=0.7087,4.6208,8.5808 icm_g=0.4878,0.5488,-0.1829 age_icm_ms=0.39 mpu_sat=2 errors=13/0/0/0 m4_ms=276700
seq=13835 t=5490.059450 mpu_a=4.9560,19.6127,7.4555 mpu_g=4.8931,1.2519,-0.3893 icm_a=0.7278,4.6256,8.5569 icm_g=0.4268,0.4268,-0.1220 age_icm_ms=0.39 mpu_sat=2 errors=13/0/0/0 m4_ms=276720
seq=13836 t=5490.079451 mpu_a=4.9656,19.6127,7.4388 mpu_g=4.8931,1.1450,-0.4122 icm_a=0.7374,4.6591,8.5712 icm_g=0.1829,0.3659,-0.1829 age_icm_ms=0.41 mpu_sat=2 errors=13/0/0/0 m4_ms=276740
seq=13837 t=5490.099451 mpu_a=4.9620,19.6127,7.4292 mpu_g=4.7786,1.2290,-0.3511 icm_a=0.7183,4.6304,8.5665 icm_g=-0.3659,0.1829,-0.1829 age_icm_ms=0.37 mpu_sat=2 errors=13/0/0/0 m4_ms=276760
seq=13838 t=5490.119453 mpu_a=5.0003,19.6127,7.4879 mpu_g=4.6947,1.4885,-0.3969 icm_a=0.7230,4.6112,8.5856 icm_g=-0.4878,0.0610,-0.1829 age_icm_ms=0.41 mpu_sat=2 errors=13/0/0/0 m4_ms=276780
seq=13839 t=5490.139454 mpu_a=4.9752,19.6127,7.5022 mpu_g=4.5038,1.9847,-0.4275 icm_a=0.7135,4.6256,8.5952 icm_g=-0.4878,0.0610,-0.1829 age_icm_ms=0.40 mpu_sat=2 errors=13/0/0/0 m4_ms=276800
seq=13840 t=5490.159455 mpu_a=4.9524,19.6127,7.4101 mpu_g=4.4122,2.2443,-0.3664 icm_a=0.7326,4.6400,8.6095 icm_g=-0.3659,0.0610,-0.0610 age_icm_ms=0.41 mpu_sat=2 errors=13/0/0/0 m4_ms=276820
seq=13841 t=5490.179457 mpu_a=4.9620,19.6127,7.4508 mpu_g=4.4351,2.0992,-0.4122 icm_a=0.7087,4.6352,8.6095 icm_g=-0.2439,0.1220,-0.0610 age_icm_ms=0.40 mpu_sat=2 errors=13/0/0/0 m4_ms=276840
seq=13842 t=5490.199456 mpu_a=4.9512,19.6127,7.4591 mpu_g=4.3359,2.0000,-0.3282 icm_a=0.7326,4.6256,8.6143 icm_g=0.0610,0.1220,-0.0610 age_icm_ms=0.40 mpu_sat=2 errors=13/0/0/0 m4_ms=276860
seq=13843 t=5490.219455 mpu_a=4.9321,19.6127,7.4388 mpu_g=4.4351,1.7252,-0.2977 icm_a=0.7039,4.6256,8.6287 icm_g=0.1829,0.1829,-0.1220 age_icm_ms=0.41 mpu_sat=2 errors=13/0/0/0 m4_ms=276880
seq=13844 t=5490.239454 mpu_a=4.9787,19.6127,7.4567 mpu_g=4.5191,1.5115,-0.3435 icm_a=0.7183,4.6256,8.6048 icm_g=0.2439,0.1829,-0.0610 age_icm_ms=0.41 mpu_sat=2 errors=13/0/0/0 m4_ms=276900
seq=13845 t=5490.259454 mpu_a=4.9428,19.6127,7.4340 mpu_g=4.5420,1.4580,-0.3282 icm_a=0.7135,4.6208,8.5952 icm_g=0.4268,0.2439,-0.1220 age_icm_ms=0.43 mpu_sat=2 errors=13/0/0/0 m4_ms=276920
seq=13846 t=5490.279453 mpu_a=4.9668,19.6127,7.4603 mpu_g=4.5496,1.3435,-0.3282 icm_a=0.7087,4.6304,8.5856 icm_g=0.3659,0.1220,-0.0610 age_icm_ms=0.42 mpu_sat=2 errors=13/0/0/0 m4_ms=276940
seq=13847 t=5490.299452 mpu_a=4.9596,19.6127,7.4771 mpu_g=4.5573,1.2672,-0.3130 icm_a=0.7326,4.6256,8.5808 icm_g=0.2439,0.2439,-0.0610 age_icm_ms=0.35 mpu_sat=2 errors=13/0/0/0 m4_ms=276960
seq=13848 t=5490.319451 mpu_a=4.9763,19.6127,7.4819 mpu_g=4.5344,1.3817,-0.2901 icm_a=0.7135,4.6352,8.5808 icm_g=0.0610,0.1829,-0.1220 age_icm_ms=0.35 mpu_sat=2 errors=13/0/0/0 m4_ms=276980
seq=13849 t=5490.339450 mpu_a=4.9859,19.6127,7.4927 mpu_g=4.4885,1.5344,-0.3282 icm_a=0.6991,4.6543,8.4036 icm_g=-0.5488,0.1829,-0.0610 age_icm_ms=0.37 mpu_sat=2 errors=13/0/0/0 m4_ms=277000
seq=13850 t=5490.359450 mpu_a=5.0542,19.6127,7.4460 mpu_g=4.4580,1.6641,-0.3206 icm_a=0.4357,4.5490,8.2073 icm_g=-3.8415,1.7683,-1.0976 age_icm_ms=0.37 mpu_sat=2 errors=13/0/0/0 m4_ms=277020
seq=13851 t=5490.379450 mpu_a=4.6196,19.6127,6.8055 mpu_g=4.5878,3.8702,-0.7328 icm_a=0.6752,4.6017,8.3749 icm_g=-6.2195,3.1707,-2.3780 age_icm_ms=0.38 mpu_sat=2 errors=13/0/0/0 m4_ms=277040
seq=13852 t=5490.399448 mpu_a=4.9620,19.6127,7.5058 mpu_g=7.4733,6.7786,-2.4656 icm_a=0.7709,4.6112,9.0309 icm_g=-7.3171,1.7683,-1.7073 age_icm_ms=0.35 mpu_sat=2 errors=13/0/0/0 m4_ms=277060
seq=13853 t=5490.419447 mpu_a=5.0793,19.6127,7.7488 mpu_g=6.7863,9.3511,-2.9466 icm_a=0.9720,4.5107,9.3039 icm_g=-0.6098,2.2561,-0.7927 age_icm_ms=0.37 mpu_sat=2 errors=13/0/0/0 m4_ms=277080
seq=13854 t=5490.439447 mpu_a=4.6878,19.6127,7.7572 mpu_g=6.1145,5.9847,-1.5038 icm_a=0.6033,4.5969,9.1411 icm_g=6.1585,1.7073,-0.1220 age_icm_ms=0.37 mpu_sat=2 errors=13/0/0/0 m4_ms=277100
seq=13855 t=5490.459446 mpu_a=5.0601,19.6127,7.7141 mpu_g=6.4580,-1.5038,-0.6794 icm_a=0.7949,4.4772,8.7101 icm_g=10.5488,2.4390,0.3049 age_icm_ms=0.37 mpu_sat=2 errors=13/0/0/0 m4_ms=277120
seq=13856 t=5490.479446 mpu_a=4.6124,19.6127,7.3298 mpu_g=6.2443,-7.0840,0.6260 icm_a=0.6416,4.7118,8.3701 icm_g=10.5488,3.7195,-0.7927 age_icm_ms=0.37 mpu_sat=2 errors=13/0/0/0 m4_ms=277140
seq=13857 t=5490.499447 mpu_a=5.0542,19.6127,7.5729 mpu_g=7.7405,-9.6412,-0.0992 icm_a=0.6416,4.7309,8.1594 icm_g=4.9390,0.9146,0.3659 age_icm_ms=0.41 mpu_sat=2 errors=13/0/0/0 m4_ms=277160
seq=13858 t=5490.519448 mpu_a=5.2194,19.6127,7.5776 mpu_g=6.9847,-6.7328,-0.2214 icm_a=0.6752,4.6831,8.1786 icm_g=-0.7317,0.1220,-0.3049 age_icm_ms=0.40 mpu_sat=2 errors=13/0/0/0 m4_ms=277180
seq=13859 t=5490.539449 mpu_a=4.9584,19.6127,7.2760 mpu_g=4.5496,-0.7328,0.1985 icm_a=0.6656,4.6687,8.3318 icm_g=-5.1829,-1.3415,-0.1829 age_icm_ms=0.40 mpu_sat=2 errors=13/0/0/0 m4_ms=277200
seq=13860 t=5490.559449 mpu_a=5.1056,19.6127,7.5549 mpu_g=3.9847,4.4198,-0.6794 icm_a=0.6369,4.6448,8.6191 icm_g=-7.2561,-1.7073,-0.5488 age_icm_ms=0.38 mpu_sat=2 errors=13/0/0/0 m4_ms=277220
seq=13861 t=5490.579450 mpu_a=4.9620,19.6127,7.4424 mpu_g=2.7481,8.0611,-0.7252 icm_a=0.7183,4.5633,8.8298 icm_g=-5.9756,-2.0122,0.3049 age_icm_ms=0.40 mpu_sat=2 errors=13/0/0/0 m4_ms=277240
seq=13862 t=5490.599451 mpu_a=4.9967,19.6127,7.6088 mpu_g=2.5954,8.9389,-0.7710 icm_a=0.7661,4.4724,9.2225 icm_g=0.3049,0.7927,-0.7317 age_icm_ms=0.40 mpu_sat=2 errors=13/0/0/0 m4_ms=277260
seq=13863 t=5490.619451 mpu_a=4.5502,19.6127,7.1299 mpu_g=2.8397,6.3359,-0.2824 icm_a=0.6800,4.5298,9.6678 icm_g=12.2561,3.7195,-0.4268 age_icm_ms=0.38 mpu_sat=2 errors=13/0/0/0 m4_ms=277280
seq=13864 t=5490.639453 mpu_a=4.8207,19.6127,7.4639 mpu_g=6.0840,-1.6183,-0.9237 icm_a=0.7087,4.6160,8.6479 icm_g=21.1585,5.2439,-0.6098 age_icm_ms=0.41 mpu_sat=2 errors=13/0/0/0 m4_ms=277300
seq=13865 t=5490.659456 mpu_a=4.7609,19.6127,7.5753 mpu_g=8.7863,-14.2901,0.0992 icm_a=0.5363,4.8746,7.6183 icm_g=14.2683,2.9878,-0.5488 age_icm_ms=0.43 mpu_sat=2 errors=13/0/0/0 m4_ms=277320
seq=13866 t=5490.679457 mpu_a=5.3822,19.6127,7.5274 mpu_g=9.3053,-19.4809,-0.1069 icm_a=0.6081,4.8698,7.4172 icm_g=-0.1220,0.0610,-0.1220 age_icm_ms=0.40 mpu_sat=2 errors=13/0/0/0 m4_ms=277340
seq=13867 t=5490.699456 mpu_a=5.3714,19.6127,7.3682 mpu_g=6.6489,-9.5038,-0.1145 icm_a=0.6512,4.7405,8.3079 icm_g=-10.3049,-2.3780,-0.1220 age_icm_ms=0.40 mpu_sat=2 errors=13/0/0/0 m4_ms=277360
seq=13868 t=5490.719455 mpu_a=5.2325,19.6127,7.4113 mpu_g=3.6412,5.2137,-0.4580 icm_a=0.6177,4.5586,9.1123 icm_g=-8.1098,-1.7073,-0.5488 age_icm_ms=0.41 mpu_sat=2 errors=13/0/0/0 m4_ms=277380
seq=13869 t=5490.739453 mpu_a=4.8279,19.6127,7.3885 mpu_g=1.7939,12.9389,-0.8397 icm_a=0.5746,4.5538,9.1315 icm_g=1.4024,2.3780,-1.4024 age_icm_ms=0.40 mpu_sat=2 errors=13/0/0/0 m4_ms=277400
seq=13870 t=5490.759453 mpu_a=4.6735,19.6127,7.0222 mpu_g=3.2443,8.4656,-1.1603 icm_a=0.6943,4.6448,8.6431 icm_g=6.2805,4.1463,-1.8902 age_icm_ms=0.42 mpu_sat=2 errors=13/0/0/0 m4_ms=277420
seq=13871 t=5490.779452 mpu_a=4.8926,19.6127,7.3586 mpu_g=7.1908,-1.0763,-1.5573 icm_a=0.7278,4.8076,8.4611 icm_g=4.3293,2.2561,-1.6463 age_icm_ms=0.41 mpu_sat=2 errors=13/0/0/0 m4_ms=277440
seq=13872 t=5490.799450 mpu_a=5.1284,19.6127,7.7500 mpu_g=8.5038,-4.8550,-1.8779 icm_a=0.6273,4.7214,8.6670 icm_g=3.1707,0.9756,-0.3049 age_icm_ms=0.37 mpu_sat=2 errors=13/0/0/0 m4_ms=277460
seq=13873 t=5490.819449 mpu_a=5.4372,19.6127,7.5417 mpu_g=6.3664,-2.4504,-1.6260 icm_a=0.6464,4.7070,8.6239 icm_g=4.9390,1.7073,-0.4878 age_icm_ms=0.36 mpu_sat=2 errors=13/0/0/0 m4_ms=277480
seq=13874 t=5490.839449 mpu_a=4.8997,19.6127,7.3179 mpu_g=5.3130,-1.4351,-0.3664 icm_a=0.6416,4.6735,8.6000 icm_g=6.3415,1.8902,-0.9756 age_icm_ms=0.39 mpu_sat=2 errors=13/0/0/0 m4_ms=277500
seq=13875 t=5490.859449 mpu_a=4.9656,19.6127,7.5046 mpu_g=6.0382,-3.3359,-0.5267 icm_a=0.6081,4.7453,8.6048 icm_g=6.4634,1.2805,-1.5244 age_icm_ms=0.38 mpu_sat=2 errors=13/0/0/0 m4_ms=277520
seq=13876 t=5490.879449 mpu_a=5.0015,19.6127,7.4927 mpu_g=6.1832,-4.6412,-0.9542 icm_a=0.4597,4.8698,8.7819 icm_g=8.7195,1.2805,-0.3659 age_icm_ms=0.40 mpu_sat=2 errors=13/0/0/0 m4_ms=277540
seq=13877 t=5490.899449 mpu_a=5.2660,19.6127,7.4663 mpu_g=5.5573,-4.8168,-1.4351 icm_a=0.6656,4.7645,8.4084 icm_g=10.4878,2.1951,0.6098 age_icm_ms=0.36 mpu_sat=2 errors=13/0/0/0 m4_ms=277560
seq=13878 t=5490.919448 mpu_a=5.2481,19.6127,7.2532 mpu_g=5.6718,-6.7863,-0.3282 icm_a=0.6225,4.8123,8.4276 icm_g=8.9634,2.0732,-0.2439 age_icm_ms=0.38 mpu_sat=2 errors=13/0/0/0 m4_ms=277580
seq=13879 t=5490.939448 mpu_a=5.0218,19.6127,7.3095 mpu_g=6.5267,-8.8015,0.9084 icm_a=0.4836,4.9512,8.4420 icm_g=7.5610,0.5488,0.0610 age_icm_ms=0.38 mpu_sat=2 errors=13/0/0/0 m4_ms=277600
seq=13880 t=5490.959448 mpu_a=5.2900,19.6127,7.5836 mpu_g=6.3588,-7.0992,-0.0992 icm_a=0.5124,4.9225,8.4898 icm_g=7.2561,1.0366,1.4024 age_icm_ms=0.36 mpu_sat=2 errors=13/0/0/0 m4_ms=277620
seq=13881 t=5490.979447 mpu_a=5.4564,19.6127,7.1742 mpu_g=4.9542,-5.7405,0.0076 icm_a=0.6033,4.8171,9.0549 icm_g=11.1585,2.0122,2.4390 age_icm_ms=0.38 mpu_sat=2 errors=13/0/0/0 m4_ms=277640
seq=13882 t=5490.999446 mpu_a=5.3247,19.6127,7.3861 mpu_g=5.1679,-5.1679,1.3664 icm_a=0.6512,4.6256,9.0788 icm_g=20.7927,5.7927,1.8293 age_icm_ms=0.37 mpu_sat=2 errors=13/0/0/0 m4_ms=277660
seq=13883 t=5491.019448 mpu_a=4.9021,19.6127,6.9013 mpu_g=5.9008,-7.8779,2.4733 icm_a=0.6895,5.1427,8.9495 icm_g=25.0000,4.2683,0.4878 age_icm_ms=0.40 mpu_sat=2 errors=13/0/0/0 m4_ms=277680
seq=13884 t=5491.039449 mpu_a=5.4612,19.6127,7.6411 mpu_g=9.5954,-22.5496,1.4733 icm_a=0.8619,5.1858,9.5241 icm_g=27.1951,4.6341,0.0000 age_icm_ms=0.40 mpu_sat=2 errors=13/0/0/0 m4_ms=277700
seq=13885 t=5491.059450 mpu_a=5.1128,19.6127,7.2520 mpu_g=8.0382,-25.2595,0.7939 icm_a=1.3360,5.7988,10.1179 icm_g=39.2683,10.4268,-4.8780 age_icm_ms=0.41 mpu_sat=2 errors=13/0/0/0 m4_ms=277720
seq=13886 t=5491.079451 mpu_a=5.3463,19.6127,7.2496 mpu_g=13.2977,-32.8626,-1.9237 icm_a=1.4078,5.6838,9.6103 icm_g=58.7195,13.4756,-14.5122 age_icm_ms=0.41 mpu_sat=2 errors=13/0/0/0 m4_ms=277740
seq=13887 t=5491.099452 mpu_a=4.6436,19.6127,7.7093 mpu_g=17.8244,-52.1069,-9.2901 icm_a=1.1349,5.4444,8.4611 icm_g=67.9268,7.3171,-25.0610 age_icm_ms=0.38 mpu_sat=2 errors=13/0/0/0 m4_ms=277760
seq=13888 t=5491.119453 mpu_a=5.5282,19.6127,7.8374 mpu_g=14.3588,-65.8550,-19.8321 icm_a=0.4453,6.2153,8.4132 icm_g=72.8659,-4.7561,-28.1098 age_icm_ms=0.41 mpu_sat=2 errors=13/0/0/0 m4_ms=277780
seq=13889 t=5491.139454 mpu_a=6.9815,19.6127,8.3522 mpu_g=3.7557,-70.6718,-24.9237 icm_a=-0.2107,6.8522,8.9495 icm_g=77.8049,-18.4146,-21.0976 age_icm_ms=0.40 mpu_sat=2 errors=13/0/0/0 m4_ms=277800
seq=13890 t=5491.159455 mpu_a=8.9136,19.6127,8.5581 mpu_g=-9.4427,-74.3664,-21.6870 icm_a=-0.3400,7.3837,9.1411 icm_g=92.5610,-33.5976,-0.9756 age_icm_ms=0.43 mpu_sat=2 errors=13/0/0/0 m4_ms=277820
seq=13891 t=5491.179455 mpu_a=9.9024,19.6127,8.3246 mpu_g=-23.4504,-84.0992,-5.4427 icm_a=0.0000,6.8091,8.2935 icm_g=104.3902,-48.2317,18.8415 age_icm_ms=0.41 mpu_sat=2 errors=13/0/0/0 m4_ms=277840
seq=13892 t=5491.199454 mpu_a=8.1235,19.6127,8.5497 mpu_g=-38.1374,-99.2977,17.4733 icm_a=0.6704,6.5457,6.9528 icm_g=90.6098,-61.5244,24.0854 age_icm_ms=0.41 mpu_sat=2 errors=13/0/0/0 m4_ms=277860
seq=13893 t=5491.219454 mpu_a=6.9073,19.6127,8.7400 mpu_g=-51.3206,-96.5420,28.7328 icm_a=0.8811,6.5457,6.2010 icm_g=59.5732,-72.8659,24.0854 age_icm_ms=0.42 mpu_sat=2 errors=13/0/0/0 m4_ms=277880
seq=13894 t=5491.239453 mpu_a=7.5525,19.6127,7.7297 mpu_g=-63.5267,-69.8244,27.2137 icm_a=0.7709,6.9671,5.9472 icm_g=30.4268,-80.9146,29.5732 age_icm_ms=0.42 mpu_sat=2 errors=13/0/0/0 m4_ms=277900
seq=13895 t=5491.259452 mpu_a=8.0912,19.6127,6.6068 mpu_g=-72.7328,-38.7557,28.9847 icm_a=0.7039,6.5410,5.2960 icm_g=3.5366,-85.0610,31.6463 age_icm_ms=0.41 mpu_sat=2 errors=13/0/0/0 m4_ms=277920
seq=13896 t=5491.279452 mpu_a=7.0677,19.6127,6.2680 mpu_g=-78.2595,-13.6870,32.8473 icm_a=1.5706,5.6934,4.5298 icm_g=-40.9756,-87.1341,26.0366 age_icm_ms=0.42 mpu_sat=2 errors=13/0/0/0 m4_ms=277940
seq=13897 t=5491.299451 mpu_a=5.8083,19.6127,6.4943 mpu_g=-81.0992,19.8779,29.6336 icm_a=2.1596,5.6551,4.8650 icm_g=-98.1707,-84.5122,20.0610 age_icm_ms=0.36 mpu_sat=2 errors=13/0/0/0 m4_ms=277960
seq=13898 t=5491.319450 mpu_a=7.1539,19.6127,6.1842 mpu_g=-81.6794,70.8931,19.6336 icm_a=1.7382,5.8706,6.0334 icm_g=-144.3293,-76.7683,31.2805 age_icm_ms=0.37 mpu_sat=2 errors=13/0/0/0 m4_ms=277980
seq=13899 t=5491.339450 mpu_a=9.3577,19.6127,5.7808 mpu_g=-76.1985,124.6031,17.7481 icm_a=1.6089,5.8514,7.1156 icm_g=-163.5366,-68.5976,54.0244 age_icm_ms=0.38 mpu_sat=2 errors=13/0/0/0 m4_ms=278000
seq=13900 t=5491.359450 mpu_a=9.3206,19.6127,5.3786 mpu_g=-67.6641,159.1756,34.4733 icm_a=2.8108,5.4540,8.1116 icm_g=-157.6829,-63.7805,63.4756 age_icm_ms=0.39 mpu_sat=2 errors=13/0/0/0 m4_ms=278020
seq=13901 t=5491.379450 mpu_a=6.2058,19.6127,5.3798 mpu_g=-60.8092,167.6947,54.1069 icm_a=4.3383,4.9464,7.9823 icm_g=-146.7073,-62.9878,45.5488 age_icm_ms=0.37 mpu_sat=2 errors=13/0/0/0 m4_ms=278040
seq=13902 t=5491.399449 mpu_a=3.2836,19.6127,6.3901 mpu_g=-57.6336,155.4198,52.9847 icm_a=3.9121,4.6735,7.9583 icm_g=-150.2439,-64.4512,23.1707 age_icm_ms=0.37 mpu_sat=2 errors=13/0/0/0 m4_ms=278060
seq=13903 t=5491.419449 mpu_a=4.4412,19.6127,7.3550 mpu_g=-58.0763,147.9771,29.2977 icm_a=2.6719,4.5107,8.5425 icm_g=-151.0976,-68.1098,26.6463 age_icm_ms=0.37 mpu_sat=2 errors=13/0/0/0 m4_ms=278080
seq=13904 t=5491.439449 mpu_a=7.0234,19.6127,7.3310 mpu_g=-60.5725,153.2214,14.2748 icm_a=3.3088,3.9648,8.8298 icm_g=-134.4512,-73.1098,41.5244 age_icm_ms=0.37 mpu_sat=2 errors=13/0/0/0 m4_ms=278100
seq=13905 t=5491.459448 mpu_a=6.1806,19.6127,6.8079 mpu_g=-64.7099,149.1221,25.6031 icm_a=5.2864,3.3232,9.0022 icm_g=-115.9146,-78.9634,34.3293 age_icm_ms=0.37 mpu_sat=2 errors=13/0/0/0 m4_ms=278120
seq=13906 t=5491.479448 mpu_a=2.4229,19.6127,7.5357 mpu_g=-69.7710,130.4733,37.3588 icm_a=5.1715,3.2034,9.0740 icm_g=-104.1463,-85.8537,12.5610 age_icm_ms=0.37 mpu_sat=2 errors=13/0/0/0 m4_ms=278140
seq=13907 t=5491.499448 mpu_a=1.9860,19.6127,8.1032 mpu_g=-75.7863,113.7176,23.6489 icm_a=3.9169,2.7294,8.5760 icm_g=-92.0122,-94.8171,7.1951 age_icm_ms=0.37 mpu_sat=2 errors=13/0/0/0 m4_ms=278160
seq=13908 t=5491.519447 mpu_a=3.6715,19.6127,7.8805 mpu_g=-83.1374,101.7786,5.0000 icm_a=3.9648,2.3703,7.7093 icm_g=-81.5244,-101.6463,12.6829 age_icm_ms=0.37 mpu_sat=2 errors=13/0/0/0 m4_ms=278180
seq=13909 t=5491.539446 mpu_a=3.8092,19.6127,6.7780 mpu_g=-92.0611,90.2214,4.6107 icm_a=5.2912,1.6664,7.5992 icm_g=-78.9024,-101.2805,11.3415 age_icm_ms=0.36 mpu_sat=2 errors=13/0/0/0 m4_ms=278200
seq=13910 t=5491.559446 mpu_a=1.9800,19.6127,6.2560 mpu_g=-97.4656,81.3053,10.7863 icm_a=5.5929,1.5850,7.8673 icm_g=-87.2561,-95.0000,1.6463 age_icm_ms=0.36 mpu_sat=2 errors=13/0/0/0 m4_ms=278220
seq=13911 t=5491.579446 mpu_a=1.3934,19.6127,6.6714 mpu_g=-95.3435,81.3130,6.8855 icm_a=4.6064,1.6616,7.9392 icm_g=-88.1707,-87.9878,6.9512 age_icm_ms=0.39 mpu_sat=2 errors=13/0/0/0 m4_ms=278240
seq=13912 t=5491.599447 mpu_a=3.4991,19.6127,6.2213 mpu_g=-88.7481,89.4198,-2.0382 icm_a=5.1044,1.3791,7.1826 icm_g=-83.9634,-82.4390,14.7561 age_icm_ms=0.40 mpu_sat=2 errors=13/0/0/0 m4_ms=278260
seq=13913 t=5491.619449 mpu_a=2.9149,19.6127,5.7281 mpu_g=-82.0458,89.0229,5.2519 icm_a=6.3207,0.6273,6.8809 icm_g=-85.9756,-75.8537,5.3049 age_icm_ms=0.40 mpu_sat=2 errors=13/0/0/0 m4_ms=278280
seq=13914 t=5491.639449 mpu_a=0.3831,19.6127,5.3558 mpu_g=-76.6947,85.3511,11.7023 icm_a=6.1675,0.6991,7.3789 icm_g=-92.8659,-66.8293,-7.9268 age_icm_ms=0.40 mpu_sat=2 errors=13/0/0/0 m4_ms=278300
seq=13915 t=5491.659450 mpu_a=-0.2777,19.6127,5.8203 mpu_g=-70.4733,87.5191,1.2672 icm_a=5.7892,1.1013,7.5226 icm_g=-94.2683,-56.3415,-4.1463 age_icm_ms=0.40 mpu_sat=2 errors=13/0/0/0 m4_ms=278320
seq=13916 t=5491.679452 mpu_a=2.3858,19.6127,5.7772 mpu_g=-61.7405,93.9771,-11.7328 icm_a=5.9711,1.1013,6.8235 icm_g=-91.0976,-47.7439,5.4878 age_icm_ms=0.39 mpu_sat=2 errors=13/0/0/0 m4_ms=278340
seq=13917 t=5491.699451 mpu_a=2.7940,19.6127,5.2493 mpu_g=-51.5420,95.2595,-7.9924 icm_a=5.9711,0.6943,5.8658 icm_g=-92.0732,-39.0244,10.9146 age_icm_ms=0.37 mpu_sat=2 errors=13/0/0/0 m4_ms=278360
seq=13918 t=5491.719450 mpu_a=2.0063,19.6127,4.5909 mpu_g=-43.1145,92.1756,1.9084 icm_a=6.0861,-0.4070,5.4827 icm_g=-108.1098,-24.3293,15.8537 age_icm_ms=0.37 mpu_sat=2 errors=13/0/0/0 m4_ms=278380
seq=13919 t=5491.739451 mpu_a=1.5993,19.6127,4.0725 mpu_g=-34.7023,93.3130,7.1603 icm_a=6.8618,-0.4070,6.9719 icm_g=-122.0732,-0.6707,18.9024 age_icm_ms=0.37 mpu_sat=2 errors=13/0/0/0 m4_ms=278400
seq=13920 t=5491.759452 mpu_a=0.4669,19.6127,3.8128 mpu_g=-20.8321,108.2214,10.8473 icm_a=6.9671,0.2394,7.9727 icm_g=-107.6829,28.5366,20.0000 age_icm_ms=0.41 mpu_sat=2 errors=13/0/0/0 m4_ms=278420
seq=13921 t=5491.779454 mpu_a=0.2981,19.6127,2.9173 mpu_g=1.7557,124.3053,13.2672 icm_a=6.4931,0.0958,8.0302 icm_g=-77.5610,55.2439,25.7927 age_icm_ms=0.42 mpu_sat=2 errors=13/0/0/0 m4_ms=278440
seq=13922 t=5491.799455 mpu_a=0.9242,19.6127,2.7210 mpu_g=30.2519,111.7557,14.3130 icm_a=6.0908,-1.1013,6.8426 icm_g=-60.1220,73.1098,24.6951 age_icm_ms=0.40 mpu_sat=2 errors=13/0/0/0 m4_ms=278460
seq=13923 t=5491.819455 mpu_a=0.0215,19.6127,3.7026 mpu_g=57.1832,83.0458,20.6183 icm_a=7.0533,-2.1117,6.9767 icm_g=-61.1585,85.1220,14.1463 age_icm_ms=0.40 mpu_sat=2 errors=13/0/0/0 m4_ms=278480
seq=13924 t=5491.839453 mpu_a=-2.4576,19.6127,4.5562 mpu_g=75.6031,62.2672,21.7863 icm_a=6.8426,-1.6281,7.6758 icm_g=-67.5610,92.7439,5.0610 age_icm_ms=0.41 mpu_sat=2 errors=13/0/0/0 m4_ms=278500
seq=13925 t=5491.859453 mpu_a=-3.0358,19.6127,5.8957 mpu_g=87.6718,61.8550,12.5802 icm_a=5.2672,-1.5227,7.7620 icm_g=-62.9268,90.6098,15.7927 age_icm_ms=0.41 mpu_sat=2 errors=13/0/0/0 m4_ms=278520
seq=13926 t=5491.879452 mpu_a=0.1856,19.6127,6.7241 mpu_g=95.6947,66.6031,8.0687 icm_a=4.3574,-2.4421,7.0054 icm_g=-56.8902,81.8902,29.3293 age_icm_ms=0.41 mpu_sat=2 errors=13/0/0/0 m4_ms=278540
seq=13927 t=5491.899451 mpu_a=-2.7928,19.6127,6.3051 mpu_g=88.1145,59.8626,23.6107 icm_a=6.2058,-3.2226,8.1211 icm_g=-47.4390,77.0732,20.1829 age_icm_ms=0.42 mpu_sat=2 errors=13/0/0/0 m4_ms=278560
seq=13928 t=5491.919451 mpu_a=-5.8454,19.6127,6.2441 mpu_g=80.9618,53.5878,22.2748 icm_a=6.2632,-2.8252,9.0980 icm_g=-27.0732,78.6585,-2.5000 age_icm_ms=0.36 mpu_sat=2 errors=13/0/0/0 m4_ms=278580
seq=13929 t=5491.939450 mpu_a=-3.3710,19.6127,6.6056 mpu_g=81.5878,35.0840,-0.1832 icm_a=5.0518,-2.3846,8.5904 icm_g=-5.6707,79.4512,-4.1463 age_icm_ms=0.36 mpu_sat=2 errors=13/0/0/0 m4_ms=278600
seq=13930 t=5491.959449 mpu_a=-0.6309,19.6127,7.1419 mpu_g=83.3893,11.3664,-7.9924 icm_a=3.8642,-2.8635,7.2975 icm_g=-0.9756,77.3780,11.0366 age_icm_ms=0.38 mpu_sat=2 errors=13/0/0/0 m4_ms=278620
seq=13931 t=5491.979448 mpu_a=-1.1732,19.6127,6.6762 mpu_g=81.7099,1.2443,4.6031 icm_a=3.9313,-3.6392,7.3406 icm_g=-9.6341,76.8902,20.6707 age_icm_ms=0.36 mpu_sat=2 errors=13/0/0/0 m4_ms=278640
seq=13932 t=5491.999449 mpu_a=-3.7792,19.6127,6.3327 mpu_g=80.4275,9.1908,17.9084 icm_a=4.9368,-3.2513,8.5234 icm_g=-9.1463,82.3171,10.0000 age_icm_ms=0.39 mpu_sat=2 errors=13/0/0/0 m4_ms=278660
seq=13933 t=5492.019448 mpu_a=-4.9476,19.6127,6.4057 mpu_g=83.5802,13.7328,14.6412 icm_a=5.3103,-2.5857,9.6391 icm_g=7.9268,88.2317,-7.2561 age_icm_ms=0.36 mpu_sat=2 errors=13/0/0/0 m4_ms=278680
seq=13934 t=5492.039447 mpu_a=-3.1891,19.6127,7.4376 mpu_g=90.6489,2.0382,-2.8473 icm_a=3.6009,-2.3224,8.9064 icm_g=26.4024,85.3049,-7.9878 age_icm_ms=0.37 mpu_sat=2 errors=13/0/0/0 m4_ms=278700
seq=13935 t=5492.059447 mpu_a=-0.6883,19.6127,8.2636 mpu_g=91.2672,-19.7176,-10.6489 icm_a=2.2984,-2.5379,7.5034 icm_g=32.9268,71.5854,8.5366 age_icm_ms=0.37 mpu_sat=2 errors=13/0/0/0 m4_ms=278720
seq=13936 t=5492.079447 mpu_a=-0.4058,19.6127,7.0306 mpu_g=81.3130,-29.0076,0.6565 icm_a=3.1173,-2.4948,8.0302 icm_g=42.3171,62.3780,16.0366 age_icm_ms=0.38 mpu_sat=2 errors=13/0/0/0 m4_ms=278740
seq=13937 t=5492.099447 mpu_a=-3.0263,19.6127,6.2189 mpu_g=68.8702,-34.2672,16.4656 icm_a=3.7685,-2.1644,8.8107 icm_g=55.3659,66.0976,2.8659 age_icm_ms=0.38 mpu_sat=2 errors=13/0/0/0 m4_ms=278760
seq=13938 t=5492.119448 mpu_a=-3.0562,19.6127,6.6176 mpu_g=66.8321,-46.9618,11.7786 icm_a=3.0885,-1.9249,8.7532 icm_g=64.9390,72.7439,-3.5366 age_icm_ms=0.40 mpu_sat=2 errors=13/0/0/0 m4_ms=278780
seq=13939 t=5492.139450 mpu_a=-1.2522,19.6127,7.0054 mpu_g=73.5649,-59.2214,-0.6336 icm_a=2.3655,-1.9537,8.2073 icm_g=68.1707,75.6707,3.5976 age_icm_ms=0.41 mpu_sat=2 errors=13/0/0/0 m4_ms=278800
seq=13940 t=5492.159449 mpu_a=-0.1257,19.6127,7.1192 mpu_g=78.9008,-64.8779,0.2214 icm_a=2.5043,-1.8962,8.4659 icm_g=72.9878,71.9512,11.7073 age_icm_ms=0.37 mpu_sat=2 errors=13/0/0/0 m4_ms=278820
seq=13941 t=5492.179449 mpu_a=-1.1528,19.6127,7.6591 mpu_g=78.9313,-67.0153,10.6031 icm_a=2.6815,-1.3886,9.1650 icm_g=81.0366,66.3415,10.6098 age_icm_ms=0.39 mpu_sat=2 errors=13/0/0/0 m4_ms=278840
seq=13942 t=5492.199451 mpu_a=-1.3551,19.6127,7.9487 mpu_g=73.5954,-73.0916,14.6641 icm_a=1.9249,-0.3831,10.0652 icm_g=95.7317,60.9756,6.7073 age_icm_ms=0.42 mpu_sat=2 errors=13/0/0/0 m4_ms=278860
seq=13943 t=5492.219452 mpu_a=-0.0718,19.6127,8.5138 mpu_g=68.4122,-83.3740,11.5878 icm_a=0.8571,-0.0383,10.0030 icm_g=126.8902,48.0488,14.8171 age_icm_ms=0.40 mpu_sat=2 errors=13/0/0/0 m4_ms=278880
seq=13944 t=5492.239452 mpu_a=1.8100,19.6127,8.3737 mpu_g=60.4427,-104.1374,11.9618 icm_a=0.6704,-0.5171,9.5577 icm_g=145.7317,37.9878,22.7439 age_icm_ms=0.37 mpu_sat=2 errors=13/0/0/0 m4_ms=278900
seq=13945 t=5492.259453 mpu_a=0.7254,19.6127,8.5653 mpu_g=47.4275,-133.6336,24.2290 icm_a=2.0782,-0.5650,8.8011 icm_g=132.8659,34.9390,13.7805 age_icm_ms=0.40 mpu_sat=2 errors=13/0/0/0 m4_ms=278920
seq=13946 t=5492.279453 mpu_a=-1.0104,19.6127,9.2572 mpu_g=40.7557,-141.4656,27.3359 icm_a=2.1644,0.3543,9.1698 icm_g=107.3171,34.7561,3.7805 age_icm_ms=0.38 mpu_sat=2 errors=13/0/0/0 m4_ms=278940
seq=13947 t=5492.299454 mpu_a=0.5686,19.6127,9.4272 mpu_g=39.4504,-120.6107,14.2061 icm_a=0.8954,1.3695,9.9838 icm_g=93.4756,28.9634,6.0366 age_icm_ms=0.40 mpu_sat=2 errors=13/0/0/0 m4_ms=278960
seq=13948 t=5492.319455 mpu_a=2.5917,19.6127,9.9323 mpu_g=38.2137,-98.1298,6.7023 icm_a=0.5459,1.8148,10.3382 icm_g=95.4268,21.4634,12.5610 age_icm_ms=0.41 mpu_sat=2 errors=13/0/0/0 m4_ms=278980
seq=13949 t=5492.339457 mpu_a=2.9892,19.6127,9.7073 mpu_g=31.9542,-89.4962,11.0305 icm_a=0.8284,1.7717,9.8881 icm_g=95.4878,11.8902,15.9756 age_icm_ms=0.41 mpu_sat=2 errors=13/0/0/0 m4_ms=279000
seq=13950 t=5492.359458 mpu_a=2.6384,19.6127,10.0054 mpu_g=24.1450,-92.8779,17.3740 icm_a=1.2546,1.8196,9.4475 icm_g=88.5976,1.2195,19.5122 age_icm_ms=0.41 mpu_sat=2 errors=13/0/0/0 m4_ms=279020
seq=13951 t=5492.379457 mpu_a=2.7138,19.6127,9.9479 mpu_g=14.3893,-91.3053,20.3206 icm_a=1.0870,2.5666,10.0173 icm_g=88.2927,-4.3902,18.2927 age_icm_ms=0.39 mpu_sat=2 errors=13/0/0/0 m4_ms=279040
seq=13952 t=5492.399457 mpu_a=2.4529,19.6127,8.9340 mpu_g=4.3740,-84.5191,23.3282 icm_a=0.6081,3.1795,10.0748 icm_g=92.1341,-8.7195,11.2805 age_icm_ms=0.41 mpu_sat=2 errors=13/0/0/0 m4_ms=279060
seq=13953 t=5492.419455 mpu_a=2.6612,19.6127,9.1087 mpu_g=-0.1527,-85.1985,21.2443 icm_a=1.1349,3.1220,9.7731 icm_g=97.8049,-14.0854,2.4390 age_icm_ms=0.41 mpu_sat=2 errors=13/0/0/0 m4_ms=279080
seq=13954 t=5492.439455 mpu_a=2.7557,19.6127,8.9459 mpu_g=-4.5649,-89.6641,13.8550 icm_a=1.4748,3.0215,9.5529 icm_g=104.6341,-17.6220,3.7195 age_icm_ms=0.43 mpu_sat=2 errors=13/0/0/0 m4_ms=279100
seq=13955 t=5492.459455 mpu_a=3.8499,19.6127,8.4048 mpu_g=-10.1298,-95.8931,6.0687 icm_a=1.3503,3.1412,9.5481 icm_g=105.0610,-19.6341,17.3780 age_icm_ms=0.43 mpu_sat=2 errors=13/0/0/0 m4_ms=279120
seq=13956 t=5492.479454 mpu_a=5.0685,19.6127,8.6359 mpu_g=-13.1756,-102.1527,8.8855 icm_a=0.9242,3.7541,9.3613 icm_g=87.3780,-23.4146,27.1951 age_icm_ms=0.37 mpu_sat=2 errors=13/0/0/0 m4_ms=279140
seq=13957 t=5492.499453 mpu_a=5.2493,19.6127,10.0281 mpu_g=-14.7099,-101.0305,22.7710 icm_a=1.4126,3.4046,8.8921 icm_g=62.1341,-33.3537,24.3902 age_icm_ms=0.37 mpu_sat=2 errors=13/0/0/0 m4_ms=279160
seq=13958 t=5492.519453 mpu_a=3.8199,19.6127,10.6554 mpu_g=-18.5954,-82.6947,31.2748 icm_a=2.2793,3.4860,9.2751 icm_g=54.0244,-45.6098,19.8171 age_icm_ms=0.38 mpu_sat=2 errors=13/0/0/0 m4_ms=279180
seq=13959 t=5492.539452 mpu_a=3.4453,19.6127,9.5493 mpu_g=-28.7634,-57.9847,27.0000 icm_a=2.7342,3.3040,9.1937 icm_g=64.5732,-57.6220,13.1707 age_icm_ms=0.37 mpu_sat=2 errors=13/0/0/0 m4_ms=279200
seq=13960 t=5492.559452 mpu_a=2.9329,19.6127,8.7041 mpu_g=-40.8550,-50.3817,22.1603 icm_a=2.1691,3.2561,8.4372 icm_g=70.6707,-69.5732,7.9268 age_icm_ms=0.37 mpu_sat=2 errors=13/0/0/0 m4_ms=279220
seq=13961 t=5492.579451 mpu_a=2.8240,19.6127,8.6814 mpu_g=-52.4046,-61.1985,16.5115 icm_a=1.6041,4.3000,8.2552 icm_g=56.7073,-75.9146,15.0000 age_icm_ms=0.36 mpu_sat=2 errors=13/0/0/0 m4_ms=279240
seq=13962 t=5492.599451 mpu_a=4.9021,19.6127,8.4934 mpu_g=-64.0534,-68.4580,11.2137 icm_a=2.4086,4.2090,8.5665 icm_g=30.2439,-72.4390,20.0610 age_icm_ms=0.39 mpu_sat=2 errors=13/0/0/0 m4_ms=279260
seq=13963 t=5492.619450 mpu_a=5.4839,19.6127,8.9376 mpu_g=-70.8473,-55.9237,17.5344 icm_a=3.3375,4.0606,8.0828 icm_g=18.1098,-64.8780,20.3049 age_icm_ms=0.38 mpu_sat=2 errors=13/0/0/0 m4_ms=279280
seq=13964 t=5492.639450 mpu_a=4.5610,19.6127,7.1216 mpu_g=-67.9084,-28.1298,21.2672 icm_a=3.0933,4.7692,8.1259 icm_g=5.3659,-60.4878,13.1098 age_icm_ms=0.36 mpu_sat=2 errors=13/0/0/0 m4_ms=279300
seq=13965 t=5492.659451 mpu_a=3.8164,19.6127,7.3586 mpu_g=-60.4733,-16.3893,22.3053 icm_a=2.9497,5.5019,8.5377 icm_g=10.1220,-56.8902,17.0732 age_icm_ms=0.40 mpu_sat=2 errors=13/0/0/0 m4_ms=279320
seq=13966 t=5492.679451 mpu_a=5.6743,19.6127,6.6978 mpu_g=-55.6641,-3.7405,14.4046 icm_a=3.5674,5.2768,8.7484 icm_g=21.1585,-53.5976,25.2439 age_icm_ms=0.39 mpu_sat=2 errors=13/0/0/0 m4_ms=279340
seq=13967 t=5492.699452 mpu_a=5.6671,19.6127,7.9643 mpu_g=-48.6718,-16.7252,25.1221 icm_a=3.9313,4.8890,7.8434 icm_g=9.8171,-55.8537,24.5732 age_icm_ms=0.40 mpu_sat=2 errors=13/0/0/0 m4_ms=279360
seq=13968 t=5492.719454 mpu_a=4.9045,19.6127,9.2189 mpu_g=-49.2748,-12.0305,26.7099 icm_a=3.6583,4.8698,6.9145 icm_g=-17.3171,-66.7683,20.0610 age_icm_ms=0.39 mpu_sat=2 errors=13/0/0/0 m4_ms=279380
seq=13969 t=5492.739454 mpu_a=5.5809,19.6127,8.1989 mpu_g=-58.6794,14.2672,20.4275 icm_a=3.8116,5.1571,6.9959 icm_g=-34.6341,-79.7561,20.4268 age_icm_ms=0.40 mpu_sat=2 errors=13/0/0/0 m4_ms=279400
seq=13970 t=5492.759453 mpu_a=5.8227,19.6127,7.0605 mpu_g=-72.2672,34.5802,19.0076 icm_a=4.3574,5.2768,7.8147 icm_g=-37.3780,-85.1220,20.0610 age_icm_ms=0.37 mpu_sat=2 errors=13/0/0/0 m4_ms=279420
seq=13971 t=5492.779453 mpu_a=5.2289,19.6127,6.5434 mpu_g=-79.8015,40.4733,19.3817 icm_a=4.8698,4.7166,8.0302 icm_g=-33.1098,-82.8049,14.5732 age_icm_ms=0.37 mpu_sat=2 errors=13/0/0/0 m4_ms=279440
seq=13972 t=5492.799453 mpu_a=4.2593,19.6127,6.4631 mpu_g=-78.8702,37.0076,15.5649 icm_a=4.8267,4.5729,7.4843 icm_g=-34.3293,-80.1220,8.1098 age_icm_ms=0.38 mpu_sat=2 errors=13/0/0/0 m4_ms=279460
seq=13973 t=5492.819453 mpu_a=4.7776,19.6127,6.7002 mpu_g=-75.4046,34.6107,8.7863 icm_a=4.6735,4.6639,7.7045 icm_g=-38.5366,-74.8780,5.9146 age_icm_ms=0.37 mpu_sat=2 errors=13/0/0/0 m4_ms=279480
seq=13974 t=5492.839455 mpu_a=5.4899,19.6127,5.8227 mpu_g=-72.7939,39.4122,4.7863 icm_a=4.8123,4.5873,7.7907 icm_g=-39.4512,-66.4024,10.4878 age_icm_ms=0.41 mpu_sat=2 errors=13/0/0/0 m4_ms=279500
seq=13975 t=5492.859456 mpu_a=5.3247,19.6127,6.0023 mpu_g=-64.4809,40.9084,7.4275 icm_a=5.3391,4.0797,7.3741 icm_g=-46.4634,-65.5488,15.7927 age_icm_ms=0.41 mpu_sat=2 errors=13/0/0/0 m4_ms=279520
seq=13976 t=5492.879457 mpu_a=4.9907,19.6127,8.3558 mpu_g=-58.1221,44.2595,12.2519 icm_a=5.5545,3.8834,7.4029 icm_g=-62.9268,-70.9756,17.6829 age_icm_ms=0.40 mpu_sat=2 errors=13/0/0/0 m4_ms=279540
seq=13977 t=5492.899458 mpu_a=4.9716,19.6127,8.1511 mpu_g=-63.8321,58.6641,14.9160 icm_a=5.6407,4.1420,7.7764 icm_g=-72.9878,-72.1341,19.5122 age_icm_ms=0.39 mpu_sat=2 errors=13/0/0/0 m4_ms=279560
seq=13978 t=5492.919458 mpu_a=4.9321,19.6127,6.1184 mpu_g=-68.8015,72.2443,16.4046 icm_a=5.8658,4.1228,7.1395 icm_g=-75.1829,-69.4512,22.9878 age_icm_ms=0.41 mpu_sat=2 errors=13/0/0/0 m4_ms=279580
seq=13979 t=5492.939456 mpu_a=5.2158,19.6127,6.8402 mpu_g=-64.1832,76.8015,18.0687 icm_a=6.2680,3.7876,6.8187 icm_g=-78.2927,-72.7439,23.4756 age_icm_ms=0.41 mpu_sat=2 errors=13/0/0/0 m4_ms=279600
seq=13980 t=5492.959456 mpu_a=4.2425,19.6127,5.7808 mpu_g=-67.2290,78.2366,21.2214 icm_a=6.6176,2.8635,5.9616 icm_g=-90.1829,-71.7683,20.4878 age_icm_ms=0.42 mpu_sat=2 errors=13/0/0/0 m4_ms=279620
seq=13981 t=5492.979456 mpu_a=3.3974,19.6127,6.4272 mpu_g=-66.7252,84.5344,18.9466 icm_a=6.8666,2.2745,6.4691 icm_g=-114.3293,-67.3780,14.9390 age_icm_ms=0.42 mpu_sat=2 errors=13/0/0/0 m4_ms=279640
seq=13982 t=5492.999455 mpu_a=2.8323,19.6127,5.6479 mpu_g=-66.6031,103.1374,13.8244 icm_a=6.0956,2.9497,7.5034 icm_g=-117.8659,-58.9024,19.0244 age_icm_ms=0.37 mpu_sat=2 errors=13/0/0/0 m4_ms=279660
seq=13983 t=5493.019454 mpu_a=4.8315,19.6127,5.0170 mpu_g=-58.6641,121.9008,9.6870 icm_a=6.5410,2.6767,7.0485 icm_g=-100.0610,-55.9146,30.3049 age_icm_ms=0.38 mpu_sat=2 errors=13/0/0/0 m4_ms=279680
seq=13984 t=5493.039454 mpu_a=4.2677,19.6127,5.3534 mpu_g=-52.3740,112.2901,19.1450 icm_a=7.4268,1.3599,5.8227 icm_g=-113.2317,-53.6585,29.2683 age_icm_ms=0.37 mpu_sat=2 errors=13/0/0/0 m4_ms=279700
seq=13985 t=5493.059454 mpu_a=1.8316,19.6127,6.5769 mpu_g=-50.3053,101.0611,27.7023 icm_a=7.6183,0.6800,5.8897 icm_g=-149.9390,-50.0000,19.7561 age_icm_ms=0.39 mpu_sat=2 errors=13/0/0/0 m4_ms=279720
seq=13986 t=5493.079453 mpu_a=1.1899,19.6127,6.3039 mpu_g=-47.8550,127.4504,20.8626 icm_a=7.1060,1.1301,6.8618 icm_g=-156.4634,-44.2683,13.4146 age_icm_ms=0.37 mpu_sat=2 errors=13/0/0/0 m4_ms=279740
seq=13987 t=5493.099453 mpu_a=1.5933,19.6127,4.6340 mpu_g=-43.8779,158.5496,10.1298 icm_a=7.0581,1.2594,7.3310 icm_g=-133.3537,-31.7683,14.3902 age_icm_ms=0.37 mpu_sat=2 errors=13/0/0/0 m4_ms=279760
seq=13988 t=5493.119452 mpu_a=2.2482,19.6127,3.1149 mpu_g=-36.9771,153.1832,6.2901 icm_a=7.0964,0.6321,6.6702 icm_g=-110.4878,-13.1707,15.6098 age_icm_ms=0.37 mpu_sat=2 errors=13/0/0/0 m4_ms=279780
seq=13989 t=5493.139451 mpu_a=1.2462,19.6127,2.9844 mpu_g=-22.3511,126.0611,9.4504 icm_a=7.2065,-0.0670,6.4931 icm_g=-105.6707,6.5854,14.3902 age_icm_ms=0.36 mpu_sat=2 errors=13/0/0/0 m4_ms=279800
seq=13990 t=5493.159451 mpu_a=0.3124,19.6127,3.6081 mpu_g=-3.2672,108.1908,10.7481 icm_a=7.1012,-0.5315,6.6798 icm_g=-110.1220,21.4024,11.7073 age_icm_ms=0.38 mpu_sat=2 errors=13/0/0/0 m4_ms=279820
seq=13991 t=5493.179450 mpu_a=0.0371,19.6127,4.9129 mpu_g=15.5954,107.0763,8.2977 icm_a=7.0390,-0.6656,6.8905 icm_g=-113.4756,25.1220,17.9268 age_icm_ms=0.37 mpu_sat=2 errors=13/0/0/0 m4_ms=279840
seq=13992 t=5493.199449 mpu_a=0.6081,19.6127,6.0454 mpu_g=27.8397,112.1756,6.8397 icm_a=6.6272,-0.3639,7.2640 icm_g=-109.3902,16.2195,30.4268 age_icm_ms=0.39 mpu_sat=2 errors=13/0/0/0 m4_ms=279860
seq=13993 t=5493.219448 mpu_a=1.2857,19.6127,6.8630 mpu_g=28.9160,115.2061,14.3511 icm_a=6.5936,-0.1006,7.1874 icm_g=-80.9756,-1.4024,42.8049 age_icm_ms=0.36 mpu_sat=2 errors=13/0/0/0 m4_ms=279880
seq=13994 t=5493.239448 mpu_a=1.1935,19.6127,6.2884 mpu_g=17.9237,107.8321,27.7023 icm_a=6.7564,-0.7183,6.6080 icm_g=-53.7805,-19.0244,47.4390 age_icm_ms=0.38 mpu_sat=2 errors=13/0/0/0 m4_ms=279900
seq=13995 t=5493.259447 mpu_a=-0.0204,19.6127,6.1543 mpu_g=0.0534,78.4275,40.5191 icm_a=6.8522,-1.4988,6.2537 icm_g=-46.5244,-29.5732,47.1951 age_icm_ms=0.37 mpu_sat=2 errors=13/0/0/0 m4_ms=279920
seq=13996 t=5493.279447 mpu_a=-0.8990,19.6127,6.1028 mpu_g=-16.3817,54.3435,45.0840 icm_a=7.2401,-1.8531,6.5841 icm_g=-46.7683,-31.4634,45.9756 age_icm_ms=0.38 mpu_sat=2 errors=13/0/0/0 m4_ms=279940
seq=13997 t=5493.299448 mpu_a=-1.5838,19.6127,5.6096 mpu_g=-25.6641,49.4885,44.7634 icm_a=7.2688,-1.7047,6.9959 icm_g=-33.0488,-26.5854,46.5854 age_icm_ms=0.40 mpu_sat=2 errors=13/0/0/0 m4_ms=279960
seq=13998 t=5493.319449 mpu_a=-1.4198,19.6127,4.5167 mpu_g=-26.6260,49.5267,43.5496 icm_a=6.8187,-1.8052,6.3638 icm_g=-9.2073,-19.6951,50.4878 age_icm_ms=0.41 mpu_sat=2 errors=13/0/0/0 m4_ms=279980
seq=13999 t=5493.339450 mpu_a=-1.1732,19.6127,3.8188 mpu_g=-21.3359,35.0076,44.9924 icm_a=5.9041,-1.6568,5.4253 icm_g=14.4512,-12.6220,58.5366 age_icm_ms=0.39 mpu_sat=2 errors=13/0/0/0 m4_ms=280000
seq=14000 t=5493.359450 mpu_a=-0.9996,19.6127,3.1196 mpu_g=-14.4504,11.1756,50.0000 icm_a=5.8802,-2.1165,5.6120 icm_g=44.0854,-0.4878,74.3902 age_icm_ms=0.37 mpu_sat=2 errors=13/0/0/0 m4_ms=280020
seq=14001 t=5493.379451 mpu_a=0.2442,19.6127,1.4880 mpu_g=-7.6031,-11.6336,58.9618 icm_a=7.6614,-2.9640,6.3542 icm_g=56.1585,18.7805,73.4756 age_icm_ms=0.41 mpu_sat=2 errors=13/0/0/0 m4_ms=280040
seq=14002 t=5493.399451 mpu_a=-2.4014,19.6127,2.6420 mpu_g=4.6412,-38.7328,75.3740 icm_a=7.2975,-3.6823,6.2872 icm_g=37.6220,35.7317,58.5366 age_icm_ms=0.38 mpu_sat=2 errors=13/0/0/0 m4_ms=280060
seq=14003 t=5493.419451 mpu_a=-4.4784,19.6127,5.4205 mpu_g=23.7710,-51.6947,75.6031 icm_a=6.0382,-3.1316,5.6168 icm_g=23.4756,42.0122,56.0976 age_icm_ms=0.39 mpu_sat=2 errors=13/0/0/0 m4_ms=280080
seq=14004 t=5493.439453 mpu_a=-3.0358,19.6127,5.4324 mpu_g=40.3588,-34.4962,59.6947 icm_a=5.3151,-2.4612,5.7796 icm_g=31.7683,41.1585,63.1707 age_icm_ms=0.42 mpu_sat=2 errors=13/0/0/0 m4_ms=280100
seq=14005 t=5493.459454 mpu_a=-1.6688,19.6127,4.4400 mpu_g=46.7328,-19.6107,55.4427 icm_a=5.3534,-2.3942,6.6798 icm_g=66.8293,45.6707,70.4878 age_icm_ms=0.40 mpu_sat=2 errors=13/0/0/0 m4_ms=280120
seq=14006 t=5493.479454 mpu_a=-1.2773,19.6127,2.7414 mpu_g=45.7786,-25.0458,62.5496 icm_a=6.9528,-3.2801,6.9528 icm_g=93.2927,60.4878,60.7317 age_icm_ms=0.38 mpu_sat=2 errors=13/0/0/0 m4_ms=280140
seq=14007 t=5493.499455 mpu_a=-2.9987,19.6127,2.7533 mpu_g=49.1679,-57.0534,71.3435 icm_a=7.0485,-3.4716,6.6128 icm_g=86.5244,76.8293,30.9146 age_icm_ms=0.41 mpu_sat=2 errors=13/0/0/0 m4_ms=280160
seq=14008 t=5493.519457 mpu_a=-5.7509,19.6127,4.9297 mpu_g=63.0153,-87.6336,66.4427 icm_a=5.3726,-3.0550,6.4931 icm_g=80.6098,87.9268,13.2317 age_icm_ms=0.41 mpu_sat=2 errors=13/0/0/0 m4_ms=280180
seq=14009 t=5493.539461 mpu_a=-1.9381,19.6127,3.9720 mpu_g=90.5573,-77.6107,16.2290 icm_a=4.5298,-2.3750,7.6231 icm_g=94.2683,99.3293,16.4024 age_icm_ms=0.81 mpu_sat=2 errors=13/0/0/0 m4_ms=280200
seq=14010 t=5493.559465 mpu_a=-0.8990,19.6127,4.1300 mpu_g=100.5954,-86.4427,17.0153 icm_a=5.5306,-2.0734,8.2121 icm_g=113.9024,113.1098,21.1585 age_icm_ms=0.60 mpu_sat=2 errors=13/0/0/0 m4_ms=280220
seq=14011 t=5493.579465 mpu_a=-1.1205,19.6127,6.4979 mpu_g=114.2672,-107.3206,24.1527 icm_a=6.1100,-2.5953,8.2504 icm_g=110.6098,118.5366,18.6585 age_icm_ms=0.48 mpu_sat=2 errors=13/0/0/0 m4_ms=280240
seq=14012 t=5493.599464 mpu_a=-2.3092,19.6127,8.9328 mpu_g=122.1527,-110.3282,23.4275 icm_a=5.4157,-2.6624,7.7476 icm_g=88.2317,112.3171,11.2195 age_icm_ms=0.40 mpu_sat=2 errors=13/0/0/0 m4_ms=280260
seq=14013 t=5493.619464 mpu_a=-1.9992,19.6127,9.3913 mpu_g=119.3588,-91.3969,15.4962 icm_a=4.2521,-2.3032,7.7045 icm_g=68.2317,94.2683,6.4024 age_icm_ms=0.36 mpu_sat=2 errors=13/0/0/0 m4_ms=280280
seq=14014 t=5493.639463 mpu_a=-1.9692,19.6127,9.1782 mpu_g=104.0763,-70.5573,9.6107 icm_a=4.2473,-1.7526,8.4036 icm_g=60.2439,76.3415,1.1585 age_icm_ms=0.36 mpu_sat=2 errors=13/0/0/0 m4_ms=280300
seq=14015 t=5493.659462 mpu_a=-1.1935,19.6127,9.3506 mpu_g=85.6336,-59.5267,4.4275 icm_a=4.3239,-1.3886,8.9543 icm_g=52.6220,62.6829,0.7317 age_icm_ms=0.37 mpu_sat=2 errors=13/0/0/0 m4_ms=280320
seq=14016 t=5493.679461 mpu_a=-0.5986,19.6127,9.6319 mpu_g=70.9008,-53.4504,1.7786 icm_a=4.1946,-0.9098,9.7683 icm_g=51.0366,52.6829,1.6463 age_icm_ms=0.36 mpu_sat=2 errors=13/0/0/0 m4_ms=280340
seq=14017 t=5493.699460 mpu_a=-0.6704,19.6127,8.7352 mpu_g=60.0458,-46.4809,2.7176 icm_a=4.3000,-0.4932,10.5153 icm_g=80.6707,43.1707,-6.7073 age_icm_ms=0.36 mpu_sat=2 errors=13/0/0/0 m4_ms=280360
seq=14018 t=5493.719458 mpu_a=-2.1596,19.6127,8.1451 mpu_g=51.1069,-62.2290,1.0458 icm_a=3.7924,-0.5602,9.8545 icm_g=115.4268,34.2683,-27.8659 age_icm_ms=0.35 mpu_sat=2 errors=13/0/0/0 m4_ms=280380
seq=14019 t=5493.739458 mpu_a=-2.0650,19.6127,7.9990 mpu_g=41.5191,-100.5191,-13.9618 icm_a=3.2848,-0.5124,9.2656 icm_g=123.7195,32.0732,-41.0366 age_icm_ms=0.38 mpu_sat=2 errors=13/0/0/0 m4_ms=280400
seq=14020 t=5493.759459 mpu_a=0.3388,19.6127,8.0780 mpu_g=35.6565,-123.0611,-32.4427 icm_a=3.4812,-0.1484,9.2273 icm_g=107.8049,37.0122,-36.7683 age_icm_ms=0.39 mpu_sat=2 errors=13/0/0/0 m4_ms=280420
seq=14021 t=5493.779458 mpu_a=1.9154,19.6127,9.0848 mpu_g=37.9924,-117.6107,-35.8015 icm_a=3.6871,0.4884,9.8306 icm_g=87.5000,39.0854,-25.9756 age_icm_ms=0.37 mpu_sat=2 errors=13/0/0/0 m4_ms=280440
seq=14022 t=5493.799458 mpu_a=2.2446,19.6127,9.9778 mpu_g=43.4580,-94.7557,-27.7557 icm_a=2.5618,1.4222,10.1370 icm_g=81.5244,28.3537,-15.1829 age_icm_ms=0.38 mpu_sat=2 errors=13/0/0/0 m4_ms=280460
seq=14023 t=5493.819458 mpu_a=3.0358,19.6127,10.6578 mpu_g=40.1832,-80.6794,-17.5878 icm_a=2.3128,2.1356,10.4818 icm_g=90.3659,9.0854,-6.1585 age_icm_ms=0.38 mpu_sat=2 errors=13/0/0/0 m4_ms=280480
seq=14024 t=5493.839458 mpu_a=3.0526,19.6127,10.4543 mpu_g=24.5649,-81.3282,-6.9389 icm_a=3.4381,2.4708,10.5632 icm_g=110.3659,-11.7683,-6.0976 age_icm_ms=0.38 mpu_sat=2 errors=13/0/0/0 m4_ms=280500
seq=14025 t=5493.859458 mpu_a=2.4588,19.6127,10.0102 mpu_g=4.2672,-95.2672,-0.7252 icm_a=3.0981,1.9680,9.3996 icm_g=129.6951,-30.0000,-6.6463 age_icm_ms=0.39 mpu_sat=2 errors=13/0/0/0 m4_ms=280520
seq=14026 t=5493.879458 mpu_a=2.8826,19.6127,9.4080 mpu_g=-15.3282,-117.6718,-1.7328 icm_a=2.5474,2.0207,7.9009 icm_g=119.6951,-44.0854,-0.4878 age_icm_ms=0.36 mpu_sat=2 errors=13/0/0/0 m4_ms=280540
seq=14027 t=5493.899460 mpu_a=3.2585,19.6127,9.2727 mpu_g=-31.6565,-128.0000,1.1756 icm_a=2.9066,2.9592,8.2791 icm_g=100.9756,-45.7317,8.9024 age_icm_ms=0.40 mpu_sat=2 errors=13/0/0/0 m4_ms=280560
seq=14028 t=5493.919461 mpu_a=4.4616,19.6127,7.8578 mpu_g=-42.0076,-109.8855,7.9542 icm_a=3.7445,3.6057,9.2608 icm_g=93.5366,-35.3049,17.0122 age_icm_ms=0.41 mpu_sat=2 errors=13/0/0/0 m4_ms=280580
seq=14029 t=5493.939462 mpu_a=4.5119,19.6127,6.7050 mpu_g=-38.5649,-92.0611,16.3664 icm_a=3.6200,3.3854,8.8394 icm_g=100.6098,-23.6585,15.9146 age_icm_ms=0.40 mpu_sat=2 errors=13/0/0/0 m4_ms=280600
seq=14030 t=5493.959461 mpu_a=3.3998,19.6127,6.6331 mpu_g=-26.1069,-90.9771,21.9924 icm_a=3.5147,3.2896,7.1826 icm_g=107.6220,-17.7439,6.7683 age_icm_ms=0.39 mpu_sat=2 errors=13/0/0/0 m4_ms=280620
seq=14031 t=5493.979459 mpu_a=2.5151,19.6127,5.9855 mpu_g=-16.3511,-100.6565,18.5038 icm_a=3.3567,3.4716,6.0621 icm_g=90.7317,-9.8171,-3.6585 age_icm_ms=0.40 mpu_sat=2 errors=13/0/0/0 m4_ms=280640
seq=14032 t=5493.999459 mpu_a=3.3698,19.6127,5.4887 mpu_g=-11.5267,-102.9695,8.0076 icm_a=3.3758,4.0797,6.5841 icm_g=67.0122,11.0366,-2.0122 age_icm_ms=0.41 mpu_sat=2 errors=13/0/0/0 m4_ms=280660
seq=14033 t=5494.019458 mpu_a=5.2361,19.6127,4.1803 mpu_g=-1.7405,-82.1679,-1.1450 icm_a=3.3662,4.4101,7.3167 icm_g=56.8293,42.0732,5.4268 age_icm_ms=0.41 mpu_sat=2 errors=13/0/0/0 m4_ms=280680
seq=14034 t=5494.039457 mpu_a=5.5246,19.6127,3.1149 mpu_g=21.8244,-60.2214,1.8473 icm_a=3.4716,4.5250,7.7093 icm_g=65.1829,73.9024,3.8415 age_icm_ms=0.41 mpu_sat=2 errors=13/0/0/0 m4_ms=280700
seq=14035 t=5494.059456 mpu_a=4.4496,19.6127,2.9688 mpu_g=53.2977,-54.1756,7.9847 icm_a=3.0358,4.6687,7.3263 icm_g=70.6707,102.3171,-8.6585 age_icm_ms=0.41 mpu_sat=2 errors=13/0/0/0 m4_ms=280720
seq=14036 t=5494.079456 mpu_a=3.8271,19.6127,3.6129 mpu_g=83.8931,-64.5267,4.1069 icm_a=2.8347,4.9704,7.5082 icm_g=62.3780,128.5976,-19.2683 age_icm_ms=0.37 mpu_sat=2 errors=13/0/0/0 m4_ms=280740
seq=14037 t=5494.099455 mpu_a=4.7848,19.6127,4.3491 mpu_g=110.6947,-68.3740,-9.1069 icm_a=3.0598,5.0661,8.4515 icm_g=47.6829,149.7561,-22.0732 age_icm_ms=0.38 mpu_sat=2 errors=13/0/0/0 m4_ms=280760
seq=14038 t=5494.119454 mpu_a=5.3702,19.6127,5.9113 mpu_g=135.7176,-58.9695,-19.1527 icm_a=2.5187,5.3295,8.8825 icm_g=31.2195,158.4146,-19.5732 age_icm_ms=0.36 mpu_sat=2 errors=13/0/0/0 m4_ms=280780
seq=14039 t=5494.139454 mpu_a=6.4871,19.6127,8.0493 mpu_g=155.2901,-44.1069,-21.7863 icm_a=1.3024,5.4636,8.2935 icm_g=11.2195,149.5732,-19.2073 age_icm_ms=0.36 mpu_sat=2 errors=13/0/0/0 m4_ms=280800
seq=14040 t=5494.159453 mpu_a=6.0801,19.6127,9.8904 mpu_g=161.8626,-27.9313,-19.9160 icm_a=-0.7087,5.4157,7.6279 icm_g=-7.9878,131.9512,-18.1707 age_icm_ms=0.36 mpu_sat=2 errors=13/0/0/0 m4_ms=280820
seq=14041 t=5494.179452 mpu_a=6.1316,19.6127,9.6031 mpu_g=151.6870,-8.6641,-20.3359 icm_a=-0.5794,5.2002,7.8195 icm_g=-26.0976,116.8902,-10.9146 age_icm_ms=0.36 mpu_sat=2 errors=13/0/0/0 m4_ms=280840
seq=14042 t=5494.199452 mpu_a=6.4476,19.6127,8.7329 mpu_g=133.7557,10.0229,-19.8473 icm_a=1.4557,5.2577,9.3230 icm_g=-41.8902,109.3902,-7.9878 age_icm_ms=0.36 mpu_sat=2 errors=13/0/0/0 m4_ms=280860
seq=14043 t=5494.219451 mpu_a=5.7904,19.6127,8.7065 mpu_g=119.3053,27.9389,-13.2137 icm_a=1.5610,5.5258,10.3334 icm_g=-51.0976,102.8049,-15.6098 age_icm_ms=0.36 mpu_sat=2 errors=13/0/0/0 m4_ms=280880
seq=14044 t=5494.239450 mpu_a=4.7657,19.6127,10.0425 mpu_g=112.4427,43.5573,-11.0382 icm_a=-0.9050,5.9855,10.0461 icm_g=-45.8537,89.2073,-17.1341 age_icm_ms=0.36 mpu_sat=2 errors=13/0/0/0 m4_ms=280900
seq=14045 t=5494.259450 mpu_a=5.8227,19.6127,10.3705 mpu_g=106.2672,52.0000,-18.7405 icm_a=-2.3415,5.9472,8.6718 icm_g=-29.2683,70.3659,-3.6585 age_icm_ms=0.38 mpu_sat=2 errors=13/0/0/0 m4_ms=280920
seq=14046 t=5494.279450 mpu_a=7.6782,19.6127,8.8981 mpu_g=92.8550,47.0992,-20.7863 icm_a=-1.3934,5.2289,8.4372 icm_g=-18.6585,52.7439,-2.4390 age_icm_ms=0.38 mpu_sat=2 errors=13/0/0/0 m4_ms=280940
seq=14047 t=5494.299450 mpu_a=6.0166,19.6127,8.1163 mpu_g=74.8397,30.8855,-6.6183 icm_a=-0.1389,4.7932,8.9160 icm_g=-25.1829,45.7927,-15.1829 age_icm_ms=0.38 mpu_sat=2 errors=13/0/0/0 m4_ms=280960
seq=14048 t=5494.319450 mpu_a=3.7709,19.6127,8.4491 mpu_g=57.3664,20.3359,-2.9466 icm_a=-0.7805,5.0278,9.5289 icm_g=-32.5610,51.4634,-16.8902 age_icm_ms=0.39 mpu_sat=2 errors=13/0/0/0 m4_ms=280980
seq=14049 t=5494.339452 mpu_a=5.0350,19.6127,8.1726 mpu_g=49.1908,24.3969,-15.1221 icm_a=-1.6185,4.8267,8.8538 icm_g=-29.2683,58.5366,-9.7561 age_icm_ms=0.42 mpu_sat=2 errors=13/0/0/0 m4_ms=281000
seq=14050 t=5494.359453 mpu_a=6.0885,19.6127,7.0832 mpu_g=53.3817,32.9924,-19.8626 icm_a=-1.2306,4.6256,8.8394 icm_g=-26.5244,61.2805,-9.3293 age_icm_ms=0.41 mpu_sat=2 errors=13/0/0/0 m4_ms=281020
seq=14051 t=5494.379452 mpu_a=4.2401,19.6127,7.8207 mpu_g=64.8626,27.7023,-10.2290 icm_a=-0.7278,4.0127,8.5856 icm_g=-32.3780,59.7561,-16.8902 age_icm_ms=0.38 mpu_sat=2 errors=13/0/0/0 m4_ms=281040
seq=14052 t=5494.399454 mpu_a=3.1927,19.6127,8.6706 mpu_g=64.4962,30.5802,-16.3206 icm_a=-1.2594,4.0606,8.3606 icm_g=-47.5000,54.0244,-25.7927 age_icm_ms=0.40 mpu_sat=2 errors=13/0/0/0 m4_ms=281060
seq=14053 t=5494.419452 mpu_a=5.1008,19.6127,8.5964 mpu_g=59.7023,43.7634,-26.9924 icm_a=-2.1308,4.2856,8.4324 icm_g=-49.6341,43.7195,-18.0488 age_icm_ms=0.37 mpu_sat=2 errors=13/0/0/0 m4_ms=281080
seq=14054 t=5494.439453 mpu_a=5.6515,19.6127,7.8278 mpu_g=50.6565,51.9695,-24.5420 icm_a=-2.5522,4.2282,7.9200 icm_g=-42.3780,30.4878,-9.2683 age_icm_ms=0.40 mpu_sat=2 errors=13/0/0/0 m4_ms=281100
seq=14055 t=5494.459453 mpu_a=4.5562,19.6127,7.4496 mpu_g=38.2214,45.0992,-13.3740 icm_a=-1.4653,3.5243,8.0637 icm_g=-43.8415,21.7683,-13.8415 age_icm_ms=0.38 mpu_sat=2 errors=13/0/0/0 m4_ms=281120
seq=14056 t=5494.479456 mpu_a=2.2051,19.6127,8.2564 mpu_g=27.6794,42.4275,-12.2366 icm_a=-0.6752,2.4469,7.5465 icm_g=-69.2073,16.2195,-33.3537 age_icm_ms=0.45 mpu_sat=2 errors=13/0/0/0 m4_ms=281140
seq=14057 t=5494.499455 mpu_a=1.1911,19.6127,9.2105 mpu_g=22.0229,57.3664,-28.2901 icm_a=-2.1883,1.8723,7.6567 icm_g=-109.5732,10.3049,-47.5610 age_icm_ms=0.40 mpu_sat=2 errors=13/0/0/0 m4_ms=281160
seq=14058 t=5494.519455 mpu_a=2.7007,19.6127,9.3194 mpu_g=16.2977,93.5496,-48.5878 icm_a=-3.3040,1.5897,8.2552 icm_g=-142.5000,4.7561,-47.8659 age_icm_ms=0.42 mpu_sat=2 errors=13/0/0/0 m4_ms=281180
seq=14059 t=5494.539454 mpu_a=2.7150,19.6127,8.8573 mpu_g=10.5420,130.5802,-54.3740 icm_a=-3.0263,1.7909,9.7683 icm_g=-153.1098,-0.3659,-47.7439 age_icm_ms=0.41 mpu_sat=2 errors=13/0/0/0 m4_ms=281200
seq=14060 t=5494.559452 mpu_a=2.6324,19.6127,8.9627 mpu_g=5.3053,150.9924,-54.0611 icm_a=-3.1460,1.9393,10.5249 icm_g=-142.0122,-7.5000,-47.9268 age_icm_ms=0.40 mpu_sat=2 errors=13/0/0/0 m4_ms=281220
seq=14061 t=5494.579452 mpu_a=2.7940,19.6127,9.3015 mpu_g=-0.0687,147.6107,-54.2519 icm_a=-3.9121,1.6855,10.0748 icm_g=-119.0244,-20.8537,-40.9146 age_icm_ms=0.42 mpu_sat=2 errors=13/0/0/0 m4_ms=281240
seq=14062 t=5494.599452 mpu_a=3.3710,19.6127,8.9352 mpu_g=-10.2672,128.6565,-50.7786 icm_a=-3.9887,1.3168,9.6199 icm_g=-95.0000,-36.6463,-27.5000 age_icm_ms=0.42 mpu_sat=2 errors=13/0/0/0 m4_ms=281260
seq=14063 t=5494.619451 mpu_a=3.0646,19.6127,8.4168 mpu_g=-25.3969,104.9618,-38.4580 icm_a=-3.2274,0.8092,9.4044 icm_g=-77.0732,-47.3780,-16.7683 age_icm_ms=0.37 mpu_sat=2 errors=13/0/0/0 m4_ms=281280
seq=14064 t=5494.639450 mpu_a=1.9968,19.6127,7.9487 mpu_g=-39.0687,84.6794,-24.5649 icm_a=-2.5570,0.4884,9.1650 icm_g=-70.7927,-49.6341,-11.8902 age_icm_ms=0.36 mpu_sat=2 errors=13/0/0/0 m4_ms=281300
seq=14065 t=5494.659450 mpu_a=1.2941,19.6127,7.7141 mpu_g=-45.4122,72.5115,-16.3511 icm_a=-2.2170,0.3065,9.3853 icm_g=-72.5610,-45.0000,-6.6463 age_icm_ms=0.38 mpu_sat=2 errors=13/0/0/0 m4_ms=281320
seq=14066 t=5494.679450 mpu_a=1.5179,19.6127,7.4950 mpu_g=-43.9771,71.8244,-12.4122 icm_a=-1.5275,0.1101,10.3477 icm_g=-68.5366,-36.4024,-1.2805 age_icm_ms=0.39 mpu_sat=2 errors=13/0/0/0 m4_ms=281340
seq=14067 t=5494.699450 mpu_a=0.8679,19.6127,7.8350 mpu_g=-36.9695,73.3130,-6.8168 icm_a=-1.2067,-0.1676,10.3765 icm_g=-57.3780,-30.8537,-3.7805 age_icm_ms=0.38 mpu_sat=2 errors=13/0/0/0 m4_ms=281360
seq=14068 t=5494.719449 mpu_a=-0.3986,19.6127,8.2815 mpu_g=-28.4809,65.6947,-3.7710 icm_a=-1.9249,-0.5650,9.7923 icm_g=-47.3780,-33.9634,-10.0610 age_icm_ms=0.36 mpu_sat=2 errors=13/0/0/0 m4_ms=281380
seq=14069 t=5494.739449 mpu_a=-0.5734,19.6127,8.8262 mpu_g=-26.1527,53.6412,-8.4198 icm_a=-2.2553,-0.9577,9.1459 icm_g=-44.1463,-43.4146,-9.7561 age_icm_ms=0.36 mpu_sat=2 errors=13/0/0/0 m4_ms=281400
seq=14070 t=5494.759448 mpu_a=-0.1365,19.6127,9.0585 mpu_g=-32.2824,45.6412,-12.6260 icm_a=-1.5083,-1.1875,9.3518 icm_g=-49.6951,-54.3902,-4.4512 age_icm_ms=0.36 mpu_sat=2 errors=13/0/0/0 m4_ms=281420
seq=14071 t=5494.779448 mpu_a=0.0886,19.6127,9.5217 mpu_g=-42.7405,45.9924,-10.0687 icm_a=-0.4693,-0.8906,9.7636 icm_g=-55.5488,-65.5488,1.7073 age_icm_ms=0.37 mpu_sat=2 errors=13/0/0/0 m4_ms=281440
seq=14072 t=5494.799447 mpu_a=-0.0503,19.6127,9.9910 mpu_g=-53.3435,52.8702,-4.0000 icm_a=-0.5842,-1.0247,9.6822 icm_g=-57.9268,-79.5732,-1.8293 age_icm_ms=0.37 mpu_sat=2 errors=13/0/0/0 m4_ms=281460
seq=14073 t=5494.819446 mpu_a=-0.9301,19.6127,9.9048 mpu_g=-64.4733,59.0076,-0.3664 icm_a=-0.4884,-1.4748,9.6486 icm_g=-44.0244,-96.8902,-10.4878 age_icm_ms=0.37 mpu_sat=2 errors=13/0/0/0 m4_ms=281480
seq=14074 t=5494.839446 mpu_a=-1.8244,19.6127,9.1339 mpu_g=-79.2901,56.6641,-5.5344 icm_a=-0.5219,-2.1261,9.3996 icm_g=-22.8049,-113.0488,-18.7195 age_icm_ms=0.39 mpu_sat=2 errors=13/0/0/0 m4_ms=281500
seq=14075 t=5494.859447 mpu_a=-2.4708,19.6127,8.5269 mpu_g=-96.5115,39.6641,-13.9084 icm_a=-0.3687,-2.4517,9.0261 icm_g=-9.5122,-122.1341,-10.1220 age_icm_ms=0.39 mpu_sat=2 errors=13/0/0/0 m4_ms=281520
seq=14076 t=5494.879448 mpu_a=-0.6201,19.6127,7.8470 mpu_g=-111.2137,18.9313,-18.5038 icm_a=0.1915,-1.3886,8.9112 icm_g=-12.9268,-125.2439,15.9756 age_icm_ms=0.40 mpu_sat=2 errors=13/0/0/0 m4_ms=281540
seq=14077 t=5494.899448 mpu_a=1.1384,19.6127,8.3749 mpu_g=-118.1450,9.4656,-4.8397 icm_a=-0.1006,-1.7334,9.2656 icm_g=-34.3293,-126.8902,24.0854 age_icm_ms=0.39 mpu_sat=2 errors=13/0/0/0 m4_ms=281560
seq=14078 t=5494.919450 mpu_a=-0.1030,19.6127,9.4355 mpu_g=-119.9008,19.3740,19.5725 icm_a=1.5419,-2.3176,9.6295 icm_g=-20.3659,-130.3049,13.5366 age_icm_ms=0.40 mpu_sat=2 errors=13/0/0/0 m4_ms=281580
seq=14079 t=5494.939450 mpu_a=-3.3686,19.6127,7.3251 mpu_g=-122.0611,37.3435,23.5496 icm_a=2.5809,-2.7773,9.7061 icm_g=7.8049,-132.7439,-15.1220 age_icm_ms=0.39 mpu_sat=2 errors=13/0/0/0 m4_ms=281600
seq=14080 t=5494.959450 mpu_a=-5.7904,19.6127,7.1359 mpu_g=-125.3435,19.1298,10.5115 icm_a=1.4509,-2.4469,9.1937 icm_g=31.7073,-131.4634,-24.8171 age_icm_ms=0.37 mpu_sat=2 errors=13/0/0/0 m4_ms=281620
seq=14081 t=5494.979451 mpu_a=-3.0131,19.6127,6.7804 mpu_g=-127.6947,-10.5038,-16.3893 icm_a=1.2450,-1.3024,9.1171 icm_g=43.2317,-125.6707,-4.5732 age_icm_ms=0.40 mpu_sat=2 errors=13/0/0/0 m4_ms=281640
seq=14082 t=5494.999453 mpu_a=0.6285,19.6127,6.6966 mpu_g=-126.0000,-33.2366,-21.5573 icm_a=2.3607,-1.4030,9.2464 icm_g=40.2439,-116.8293,1.4634 age_icm_ms=0.41 mpu_sat=2 errors=13/0/0/0 m4_ms=281660
seq=14083 t=5495.019454 mpu_a=-0.3627,19.6127,7.8003 mpu_g=-120.0458,-41.7099,-1.3282 icm_a=3.8259,-1.6376,9.0309 icm_g=43.1707,-105.9756,-7.4390 age_icm_ms=0.41 mpu_sat=2 errors=13/0/0/0 m4_ms=281680
seq=14084 t=5495.039456 mpu_a=-2.4768,19.6127,6.7852 mpu_g=-111.5115,-38.1527,4.6489 icm_a=4.0989,-1.6807,9.0405 icm_g=48.9634,-93.0488,-14.4512 age_icm_ms=0.40 mpu_sat=2 errors=13/0/0/0 m4_ms=281700
seq=14085 t=5495.059456 mpu_a=-2.1488,19.6127,6.3351 mpu_g=-101.0840,-41.1832,-4.3435 icm_a=4.1563,-0.9864,9.3278 icm_g=59.8780,-80.3659,-13.5976 age_icm_ms=0.42 mpu_sat=2 errors=13/0/0/0 m4_ms=281720
seq=14086 t=5495.079455 mpu_a=-1.1109,19.6127,6.3925 mpu_g=-88.4275,-47.1908,-11.4885 icm_a=4.0079,-0.6273,9.3470 icm_g=85.0000,-70.6098,-12.8659 age_icm_ms=0.42 mpu_sat=2 errors=13/0/0/0 m4_ms=281740
seq=14087 t=5495.099454 mpu_a=-0.5183,19.6127,5.8993 mpu_g=-75.9237,-57.0611,-10.6641 icm_a=3.9935,-1.0678,8.2552 icm_g=98.7195,-63.5976,-28.3537 age_icm_ms=0.41 mpu_sat=2 errors=13/0/0/0 m4_ms=281760
seq=14088 t=5495.119454 mpu_a=-2.1368,19.6127,6.7588 mpu_g=-66.0458,-81.0000,-8.1145 icm_a=4.5442,-1.0870,7.6040 icm_g=93.5366,-51.2195,-42.8049 age_icm_ms=0.42 mpu_sat=2 errors=13/0/0/0 m4_ms=281780
seq=14089 t=5495.139453 mpu_a=-2.3451,19.6127,5.6790 mpu_g=-59.6565,-96.9237,-21.1756 icm_a=4.5490,-0.5219,8.2887 icm_g=79.4512,-29.0854,-42.0732 age_icm_ms=0.37 mpu_sat=2 errors=13/0/0/0 m4_ms=281800
seq=14090 t=5495.159452 mpu_a=-0.3508,19.6127,5.4971 mpu_g=-49.1221,-95.2901,-36.8321 icm_a=4.3335,0.2682,8.7532 icm_g=85.3659,-6.4634,-38.2317 age_icm_ms=0.37 mpu_sat=2 errors=13/0/0/0 m4_ms=281820
seq=14091 t=5495.179452 mpu_a=0.7697,19.6127,4.9608 mpu_g=-28.4656,-79.6031,-39.4198 icm_a=4.4676,0.6081,8.3175 icm_g=103.1098,9.6341,-43.7805 age_icm_ms=0.37 mpu_sat=2 errors=13/0/0/0 m4_ms=281840
seq=14092 t=5495.199451 mpu_a=0.1688,19.6127,5.3882 mpu_g=11.3969,-99.2595,-37.3817 icm_a=4.6448,0.6512,7.5465 icm_g=105.4878,23.2927,-53.1707 age_icm_ms=0.37 mpu_sat=2 errors=13/0/0/0 m4_ms=281860
seq=14093 t=5495.219450 mpu_a=1.1815,19.6127,5.3151 mpu_g=24.0153,-106.6031,-46.7863 icm_a=5.0566,1.4557,7.9344 icm_g=92.8049,42.0122,-55.6707 age_icm_ms=0.37 mpu_sat=2 errors=13/0/0/0 m4_ms=281880
seq=14094 t=5495.239450 mpu_a=2.8120,19.6127,5.5510 mpu_g=40.8626,-95.8015,-51.8092 icm_a=4.6639,2.6240,9.1698 icm_g=91.8902,62.2561,-51.7683 age_icm_ms=0.36 mpu_sat=2 errors=13/0/0/0 m4_ms=281900
seq=14095 t=5495.259449 mpu_a=4.0558,19.6127,5.5797 mpu_g=61.1450,-88.9237,-49.9008 icm_a=3.8068,3.3854,9.2081 icm_g=109.3902,76.9512,-44.6341 age_icm_ms=0.36 mpu_sat=2 errors=13/0/0/0 m4_ms=281920
seq=14096 t=5495.279448 mpu_a=4.8902,19.6127,6.5529 mpu_g=77.9466,-103.5115,-42.6412 icm_a=3.3519,3.2513,8.2839 icm_g=115.0610,84.4512,-36.6463 age_icm_ms=0.37 mpu_sat=2 errors=13/0/0/0 m4_ms=281940
seq=14097 t=5495.299447 mpu_a=5.0973,19.6127,6.8426 mpu_g=86.3206,-114.4962,-34.8931 icm_a=3.8642,3.4141,8.1738 icm_g=98.1707,92.3780,-27.5610 age_icm_ms=0.35 mpu_sat=2 errors=13/0/0/0 m4_ms=281960
seq=14098 t=5495.319447 mpu_a=5.5917,19.6127,7.8159 mpu_g=92.8015,-105.0992,-26.7176 icm_a=3.6392,3.7876,8.4994 icm_g=70.6707,100.9756,-16.3415 age_icm_ms=0.37 mpu_sat=2 errors=13/0/0/0 m4_ms=281980
seq=14099 t=5495.339445 mpu_a=6.0645,19.6127,8.6658 mpu_g=101.9466,-78.7557,-17.9924 icm_a=2.5187,4.2138,8.3606 icm_g=42.6220,102.8659,-2.0122 age_icm_ms=0.36 mpu_sat=2 errors=13/0/0/0 m4_ms=282000
seq=14100 t=5495.359446 mpu_a=6.5098,19.6127,9.1279 mpu_g=106.9466,-50.7710,-6.5954 icm_a=1.4605,4.1324,7.9583 icm_g=20.9756,98.5366,14.0244 age_icm_ms=0.39 mpu_sat=2 errors=13/0/0/0 m4_ms=282020
seq=14101 t=5495.379447 mpu_a=6.2465,19.6127,8.1547 mpu_g=104.1221,-25.6565,7.5420 icm_a=2.5666,3.6440,8.5952 icm_g=9.0244,94.6951,23.7805 age_icm_ms=0.40 mpu_sat=2 errors=13/0/0/0 m4_ms=282040
seq=14102 t=5495.399448 mpu_a=3.5877,19.6127,8.2516 mpu_g=99.4198,-9.5649,21.1832 icm_a=4.0127,3.5195,9.1554 icm_g=-7.6220,92.0122,12.5610 age_icm_ms=0.40 mpu_sat=2 errors=13/0/0/0 m4_ms=282060
seq=14103 t=5495.419449 mpu_a=2.5426,19.6127,9.8330 mpu_g=97.0534,1.7557,18.2977 icm_a=2.5474,3.5338,9.3134 icm_g=-28.1707,85.0000,2.6220 age_icm_ms=0.40 mpu_sat=2 errors=13/0/0/0 m4_ms=282080
seq=14104 t=5495.439451 mpu_a=3.7577,19.6127,10.3178 mpu_g=92.4351,20.9466,3.5573 icm_a=0.7087,3.8164,8.9878 icm_g=-39.3293,73.5976,7.3780 age_icm_ms=0.40 mpu_sat=2 errors=13/0/0/0 m4_ms=282100
seq=14105 t=5495.459450 mpu_a=5.3965,19.6127,9.2895 mpu_g=83.2748,37.5649,0.1374 icm_a=0.5746,3.7924,8.9064 icm_g=-39.5122,61.4634,18.2317 age_icm_ms=0.38 mpu_sat=2 errors=13/0/0/0 m4_ms=282120
seq=14106 t=5495.479450 mpu_a=4.7142,19.6127,8.2827 mpu_g=70.7481,42.6565,10.4275 icm_a=2.3176,3.7350,9.7731 icm_g=-35.3049,56.1585,14.5122 age_icm_ms=0.38 mpu_sat=2 errors=13/0/0/0 m4_ms=282140
seq=14107 t=5495.499450 mpu_a=2.7821,19.6127,8.7388 mpu_g=61.6718,39.5496,16.5725 icm_a=2.3607,3.3567,10.4196 icm_g=-38.4146,56.4634,2.0732 age_icm_ms=0.39 mpu_sat=2 errors=13/0/0/0 m4_ms=282160
seq=14108 t=5495.519453 mpu_a=2.8323,19.6127,9.6606 mpu_g=59.7405,37.6870,6.2290 icm_a=0.9768,3.3088,10.2903 icm_g=-46.8902,56.8902,0.3049 age_icm_ms=0.41 mpu_sat=2 errors=13/0/0/0 m4_ms=282180
seq=14109 t=5495.539450 mpu_a=4.3515,19.6127,9.6043 mpu_g=60.8855,43.5267,-3.5802 icm_a=0.3017,3.3567,10.2089 icm_g=-46.1585,54.6951,9.5732 age_icm_ms=0.39 mpu_sat=2 errors=13/0/0/0 m4_ms=282200
seq=14110 t=5495.559450 mpu_a=4.5047,19.6127,9.0716 mpu_g=60.0840,49.2366,0.8855 icm_a=0.8188,2.7677,9.8881 icm_g=-42.9878,50.1829,12.1951 age_icm_ms=0.42 mpu_sat=2 errors=13/0/0/0 m4_ms=282220
seq=14111 t=5495.579449 mpu_a=2.9568,19.6127,9.2596 mpu_g=57.3282,46.2519,9.1374 icm_a=1.5945,1.9632,9.6343 icm_g=-56.2195,41.5244,3.5976 age_icm_ms=0.41 mpu_sat=2 errors=13/0/0/0 m4_ms=282240
seq=14112 t=5495.599449 mpu_a=1.5706,19.6127,10.7799 mpu_g=51.5649,46.9160,7.5115 icm_a=1.3982,1.4222,9.3901 icm_g=-84.2683,28.7805,-6.7683 age_icm_ms=0.43 mpu_sat=2 errors=13/0/0/0 m4_ms=282260
seq=14113 t=5495.619448 mpu_a=1.4269,19.6127,11.4311 mpu_g=41.6718,65.8244,-3.7405 icm_a=0.9002,1.2258,9.6917 icm_g=-110.0000,11.6463,-8.5366 age_icm_ms=0.41 mpu_sat=2 errors=13/0/0/0 m4_ms=282280
seq=14114 t=5495.639448 mpu_a=2.2338,19.6127,11.6023 mpu_g=27.8702,94.2595,-13.1069 icm_a=0.6991,1.2450,10.0700 icm_g=-125.1829,-11.1585,-7.5000 age_icm_ms=0.42 mpu_sat=2 errors=13/0/0/0 m4_ms=282300
seq=14115 t=5495.659448 mpu_a=2.1057,19.6127,11.6598 mpu_g=9.6870,116.1985,-13.4198 icm_a=0.3448,1.0534,10.2951 icm_g=-128.9634,-34.9390,-10.7317 age_icm_ms=0.43 mpu_sat=2 errors=13/0/0/0 m4_ms=282320
seq=14116 t=5495.679448 mpu_a=1.6544,19.6127,11.4012 mpu_g=-12.4580,127.3893,-13.4656 icm_a=0.3304,0.8188,10.4770 icm_g=-123.5976,-54.3902,-13.1098 age_icm_ms=0.39 mpu_sat=2 errors=13/0/0/0 m4_ms=282340
seq=14117 t=5495.699447 mpu_a=1.5981,19.6127,10.5321 mpu_g=-35.4122,128.6718,-16.7863 icm_a=0.2873,0.5124,10.2903 icm_g=-112.0732,-68.9024,-9.6951 age_icm_ms=0.37 mpu_sat=2 errors=13/0/0/0 m4_ms=282360
seq=14118 t=5495.719447 mpu_a=1.7933,19.6127,9.7815 mpu_g=-53.1603,121.8473,-17.9695 icm_a=0.4549,0.2825,9.9982 icm_g=-97.5610,-82.4390,0.7317 age_icm_ms=0.38 mpu_sat=2 errors=13/0/0/0 m4_ms=282380
seq=14119 t=5495.739446 mpu_a=2.1811,19.6127,9.3482 mpu_g=-66.6260,109.9008,-12.7634 icm_a=0.9864,0.1676,9.7683 icm_g=-80.7927,-97.0122,9.2683 age_icm_ms=0.37 mpu_sat=2 errors=13/0/0/0 m4_ms=282400
seq=14120 t=5495.759445 mpu_a=1.4641,19.6127,9.0237 mpu_g=-79.5649,96.2137,-1.2748 icm_a=1.7190,-0.1820,9.4236 icm_g=-63.5366,-112.5000,6.2195 age_icm_ms=0.35 mpu_sat=2 errors=13/0/0/0 m4_ms=282420
seq=14121 t=5495.779446 mpu_a=-0.0168,19.6127,8.9184 mpu_g=-93.7863,80.1221,6.9160 icm_a=2.0542,-0.3879,9.0405 icm_g=-48.1707,-128.0488,-4.9390 age_icm_ms=0.41 mpu_sat=2 errors=13/0/0/0 m4_ms=282440
seq=14122 t=5495.799446 mpu_a=-0.9529,19.6127,8.7005 mpu_g=-108.8244,63.1985,3.8779 icm_a=1.3216,-0.9385,8.5329 icm_g=-29.8171,-143.6585,-10.0610 age_icm_ms=0.38 mpu_sat=2 errors=13/0/0/0 m4_ms=282460
seq=14123 t=5495.819446 mpu_a=-0.8835,19.6127,8.0589 mpu_g=-124.0153,47.8092,-6.4733 icm_a=1.7095,-1.3503,8.2121 icm_g=-12.9878,-152.8659,0.3659 age_icm_ms=0.37 mpu_sat=2 errors=13/0/0/0 m4_ms=282480
seq=14124 t=5495.839446 mpu_a=0.4573,19.6127,6.8307 mpu_g=-139.2595,29.6947,-10.0382 icm_a=3.8116,-1.7190,8.2504 icm_g=-15.9146,-150.9146,5.5488 age_icm_ms=0.38 mpu_sat=2 errors=13/0/0/0 m4_ms=282500
seq=14125 t=5495.859445 mpu_a=-0.6776,19.6127,7.1467 mpu_g=-147.8321,14.1832,1.3282 icm_a=4.0223,-1.3072,8.4467 icm_g=-38.8415,-146.0366,-4.3293 age_icm_ms=0.37 mpu_sat=2 errors=13/0/0/0 m4_ms=282520
seq=14126 t=5495.879445 mpu_a=-1.8579,19.6127,8.2887 mpu_g=-145.5496,17.6947,6.3817 icm_a=3.3662,-1.0965,8.5521 icm_g=-51.7683,-141.8293,-17.1341 age_icm_ms=0.39 mpu_sat=2 errors=13/0/0/0 m4_ms=282540
seq=14127 t=5495.899446 mpu_a=-1.6340,19.6127,7.7895 mpu_g=-140.5725,39.3435,-4.1298 icm_a=4.6783,-1.5323,8.6383 icm_g=-40.3049,-137.6829,-25.3049 age_icm_ms=0.40 mpu_sat=2 errors=13/0/0/0 m4_ms=282560
seq=14128 t=5495.919447 mpu_a=-1.4724,19.6127,6.2309 mpu_g=-136.7786,52.7710,-17.8168 icm_a=4.8602,-2.2027,8.7388 icm_g=-24.9390,-132.7439,-29.2073 age_icm_ms=0.39 mpu_sat=2 errors=13/0/0/0 m4_ms=282580
seq=14129 t=5495.939448 mpu_a=-1.9429,19.6127,6.3315 mpu_g=-132.8702,42.0153,-25.3053 icm_a=5.0182,-2.2218,8.1738 icm_g=-11.8293,-127.1951,-25.0000 age_icm_ms=0.40 mpu_sat=2 errors=13/0/0/0 m4_ms=282600
seq=14130 t=5495.959449 mpu_a=-1.4581,19.6127,6.0693 mpu_g=-127.9771,26.5115,-29.1756 icm_a=5.5354,-1.9345,7.6614 icm_g=-14.0244,-123.1098,-15.9146 age_icm_ms=0.40 mpu_sat=2 errors=13/0/0/0 m4_ms=282620
seq=14131 t=5495.979449 mpu_a=-0.9313,19.6127,6.5900 mpu_g=-122.5267,12.7634,-24.8855 icm_a=5.5785,-1.5371,7.5130 icm_g=-30.6707,-117.5000,-13.4146 age_icm_ms=0.39 mpu_sat=2 errors=13/0/0/0 m4_ms=282640
seq=14132 t=5495.999448 mpu_a=-0.5722,19.6127,7.3981 mpu_g=-118.1908,13.3740,-16.6260 icm_a=6.7612,-1.9776,6.9719 icm_g=-33.0488,-107.1951,-15.0000 age_icm_ms=0.37 mpu_sat=2 errors=13/0/0/0 m4_ms=282660
seq=14133 t=5496.019451 mpu_a=-2.0375,19.6127,4.7190 mpu_g=-104.1985,34.6031,-14.9695 icm_a=7.0054,-2.0303,7.1491 icm_g=-32.2561,-94.0854,-20.7927 age_icm_ms=0.41 mpu_sat=2 errors=13/0/0/0 m4_ms=282680
seq=14134 t=5496.039452 mpu_a=-2.4876,19.6127,4.8028 mpu_g=-91.8015,33.2137,-19.9313 icm_a=6.8091,-1.9728,7.0485 icm_g=-24.6951,-82.0732,-29.5732 age_icm_ms=0.41 mpu_sat=2 errors=13/0/0/0 m4_ms=282700
seq=14135 t=5496.059453 mpu_a=-2.4888,19.6127,3.9672 mpu_g=-79.5191,27.7786,-27.8702 icm_a=7.3694,-1.6712,6.6224 icm_g=-4.0854,-71.4024,-37.1341 age_icm_ms=0.40 mpu_sat=2 errors=13/0/0/0 m4_ms=282720
seq=14136 t=5496.079455 mpu_a=-2.1596,19.6127,3.0670 mpu_g=-69.7710,9.5115,-35.0611 icm_a=7.8673,-1.6328,6.1914 icm_g=11.8902,-56.5244,-43.9634 age_icm_ms=0.40 mpu_sat=2 errors=13/0/0/0 m4_ms=282740
seq=14137 t=5496.099455 mpu_a=-1.4772,19.6127,3.2118 mpu_g=-56.3511,-9.3588,-41.4046 icm_a=7.4268,-1.2402,5.6168 icm_g=13.9634,-39.5732,-46.5854 age_icm_ms=0.41 mpu_sat=2 errors=13/0/0/0 m4_ms=282760
seq=14138 t=5496.119453 mpu_a=-0.8823,19.6127,2.9018 mpu_g=-40.1374,-15.5496,-44.7634 icm_a=7.4555,-1.1109,5.3726 icm_g=16.9512,-20.3049,-46.4024 age_icm_ms=0.40 mpu_sat=2 errors=13/0/0/0 m4_ms=282780
seq=14139 t=5496.139453 mpu_a=-0.8116,19.6127,2.1368 mpu_g=-22.3740,-15.5878,-45.5038 icm_a=7.7189,-0.9912,5.6599 icm_g=21.4024,1.8902,-47.0732 age_icm_ms=0.42 mpu_sat=2 errors=13/0/0/0 m4_ms=282800
seq=14140 t=5496.159452 mpu_a=-0.5387,19.6127,2.5067 mpu_g=-1.4046,-19.9237,-45.7863 icm_a=7.6998,-0.6656,5.8562 icm_g=26.1585,21.6463,-45.6098 age_icm_ms=0.41 mpu_sat=2 errors=13/0/0/0 m4_ms=282820
seq=14141 t=5496.179451 mpu_a=-0.0970,19.6127,3.3363 mpu_g=19.4656,-24.6870,-45.1603 icm_a=7.6614,-0.3974,5.9280 icm_g=31.1585,34.4512,-42.2561 age_icm_ms=0.41 mpu_sat=2 errors=13/0/0/0 m4_ms=282840
seq=14142 t=5496.199450 mpu_a=0.6704,19.6127,4.2401 mpu_g=34.6489,-29.3740,-42.8397 icm_a=7.6088,-0.1437,6.1100 icm_g=30.9756,39.4512,-35.0000 age_icm_ms=0.38 mpu_sat=2 errors=13/0/0/0 m4_ms=282860
seq=14143 t=5496.219450 mpu_a=1.0223,19.6127,5.5749 mpu_g=42.3969,-31.7099,-36.9084 icm_a=7.5417,-0.0431,6.2010 icm_g=24.2683,39.0854,-28.1707 age_icm_ms=0.37 mpu_sat=2 errors=13/0/0/0 m4_ms=282880
seq=14144 t=5496.239449 mpu_a=1.1085,19.6127,6.0908 mpu_g=43.6260,-27.0076,-30.0382 icm_a=7.5274,0.0718,6.6272 icm_g=16.9512,37.5610,-22.1341 age_icm_ms=0.37 mpu_sat=2 errors=13/0/0/0 m4_ms=282900
seq=14145 t=5496.259449 mpu_a=0.8787,19.6127,6.0897 mpu_g=41.9695,-18.6489,-23.9237 icm_a=7.5369,0.3304,7.2784 icm_g=17.0732,38.7195,-19.7561 age_icm_ms=0.37 mpu_sat=2 errors=13/0/0/0 m4_ms=282920
seq=14146 t=5496.279449 mpu_a=0.5782,19.6127,5.8155 mpu_g=41.5038,-14.5344,-19.9389 icm_a=7.4220,0.4405,7.5178 icm_g=25.7927,43.2927,-22.6829 age_icm_ms=0.37 mpu_sat=2 errors=13/0/0/0 m4_ms=282940
seq=14147 t=5496.299448 mpu_a=0.3639,19.6127,5.5390 mpu_g=44.5115,-19.8397,-20.1908 icm_a=7.3933,0.3448,7.3023 icm_g=34.0244,49.6341,-23.4756 age_icm_ms=0.36 mpu_sat=2 errors=13/0/0/0 m4_ms=282960
seq=14148 t=5496.319447 mpu_a=0.8583,19.6127,5.6252 mpu_g=50.0611,-29.8168,-22.8473 icm_a=6.9528,0.4070,6.9671 icm_g=31.0366,57.8049,-21.0976 age_icm_ms=0.37 mpu_sat=2 errors=13/0/0/0 m4_ms=282980
seq=14149 t=5496.339447 mpu_a=1.1277,19.6127,5.6431 mpu_g=56.8244,-33.2901,-21.6718 icm_a=6.0573,0.4645,6.3255 icm_g=24.4512,67.5000,-15.8537 age_icm_ms=0.37 mpu_sat=2 errors=13/0/0/0 m4_ms=283000
seq=14150 t=5496.359446 mpu_a=1.5610,19.6127,4.9740 mpu_g=65.2901,-27.5878,-18.7786 icm_a=5.9280,0.5363,6.7038 icm_g=22.9268,81.8293,-10.8537 age_icm_ms=0.37 mpu_sat=2 errors=13/0/0/0 m4_ms=283020
seq=14151 t=5496.379446 mpu_a=1.1636,19.6127,3.8547 mpu_g=75.4580,-21.7252,-13.4809 icm_a=5.8658,0.6464,7.7524 icm_g=21.0366,104.7561,-2.6829 age_icm_ms=0.37 mpu_sat=2 errors=13/0/0/0 m4_ms=283040
seq=14152 t=5496.399446 mpu_a=2.2326,19.6127,4.3934 mpu_g=92.9389,-20.4427,-8.8321 icm_a=5.6551,0.8523,7.9727 icm_g=19.2073,125.3049,7.9878 age_icm_ms=0.37 mpu_sat=2 errors=13/0/0/0 m4_ms=283060
seq=14153 t=5496.419445 mpu_a=2.2278,19.6127,5.6563 mpu_g=116.4351,-18.7481,0.4962 icm_a=4.7262,1.1875,8.1690 icm_g=20.5488,136.2195,21.2195 age_icm_ms=0.36 mpu_sat=2 errors=13/0/0/0 m4_ms=283080
seq=14154 t=5496.439444 mpu_a=2.8120,19.6127,6.0765 mpu_g=133.7786,-16.0458,11.1374 icm_a=3.8403,1.2929,7.8338 icm_g=31.1585,138.9634,29.3293 age_icm_ms=0.36 mpu_sat=2 errors=13/0/0/0 m4_ms=283100
seq=14155 t=5496.459445 mpu_a=2.1979,19.6127,6.0537 mpu_g=141.3511,-20.2290,23.8092 icm_a=4.7214,0.7326,8.5473 icm_g=45.3659,145.0000,25.7927 age_icm_ms=0.39 mpu_sat=2 errors=13/0/0/0 m4_ms=283120
seq=14156 t=5496.479446 mpu_a=0.4286,19.6127,5.4300 mpu_g=143.2519,-31.6565,29.6107 icm_a=5.6120,0.5267,9.4810 icm_g=49.4512,156.3415,10.9756 age_icm_ms=0.40 mpu_sat=2 errors=13/0/0/0 m4_ms=283140
seq=14157 t=5496.499447 mpu_a=-0.5423,19.6127,7.2030 mpu_g=151.1069,-44.6718,23.1298 icm_a=4.7118,0.8140,9.8019 icm_g=39.3293,163.4146,-0.9756 age_icm_ms=0.41 mpu_sat=2 errors=13/0/0/0 m4_ms=283160
seq=14158 t=5496.519447 mpu_a=0.5830,19.6127,9.0034 mpu_g=162.2824,-45.3435,7.4198 icm_a=2.7773,1.3791,9.5481 icm_g=42.8659,157.1951,3.9634 age_icm_ms=0.39 mpu_sat=2 errors=13/0/0/0 m4_ms=283180
seq=14159 t=5496.539447 mpu_a=2.6612,19.6127,9.1423 mpu_g=166.8931,-36.7328,-1.8321 icm_a=0.9337,1.7238,8.4276 icm_g=56.2195,141.0366,13.2927 age_icm_ms=0.38 mpu_sat=2 errors=13/0/0/0 m4_ms=283200
seq=14160 t=5496.559447 mpu_a=3.1460,19.6127,8.5832 mpu_g=158.0305,-42.8321,5.7863 icm_a=1.7573,1.1444,8.5665 icm_g=66.3415,128.6585,15.4268 age_icm_ms=0.38 mpu_sat=2 errors=13/0/0/0 m4_ms=283220
seq=14161 t=5496.579447 mpu_a=2.0662,19.6127,7.3550 mpu_g=141.5267,-55.9542,15.2061 icm_a=4.1851,1.1588,9.9264 icm_g=57.8659,126.5854,1.7073 age_icm_ms=0.38 mpu_sat=2 errors=13/0/0/0 m4_ms=283240
seq=14162 t=5496.599448 mpu_a=0.1484,19.6127,9.2296 mpu_g=130.8473,-63.3969,15.9008 icm_a=3.6871,1.2833,10.1275 icm_g=37.3780,125.2439,-13.2927 age_icm_ms=0.39 mpu_sat=2 errors=13/0/0/0 m4_ms=283260
seq=14163 t=5496.619450 mpu_a=0.6369,19.6127,10.6243 mpu_g=129.9847,-53.3893,0.5267 icm_a=1.6807,1.8579,9.7636 icm_g=28.1707,110.4878,-4.8171 age_icm_ms=0.41 mpu_sat=2 errors=13/0/0/0 m4_ms=283280
seq=14164 t=5496.639451 mpu_a=3.3651,19.6127,10.9104 mpu_g=128.0687,-34.3817,-13.6412 icm_a=0.1389,2.3750,8.9543 icm_g=26.4024,83.7195,11.0976 age_icm_ms=0.42 mpu_sat=2 errors=13/0/0/0 m4_ms=283300
seq=14165 t=5496.659453 mpu_a=4.3239,19.6127,11.0492 mpu_g=112.6260,-25.8550,-4.1832 icm_a=0.0479,2.3176,8.9974 icm_g=28.1098,58.6585,17.9268 age_icm_ms=0.41 mpu_sat=2 errors=13/0/0/0 m4_ms=283320
seq=14166 t=5496.679453 mpu_a=3.4141,19.6127,9.7432 mpu_g=85.9313,-24.0305,11.8931 icm_a=1.5083,2.2122,9.9455 icm_g=28.1707,44.0854,13.5366 age_icm_ms=0.41 mpu_sat=2 errors=13/0/0/0 m4_ms=283340
seq=14167 t=5496.699451 mpu_a=2.1847,19.6127,9.6678 mpu_g=61.6870,-25.1832,18.4046 icm_a=1.3455,2.1165,10.5201 icm_g=23.8415,38.7195,4.6341 age_icm_ms=0.41 mpu_sat=2 errors=13/0/0/0 m4_ms=283360
seq=14168 t=5496.719450 mpu_a=1.6472,19.6127,9.9707 mpu_g=47.7863,-25.3588,14.0840 icm_a=0.3831,2.2841,10.3382 icm_g=24.4512,35.4878,4.6341 age_icm_ms=0.41 mpu_sat=2 errors=13/0/0/0 m4_ms=283380
seq=14169 t=5496.739450 mpu_a=2.6983,19.6127,9.6331 mpu_g=42.6336,-21.6412,4.9924 icm_a=-0.6033,2.5091,9.5433 icm_g=29.1463,29.2073,5.4878 age_icm_ms=0.43 mpu_sat=2 errors=13/0/0/0 m4_ms=283400
seq=14170 t=5496.759449 mpu_a=2.8790,19.6127,9.1889 mpu_g=39.8550,-22.1221,4.6412 icm_a=-0.7374,2.3032,9.1267 icm_g=29.3293,25.4268,4.5122 age_icm_ms=0.43 mpu_sat=2 errors=13/0/0/0 m4_ms=283420
seq=14171 t=5496.779448 mpu_a=2.6635,19.6127,8.3594 mpu_g=33.6794,-26.8702,6.4580 icm_a=0.0000,2.1835,9.4810 icm_g=20.3659,29.6341,5.9146 age_icm_ms=0.36 mpu_sat=2 errors=13/0/0/0 m4_ms=283440
seq=14172 t=5496.799448 mpu_a=2.8898,19.6127,8.1786 mpu_g=29.3969,-27.4427,5.2290 icm_a=0.2634,2.2553,9.6151 icm_g=7.3780,36.8902,8.9634 age_icm_ms=0.38 mpu_sat=2 errors=13/0/0/0 m4_ms=283460
seq=14173 t=5496.819447 mpu_a=2.9125,19.6127,8.4731 mpu_g=32.8931,-19.3817,5.9924 icm_a=-0.2203,2.7054,9.5481 icm_g=2.3171,38.5366,13.2927 age_icm_ms=0.37 mpu_sat=2 errors=13/0/0/0 m4_ms=283480
seq=14174 t=5496.839447 mpu_a=3.2609,19.6127,8.6323 mpu_g=40.3893,-6.6641,8.1832 icm_a=-0.4788,2.8395,9.4092 icm_g=9.6951,32.2561,14.6951 age_icm_ms=0.38 mpu_sat=2 errors=13/0/0/0 m4_ms=283500
seq=14175 t=5496.859447 mpu_a=2.5522,19.6127,8.3294 mpu_g=38.0992,-5.2061,14.6183 icm_a=0.1293,2.7150,9.7061 icm_g=20.0610,23.9024,7.9878 age_icm_ms=0.38 mpu_sat=2 errors=13/0/0/0 m4_ms=283520
seq=14176 t=5496.879447 mpu_a=1.7909,19.6127,9.1470 mpu_g=29.6794,-16.2443,10.4580 icm_a=0.3879,2.3655,9.6438 icm_g=20.5488,16.7683,-3.3537 age_icm_ms=0.39 mpu_sat=2 errors=13/0/0/0 m4_ms=283540
seq=14177 t=5496.899446 mpu_a=2.1560,19.6127,9.8545 mpu_g=22.5038,-19.8092,-0.6336 icm_a=-0.5794,2.1596,9.1602 icm_g=6.3415,8.2317,-7.3780 age_icm_ms=0.36 mpu_sat=2 errors=13/0/0/0 m4_ms=283560
seq=14178 t=5496.919446 mpu_a=3.1855,19.6127,9.8988 mpu_g=14.7252,-9.5038,-7.3893 icm_a=-1.1061,2.2122,8.7771 icm_g=-10.6098,-1.7073,-1.6463 age_icm_ms=0.38 mpu_sat=2 errors=13/0/0/0 m4_ms=283580
seq=14179 t=5496.939446 mpu_a=3.2226,19.6127,9.3182 mpu_g=5.0916,8.2748,-4.1679 icm_a=-0.1724,2.3032,9.2512 icm_g=-23.3537,-11.1585,-0.7927 age_icm_ms=0.37 mpu_sat=2 errors=13/0/0/0 m4_ms=283600
seq=14180 t=5496.959444 mpu_a=1.9142,19.6127,9.6642 mpu_g=-4.2824,22.1756,-0.5267 icm_a=0.4262,2.4134,9.9503 icm_g=-32.8049,-19.5122,-10.7317 age_icm_ms=0.35 mpu_sat=2 errors=13/0/0/0 m4_ms=283620
seq=14181 t=5496.979443 mpu_a=2.0255,19.6127,10.1167 mpu_g=-12.6412,31.8092,-8.4733 icm_a=-0.3543,2.3463,9.6582 icm_g=-40.4878,-28.9634,-16.7073 age_icm_ms=0.35 mpu_sat=2 errors=13/0/0/0 m4_ms=283640
seq=14182 t=5496.999444 mpu_a=3.1627,19.6127,10.0880 mpu_g=-21.1603,38.7939,-17.6031 icm_a=-0.9816,2.2458,9.1889 icm_g=-50.9756,-41.7073,-10.7317 age_icm_ms=0.41 mpu_sat=2 errors=13/0/0/0 m4_ms=283660
seq=14183 t=5497.019443 mpu_a=3.9205,19.6127,9.6546 mpu_g=-32.3740,47.6947,-16.2443 icm_a=-0.0862,2.1931,9.4092 icm_g=-56.5854,-53.4756,-1.5244 age_icm_ms=0.37 mpu_sat=2 errors=13/0/0/0 m4_ms=283680
seq=14184 t=5497.039443 mpu_a=3.0789,19.6127,9.3182 mpu_g=-44.2672,56.3359,-6.7710 icm_a=1.1636,1.8675,9.8306 icm_g=-56.8293,-63.2927,-3.5976 age_icm_ms=0.38 mpu_sat=2 errors=13/0/0/0 m4_ms=283700
seq=14185 t=5497.059443 mpu_a=1.4676,19.6127,9.6163 mpu_g=-54.5802,58.3893,-2.8244 icm_a=1.2594,1.4078,9.8066 icm_g=-64.3902,-72.6220,-13.7195 age_icm_ms=0.40 mpu_sat=2 errors=13/0/0/0 m4_ms=283720
seq=14186 t=5497.079445 mpu_a=1.5287,19.6127,10.5321 mpu_g=-63.3893,60.1985,-10.9618 icm_a=-0.5938,1.5036,9.1506 icm_g=-82.5610,-84.6951,-14.5122 age_icm_ms=0.41 mpu_sat=2 errors=13/0/0/0 m4_ms=283740
seq=14187 t=5497.099446 mpu_a=3.0730,19.6127,10.5632 mpu_g=-73.7481,72.7557,-18.1985 icm_a=-0.7470,0.9337,9.0932 icm_g=-97.9878,-94.7561,-5.3049 age_icm_ms=0.42 mpu_sat=2 errors=13/0/0/0 m4_ms=283760
seq=14188 t=5497.119447 mpu_a=2.9928,19.6127,8.7077 mpu_g=-85.8626,93.0534,-14.2748 icm_a=1.3599,0.6273,9.8162 icm_g=-94.9390,-95.1829,-1.1585 age_icm_ms=0.39 mpu_sat=2 errors=13/0/0/0 m4_ms=283780
seq=14189 t=5497.139449 mpu_a=0.7530,19.6127,7.4962 mpu_g=-92.0000,99.2824,-4.7176 icm_a=2.4517,0.3639,10.2663 icm_g=-88.7195,-84.8171,-12.2561 age_icm_ms=0.42 mpu_sat=2 errors=13/0/0/0 m4_ms=283800
seq=14190 t=5497.159449 mpu_a=-0.0311,19.6127,7.5226 mpu_g=-87.1603,92.7710,-8.2061 icm_a=2.0925,-0.0527,9.9982 icm_g=-92.1341,-70.0000,-16.0366 age_icm_ms=0.40 mpu_sat=2 errors=13/0/0/0 m4_ms=283820
seq=14191 t=5497.179451 mpu_a=1.1875,19.6127,8.3318 mpu_g=-73.6794,88.5344,-19.0458 icm_a=1.2019,0.3926,10.1897 icm_g=-103.7805,-61.8902,-5.9146 age_icm_ms=0.40 mpu_sat=2 errors=13/0/0/0 m4_ms=283840
seq=14192 t=5497.199452 mpu_a=2.4960,19.6127,9.4092 mpu_g=-60.5038,96.7557,-16.8931 icm_a=2.0303,0.0048,10.2711 icm_g=-99.6951,-62.6829,1.0976 age_icm_ms=0.40 mpu_sat=2 errors=13/0/0/0 m4_ms=283860
seq=14193 t=5497.219452 mpu_a=0.9601,19.6127,8.6538 mpu_g=-56.3053,105.7939,-6.2061 icm_a=3.6105,-0.4022,10.2472 icm_g=-80.2439,-67.3171,-8.4756 age_icm_ms=0.39 mpu_sat=2 errors=13/0/0/0 m4_ms=283880
seq=14194 t=5497.239453 mpu_a=-1.6915,19.6127,8.5389 mpu_g=-59.4656,94.6947,-3.5344 icm_a=3.2465,-0.4932,10.0844 icm_g=-66.3415,-71.5244,-22.6220 age_icm_ms=0.39 mpu_sat=2 errors=13/0/0/0 m4_ms=283900
seq=14195 t=5497.259453 mpu_a=-0.8428,19.6127,8.9352 mpu_g=-64.2214,74.6794,-16.8702 icm_a=1.9249,-0.4214,9.6295 icm_g=-61.5244,-74.6951,-14.7561 age_icm_ms=0.37 mpu_sat=2 errors=13/0/0/0 m4_ms=283920
seq=14196 t=5497.279454 mpu_a=1.8352,19.6127,8.8322 mpu_g=-68.0534,63.7710,-25.2977 icm_a=1.9106,-0.5794,9.4332 icm_g=-55.8537,-75.2439,8.2927 age_icm_ms=0.40 mpu_sat=2 errors=13/0/0/0 m4_ms=283940
seq=14197 t=5497.299452 mpu_a=2.3535,19.6127,7.9535 mpu_g=-70.7405,60.9389,-10.8015 icm_a=3.8642,-1.3838,9.1746 icm_g=-50.1829,-70.9146,18.7195 age_icm_ms=0.39 mpu_sat=2 errors=13/0/0/0 m4_ms=283960
seq=14198 t=5497.319452 mpu_a=-0.3699,19.6127,7.3119 mpu_g=-69.9389,55.6641,11.4885 icm_a=4.9991,-2.1548,8.8921 icm_g=-54.2073,-64.6341,9.5122 age_icm_ms=0.42 mpu_sat=2 errors=13/0/0/0 m4_ms=283980
seq=14199 t=5497.339451 mpu_a=-2.7270,19.6127,7.8889 mpu_g=-64.3664,52.0992,16.3969 icm_a=4.2282,-2.3032,8.5521 icm_g=-69.7561,-64.3902,-0.7317 age_icm_ms=0.42 mpu_sat=2 errors=13/0/0/0 m4_ms=284000
seq=14200 t=5497.359450 mpu_a=-2.3379,19.6127,8.7891 mpu_g=-58.7634,58.2366,4.5038 icm_a=3.2561,-1.8914,8.8346 icm_g=-83.5976,-71.2805,3.0488 age_icm_ms=0.42 mpu_sat=2 errors=13/0/0/0 m4_ms=284020
seq=14201 t=5497.379450 mpu_a=-0.4513,19.6127,9.3889 mpu_g=-60.2366,74.1679,-4.1527 icm_a=2.9257,-1.7813,8.7867 icm_g=-80.4268,-83.1098,16.4024 age_icm_ms=0.42 mpu_sat=2 errors=13/0/0/0 m4_ms=284040
seq=14202 t=5497.399450 mpu_a=0.3268,19.6127,8.5317 mpu_g=-68.3206,85.8855,1.5954 icm_a=4.1994,-2.4995,8.6718 icm_g=-60.1220,-92.8659,24.7561 age_icm_ms=0.42 mpu_sat=2 errors=13/0/0/0 m4_ms=284060
seq=14203 t=5497.419449 mpu_a=-1.1061,19.6127,7.1024 mpu_g=-80.0840,80.0916,15.5802 icm_a=5.8849,-3.1077,8.5521 icm_g=-39.6341,-98.9024,14.1463 age_icm_ms=0.36 mpu_sat=2 errors=13/0/0/0 m4_ms=284080
seq=14204 t=5497.439449 mpu_a=-4.0761,19.6127,7.0150 mpu_g=-88.8779,59.0992,22.7634 icm_a=5.5258,-3.1699,8.1930 icm_g=-31.0976,-107.4390,-2.9268 age_icm_ms=0.36 mpu_sat=2 errors=13/0/0/0 m4_ms=284100
seq=14205 t=5497.459449 mpu_a=-4.4796,19.6127,7.9655 mpu_g=-94.5191,39.6107,11.3588 icm_a=4.1563,-2.7198,7.5896 icm_g=-24.6951,-120.4268,-12.2561 age_icm_ms=0.38 mpu_sat=2 errors=13/0/0/0 m4_ms=284120
seq=14206 t=5497.479448 mpu_a=-3.1532,19.6127,7.7967 mpu_g=-103.3130,31.1679,-4.7023 icm_a=4.1659,-2.9784,7.0533 icm_g=-11.7073,-131.2805,-12.6220 age_icm_ms=0.38 mpu_sat=2 errors=13/0/0/0 m4_ms=284140
seq=14207 t=5497.499447 mpu_a=-2.3571,19.6127,6.3255 mpu_g=-116.4656,24.4046,-12.6794 icm_a=5.8371,-3.1939,6.7708 icm_g=-1.1585,-130.9146,-11.0366 age_icm_ms=0.36 mpu_sat=2 errors=13/0/0/0 m4_ms=284160
seq=14208 t=5497.519447 mpu_a=-2.6552,19.6127,5.0889 mpu_g=-126.8779,11.9618,-12.0000 icm_a=6.1914,-3.2705,6.6128 icm_g=-0.6098,-121.5854,-13.8415 age_icm_ms=0.38 mpu_sat=2 errors=13/0/0/0 m4_ms=284180
seq=14209 t=5497.539447 mpu_a=-3.2633,19.6127,4.7788 mpu_g=-125.9084,1.9618,-9.7405 icm_a=6.0717,-2.7821,6.7325 icm_g=9.9390,-110.4268,-20.8537 age_icm_ms=0.38 mpu_sat=2 errors=13/0/0/0 m4_ms=284200
seq=14210 t=5497.559448 mpu_a=-3.4309,19.6127,4.0510 mpu_g=-116.5420,1.4046,-12.7023 icm_a=6.4452,-2.6528,6.6128 icm_g=35.1220,-98.1098,-35.4878 age_icm_ms=0.41 mpu_sat=2 errors=13/0/0/0 m4_ms=284220
seq=14211 t=5497.579449 mpu_a=-4.1192,19.6127,2.9916 mpu_g=-105.6489,-8.3359,-19.2672 icm_a=6.9480,-2.7629,6.2776 icm_g=59.4512,-78.8415,-51.3415 age_icm_ms=0.41 mpu_sat=2 errors=13/0/0/0 m4_ms=284240
seq=14212 t=5497.599451 mpu_a=-4.2641,19.6127,2.0231 mpu_g=-94.0534,-33.7023,-32.1450 icm_a=7.0581,-2.6863,5.6455 icm_g=69.8780,-54.2073,-61.7073 age_icm_ms=0.41 mpu_sat=2 errors=13/0/0/0 m4_ms=284260
seq=14213 t=5497.619452 mpu_a=-3.6117,19.6127,2.0435 mpu_g=-75.7634,-58.7252,-47.0000 icm_a=7.1204,-2.0925,5.0805 icm_g=70.7927,-29.3902,-66.5244 age_icm_ms=0.41 mpu_sat=2 errors=13/0/0/0 m4_ms=284280
seq=14214 t=5497.639452 mpu_a=-2.4529,19.6127,1.7837 mpu_g=-52.0992,-70.2595,-57.3359 icm_a=6.8091,-1.6759,5.0949 icm_g=73.4146,-4.2073,-69.8171 age_icm_ms=0.39 mpu_sat=2 errors=13/0/0/0 m4_ms=284300
seq=14215 t=5497.659453 mpu_a=-1.8711,19.6127,1.6783 mpu_g=-27.6489,-71.6260,-62.4962 icm_a=6.8857,-1.2258,5.1523 icm_g=81.5854,20.4878,-67.5610 age_icm_ms=0.38 mpu_sat=2 errors=13/0/0/0 m4_ms=284320
seq=14216 t=5497.679453 mpu_a=-0.0275,19.6127,1.1779 mpu_g=19.2137,-80.1527,-64.7863 icm_a=7.0773,-0.9768,5.7652 icm_g=91.0976,47.2561,-61.8902 age_icm_ms=0.38 mpu_sat=2 errors=13/0/0/0 m4_ms=284340
seq=14217 t=5497.699453 mpu_a=0.2933,19.6127,1.9740 mpu_g=44.9542,-89.1069,-59.4351 icm_a=7.4364,-0.6656,6.5745 icm_g=93.6585,75.9146,-56.0976 age_icm_ms=0.37 mpu_sat=2 errors=13/0/0/0 m4_ms=284360
seq=14218 t=5497.719455 mpu_a=0.5040,19.6127,3.1544 mpu_g=72.6870,-93.7863,-53.7557 icm_a=7.6136,-0.3065,7.3454 icm_g=97.6220,102.0732,-54.8780 age_icm_ms=0.41 mpu_sat=2 errors=13/0/0/0 m4_ms=284380
seq=14219 t=5497.739456 mpu_a=0.3531,19.6127,4.4281 mpu_g=99.5420,-95.3282,-50.8244 icm_a=7.3550,0.0622,7.4364 icm_g=108.5366,113.6585,-58.1707 age_icm_ms=0.40 mpu_sat=2 errors=13/0/0/0 m4_ms=284400
seq=14220 t=5497.759457 mpu_a=0.3089,19.6127,5.4743 mpu_g=115.6565,-104.1908,-53.0000 icm_a=7.2257,0.1724,7.4747 icm_g=118.9634,112.6829,-64.1463 age_icm_ms=0.40 mpu_sat=2 errors=13/0/0/0 m4_ms=284420
seq=14221 t=5497.779456 mpu_a=1.0750,19.6127,6.7433 mpu_g=117.1679,-116.4275,-58.4809 icm_a=7.1635,0.6991,7.6231 icm_g=116.0366,109.2683,-64.2073 age_icm_ms=0.41 mpu_sat=2 errors=13/0/0/0 m4_ms=284440
seq=14222 t=5497.799455 mpu_a=2.6181,19.6127,7.6579 mpu_g=113.2748,-119.2290,-60.8168 icm_a=6.1483,1.3886,7.7333 icm_g=102.9268,105.9146,-56.0976 age_icm_ms=0.41 mpu_sat=2 errors=13/0/0/0 m4_ms=284460
seq=14223 t=5497.819454 mpu_a=3.6871,19.6127,7.6890 mpu_g=110.3359,-107.4351,-55.9389 icm_a=5.0805,2.1979,7.5992 icm_g=98.1098,101.7073,-42.5610 age_icm_ms=0.41 mpu_sat=2 errors=13/0/0/0 m4_ms=284480
seq=14224 t=5497.839454 mpu_a=4.3898,19.6127,6.3506 mpu_g=106.1374,-97.6031,-44.6412 icm_a=5.1954,2.0973,7.6327 icm_g=101.0366,102.5610,-34.4512 age_icm_ms=0.42 mpu_sat=2 errors=13/0/0/0 m4_ms=284500
seq=14225 t=5497.859453 mpu_a=2.9784,19.6127,6.2932 mpu_g=104.3282,-99.3282,-32.5496 icm_a=6.3255,2.0734,8.3175 icm_g=86.5854,111.0976,-35.5488 age_icm_ms=0.42 mpu_sat=2 errors=13/0/0/0 m4_ms=284520
seq=14226 t=5497.879452 mpu_a=3.1819,19.6127,7.8793 mpu_g=110.1145,-93.8473,-31.4885 icm_a=5.4205,2.5043,8.6718 icm_g=60.5488,117.8659,-30.3659 age_icm_ms=0.41 mpu_sat=2 errors=13/0/0/0 m4_ms=284540
seq=14227 t=5497.899452 mpu_a=4.3993,19.6127,8.9890 mpu_g=119.3359,-71.3511,-31.8015 icm_a=3.9744,3.0789,8.4084 icm_g=44.9390,114.3293,-19.2073 age_icm_ms=0.37 mpu_sat=2 errors=13/0/0/0 m4_ms=284560
seq=14228 t=5497.919451 mpu_a=4.8926,19.6127,8.8358 mpu_g=121.1374,-48.9924,-23.8550 icm_a=2.8395,3.4907,7.8530 icm_g=42.7439,102.5000,-9.5122 age_icm_ms=0.37 mpu_sat=2 errors=13/0/0/0 m4_ms=284580
seq=14229 t=5497.939450 mpu_a=4.5250,19.6127,7.7345 mpu_g=111.9542,-40.7023,-12.7939 icm_a=2.9784,3.3710,8.2983 icm_g=45.1220,94.3902,-6.5854 age_icm_ms=0.36 mpu_sat=2 errors=13/0/0/0 m4_ms=284600
seq=14230 t=5497.959450 mpu_a=3.8164,19.6127,7.5082 mpu_g=100.4122,-42.5649,-6.3359 icm_a=4.2090,3.6392,9.1746 icm_g=35.1220,96.4024,-6.5244 age_icm_ms=0.37 mpu_sat=2 errors=13/0/0/0 m4_ms=284620
seq=14231 t=5497.979449 mpu_a=4.3215,19.6127,8.4599 mpu_g=97.4427,-40.0153,-5.8168 icm_a=3.4141,3.6440,9.1842 icm_g=23.1707,100.3049,-3.3537 age_icm_ms=0.37 mpu_sat=2 errors=13/0/0/0 m4_ms=284640
seq=14232 t=5497.999448 mpu_a=4.6771,19.6127,8.6000 mpu_g=101.9847,-27.4733,-5.5573 icm_a=2.1117,3.6583,8.4611 icm_g=14.8171,97.0122,3.7805 age_icm_ms=0.38 mpu_sat=2 errors=13/0/0/0 m4_ms=284660
seq=14233 t=5498.019447 mpu_a=4.8602,19.6127,8.5150 mpu_g=103.5725,-17.5267,-1.0687 icm_a=1.1636,3.7397,7.7045 icm_g=4.6341,91.7683,7.8659 age_icm_ms=0.38 mpu_sat=2 errors=13/0/0/0 m4_ms=284680
seq=14234 t=5498.039447 mpu_a=4.4772,19.6127,7.5154 mpu_g=97.8015,-9.1908,5.3511 icm_a=1.4557,3.7062,8.0780 icm_g=-6.0976,94.5122,8.8415 age_icm_ms=0.38 mpu_sat=2 errors=13/0/0/0 m4_ms=284700
seq=14235 t=5498.059447 mpu_a=4.1875,19.6127,6.8175 mpu_g=94.3282,1.5038,7.4656 icm_a=2.3559,3.3567,8.7963 icm_g=-23.4756,106.1585,8.6585 age_icm_ms=0.38 mpu_sat=2 errors=13/0/0/0 m4_ms=284720
seq=14236 t=5498.079447 mpu_a=3.8846,19.6127,7.3837 mpu_g=101.2137,13.6947,6.9542 icm_a=1.7190,3.0071,8.8250 icm_g=-47.8659,117.9878,9.2683 age_icm_ms=0.38 mpu_sat=2 errors=13/0/0/0 m4_ms=284740
seq=14237 t=5498.099447 mpu_a=3.7385,19.6127,8.4001 mpu_g=114.3588,33.1374,5.9160 icm_a=0.7614,2.5522,8.4994 icm_g=-75.7317,120.0000,10.5488 age_icm_ms=0.38 mpu_sat=2 errors=13/0/0/0 m4_ms=284760
seq=14238 t=5498.119448 mpu_a=3.2142,19.6127,9.0884 mpu_g=123.5878,57.9924,5.8626 icm_a=0.9720,2.2458,8.8059 icm_g=-100.6098,113.4146,2.8049 age_icm_ms=0.42 mpu_sat=2 errors=13/0/0/0 m4_ms=284780
seq=14239 t=5498.139449 mpu_a=1.5802,19.6127,9.6379 mpu_g=122.4351,85.4122,4.3206 icm_a=1.4509,2.0973,9.8497 icm_g=-117.0122,105.0610,-11.8902 age_icm_ms=0.41 mpu_sat=2 errors=13/0/0/0 m4_ms=284800
seq=14240 t=5498.159449 mpu_a=0.9888,19.6127,9.9264 mpu_g=114.4275,107.1374,-7.0534 icm_a=1.0295,2.0111,10.9990 icm_g=-114.4512,94.3902,-16.1585 age_icm_ms=0.37 mpu_sat=2 errors=13/0/0/0 m4_ms=284820
seq=14241 t=5498.179451 mpu_a=2.2206,19.6127,10.3561 mpu_g=105.9542,118.7863,-20.7710 icm_a=0.5411,1.9537,11.2240 icm_g=-101.1585,75.4878,-15.7317 age_icm_ms=0.44 mpu_sat=2 errors=13/0/0/0 m4_ms=284840
seq=14242 t=5498.199450 mpu_a=2.2649,19.6127,11.3018 mpu_g=94.4427,112.0840,-22.1985 icm_a=0.5267,1.8004,11.3677 icm_g=-85.4268,48.2317,-17.6829 age_icm_ms=0.39 mpu_sat=2 errors=13/0/0/0 m4_ms=284860
seq=14243 t=5498.219450 mpu_a=1.8579,19.6127,12.1709 mpu_g=74.1985,98.1679,-20.9160 icm_a=0.6560,1.4461,11.0995 icm_g=-74.6341,15.7317,-22.8049 age_icm_ms=0.39 mpu_sat=2 errors=13/0/0/0 m4_ms=284880
seq=14244 t=5498.239450 mpu_a=1.3898,19.6127,12.8126 mpu_g=46.2061,83.0076,-22.5878 icm_a=0.3591,0.9720,10.6207 icm_g=-74.5122,-18.2317,-25.1829 age_icm_ms=0.37 mpu_sat=2 errors=13/0/0/0 m4_ms=284900
seq=14245 t=5498.259450 mpu_a=1.5886,19.6127,13.1106 mpu_g=13.9084,73.4046,-26.8473 icm_a=-0.1915,0.8428,9.9216 icm_g=-81.7683,-48.5976,-21.4634 age_icm_ms=0.38 mpu_sat=2 errors=13/0/0/0 m4_ms=284920
seq=14246 t=5498.279450 mpu_a=2.0746,19.6127,12.3553 mpu_g=-19.0305,74.7786,-28.3130 icm_a=-0.5555,0.7278,9.9647 icm_g=-86.4634,-70.9756,-9.5122 age_icm_ms=0.39 mpu_sat=2 errors=13/0/0/0 m4_ms=284940
seq=14247 t=5498.299451 mpu_a=2.7964,19.6127,10.8709 mpu_g=-47.8168,82.6031,-23.6718 icm_a=0.1628,0.4453,10.2280 icm_g=-84.5732,-85.9756,0.3049 age_icm_ms=0.40 mpu_sat=2 errors=13/0/0/0 m4_ms=284960
seq=14248 t=5498.319453 mpu_a=2.2793,19.6127,9.9359 mpu_g=-68.4580,87.4962,-11.6641 icm_a=1.0870,0.2394,10.3573 icm_g=-75.8537,-94.5122,-1.6463 age_icm_ms=0.41 mpu_sat=2 errors=13/0/0/0 m4_ms=284980
seq=14249 t=5498.339454 mpu_a=0.6117,19.6127,9.3685 mpu_g=-81.6336,85.7099,-2.5115 icm_a=1.4030,-0.1915,10.0892 icm_g=-62.2561,-99.8780,-13.1707 age_icm_ms=0.41 mpu_sat=2 errors=13/0/0/0 m4_ms=285000
seq=14250 t=5498.359455 mpu_a=-0.7602,19.6127,8.8502 mpu_g=-89.7481,76.8855,-4.0153 icm_a=1.0056,-0.6321,9.5624 icm_g=-45.7317,-103.8415,-15.0610 age_icm_ms=0.40 mpu_sat=2 errors=13/0/0/0 m4_ms=285020
seq=14251 t=5498.379455 mpu_a=-0.1724,19.6127,8.0625 mpu_g=-95.0229,63.0305,-14.7023 icm_a=0.8140,-0.9050,9.0980 icm_g=-40.0610,-107.1951,-7.3780 age_icm_ms=0.41 mpu_sat=2 errors=13/0/0/0 m4_ms=285040
seq=14252 t=5498.399454 mpu_a=0.5483,19.6127,8.2217 mpu_g=-98.8321,46.7786,-16.7176 icm_a=1.4030,-1.1492,8.7388 icm_g=-39.6951,-110.6707,0.7317 age_icm_ms=0.42 mpu_sat=2 errors=13/0/0/0 m4_ms=285060
seq=14253 t=5498.419455 mpu_a=0.3328,19.6127,8.0840 mpu_g=-101.9771,40.7023,-8.9237 icm_a=2.4086,-1.6089,8.7532 icm_g=-41.9512,-113.3537,0.6098 age_icm_ms=0.43 mpu_sat=2 errors=13/0/0/0 m4_ms=285080
seq=14254 t=5498.439454 mpu_a=-0.7027,19.6127,7.9607 mpu_g=-105.3893,40.8779,-0.4275 icm_a=3.1077,-1.3791,8.9591 icm_g=-45.7927,-115.7927,-9.0244 age_icm_ms=0.38 mpu_sat=2 errors=13/0/0/0 m4_ms=285100
seq=14255 t=5498.459454 mpu_a=-1.9201,19.6127,8.0002 mpu_g=-108.0076,43.1450,0.3588 icm_a=2.4373,-1.6472,9.1650 icm_g=-48.2317,-121.4024,-21.8293 age_icm_ms=0.37 mpu_sat=2 errors=13/0/0/0 m4_ms=285120
seq=14256 t=5498.479453 mpu_a=-2.3128,19.6127,8.8693 mpu_g=-110.0763,45.8168,-7.8244 icm_a=2.3798,-1.6041,8.9974 icm_g=-36.6463,-126.0976,-22.3171 age_icm_ms=0.36 mpu_sat=2 errors=13/0/0/0 m4_ms=285140
seq=14257 t=5498.499453 mpu_a=-1.2989,19.6127,7.9966 mpu_g=-115.2824,49.4656,-21.6718 icm_a=3.3662,-1.8292,8.8394 icm_g=-19.2683,-123.2927,-18.9024 age_icm_ms=0.37 mpu_sat=2 errors=13/0/0/0 m4_ms=285160
seq=14258 t=5498.519452 mpu_a=-1.9273,19.6127,6.1495 mpu_g=-119.7481,23.1985,-19.0382 icm_a=4.6256,-1.9345,8.5665 icm_g=-9.2073,-114.6951,-22.5610 age_icm_ms=0.37 mpu_sat=2 errors=13/0/0/0 m4_ms=285180
seq=14259 t=5498.539451 mpu_a=-1.9968,19.6127,6.4057 mpu_g=-111.7634,10.9313,-20.5115 icm_a=4.5346,-1.6089,8.5665 icm_g=-10.0610,-106.5854,-27.9878 age_icm_ms=0.36 mpu_sat=2 errors=13/0/0/0 m4_ms=285200
seq=14260 t=5498.559451 mpu_a=-1.5383,19.6127,7.5142 mpu_g=-103.0611,8.9160,-25.9237 icm_a=4.7501,-1.6185,8.4228 icm_g=-10.7927,-103.2317,-29.7561 age_icm_ms=0.37 mpu_sat=2 errors=13/0/0/0 m4_ms=285220
seq=14261 t=5498.579450 mpu_a=-1.1863,19.6127,7.1227 mpu_g=-98.4046,12.1603,-29.5420 icm_a=4.6017,-1.4700,8.2791 icm_g=-3.5366,-104.3293,-30.6098 age_icm_ms=0.37 mpu_sat=2 errors=13/0/0/0 m4_ms=285240
seq=14262 t=5498.599451 mpu_a=-1.3635,19.6127,6.3782 mpu_g=-98.8855,6.7786,-29.4809 icm_a=4.3335,-1.1205,8.0972 icm_g=14.2073,-99.0854,-30.8537 age_icm_ms=0.44 mpu_sat=2 errors=13/0/0/0 m4_ms=285260
seq=14263 t=5498.619451 mpu_a=-0.9242,19.6127,3.9492 mpu_g=-97.8779,-7.3664,-29.6412 icm_a=5.1715,-0.9242,7.9009 icm_g=34.8780,-77.2561,-30.4878 age_icm_ms=0.39 mpu_sat=2 errors=13/0/0/0 m4_ms=285280
seq=14264 t=5498.639450 mpu_a=-0.7099,19.6127,3.0239 mpu_g=-82.2595,-28.8015,-28.3130 icm_a=6.1339,-0.9673,7.6950 icm_g=43.3537,-43.5976,-29.3902 age_icm_ms=0.36 mpu_sat=2 errors=13/0/0/0 m4_ms=285300
seq=14265 t=5498.659451 mpu_a=-0.4824,19.6127,3.4429 mpu_g=-51.5725,-41.4504,-27.4962 icm_a=6.1483,-0.9816,7.8913 icm_g=41.7073,-10.4268,-29.5122 age_icm_ms=0.39 mpu_sat=2 errors=13/0/0/0 m4_ms=285320
seq=14266 t=5498.679452 mpu_a=-0.9421,19.6127,4.3993 mpu_g=-17.4046,-41.8855,-26.9008 icm_a=6.0813,-0.6129,7.9104 icm_g=47.3171,12.1951,-36.1585 age_icm_ms=0.40 mpu_sat=2 errors=13/0/0/0 m4_ms=285340
seq=14267 t=5498.699453 mpu_a=-1.4796,19.6127,5.0829 mpu_g=9.2519,-43.1603,-30.3969 icm_a=5.8706,-0.4597,7.7141 icm_g=60.8537,23.5366,-49.2073 age_icm_ms=0.40 mpu_sat=2 errors=13/0/0/0 m4_ms=285360
seq=14268 t=5498.719454 mpu_a=-1.3539,19.6127,4.9931 mpu_g=24.0076,-53.9084,-41.1450 icm_a=5.9280,-0.1389,7.2927 icm_g=74.8171,30.8537,-60.5488 age_icm_ms=0.40 mpu_sat=2 errors=13/0/0/0 m4_ms=285380
seq=14269 t=5498.739454 mpu_a=-0.2598,19.6127,4.9919 mpu_g=31.4733,-69.9313,-53.2595 icm_a=5.7078,0.3256,7.3358 icm_g=78.4146,39.2073,-61.8293 age_icm_ms=0.39 mpu_sat=2 errors=13/0/0/0 m4_ms=285400
seq=14270 t=5498.759455 mpu_a=1.6436,19.6127,5.5976 mpu_g=38.7786,-78.6260,-59.7786 icm_a=4.9368,0.8475,7.4364 icm_g=73.7195,47.1341,-49.5732 age_icm_ms=0.38 mpu_sat=2 errors=13/0/0/0 m4_ms=285420
seq=14271 t=5498.779456 mpu_a=3.4069,19.6127,6.2082 mpu_g=47.0992,-77.1603,-54.0763 icm_a=4.7501,1.0295,7.3885 icm_g=61.6463,54.5122,-28.4756 age_icm_ms=0.40 mpu_sat=2 errors=13/0/0/0 m4_ms=285440
seq=14272 t=5498.799458 mpu_a=3.7553,19.6127,6.7409 mpu_g=54.6183,-68.2137,-36.9618 icm_a=4.9656,0.9337,7.3263 icm_g=41.0976,60.9756,-10.4268 age_icm_ms=0.41 mpu_sat=2 errors=13/0/0/0 m4_ms=285460
seq=14273 t=5498.819459 mpu_a=3.0335,19.6127,7.1491 mpu_g=61.6183,-51.3435,-17.4046 icm_a=5.0422,0.7949,7.6567 icm_g=20.0610,63.5976,1.3415 age_icm_ms=0.40 mpu_sat=2 errors=13/0/0/0 m4_ms=285480
seq=14274 t=5498.839458 mpu_a=2.1284,19.6127,7.7033 mpu_g=66.8702,-29.2748,-3.5038 icm_a=5.4396,1.0104,8.7005 icm_g=5.8537,64.1463,4.4512 age_icm_ms=0.41 mpu_sat=2 errors=13/0/0/0 m4_ms=285500
seq=14275 t=5498.859457 mpu_a=1.3755,19.6127,8.2337 mpu_g=68.0229,-10.2290,3.5573 icm_a=5.2529,1.3024,9.6007 icm_g=7.3780,62.1951,4.6341 age_icm_ms=0.41 mpu_sat=2 errors=13/0/0/0 m4_ms=285520
seq=14276 t=5498.879456 mpu_a=1.5706,19.6127,8.3258 mpu_g=67.9389,-1.5573,3.7786 icm_a=4.6735,1.4317,9.4906 icm_g=25.0610,58.6585,2.9268 age_icm_ms=0.41 mpu_sat=2 errors=13/0/0/0 m4_ms=285540
seq=14277 t=5498.899455 mpu_a=1.3408,19.6127,7.8386 mpu_g=64.8931,-10.8015,4.0000 icm_a=3.9600,1.4700,8.7436 icm_g=40.6098,55.3049,-1.8902 age_icm_ms=0.40 mpu_sat=2 errors=13/0/0/0 m4_ms=285560
seq=14278 t=5498.919456 mpu_a=1.2498,19.6127,7.4172 mpu_g=61.0458,-29.8931,2.1756 icm_a=3.9600,1.1157,8.3845 icm_g=50.3049,58.2317,-6.4024 age_icm_ms=0.44 mpu_sat=2 errors=13/0/0/0 m4_ms=285580
seq=14279 t=5498.939455 mpu_a=1.2294,19.6127,6.1471 mpu_g=58.8015,-42.8092,-2.4580 icm_a=4.8267,1.0343,8.7676 icm_g=44.7561,69.0854,-9.3902 age_icm_ms=0.41 mpu_sat=2 errors=13/0/0/0 m4_ms=285600
seq=14280 t=5498.959455 mpu_a=1.3910,19.6127,7.1539 mpu_g=64.7557,-48.7557,-6.2137 icm_a=4.5011,1.2402,9.2225 icm_g=32.0122,78.2317,-6.5854 age_icm_ms=0.42 mpu_sat=2 errors=13/0/0/0 m4_ms=285620
seq=14281 t=5498.979454 mpu_a=2.2541,19.6127,8.1702 mpu_g=76.4580,-38.9924,-8.5725 icm_a=3.5674,1.8052,9.3326 icm_g=37.1341,76.2195,-2.1951 age_icm_ms=0.36 mpu_sat=2 errors=13/0/0/0 m4_ms=285640
seq=14282 t=5498.999453 mpu_a=2.3679,19.6127,8.2791 mpu_g=83.2443,-29.3130,-4.8397 icm_a=2.9161,1.8004,8.8921 icm_g=53.9634,63.8415,-5.5488 age_icm_ms=0.36 mpu_sat=2 errors=13/0/0/0 m4_ms=285660
seq=14283 t=5499.019453 mpu_a=1.7095,19.6127,8.1977 mpu_g=78.1069,-38.5038,-1.2137 icm_a=3.1699,1.7238,8.8298 icm_g=63.5976,52.9878,-12.6829 age_icm_ms=0.37 mpu_sat=2 errors=13/0/0/0 m4_ms=285680
seq=14284 t=5499.039452 mpu_a=1.5048,19.6127,8.2768 mpu_g=65.3664,-54.9160,-4.8855 icm_a=3.3040,1.7957,8.7915 icm_g=56.0976,49.6951,-13.5976 age_icm_ms=0.36 mpu_sat=2 errors=13/0/0/0 m4_ms=285700
seq=14285 t=5499.059451 mpu_a=2.4385,19.6127,8.5964 mpu_g=55.5344,-62.0687,-11.3664 icm_a=2.8252,2.2410,9.0261 icm_g=47.5610,51.7073,-5.4878 age_icm_ms=0.37 mpu_sat=2 errors=13/0/0/0 m4_ms=285720
seq=14286 t=5499.079451 mpu_a=3.5973,19.6127,8.1463 mpu_g=53.2824,-53.0382,-11.2901 icm_a=2.2841,2.5043,8.7819 icm_g=49.6341,54.0244,1.3415 age_icm_ms=0.37 mpu_sat=2 errors=13/0/0/0 m4_ms=285740
seq=14287 t=5499.099454 mpu_a=3.5123,19.6127,7.4424 mpu_g=55.9695,-45.1832,-3.1603 icm_a=2.3320,2.5474,8.8202 icm_g=54.4512,55.8537,-1.5244 age_icm_ms=0.48 mpu_sat=2 errors=13/0/0/0 m4_ms=285760
seq=14288 t=5499.119453 mpu_a=2.5019,19.6127,7.1419 mpu_g=58.1908,-47.8015,3.0611 icm_a=3.1939,2.6671,9.4763 icm_g=50.3659,65.0610,-13.0488 age_icm_ms=0.37 mpu_sat=2 errors=13/0/0/0 m4_ms=285780
seq=14289 t=5499.139451 mpu_a=1.7897,19.6127,7.4603 mpu_g=60.1756,-52.1679,-0.3664 icm_a=2.7390,3.0933,9.8258 icm_g=40.7317,77.1951,-14.5122 age_icm_ms=0.36 mpu_sat=2 errors=13/0/0/0 m4_ms=285800
seq=14290 t=5499.159453 mpu_a=3.4620,19.6127,8.0110 mpu_g=69.2977,-48.3053,-11.9389 icm_a=1.8866,3.6488,10.0509 icm_g=39.0244,81.1585,-2.0122 age_icm_ms=0.41 mpu_sat=2 errors=13/0/0/0 m4_ms=285820
seq=14291 t=5499.179451 mpu_a=5.2660,19.6127,8.6622 mpu_g=81.5267,-39.0992,-13.8931 icm_a=1.0151,3.6296,9.4906 icm_g=46.2805,73.9634,8.1707 age_icm_ms=0.37 mpu_sat=2 errors=13/0/0/0 m4_ms=285840
seq=14292 t=5499.199451 mpu_a=5.1990,19.6127,9.1866 mpu_g=85.4809,-36.6336,-1.5191 icm_a=1.0870,3.3232,8.9112 icm_g=46.4634,65.4878,8.4146 age_icm_ms=0.38 mpu_sat=2 errors=13/0/0/0 m4_ms=285860
seq=14293 t=5499.219450 mpu_a=4.0043,19.6127,8.7448 mpu_g=78.2901,-43.8244,9.2137 icm_a=1.5419,3.4285,8.8394 icm_g=35.1220,64.8171,1.7683 age_icm_ms=0.37 mpu_sat=2 errors=13/0/0/0 m4_ms=285880
seq=14294 t=5499.239450 mpu_a=3.0849,19.6127,8.5688 mpu_g=69.4580,-44.4504,9.8779 icm_a=0.5459,3.6009,8.7053 icm_g=24.6951,72.6829,1.2195 age_icm_ms=0.39 mpu_sat=2 errors=13/0/0/0 m4_ms=285900
seq=14295 t=5499.259449 mpu_a=3.9612,19.6127,7.5992 mpu_g=68.0382,-34.0763,2.9313 icm_a=-0.2155,3.5961,8.5138 icm_g=22.3780,87.1341,5.5488 age_icm_ms=0.37 mpu_sat=2 errors=13/0/0/0 m4_ms=285920
seq=14296 t=5499.279449 mpu_a=4.7405,19.6127,6.2070 mpu_g=75.2672,-23.3053,0.7634 icm_a=1.4844,3.6966,9.5241 icm_g=25.6707,106.9512,0.3659 age_icm_ms=0.38 mpu_sat=2 errors=13/0/0/0 m4_ms=285940
seq=14297 t=5499.299450 mpu_a=3.4213,19.6127,5.1679 mpu_g=88.6947,-19.9466,5.1908 icm_a=2.2984,3.6775,9.9168 icm_g=13.8415,122.0732,-11.2195 age_icm_ms=0.39 mpu_sat=2 errors=13/0/0/0 m4_ms=285960
seq=14298 t=5499.319451 mpu_a=3.1699,19.6127,7.6459 mpu_g=108.1069,-22.8321,1.4656 icm_a=1.2258,3.6152,9.4188 icm_g=-16.2195,120.9146,-17.0122 age_icm_ms=0.38 mpu_sat=2 errors=13/0/0/0 m4_ms=285980
seq=14299 t=5499.339451 mpu_a=5.1080,19.6127,12.0752 mpu_g=126.5725,10.7176,-19.0687 icm_a=-0.5890,3.5386,8.7005 icm_g=-54.7561,100.0000,-9.0244 age_icm_ms=0.38 mpu_sat=2 errors=13/0/0/0 m4_ms=286000
seq=14300 t=5499.359451 mpu_a=5.0757,19.6127,12.9083 mpu_g=109.2290,47.4122,-14.6412 icm_a=-1.4844,3.0598,8.5234 icm_g=-94.4512,65.7927,-1.0976 age_icm_ms=0.37 mpu_sat=2 errors=13/0/0/0 m4_ms=286020
seq=14301 t=5499.379451 mpu_a=3.8188,19.6127,12.7886 mpu_g=77.7176,87.6641,-6.9695 icm_a=-0.8523,2.8587,9.4667 icm_g=-123.4756,27.6220,-2.0732 age_icm_ms=0.40 mpu_sat=2 errors=13/0/0/0 m4_ms=286040
seq=14302 t=5499.399451 mpu_a=3.1005,19.6127,12.6953 mpu_g=40.2672,118.8321,-6.5878 icm_a=-0.8236,2.9305,10.9080 icm_g=-130.1829,-3.4146,-6.1585 age_icm_ms=0.37 mpu_sat=2 errors=13/0/0/0 m4_ms=286060
seq=14303 t=5499.419453 mpu_a=3.4165,19.6127,10.9367 mpu_g=6.9313,132.0916,-11.4122 icm_a=-1.0439,2.7485,11.1091 icm_g=-112.6829,-20.9146,-6.9512 age_icm_ms=0.44 mpu_sat=2 errors=13/0/0/0 m4_ms=286080
seq=14304 t=5499.439454 mpu_a=3.0179,19.6127,9.3685 mpu_g=-13.5725,119.5573,-12.1832 icm_a=-0.9050,2.2984,10.7883 icm_g=-88.2927,-28.1707,-8.8415 age_icm_ms=0.41 mpu_sat=2 errors=13/0/0/0 m4_ms=286100
seq=14305 t=5499.459456 mpu_a=1.9620,19.6127,8.1570 mpu_g=-23.2443,96.1527,-11.9084 icm_a=-0.4262,1.8723,10.3813 icm_g=-69.2683,-26.0976,-17.5610 age_icm_ms=0.41 mpu_sat=2 errors=13/0/0/0 m4_ms=286120
seq=14306 t=5499.479457 mpu_a=1.0163,19.6127,7.8195 mpu_g=-23.8855,74.3893,-16.7634 icm_a=-0.4214,1.4748,9.9695 icm_g=-63.2927,-16.2805,-28.1098 age_icm_ms=0.41 mpu_sat=2 errors=13/0/0/0 m4_ms=286140
seq=14307 t=5499.499459 mpu_a=1.4245,19.6127,7.6866 mpu_g=-16.5573,63.5191,-27.4656 icm_a=-1.0439,1.1779,9.7540 icm_g=-65.9756,-4.0854,-26.0366 age_icm_ms=0.41 mpu_sat=2 errors=13/0/0/0 m4_ms=286160
seq=14308 t=5499.519458 mpu_a=2.8527,19.6127,7.8961 mpu_g=-4.5038,64.2519,-31.8397 icm_a=-0.5555,0.8523,9.9886 icm_g=-70.1220,3.0488,-15.0000 age_icm_ms=0.40 mpu_sat=2 errors=13/0/0/0 m4_ms=286180
seq=14309 t=5499.539457 mpu_a=2.0147,19.6127,9.1123 mpu_g=5.9237,69.2061,-22.4733 icm_a=-0.3687,0.3543,9.9407 icm_g=-73.5976,-3.1707,-13.1098 age_icm_ms=0.42 mpu_sat=2 errors=13/0/0/0 m4_ms=286200
seq=14310 t=5499.559456 mpu_a=0.3184,19.6127,10.4327 mpu_g=5.9313,72.7481,-15.3969 icm_a=-0.9673,0.1149,9.5672 icm_g=-75.8537,-21.1585,-17.0732 age_icm_ms=0.41 mpu_sat=2 errors=13/0/0/0 m4_ms=286220
seq=14311 t=5499.579455 mpu_a=0.3651,19.6127,10.5596 mpu_g=-7.7863,75.2901,-18.4580 icm_a=-0.9385,0.1341,9.4810 icm_g=-76.2805,-43.2927,-18.9024 age_icm_ms=0.36 mpu_sat=2 errors=13/0/0/0 m4_ms=286240
seq=14312 t=5499.599455 mpu_a=0.6812,19.6127,10.3837 mpu_g=-28.5496,76.7634,-21.5267 icm_a=-0.4932,0.0287,9.6726 icm_g=-73.6585,-63.6585,-19.7561 age_icm_ms=0.36 mpu_sat=2 errors=13/0/0/0 m4_ms=286260
seq=14313 t=5499.619454 mpu_a=0.6369,19.6127,9.7133 mpu_g=-50.1527,75.9389,-22.3588 icm_a=0.3065,-0.1724,9.8689 icm_g=-65.7927,-79.8171,-21.5854 age_icm_ms=0.36 mpu_sat=2 errors=13/0/0/0 m4_ms=286280
seq=14314 t=5499.639453 mpu_a=0.0563,19.6127,9.3673 mpu_g=-67.8015,70.7939,-22.7710 icm_a=1.0726,-0.2825,9.9838 icm_g=-54.7561,-94.6341,-25.1829 age_icm_ms=0.38 mpu_sat=2 errors=13/0/0/0 m4_ms=286300
seq=14315 t=5499.659453 mpu_a=-0.1209,19.6127,9.7097 mpu_g=-82.0763,60.7328,-24.9084 icm_a=0.8140,-0.3639,9.7588 icm_g=-44.6341,-112.8049,-27.8659 age_icm_ms=0.37 mpu_sat=2 errors=13/0/0/0 m4_ms=286320
seq=14316 t=5499.679452 mpu_a=-0.0084,19.6127,9.9551 mpu_g=-97.0611,50.1527,-27.7939 icm_a=-0.1437,-0.5650,9.1698 icm_g=-37.6829,-130.9146,-28.9024 age_icm_ms=0.37 mpu_sat=2 errors=13/0/0/0 m4_ms=286340
seq=14317 t=5499.699451 mpu_a=0.0383,19.6127,9.3781 mpu_g=-114.8015,41.6412,-29.1603 icm_a=0.3400,-0.8667,8.6287 icm_g=-27.1951,-143.6585,-24.3902 age_icm_ms=0.37 mpu_sat=2 errors=13/0/0/0 m4_ms=286360
seq=14318 t=5499.719451 mpu_a=0.1568,19.6127,7.5405 mpu_g=-131.6107,34.5878,-28.1527 icm_a=2.3990,-1.1349,9.2416 icm_g=-12.5000,-146.2195,-21.1585 age_icm_ms=0.36 mpu_sat=2 errors=13/0/0/0 m4_ms=286380
seq=14319 t=5499.739450 mpu_a=-0.8104,19.6127,6.7145 mpu_g=-140.9237,23.3511,-22.2366 icm_a=3.9409,-1.1157,9.7061 icm_g=0.5488,-143.0488,-23.9024 age_icm_ms=0.37 mpu_sat=2 errors=13/0/0/0 m4_ms=286400
seq=14320 t=5499.759449 mpu_a=-1.2246,19.6127,7.5525 mpu_g=-140.1832,9.0229,-20.6489 icm_a=1.7717,-0.2203,9.5720 icm_g=0.6707,-145.4878,-21.2805 age_icm_ms=0.36 mpu_sat=2 errors=13/0/0/0 m4_ms=286420
seq=14321 t=5499.779449 mpu_a=0.5674,19.6127,9.4511 mpu_g=-137.2366,-2.2137,-22.1908 icm_a=-0.4501,-0.2346,9.0980 icm_g=6.0366,-152.3171,-10.1220 age_icm_ms=0.38 mpu_sat=2 errors=13/0/0/0 m4_ms=286440
seq=14322 t=5499.799451 mpu_a=1.3611,19.6127,7.9739 mpu_g=-141.7176,0.5573,-18.2290 icm_a=1.3934,0.2825,8.9160 icm_g=40.4878,-149.8780,7.6220 age_icm_ms=0.40 mpu_sat=2 errors=13/0/0/0 m4_ms=286460
seq=14323 t=5499.819451 mpu_a=1.5790,19.6127,4.6376 mpu_g=-148.1450,-10.4427,-3.7328 icm_a=3.8547,0.2825,8.7963 icm_g=75.3049,-130.7927,8.3537 age_icm_ms=0.40 mpu_sat=2 errors=13/0/0/0 m4_ms=286480
seq=14324 t=5499.839452 mpu_a=-0.3855,19.6127,3.7098 mpu_g=-142.2748,-46.5038,13.1298 icm_a=3.8595,0.2777,8.0445 icm_g=98.0488,-97.3780,3.4146 age_icm_ms=0.39 mpu_sat=2 errors=13/0/0/0 m4_ms=286500
seq=14325 t=5499.859452 mpu_a=-0.2047,19.6127,2.7880 mpu_g=-119.8779,-78.3740,12.0076 icm_a=2.6049,0.8763,7.6088 icm_g=111.4024,-60.3049,2.2561 age_icm_ms=0.38 mpu_sat=2 errors=13/0/0/0 m4_ms=286520
seq=14326 t=5499.879453 mpu_a=0.8116,19.6127,2.5091 mpu_g=-85.7710,-98.8931,8.2519 icm_a=2.7390,1.0726,7.1204 icm_g=126.2805,-19.7561,-0.7317 age_icm_ms=0.40 mpu_sat=2 errors=13/0/0/0 m4_ms=286540
seq=14327 t=5499.899454 mpu_a=0.9900,19.6127,1.2737 mpu_g=-49.3893,-111.0305,7.2672 icm_a=4.3096,1.1636,7.4268 icm_g=138.9024,30.8537,-4.6341 age_icm_ms=0.40 mpu_sat=2 errors=13/0/0/0 m4_ms=286560
seq=14328 t=5499.919456 mpu_a=1.3360,19.6127,0.4345 mpu_g=-9.2977,-125.5115,4.3969 icm_a=6.0286,0.9433,8.2600 icm_g=141.4634,84.3293,-12.0732 age_icm_ms=0.40 mpu_sat=2 errors=13/0/0/0 m4_ms=286580
seq=14329 t=5499.939455 mpu_a=1.2617,19.6127,1.7382 mpu_g=41.0992,-136.7863,0.3053 icm_a=5.4396,0.6464,8.2408 icm_g=137.2561,123.2317,-25.2439 age_icm_ms=0.41 mpu_sat=2 errors=13/0/0/0 m4_ms=286600
seq=14330 t=5499.959454 mpu_a=0.7027,19.6127,4.1408 mpu_g=93.1069,-138.7405,-7.9542 icm_a=3.9169,1.1540,8.1930 icm_g=121.8902,137.8049,-36.2195 age_icm_ms=0.41 mpu_sat=2 errors=13/0/0/0 m4_ms=286620
seq=14331 t=5499.979453 mpu_a=1.1600,19.6127,6.9276 mpu_g=129.5344,-134.8855,-21.4504 icm_a=2.7629,2.2362,8.8394 icm_g=110.2439,134.2683,-33.9024 age_icm_ms=0.41 mpu_sat=2 errors=13/0/0/0 m4_ms=286640
seq=14332 t=5499.999453 mpu_a=3.3339,19.6127,8.5198 mpu_g=142.0458,-120.0229,-32.6031 icm_a=2.0782,2.7246,8.9352 icm_g=111.1585,123.2927,-18.4756 age_icm_ms=0.42 mpu_sat=2 errors=13/0/0/0 m4_ms=286660
seq=14333 t=5500.019452 mpu_a=5.3750,19.6127,8.8406 mpu_g=137.5878,-108.6794,-30.5496 icm_a=3.1173,2.4756,9.1794 icm_g=110.6098,108.3537,-6.0976 age_icm_ms=0.42 mpu_sat=2 errors=13/0/0/0 m4_ms=286680
seq=14334 t=5500.039452 mpu_a=4.9620,19.6127,9.2201 mpu_g=126.7939,-108.9313,-15.2595 icm_a=4.0318,2.4229,9.3518 icm_g=92.9268,91.0976,-10.7317 age_icm_ms=0.43 mpu_sat=2 errors=13/0/0/0 m4_ms=286700
seq=14335 t=5500.059452 mpu_a=2.9317,19.6127,10.9032 mpu_g=112.2901,-108.0687,-2.4885 icm_a=3.0981,3.1651,9.5577 icm_g=63.1098,70.3049,-21.1585 age_icm_ms=0.42 mpu_sat=2 errors=13/0/0/0 m4_ms=286720
seq=14336 t=5500.079451 mpu_a=2.4529,19.6127,12.2044 mpu_g=95.4885,-92.0305,-6.7481 icm_a=1.7621,4.1659,9.7875 icm_g=45.9756,49.5122,-17.8659 age_icm_ms=0.36 mpu_sat=2 errors=13/0/0/0 m4_ms=286740
seq=14337 t=5500.099450 mpu_a=4.6639,19.6127,11.7579 mpu_g=75.5496,-63.5267,-18.7710 icm_a=1.5706,4.7453,9.8641 icm_g=51.4024,36.0976,-9.8780 age_icm_ms=0.36 mpu_sat=2 errors=13/0/0/0 m4_ms=286760
seq=14338 t=5500.119450 mpu_a=5.7916,19.6127,9.8174 mpu_g=54.7939,-44.7023,-17.6947 icm_a=2.2122,4.6400,9.3709 icm_g=61.4024,29.3293,-4.9390 age_icm_ms=0.37 mpu_sat=2 errors=13/0/0/0 m4_ms=286780
seq=14339 t=5500.139449 mpu_a=5.6491,19.6127,8.3043 mpu_g=40.7023,-47.6870,-9.0382 icm_a=2.4038,4.4724,8.8729 icm_g=46.7683,27.0732,-7.1341 age_icm_ms=0.38 mpu_sat=2 errors=13/0/0/0 m4_ms=286800
seq=14340 t=5500.159448 mpu_a=5.4085,19.6127,9.3996 mpu_g=31.3053,-49.2672,-4.7863 icm_a=1.7861,4.5921,8.5090 icm_g=17.5000,25.7317,-3.0488 age_icm_ms=0.35 mpu_sat=2 errors=13/0/0/0 m4_ms=286820
seq=14341 t=5500.179448 mpu_a=6.5625,19.6127,9.0764 mpu_g=30.1908,-21.3588,-4.1145 icm_a=1.2689,4.7836,8.4324 icm_g=-4.0854,22.6220,9.0244 age_icm_ms=0.37 mpu_sat=2 errors=13/0/0/0 m4_ms=286840
seq=14342 t=5500.199448 mpu_a=6.0897,19.6127,8.3354 mpu_g=27.7557,3.2519,5.8550 icm_a=1.0678,4.7214,8.1594 icm_g=-13.7195,17.8659,15.1829 age_icm_ms=0.37 mpu_sat=2 errors=13/0/0/0 m4_ms=286860
seq=14343 t=5500.219447 mpu_a=4.5873,19.6127,7.5130 mpu_g=23.0687,14.6260,13.9542 icm_a=1.5945,4.2186,8.2935 icm_g=-17.0122,15.9756,8.9024 age_icm_ms=0.37 mpu_sat=2 errors=13/0/0/0 m4_ms=286880
seq=14344 t=5500.239447 mpu_a=2.9532,19.6127,7.1730 mpu_g=20.0763,19.0840,10.5649 icm_a=2.1404,3.8020,8.3893 icm_g=-24.5122,18.9024,-6.8902 age_icm_ms=0.37 mpu_sat=2 errors=13/0/0/0 m4_ms=286900
seq=14345 t=5500.259446 mpu_a=2.9832,19.6127,7.8087 mpu_g=21.7939,22.7023,-3.5573 icm_a=1.4940,3.8116,8.7915 icm_g=-39.0854,24.8780,-15.3049 age_icm_ms=0.36 mpu_sat=2 errors=13/0/0/0 m4_ms=286920
seq=14346 t=5500.279446 mpu_a=4.7178,19.6127,7.7907 mpu_g=26.9542,36.0458,-16.6031 icm_a=0.7614,3.9409,8.9352 icm_g=-45.4268,29.2073,-10.5488 age_icm_ms=0.39 mpu_sat=2 errors=13/0/0/0 m4_ms=286940
seq=14347 t=5500.299447 mpu_a=4.8016,19.6127,7.9332 mpu_g=32.6031,45.6947,-15.2595 icm_a=0.7853,3.6248,8.8250 icm_g=-47.9878,26.7073,-9.7561 age_icm_ms=0.39 mpu_sat=2 errors=13/0/0/0 m4_ms=286960
seq=14348 t=5500.319448 mpu_a=3.1508,19.6127,8.5126 mpu_g=32.4275,48.1374,-11.0534 icm_a=1.1636,3.3088,8.6287 icm_g=-59.0244,20.0610,-19.5122 age_icm_ms=0.40 mpu_sat=2 errors=13/0/0/0 m4_ms=286980
seq=14349 t=5500.339447 mpu_a=3.0754,19.6127,9.3099 mpu_g=26.8168,53.2977,-17.7252 icm_a=0.7183,3.1556,8.9352 icm_g=-81.0976,14.8171,-21.1585 age_icm_ms=0.38 mpu_sat=2 errors=13/0/0/0 m4_ms=287000
seq=14350 t=5500.359448 mpu_a=4.6866,19.6127,9.5720 mpu_g=20.5725,71.2137,-25.8397 icm_a=0.2729,3.0646,9.3134 icm_g=-99.6341,10.9146,-9.8780 age_icm_ms=0.40 mpu_sat=2 errors=13/0/0/0 m4_ms=287020
seq=14351 t=5500.379448 mpu_a=5.0027,19.6127,9.4224 mpu_g=16.5802,92.8855,-20.2824 icm_a=0.2825,2.9928,9.8402 icm_g=-105.6707,7.5610,0.4268 age_icm_ms=0.38 mpu_sat=2 errors=13/0/0/0 m4_ms=287040
seq=14352 t=5500.399447 mpu_a=4.0965,19.6127,8.8322 mpu_g=13.2061,105.3969,-8.5725 icm_a=0.6991,3.0406,10.4387 icm_g=-95.1829,3.9024,2.7439 age_icm_ms=0.38 mpu_sat=2 errors=13/0/0/0 m4_ms=287060
seq=14353 t=5500.419446 mpu_a=3.1161,19.6127,8.5114 mpu_g=9.8855,103.6641,-2.0000 icm_a=1.1205,2.9928,10.7548 icm_g=-70.8537,-0.4268,-1.9512 age_icm_ms=0.36 mpu_sat=2 errors=13/0/0/0 m4_ms=287080
seq=14354 t=5500.439448 mpu_a=2.4086,19.6127,8.3869 mpu_g=6.1985,86.4504,-2.6336 icm_a=1.1875,2.9305,10.5584 icm_g=-40.3659,-6.0366,-9.9390 age_icm_ms=0.41 mpu_sat=2 errors=13/0/0/0 m4_ms=287100
seq=14355 t=5500.459448 mpu_a=2.2685,19.6127,8.1894 mpu_g=1.1450,58.0992,-8.1298 icm_a=0.9720,2.8204,10.1418 icm_g=-12.4390,-10.9756,-14.0854 age_icm_ms=0.41 mpu_sat=2 errors=13/0/0/0 m4_ms=287120
seq=14356 t=5500.479451 mpu_a=2.8898,19.6127,8.0948 mpu_g=-4.3359,27.7786,-13.9008 icm_a=0.7901,2.5762,9.6822 icm_g=5.6098,-13.6585,-10.5488 age_icm_ms=0.44 mpu_sat=2 errors=13/0/0/0 m4_ms=287140
seq=14357 t=5500.499452 mpu_a=3.4273,19.6127,8.0038 mpu_g=-8.2595,4.2366,-13.7023 icm_a=0.6081,2.3224,9.2608 icm_g=12.5610,-13.9634,-2.2561 age_icm_ms=0.41 mpu_sat=2 errors=13/0/0/0 m4_ms=287160
seq=14358 t=5500.519454 mpu_a=3.5494,19.6127,7.9859 mpu_g=-9.8321,-8.7252,-7.2519 icm_a=0.6081,2.0686,9.0166 icm_g=10.9756,-12.2561,4.9390 age_icm_ms=0.41 mpu_sat=2 errors=13/0/0/0 m4_ms=287180
seq=14359 t=5500.539455 mpu_a=3.0191,19.6127,7.8937 mpu_g=-9.1145,-11.0458,1.2595 icm_a=0.7470,1.9585,8.9495 icm_g=7.5610,-8.9634,7.8659 age_icm_ms=0.41 mpu_sat=2 errors=13/0/0/0 m4_ms=287200
seq=14360 t=5500.559454 mpu_a=2.4301,19.6127,7.6914 mpu_g=-6.7939,-7.9008,6.8702 icm_a=0.8811,1.9154,8.9735 icm_g=2.9268,-5.7927,6.4024 age_icm_ms=0.39 mpu_sat=2 errors=13/0/0/0 m4_ms=287220
seq=14361 t=5500.579454 mpu_a=2.0877,19.6127,7.9069 mpu_g=-3.3130,-4.2137,7.8931 icm_a=0.8045,1.9201,9.1028 icm_g=-2.0122,-3.9634,5.3659 age_icm_ms=0.43 mpu_sat=2 errors=13/0/0/0 m4_ms=287240
seq=14362 t=5500.599454 mpu_a=2.3056,19.6127,8.0888 mpu_g=-0.5802,0.5725,5.6794 icm_a=0.9242,1.9824,9.3901 icm_g=-3.6585,-2.8049,5.9756 age_icm_ms=0.42 mpu_sat=2 errors=13/0/0/0 m4_ms=287260
seq=14363 t=5500.619453 mpu_a=2.4385,19.6127,8.1307 mpu_g=0.9924,4.9084,5.0229 icm_a=1.2163,2.0494,9.6343 icm_g=-2.8049,-3.4146,5.3659 age_icm_ms=0.36 mpu_sat=2 errors=13/0/0/0 m4_ms=287280
seq=14364 t=5500.639453 mpu_a=2.2338,19.6127,8.6072 mpu_g=1.8244,5.4962,5.6031 icm_a=0.9864,2.0973,9.5864 icm_g=-3.3537,-7.5610,4.3293 age_icm_ms=0.37 mpu_sat=2 errors=13/0/0/0 m4_ms=287300
seq=14365 t=5500.659452 mpu_a=2.3296,19.6127,9.0704 mpu_g=0.6336,4.6260,4.7023 icm_a=0.5890,2.1548,9.4715 icm_g=-7.1951,-14.6341,6.4634 age_icm_ms=0.37 mpu_sat=2 errors=13/0/0/0 m4_ms=287320
seq=14366 t=5500.679451 mpu_a=2.9030,19.6127,9.3529 mpu_g=-4.2824,5.7099,3.9924 icm_a=0.9337,2.0782,9.6055 icm_g=-11.4024,-20.9756,11.4634 age_icm_ms=0.36 mpu_sat=2 errors=13/0/0/0 m4_ms=287340
seq=14367 t=5500.699450 mpu_a=3.0370,19.6127,9.1722 mpu_g=-11.5191,9.8702,6.8092 icm_a=1.9106,1.9393,9.9695 icm_g=-17.5610,-24.1463,10.4268 age_icm_ms=0.37 mpu_sat=2 errors=13/0/0/0 m4_ms=287360
seq=14368 t=5500.719450 mpu_a=2.2015,19.6127,9.3625 mpu_g=-17.2137,14.4733,11.2519 icm_a=2.1644,1.8579,10.2376 icm_g=-28.1098,-25.9146,4.0854 age_icm_ms=0.37 mpu_sat=2 errors=13/0/0/0 m4_ms=287380
seq=14369 t=5500.739449 mpu_a=1.6556,19.6127,9.9886 mpu_g=-19.7863,20.8779,8.9237 icm_a=1.5323,2.0063,10.3477 icm_g=-42.8049,-28.8415,2.1951 age_icm_ms=0.36 mpu_sat=2 errors=13/0/0/0 m4_ms=287400
seq=14370 t=5500.759448 mpu_a=2.4241,19.6127,10.4339 mpu_g=-21.5115,31.5420,2.1221 icm_a=1.1396,2.1979,10.5201 icm_g=-53.2317,-34.2073,10.7317 age_icm_ms=0.37 mpu_sat=2 errors=13/0/0/0 m4_ms=287420
seq=14371 t=5500.779448 mpu_a=3.8008,19.6127,10.4279 mpu_g=-24.6183,45.5725,0.6107 icm_a=2.0973,1.8818,10.7260 icm_g=-55.4268,-43.2927,15.3659 age_icm_ms=0.40 mpu_sat=2 errors=13/0/0/0 m4_ms=287440
seq=14372 t=5500.799447 mpu_a=2.8958,19.6127,10.5177 mpu_g=-30.0763,55.5573,8.9771 icm_a=2.7869,1.4892,10.7308 icm_g=-56.0366,-54.8780,7.6829 age_icm_ms=0.37 mpu_sat=2 errors=13/0/0/0 m4_ms=287460
seq=14373 t=5500.819447 mpu_a=1.2127,19.6127,10.8553 mpu_g=-39.1603,57.4351,13.0305 icm_a=2.5187,1.2689,10.6255 icm_g=-62.2561,-65.9146,0.9756 age_icm_ms=0.36 mpu_sat=2 errors=13/0/0/0 m4_ms=287480
seq=14374 t=5500.839448 mpu_a=1.3288,19.6127,11.1007 mpu_g=-50.5802,57.5573,5.2977 icm_a=2.5522,1.0774,10.4818 icm_g=-68.9634,-75.6098,1.2805 age_icm_ms=0.39 mpu_sat=2 errors=13/0/0/0 m4_ms=287500
seq=14375 t=5500.859448 mpu_a=2.0662,19.6127,10.8122 mpu_g=-61.5038,63.3588,-1.6641 icm_a=3.1508,0.4118,10.3238 icm_g=-74.0854,-85.7317,-4.1463 age_icm_ms=0.39 mpu_sat=2 errors=13/0/0/0 m4_ms=287520
seq=14376 t=5500.879449 mpu_a=1.0379,19.6127,10.5321 mpu_g=-70.8626,69.6794,-1.3588 icm_a=4.0510,-0.0910,10.3094 icm_g=-76.9512,-94.3902,-20.1220 age_icm_ms=0.40 mpu_sat=2 errors=13/0/0/0 m4_ms=287540
seq=14377 t=5500.899451 mpu_a=-0.7661,19.6127,10.1957 mpu_g=-80.7481,74.5878,-6.2366 icm_a=3.5195,-0.1006,10.4531 icm_g=-81.9512,-98.5976,-34.4512 age_icm_ms=0.41 mpu_sat=2 errors=13/0/0/0 m4_ms=287560
seq=14378 t=5500.919452 mpu_a=-0.9254,19.6127,10.0748 mpu_g=-89.4046,76.9695,-21.5344 icm_a=2.8730,0.2203,10.0796 icm_g=-77.1951,-100.6098,-30.2439 age_icm_ms=0.40 mpu_sat=2 errors=13/0/0/0 m4_ms=287580
seq=14379 t=5500.939453 mpu_a=1.5263,19.6127,8.9112 mpu_g=-94.1679,80.5954,-36.7176 icm_a=3.4668,-0.0335,9.6774 icm_g=-62.2561,-101.7073,-24.3293 age_icm_ms=0.41 mpu_sat=2 errors=13/0/0/0 m4_ms=287600
seq=14380 t=5500.959453 mpu_a=1.6101,19.6127,8.2768 mpu_g=-96.0687,77.9771,-33.7863 icm_a=4.1132,-0.5171,9.0070 icm_g=-49.3293,-100.9146,-27.8659 age_icm_ms=0.37 mpu_sat=2 errors=13/0/0/0 m4_ms=287620
seq=14381 t=5500.979452 mpu_a=-0.1137,19.6127,7.6016 mpu_g=-97.0458,64.2290,-26.2824 icm_a=4.0989,-0.9912,8.2217 icm_g=-46.7073,-96.1585,-31.7683 age_icm_ms=0.37 mpu_sat=2 errors=13/0/0/0 m4_ms=287640
seq=14382 t=5500.999452 mpu_a=-0.2274,19.6127,6.8702 mpu_g=-92.6718,45.6260,-32.6489 icm_a=4.2186,-1.1205,7.9152 icm_g=-54.0854,-89.4512,-29.0244 age_icm_ms=0.37 mpu_sat=2 errors=13/0/0/0 m4_ms=287660
seq=14383 t=5501.019452 mpu_a=0.1317,19.6127,6.6319 mpu_g=-86.0534,52.3817,-31.3206 icm_a=4.1899,-0.9625,7.6710 icm_g=-57.9268,-83.9024,-22.6220 age_icm_ms=0.38 mpu_sat=2 errors=13/0/0/0 m4_ms=287680
seq=14384 t=5501.039453 mpu_a=0.1963,19.6127,6.1675 mpu_g=-80.2901,57.7710,-26.0458 icm_a=4.6064,-1.1588,7.3885 icm_g=-55.1829,-81.4024,-18.1098 age_icm_ms=0.40 mpu_sat=2 errors=13/0/0/0 m4_ms=287700
seq=14385 t=5501.059454 mpu_a=-0.9517,19.6127,6.2273 mpu_g=-76.9924,56.5878,-20.3359 icm_a=5.0613,-1.5131,7.1539 icm_g=-54.0244,-82.6220,-23.4146 age_icm_ms=0.41 mpu_sat=2 errors=13/0/0/0 m4_ms=287720
seq=14386 t=5501.079456 mpu_a=-1.9896,19.6127,6.2836 mpu_g=-77.0611,54.3969,-22.2061 icm_a=4.9704,-1.4509,7.1347 icm_g=-49.3293,-84.5732,-30.6098 age_icm_ms=0.40 mpu_sat=2 errors=13/0/0/0 m4_ms=287740
seq=14387 t=5501.099457 mpu_a=-1.1205,19.6127,5.5809 mpu_g=-79.6412,51.5496,-30.2748 icm_a=4.8842,-1.0151,7.0868 icm_g=-39.7561,-82.5610,-31.0366 age_icm_ms=0.41 mpu_sat=2 errors=13/0/0/0 m4_ms=287760
seq=14388 t=5501.119458 mpu_a=-0.2203,19.6127,4.8088 mpu_g=-79.3893,43.2061,-32.7023 icm_a=4.9464,-1.0965,6.7708 icm_g=-28.5976,-74.8780,-26.6463 age_icm_ms=0.41 mpu_sat=2 errors=13/0/0/0 m4_ms=287780
seq=14389 t=5501.139460 mpu_a=-0.3819,19.6127,4.3275 mpu_g=-73.8244,32.3053,-29.0687 icm_a=5.9137,-1.2067,6.7660 icm_g=-23.3537,-63.3537,-26.0366 age_icm_ms=0.41 mpu_sat=2 errors=13/0/0/0 m4_ms=287800
seq=14390 t=5501.159459 mpu_a=-1.2653,19.6127,4.6938 mpu_g=-63.5878,24.8702,-25.5267 icm_a=6.1339,-1.2258,6.9671 icm_g=-20.9146,-52.1341,-29.6341 age_icm_ms=0.41 mpu_sat=2 errors=13/0/0/0 m4_ms=287820
seq=14391 t=5501.179458 mpu_a=-1.2761,19.6127,4.6902 mpu_g=-51.7328,22.8015,-28.5267 icm_a=5.6982,-0.7949,6.9767 icm_g=-8.7195,-43.9634,-31.3415 age_icm_ms=0.42 mpu_sat=2 errors=13/0/0/0 m4_ms=287840
seq=14392 t=5501.199457 mpu_a=-0.4824,19.6127,4.4616 mpu_g=-42.4885,15.6412,-31.2977 icm_a=5.9807,-0.6273,7.0485 icm_g=13.8415,-37.5000,-29.4512 age_icm_ms=0.36 mpu_sat=2 errors=13/0/0/0 m4_ms=287860
seq=14393 t=5501.219457 mpu_a=-0.5040,19.6127,4.1360 mpu_g=-36.0763,-2.0992,-29.9389 icm_a=6.4356,-0.6943,6.9097 icm_g=33.1707,-28.6585,-30.9756 age_icm_ms=0.37 mpu_sat=2 errors=13/0/0/0 m4_ms=287880
seq=14394 t=5501.239456 mpu_a=-0.7925,19.6127,4.0510 mpu_g=-28.9160,-24.3893,-28.2214 icm_a=6.9480,-0.5842,7.0294 icm_g=49.0244,-18.7195,-33.9024 age_icm_ms=0.36 mpu_sat=2 errors=13/0/0/0 m4_ms=287900
seq=14395 t=5501.259455 mpu_a=-0.7350,19.6127,4.6412 mpu_g=-19.1679,-41.0000,-30.0076 icm_a=6.8714,-0.6177,6.6846 icm_g=58.4756,-13.9024,-36.4024 age_icm_ms=0.36 mpu_sat=2 errors=13/0/0/0 m4_ms=287920
seq=14396 t=5501.279454 mpu_a=-0.3400,19.6127,5.3678 mpu_g=-11.0611,-53.9389,-32.8015 icm_a=6.6176,-0.6177,6.1244 icm_g=58.2317,-15.0610,-36.9512 age_icm_ms=0.36 mpu_sat=2 errors=13/0/0/0 m4_ms=287940
seq=14397 t=5501.299453 mpu_a=-0.1676,19.6127,5.7712 mpu_g=-9.6031,-59.4733,-33.9847 icm_a=7.0102,-0.3543,6.3111 icm_g=54.0854,-14.5732,-36.8293 age_icm_ms=0.37 mpu_sat=2 errors=13/0/0/0 m4_ms=287960
seq=14398 t=5501.319452 mpu_a=0.0646,19.6127,5.0985 mpu_g=-11.4504,-55.7099,-34.2672 icm_a=7.3358,0.0958,6.8666 icm_g=55.1829,-8.4146,-35.5488 age_icm_ms=0.36 mpu_sat=2 errors=13/0/0/0 m4_ms=287980
seq=14399 t=5501.339452 mpu_a=0.6620,19.6127,5.0554 mpu_g=-8.5115,-53.0382,-33.9771 icm_a=6.9623,0.3304,6.7373 icm_g=60.6098,-2.6220,-30.6707 age_icm_ms=0.36 mpu_sat=2 errors=13/0/0/0 m4_ms=288000
seq=14400 t=5501.359451 mpu_a=1.2163,19.6127,5.0937 mpu_g=-1.7405,-56.1374,-31.4351 icm_a=7.2161,0.3687,6.2249 icm_g=61.2195,1.2805,-28.7805 age_icm_ms=0.36 mpu_sat=2 errors=13/0/0/0 m4_ms=288020
seq=14401 t=5501.379451 mpu_a=0.7434,19.6127,5.2038 mpu_g=3.1450,-61.2137,-26.3588 icm_a=7.8051,0.5219,6.3446 icm_g=48.6585,5.1829,-34.1463 age_icm_ms=0.38 mpu_sat=2 errors=13/0/0/0 m4_ms=288040
seq=14402 t=5501.399452 mpu_a=0.3723,19.6127,5.9041 mpu_g=6.8321,-57.5191,-27.1450 icm_a=7.5705,1.0295,7.0820 icm_g=38.9024,7.3171,-38.7195 age_icm_ms=0.39 mpu_sat=2 errors=13/0/0/0 m4_ms=288060
seq=14403 t=5501.419452 mpu_a=1.0116,19.6127,6.4021 mpu_g=10.4656,-43.6260,-34.0992 icm_a=7.0868,1.5993,7.3502 icm_g=47.0732,5.1220,-34.0244 age_icm_ms=0.38 mpu_sat=2 errors=13/0/0/0 m4_ms=288080
seq=14404 t=5501.439453 mpu_a=2.6276,19.6127,6.0047 mpu_g=11.3206,-38.5267,-36.7786 icm_a=6.9384,1.8052,6.8714 icm_g=60.5488,-0.4268,-25.9146 age_icm_ms=0.41 mpu_sat=2 errors=13/0/0/0 m4_ms=288100
seq=14405 t=5501.459453 mpu_a=2.7892,19.6127,6.0166 mpu_g=7.9771,-50.1298,-29.4427 icm_a=7.0294,1.9489,6.2584 icm_g=69.8171,-2.5610,-25.5488 age_icm_ms=0.39 mpu_sat=2 errors=13/0/0/0 m4_ms=288120
seq=14406 t=5501.479455 mpu_a=2.0315,19.6127,4.9656 mpu_g=2.4427,-62.3740,-22.0687 icm_a=7.1922,1.7813,6.1914 icm_g=67.5610,4.7561,-28.9024 age_icm_ms=0.39 mpu_sat=2 errors=13/0/0/0 m4_ms=288140
seq=14407 t=5501.499454 mpu_a=2.0877,19.6127,4.5047 mpu_g=2.0611,-69.7328,-23.0000 icm_a=7.3741,1.9824,6.7660 icm_g=53.4756,17.6829,-27.7439 age_icm_ms=0.37 mpu_sat=2 errors=13/0/0/0 m4_ms=288160
seq=14408 t=5501.519453 mpu_a=2.6719,19.6127,5.3391 mpu_g=11.2214,-64.3435,-26.4427 icm_a=6.9240,2.4708,7.5082 icm_g=53.0488,26.7073,-22.6829 age_icm_ms=0.35 mpu_sat=2 errors=13/0/0/0 m4_ms=288180
seq=14409 t=5501.539454 mpu_a=3.3255,19.6127,5.5378 mpu_g=24.1985,-50.1908,-25.0534 icm_a=7.1682,3.0263,8.3222 icm_g=82.0732,25.8537,-23.4756 age_icm_ms=0.40 mpu_sat=2 errors=13/0/0/0 m4_ms=288200
seq=14410 t=5501.559456 mpu_a=2.8467,19.6127,5.3870 mpu_g=31.4427,-53.8473,-19.9466 icm_a=7.1730,3.0023,7.0677 icm_g=110.6098,24.1463,-35.6098 age_icm_ms=0.43 mpu_sat=2 errors=13/0/0/0 m4_ms=288220
seq=14411 t=5501.579456 mpu_a=2.4397,19.6127,5.5198 mpu_g=29.8092,-85.3359,-21.1679 icm_a=6.6655,3.0071,6.0669 icm_g=111.8902,23.9024,-39.5122 age_icm_ms=0.40 mpu_sat=2 errors=13/0/0/0 m4_ms=288240
seq=14412 t=5501.599456 mpu_a=3.2394,19.6127,5.5342 mpu_g=27.8397,-112.0000,-31.8321 icm_a=6.0478,3.1268,5.2720 icm_g=91.0976,28.7805,-28.0488 age_icm_ms=0.38 mpu_sat=2 errors=13/0/0/0 m4_ms=288260
seq=14413 t=5501.619455 mpu_a=5.3834,19.6127,5.3929 mpu_g=27.9695,-110.2061,-34.5115 icm_a=6.0478,3.0406,5.2768 icm_g=65.7317,38.2927,-12.3171 age_icm_ms=0.40 mpu_sat=2 errors=13/0/0/0 m4_ms=288280
seq=14414 t=5501.639454 mpu_a=5.4708,19.6127,4.6711 mpu_g=33.0458,-88.0611,-23.4198 icm_a=6.3063,3.4668,6.2153 icm_g=43.9634,51.5854,-3.9634 age_icm_ms=0.42 mpu_sat=2 errors=13/0/0/0 m4_ms=288300
seq=14415 t=5501.659453 mpu_a=4.3946,19.6127,4.7776 mpu_g=42.8779,-62.1832,-9.3130 icm_a=5.7317,3.7924,6.2441 icm_g=32.1951,61.0976,5.1829 age_icm_ms=0.42 mpu_sat=2 errors=13/0/0/0 m4_ms=288320
seq=14416 t=5501.679454 mpu_a=5.0841,19.6127,5.2134 mpu_g=56.0687,-41.0000,-2.2748 icm_a=5.1571,4.1037,5.8658 icm_g=26.6463,64.1463,15.0610 age_icm_ms=0.44 mpu_sat=2 errors=13/0/0/0 m4_ms=288340
seq=14417 t=5501.699452 mpu_a=5.3379,19.6127,5.3319 mpu_g=65.4580,-29.5878,5.7405 icm_a=4.9943,4.3144,5.6695 icm_g=24.2683,68.7805,20.1220 age_icm_ms=0.42 mpu_sat=2 errors=13/0/0/0 m4_ms=288360
seq=14418 t=5501.719454 mpu_a=5.1404,19.6127,4.4843 mpu_g=68.0458,-24.3206,14.8397 icm_a=5.4348,4.1085,6.6176 icm_g=26.7683,83.5366,21.1585 age_icm_ms=0.47 mpu_sat=2 errors=13/0/0/0 m4_ms=288380
seq=14419 t=5501.739454 mpu_a=4.8746,19.6127,3.3064 mpu_g=71.8931,-21.3664,19.9084 icm_a=6.3829,4.1899,7.7285 icm_g=29.3902,103.1098,12.6829 age_icm_ms=0.39 mpu_sat=2 errors=13/0/0/0 m4_ms=288400
seq=14420 t=5501.759453 mpu_a=3.5901,19.6127,3.9169 mpu_g=85.5115,-22.9924,21.2061 icm_a=5.5306,4.2042,7.9057 icm_g=30.6707,110.0610,1.2805 age_icm_ms=0.36 mpu_sat=2 errors=13/0/0/0 m4_ms=288420
seq=14421 t=5501.779452 mpu_a=3.3615,19.6127,6.3183 mpu_g=104.7939,-26.6412,14.4427 icm_a=4.2713,4.4628,7.2544 icm_g=34.4512,105.1829,0.7927 age_icm_ms=0.37 mpu_sat=2 errors=13/0/0/0 m4_ms=288440
seq=14422 t=5501.799452 mpu_a=4.5203,19.6127,6.8690 mpu_g=113.9695,-28.0076,2.3588 icm_a=3.4716,4.3766,6.5074 icm_g=31.7073,93.2927,9.6951 age_icm_ms=0.36 mpu_sat=2 errors=13/0/0/0 m4_ms=288460
seq=14423 t=5501.819451 mpu_a=5.6348,19.6127,6.6882 mpu_g=99.0611,-30.8473,7.5420 icm_a=4.3718,4.0797,7.3981 icm_g=21.8293,88.9634,15.6707 age_icm_ms=0.36 mpu_sat=2 errors=13/0/0/0 m4_ms=288480
seq=14424 t=5501.839450 mpu_a=4.4113,19.6127,6.9683 mpu_g=92.0534,-21.7863,15.1832 icm_a=4.9799,4.0462,8.0349 icm_g=7.5610,91.4024,13.8415 age_icm_ms=0.37 mpu_sat=2 errors=13/0/0/0 m4_ms=288500
seq=14425 t=5501.859450 mpu_a=4.3179,19.6127,8.0589 mpu_g=94.4809,-8.5954,13.8702 icm_a=3.8786,4.2377,8.2839 icm_g=-0.7317,87.9878,12.2561 age_icm_ms=0.37 mpu_sat=2 errors=13/0/0/0 m4_ms=288520
seq=14426 t=5501.879449 mpu_a=4.5861,19.6127,7.7261 mpu_g=93.1221,2.7023,11.0992 icm_a=2.9592,4.4963,7.9535 icm_g=5.4878,79.6341,11.4634 age_icm_ms=0.37 mpu_sat=2 errors=13/0/0/0 m4_ms=288540
seq=14427 t=5501.899448 mpu_a=4.4185,19.6127,6.4224 mpu_g=85.8244,-0.3282,10.8779 icm_a=2.3080,4.5777,7.5848 icm_g=19.9390,79.2683,8.9024 age_icm_ms=0.36 mpu_sat=2 errors=13/0/0/0 m4_ms=288560
seq=14428 t=5501.919448 mpu_a=4.7872,19.6127,4.7190 mpu_g=81.5115,-12.7481,9.0305 icm_a=2.9066,4.2760,8.6095 icm_g=32.9268,91.2195,8.4146 age_icm_ms=0.37 mpu_sat=2 errors=13/0/0/0 m4_ms=288580
seq=14429 t=5501.939448 mpu_a=4.5406,19.6127,5.8059 mpu_g=89.3893,-27.0534,8.5420 icm_a=4.1611,4.2282,9.1267 icm_g=29.2683,108.5366,5.3049 age_icm_ms=0.38 mpu_sat=2 errors=13/0/0/0 m4_ms=288600
seq=14430 t=5501.959447 mpu_a=4.2234,19.6127,7.5381 mpu_g=106.4046,-30.4885,7.0992 icm_a=3.3375,4.1228,8.8585 icm_g=16.9512,117.1341,-0.1829 age_icm_ms=0.37 mpu_sat=2 errors=13/0/0/0 m4_ms=288620
seq=14431 t=5501.979448 mpu_a=4.3539,19.6127,8.5497 mpu_g=119.6336,-19.9237,1.2901 icm_a=1.9249,4.1803,8.1930 icm_g=9.5732,110.5488,0.5488 age_icm_ms=0.39 mpu_sat=2 errors=13/0/0/0 m4_ms=288640
seq=14432 t=5501.999449 mpu_a=4.9931,19.6127,8.5772 mpu_g=118.7252,-9.7939,-1.7939 icm_a=0.9529,4.4819,7.8530 icm_g=7.5000,97.4390,2.2561 age_icm_ms=0.40 mpu_sat=2 errors=13/0/0/0 m4_ms=288660
seq=14433 t=5502.019449 mpu_a=4.8830,19.6127,7.5046 mpu_g=106.1908,-5.7710,0.8779 icm_a=2.0973,4.4149,8.7053 icm_g=8.5976,89.6951,2.1951 age_icm_ms=0.39 mpu_sat=2 errors=13/0/0/0 m4_ms=288680
seq=14434 t=5502.039450 mpu_a=4.5753,19.6127,7.9703 mpu_g=95.1527,-6.2443,1.6794 icm_a=2.5187,4.3574,8.9256 icm_g=4.2683,85.9756,-1.9512 age_icm_ms=0.40 mpu_sat=2 errors=13/0/0/0 m4_ms=288700
seq=14435 t=5502.059451 mpu_a=4.2365,19.6127,8.7113 mpu_g=91.4733,-5.4275,-0.2214 icm_a=1.3216,4.2377,8.5521 icm_g=-3.8415,79.9390,-2.1951 age_icm_ms=0.38 mpu_sat=2 errors=13/0/0/0 m4_ms=288720
seq=14436 t=5502.079451 mpu_a=5.1667,19.6127,8.7137 mpu_g=87.2443,1.1145,-4.4885 icm_a=0.3017,4.3814,8.0158 icm_g=-14.5122,71.7073,4.3902 age_icm_ms=0.38 mpu_sat=2 errors=13/0/0/0 m4_ms=288740
seq=14437 t=5502.099450 mpu_a=5.5043,19.6127,8.2157 mpu_g=79.7099,10.4275,-0.8321 icm_a=0.1053,4.3718,7.9535 icm_g=-21.7683,65.3659,11.0366 age_icm_ms=0.37 mpu_sat=2 errors=13/0/0/0 m4_ms=288760
seq=14438 t=5502.119451 mpu_a=5.2457,19.6127,7.1682 mpu_g=71.9389,20.7710,5.7863 icm_a=1.5754,4.4005,8.9926 icm_g=-22.4390,63.3537,11.5854 age_icm_ms=0.40 mpu_sat=2 errors=13/0/0/0 m4_ms=288780
seq=14439 t=5502.139454 mpu_a=4.2365,19.6127,7.7895 mpu_g=67.8702,24.8168,10.6947 icm_a=2.4708,4.0749,9.5864 icm_g=-26.6463,61.3415,0.6098 age_icm_ms=0.44 mpu_sat=2 errors=13/0/0/0 m4_ms=288800
seq=14440 t=5502.159455 mpu_a=3.0765,19.6127,9.5158 mpu_g=67.0534,25.4733,6.4275 icm_a=1.5562,3.8642,9.1267 icm_g=-42.9878,50.5488,-12.3171 age_icm_ms=0.41 mpu_sat=2 errors=13/0/0/0 m4_ms=288820
seq=14441 t=5502.179457 mpu_a=3.5303,19.6127,10.6901 mpu_g=62.5802,33.0382,-7.5038 icm_a=0.1820,4.1276,9.3374 icm_g=-51.9512,31.2805,-12.3171 age_icm_ms=0.41 mpu_sat=2 errors=13/0/0/0 m4_ms=288840
seq=14442 t=5502.199458 mpu_a=5.1799,19.6127,10.2041 mpu_g=47.9466,49.3740,-17.1450 icm_a=-0.3591,4.2569,9.5002 icm_g=-42.1951,8.5976,-2.6829 age_icm_ms=0.40 mpu_sat=2 errors=13/0/0/0 m4_ms=288860
seq=14443 t=5502.219457 mpu_a=5.4528,19.6127,9.8713 mpu_g=27.3053,51.0611,-11.8473 icm_a=0.3639,3.8595,9.4475 icm_g=-32.4390,-12.3171,-1.0366 age_icm_ms=0.40 mpu_sat=2 errors=13/0/0/0 m4_ms=288880
seq=14444 t=5502.239456 mpu_a=4.0330,19.6127,9.7217 mpu_g=5.1450,39.5878,-2.6260 icm_a=0.8906,3.2322,9.1267 icm_g=-37.2561,-27.0732,-7.5610 age_icm_ms=0.41 mpu_sat=2 errors=13/0/0/0 m4_ms=288900
seq=14445 t=5502.259455 mpu_a=3.0909,19.6127,10.0521 mpu_g=-13.4733,32.7176,-3.7023 icm_a=0.1676,2.6576,8.6287 icm_g=-63.5976,-36.5244,-9.5732 age_icm_ms=0.42 mpu_sat=2 errors=13/0/0/0 m4_ms=288920
seq=14446 t=5502.279455 mpu_a=3.7254,19.6127,10.2185 mpu_g=-26.1298,43.4198,-10.9237 icm_a=-0.3400,2.5857,8.8107 icm_g=-95.9756,-40.9146,0.7927 age_icm_ms=0.37 mpu_sat=2 errors=13/0/0/0 m4_ms=288940
seq=14447 t=5502.299453 mpu_a=4.8686,19.6127,9.5553 mpu_g=-33.9389,73.3130,-11.0000 icm_a=0.0958,2.7246,9.5146 icm_g=-106.8902,-41.7073,14.3902 age_icm_ms=0.34 mpu_sat=2 errors=13/0/0/0 m4_ms=288960
seq=14448 t=5502.319452 mpu_a=4.6591,19.6127,8.2373 mpu_g=-37.1527,102.2290,0.0687 icm_a=1.1971,2.6767,10.0700 icm_g=-96.1585,-40.6098,14.6341 age_icm_ms=0.36 mpu_sat=2 errors=13/0/0/0 m4_ms=288980
seq=14449 t=5502.339452 mpu_a=2.8000,19.6127,7.7189 mpu_g=-37.0458,107.7481,11.4427 icm_a=1.5802,2.5331,10.2328 icm_g=-77.5000,-37.9878,4.5732 age_icm_ms=0.37 mpu_sat=2 errors=13/0/0/0 m4_ms=289000
seq=14450 t=5502.359451 mpu_a=1.9249,19.6127,7.7692 mpu_g=-35.6031,94.3130,9.3740 icm_a=1.1013,2.4517,10.0844 icm_g=-60.0000,-34.9390,0.1829 age_icm_ms=0.37 mpu_sat=2 errors=13/0/0/0 m4_ms=289020
seq=14451 t=5502.379450 mpu_a=2.4852,19.6127,7.8219 mpu_g=-33.0458,76.3511,0.3359 icm_a=0.9194,2.4565,9.8258 icm_g=-42.4390,-32.3171,4.4512 age_icm_ms=0.36 mpu_sat=2 errors=13/0/0/0 m4_ms=289040
seq=14452 t=5502.399450 mpu_a=3.2836,19.6127,7.5274 mpu_g=-30.1985,59.1450,-2.3435 icm_a=1.2641,2.2889,9.6822 icm_g=-24.5122,-29.6341,7.9268 age_icm_ms=0.38 mpu_sat=2 errors=13/0/0/0 m4_ms=289060
seq=14453 t=5502.419449 mpu_a=2.9066,19.6127,7.3610 mpu_g=-27.5344,42.3282,3.0763 icm_a=1.7861,2.0830,9.6822 icm_g=-8.1098,-26.0366,3.1098 age_icm_ms=0.36 mpu_sat=2 errors=13/0/0/0 m4_ms=289080
seq=14454 t=5502.439455 mpu_a=1.7837,19.6127,7.3203 mpu_g=-24.8779,25.1908,6.9389 icm_a=1.7286,1.9154,9.5960 icm_g=2.6220,-20.9146,-4.6951 age_icm_ms=0.81 mpu_sat=2 errors=13/0/0/0 m4_ms=289100
seq=14455 t=5502.459455 mpu_a=1.3910,19.6127,7.4148 mpu_g=-21.3435,9.2061,2.7023 icm_a=1.4413,1.7047,9.4188 icm_g=4.5122,-15.8537,-5.8537 age_icm_ms=0.52 mpu_sat=2 errors=13/0/0/0 m4_ms=289120
seq=14456 t=5502.479456 mpu_a=2.1320,19.6127,7.8374 mpu_g=-16.3817,-1.5115,-4.6565 icm_a=1.5802,1.4605,9.4475 icm_g=-1.0976,-14.2073,-1.7683 age_icm_ms=0.54 mpu_sat=2 errors=13/0/0/0 m4_ms=289140
seq=14457 t=5502.499456 mpu_a=2.4181,19.6127,8.5820 mpu_g=-11.3282,-3.1908,-5.8244 icm_a=1.5083,1.3312,9.3805 icm_g=-9.4512,-17.7439,3.3537 age_icm_ms=0.52 mpu_sat=2 errors=13/0/0/0 m4_ms=289160
seq=14458 t=5502.519459 mpu_a=2.2793,19.6127,9.2201 mpu_g=-9.5496,2.3969,-2.0458 icm_a=1.3695,1.2641,9.2320 icm_g=-16.8902,-25.4878,10.3049 age_icm_ms=0.70 mpu_sat=2 errors=13/0/0/0 m4_ms=289180
seq=14459 t=5502.539459 mpu_a=2.4517,19.6127,9.4344 mpu_g=-12.7863,10.7252,2.6412 icm_a=1.5706,1.0199,9.3134 icm_g=-26.4024,-34.1463,15.0000 age_icm_ms=0.52 mpu_sat=2 errors=13/0/0/0 m4_ms=289200
seq=14460 t=5502.559460 mpu_a=2.1488,19.6127,9.6474 mpu_g=-20.3053,18.3206,8.9847 icm_a=2.1452,0.8906,9.4140 icm_g=-37.0732,-38.6585,14.8171 age_icm_ms=0.52 mpu_sat=2 errors=13/0/0/0 m4_ms=289220
seq=14461 t=5502.579461 mpu_a=1.4964,19.6127,9.3386 mpu_g=-28.7023,27.6870,13.5725 icm_a=2.3032,0.9720,9.5768 icm_g=-43.9634,-39.9390,14.5732 age_icm_ms=0.52 mpu_sat=2 errors=13/0/0/0 m4_ms=289240
seq=14462 t=5502.599462 mpu_a=1.1839,19.6127,8.9627 mpu_g=-33.8321,37.5802,13.6947 icm_a=2.2553,1.0439,9.8066 icm_g=-38.4146,-43.7195,13.5976 age_icm_ms=0.49 mpu_sat=2 errors=13/0/0/0 m4_ms=289260
seq=14463 t=5502.619462 mpu_a=1.2570,19.6127,8.7005 mpu_g=-34.8931,45.4351,12.7405 icm_a=2.5762,1.0870,9.9886 icm_g=-23.9024,-48.9634,9.3902 age_icm_ms=0.50 mpu_sat=2 errors=13/0/0/0 m4_ms=289280
seq=14464 t=5502.639461 mpu_a=0.3950,19.6127,8.4587 mpu_g=-43.2595,29.0153,9.5725 icm_a=2.7964,1.0678,9.9503 icm_g=-7.5000,-53.2317,-0.6098 age_icm_ms=0.52 mpu_sat=2 errors=13/0/0/0 m4_ms=289300
seq=14465 t=5502.659460 mpu_a=0.3436,19.6127,8.2935 mpu_g=-47.8702,12.2366,1.6260 icm_a=2.7533,1.0822,9.8019 icm_g=4.5122,-54.5122,-8.4146 age_icm_ms=0.51 mpu_sat=2 errors=13/0/0/0 m4_ms=289320
seq=14466 t=5502.679460 mpu_a=1.2665,19.6127,8.2097 mpu_g=-50.0305,-1.4504,-6.9160 icm_a=3.0646,1.0151,9.6869 icm_g=9.5122,-52.3171,-8.9024 age_icm_ms=0.53 mpu_sat=2 errors=13/0/0/0 m4_ms=289340
seq=14467 t=5502.699467 mpu_a=1.5371,19.6127,8.1606 mpu_g=-48.4427,-7.5115,-8.6489 icm_a=3.6823,0.9673,9.6822 icm_g=11.4634,-50.0610,-7.3780 age_icm_ms=0.95 mpu_sat=2 errors=13/0/0/0 m4_ms=289360
seq=14468 t=5502.719480 mpu_a=1.2282,19.6127,8.9028 mpu_g=-45.4580,-9.9008,-6.7405 icm_a=3.4429,0.9673,9.6774 icm_g=12.0122,-52.5000,-9.2683 age_icm_ms=1.40 mpu_sat=2 errors=13/0/0/0 m4_ms=289380
seq=14469 t=5502.739487 mpu_a=1.0319,19.6127,8.8693 mpu_g=-46.3130,-10.1603,-7.5191 icm_a=2.9305,1.2210,9.3805 icm_g=16.6463,-57.7439,-11.2805 age_icm_ms=0.99 mpu_sat=2 errors=13/0/0/0 m4_ms=289400
seq=14470 t=5502.759494 mpu_a=1.6209,19.6127,8.1822 mpu_g=-51.4962,-13.6870,-9.9008 icm_a=3.4046,1.3408,9.2368 icm_g=21.6463,-58.4146,-8.7805 age_icm_ms=0.89 mpu_sat=2 errors=13/0/0/0 m4_ms=289420
seq=14471 t=5502.779498 mpu_a=2.1799,19.6127,7.7309 mpu_g=-54.5267,-19.0382,-8.8473 icm_a=3.8930,1.3408,9.2608 icm_g=22.5000,-52.2561,-2.5610 age_icm_ms=0.96 mpu_sat=2 errors=13/0/0/0 m4_ms=289440
seq=14472 t=5502.799501 mpu_a=2.2625,19.6127,7.3334 mpu_g=-50.3893,-20.7405,-3.6412 icm_a=4.1851,1.3551,9.1842 icm_g=28.7805,-45.4878,2.5000 age_icm_ms=1.06 mpu_sat=2 errors=13/0/0/0 m4_ms=289460
seq=14473 t=5502.819499 mpu_a=1.6484,19.6127,7.1730 mpu_g=-42.9008,-23.5191,2.6336 icm_a=3.9696,1.2258,8.9639 icm_g=40.1220,-42.4390,2.2561 age_icm_ms=0.71 mpu_sat=2 errors=13/0/0/0 m4_ms=289480
seq=14474 t=5502.839497 mpu_a=1.1349,19.6127,7.2018 mpu_g=-38.2672,-33.4046,4.8092 icm_a=3.9217,1.5897,8.7197 icm_g=49.2683,-39.2683,-2.5000 age_icm_ms=0.49 mpu_sat=2 errors=13/0/0/0 m4_ms=289500
seq=14475 t=5502.859496 mpu_a=1.1935,19.6127,6.5302 mpu_g=-36.3588,-43.9771,2.4504 icm_a=3.9169,1.8723,8.7580 icm_g=64.2073,-27.3780,-6.8902 age_icm_ms=0.70 mpu_sat=2 errors=13/0/0/0 m4_ms=289520
seq=14476 t=5502.879495 mpu_a=2.0099,19.6127,4.8818 mpu_g=-29.5649,-54.0916,-3.0229 icm_a=4.1851,1.8148,8.0541 icm_g=85.6098,-11.0976,-8.2317 age_icm_ms=0.39 mpu_sat=2 errors=13/0/0/0 m4_ms=289540
